Território;Nome do território;Sexo;Ano;Meio de agressão;Óbitos;Taxa bruta (por 100 mil hab.);Taxa padronizada (por 100 mil hab.)
BR;Brasil;Ambos;2000;Arma de fogo;30865;17.67;16.74
BR;Brasil;Ambos;2000;Arma branca ou objeto contundente;7637;4.37;4.5
BR;Brasil;Ambos;2000;Estrangulamento;461;0.26;0.26
BR;Brasil;Ambos;2000;Força corporal;235;0.13;0.14
BR;Brasil;Ambos;2000;Demais meios especificados;781;0.45;0.43
BR;Brasil;Ambos;2000;Meios não especificados;5381;3.08;3.03
BR;Brasil;Ambos;2001;Arma de fogo;33401;18.87;17.74
BR;Brasil;Ambos;2001;Arma branca ou objeto contundente;8231;4.65;4.78
BR;Brasil;Ambos;2001;Estrangulamento;552;0.31;0.31
BR;Brasil;Ambos;2001;Força corporal;313;0.18;0.19
BR;Brasil;Ambos;2001;Demais meios especificados;697;0.39;0.37
BR;Brasil;Ambos;2001;Meios não especificados;4749;2.68;2.65
BR;Brasil;Ambos;2002;Arma de fogo;34160;19.06;17.77
BR;Brasil;Ambos;2002;Arma branca ou objeto contundente;8473;4.73;4.84
BR;Brasil;Ambos;2002;Estrangulamento;595;0.33;0.32
BR;Brasil;Ambos;2002;Força corporal;315;0.18;0.19
BR;Brasil;Ambos;2002;Demais meios especificados;649;0.36;0.33
BR;Brasil;Ambos;2002;Meios não especificados;5503;3.07;2.92
BR;Brasil;Ambos;2003;Arma de fogo;36115;19.91;18.55
BR;Brasil;Ambos;2003;Arma branca ou objeto contundente;8663;4.78;4.85
BR;Brasil;Ambos;2003;Estrangulamento;621;0.34;0.34
BR;Brasil;Ambos;2003;Força corporal;384;0.21;0.23
BR;Brasil;Ambos;2003;Demais meios especificados;601;0.33;0.32
BR;Brasil;Ambos;2003;Meios não especificados;4659;2.57;2.48
BR;Brasil;Ambos;2004;Arma de fogo;34187;18.63;17.28
BR;Brasil;Ambos;2004;Arma branca ou objeto contundente;8840;4.82;4.88
BR;Brasil;Ambos;2004;Estrangulamento;656;0.36;0.35
BR;Brasil;Ambos;2004;Força corporal;424;0.23;0.25
BR;Brasil;Ambos;2004;Demais meios especificados;731;0.4;0.39
BR;Brasil;Ambos;2004;Meios não especificados;3536;1.93;1.88
BR;Brasil;Ambos;2005;Arma de fogo;33419;18.01;16.73
BR;Brasil;Ambos;2005;Arma branca ou objeto contundente;9600;5.17;5.22
BR;Brasil;Ambos;2005;Estrangulamento;654;0.35;0.35
BR;Brasil;Ambos;2005;Força corporal;468;0.25;0.27
BR;Brasil;Ambos;2005;Demais meios especificados;774;0.42;0.41
BR;Brasil;Ambos;2005;Meios não especificados;2663;1.44;1.4
BR;Brasil;Ambos;2006;Arma de fogo;34921;18.62;17.28
BR;Brasil;Ambos;2006;Arma branca ou objeto contundente;9998;5.33;5.36
BR;Brasil;Ambos;2006;Estrangulamento;631;0.34;0.34
BR;Brasil;Ambos;2006;Força corporal;566;0.3;0.32
BR;Brasil;Ambos;2006;Demais meios especificados;953;0.51;0.49
BR;Brasil;Ambos;2006;Meios não especificados;2076;1.11;1.08
BR;Brasil;Ambos;2007;Arma de fogo;34147;18.02;16.66
BR;Brasil;Ambos;2007;Arma branca ou objeto contundente;9730;5.14;5.11
BR;Brasil;Ambos;2007;Estrangulamento;643;0.34;0.33
BR;Brasil;Ambos;2007;Força corporal;478;0.25;0.26
BR;Brasil;Ambos;2007;Demais meios especificados;813;0.43;0.41
BR;Brasil;Ambos;2007;Meios não especificados;1896;1;0.96
BR;Brasil;Ambos;2008;Arma de fogo;35676;18.65;17.18
BR;Brasil;Ambos;2008;Arma branca ou objeto contundente;10571;5.52;5.48
BR;Brasil;Ambos;2008;Estrangulamento;685;0.36;0.34
BR;Brasil;Ambos;2008;Força corporal;595;0.31;0.32
BR;Brasil;Ambos;2008;Demais meios especificados;809;0.42;0.42
BR;Brasil;Ambos;2008;Meios não especificados;1777;0.93;0.87
BR;Brasil;Ambos;2009;Arma de fogo;36624;18.96;17.52
BR;Brasil;Ambos;2009;Arma branca ou objeto contundente;10844;5.61;5.56
BR;Brasil;Ambos;2009;Estrangulamento;721;0.37;0.36
BR;Brasil;Ambos;2009;Força corporal;571;0.3;0.3
BR;Brasil;Ambos;2009;Demais meios especificados;786;0.41;0.4
BR;Brasil;Ambos;2009;Meios não especificados;1888;0.98;0.92
BR;Brasil;Ambos;2010;Arma de fogo;36792;18.89;17.46
BR;Brasil;Ambos;2010;Arma branca ou objeto contundente;11322;5.81;5.71
BR;Brasil;Ambos;2010;Estrangulamento;748;0.38;0.37
BR;Brasil;Ambos;2010;Força corporal;630;0.32;0.33
BR;Brasil;Ambos;2010;Demais meios especificados;865;0.44;0.43
BR;Brasil;Ambos;2010;Meios não especificados;1903;0.98;0.94
BR;Brasil;Ambos;2011;Arma de fogo;36737;18.73;17.41
BR;Brasil;Ambos;2011;Arma branca ou objeto contundente;11466;5.85;5.73
BR;Brasil;Ambos;2011;Estrangulamento;746;0.38;0.36
BR;Brasil;Ambos;2011;Força corporal;555;0.28;0.29
BR;Brasil;Ambos;2011;Demais meios especificados;893;0.46;0.44
BR;Brasil;Ambos;2011;Meios não especificados;1801;0.92;0.88
BR;Brasil;Ambos;2012;Arma de fogo;40077;20.27;18.85
BR;Brasil;Ambos;2012;Arma branca ou objeto contundente;12052;6.1;5.94
BR;Brasil;Ambos;2012;Estrangulamento;841;0.43;0.4
BR;Brasil;Ambos;2012;Força corporal;643;0.33;0.33
BR;Brasil;Ambos;2012;Demais meios especificados;912;0.46;0.44
BR;Brasil;Ambos;2012;Meios não especificados;1812;0.92;0.85
BR;Brasil;Ambos;2013;Arma de fogo;40369;20.26;18.9
BR;Brasil;Ambos;2013;Arma branca ou objeto contundente;11988;6.02;5.85
BR;Brasil;Ambos;2013;Estrangulamento;871;0.44;0.41
BR;Brasil;Ambos;2013;Força corporal;673;0.34;0.34
BR;Brasil;Ambos;2013;Demais meios especificados;974;0.49;0.45
BR;Brasil;Ambos;2013;Meios não especificados;1929;0.97;0.9
BR;Brasil;Ambos;2014;Arma de fogo;42755;21.29;19.94
BR;Brasil;Ambos;2014;Arma branca ou objeto contundente;12102;6.03;5.88
BR;Brasil;Ambos;2014;Estrangulamento;833;0.41;0.4
BR;Brasil;Ambos;2014;Força corporal;749;0.37;0.37
BR;Brasil;Ambos;2014;Demais meios especificados;910;0.45;0.41
BR;Brasil;Ambos;2014;Meios não especificados;2332;1.16;1.08
BR;Brasil;Ambos;2015;Arma de fogo;41817;20.66;19.52
BR;Brasil;Ambos;2015;Arma branca ou objeto contundente;11620;5.74;5.62
BR;Brasil;Ambos;2015;Estrangulamento;842;0.42;0.4
BR;Brasil;Ambos;2015;Força corporal;826;0.41;0.41
BR;Brasil;Ambos;2015;Demais meios especificados;795;0.39;0.38
BR;Brasil;Ambos;2015;Meios não especificados;2238;1.11;1.02
BR;Brasil;Ambos;2016;Arma de fogo;44475;21.82;20.73
BR;Brasil;Ambos;2016;Arma branca ou objeto contundente;11993;5.88;5.75
BR;Brasil;Ambos;2016;Estrangulamento;812;0.4;0.39
BR;Brasil;Ambos;2016;Força corporal;991;0.49;0.48
BR;Brasil;Ambos;2016;Demais meios especificados;887;0.44;0.39
BR;Brasil;Ambos;2016;Meios não especificados;1985;0.97;0.9
BR;Brasil;Ambos;2017;Arma de fogo;47510;23.15;22.1
BR;Brasil;Ambos;2017;Arma branca ou objeto contundente;11709;5.71;5.57
BR;Brasil;Ambos;2017;Estrangulamento;864;0.42;0.41
BR;Brasil;Ambos;2017;Força corporal;895;0.44;0.43
BR;Brasil;Ambos;2017;Demais meios especificados;891;0.43;0.38
BR;Brasil;Ambos;2017;Meios não especificados;1879;0.92;0.85
BR;Brasil;Ambos;2018;Arma de fogo;41179;19.94;19.2
BR;Brasil;Ambos;2018;Arma branca ou objeto contundente;10585;5.13;5.03
BR;Brasil;Ambos;2018;Estrangulamento;821;0.4;0.39
BR;Brasil;Ambos;2018;Força corporal;884;0.43;0.43
BR;Brasil;Ambos;2018;Demais meios especificados;790;0.38;0.33
BR;Brasil;Ambos;2018;Meios não especificados;1655;0.8;0.73
BR;Brasil;Ambos;2019;Arma de fogo;30825;14.83;14.41
BR;Brasil;Ambos;2019;Arma branca ou objeto contundente;9664;4.65;4.56
BR;Brasil;Ambos;2019;Estrangulamento;763;0.37;0.36
BR;Brasil;Ambos;2019;Força corporal;787;0.38;0.37
BR;Brasil;Ambos;2019;Demais meios especificados;663;0.32;0.3
BR;Brasil;Ambos;2019;Meios não especificados;1331;0.64;0.59
BR;Brasil;Ambos;2020;Arma de fogo;33994;16.25;15.9
BR;Brasil;Ambos;2020;Arma branca ou objeto contundente;9613;4.6;4.5
BR;Brasil;Ambos;2020;Estrangulamento;685;0.33;0.32
BR;Brasil;Ambos;2020;Força corporal;890;0.43;0.42
BR;Brasil;Ambos;2020;Demais meios especificados;573;0.27;0.25
BR;Brasil;Ambos;2020;Meios não especificados;1925;0.92;0.86
BR;Brasil;Ambos;2021;Arma de fogo;33039;15.73;15.5
BR;Brasil;Ambos;2021;Arma branca ou objeto contundente;8988;4.28;4.2
BR;Brasil;Ambos;2021;Estrangulamento;661;0.31;0.31
BR;Brasil;Ambos;2021;Força corporal;924;0.44;0.43
BR;Brasil;Ambos;2021;Demais meios especificados;599;0.29;0.27
BR;Brasil;Ambos;2021;Meios não especificados;1351;0.64;0.61
BR;Brasil;Ambos;2022;Arma de fogo;31710;15.04;14.9
BR;Brasil;Ambos;2022;Arma branca ou objeto contundente;9110;4.32;4.25
BR;Brasil;Ambos;2022;Estrangulamento;699;0.33;0.32
BR;Brasil;Ambos;2022;Força corporal;968;0.46;0.45
BR;Brasil;Ambos;2022;Demais meios especificados;587;0.28;0.27
BR;Brasil;Ambos;2022;Meios não especificados;1293;0.61;0.59
BR;Brasil;Ambos;2023;Arma de fogo;30789;14.54;14.53
BR;Brasil;Ambos;2023;Arma branca ou objeto contundente;8875;4.19;4.14
BR;Brasil;Ambos;2023;Estrangulamento;692;0.33;0.32
BR;Brasil;Ambos;2023;Força corporal;1037;0.49;0.48
BR;Brasil;Ambos;2023;Demais meios especificados;580;0.27;0.26
BR;Brasil;Ambos;2023;Meios não especificados;1470;0.69;0.66
BR;Brasil;Ambos;2024;Arma de fogo;27423;12.9;13.01
BR;Brasil;Ambos;2024;Arma branca ou objeto contundente;8595;4.04;4
BR;Brasil;Ambos;2024;Estrangulamento;625;0.29;0.29
BR;Brasil;Ambos;2024;Força corporal;1167;0.55;0.54
BR;Brasil;Ambos;2024;Demais meios especificados;638;0.3;0.29
BR;Brasil;Ambos;2024;Meios não especificados;1498;0.7;0.68
BR;Brasil;Ambos;2025;Arma de fogo;23188;10.86;11.05
BR;Brasil;Ambos;2025;Arma branca ou objeto contundente;7951;3.73;3.69
BR;Brasil;Ambos;2025;Estrangulamento;551;0.26;0.26
BR;Brasil;Ambos;2025;Força corporal;1010;0.47;0.46
BR;Brasil;Ambos;2025;Demais meios especificados;560;0.26;0.26
BR;Brasil;Ambos;2025;Meios não especificados;1019;0.48;0.47
BR;Brasil;Homens;2000;Arma de fogo;28822;33.62;31.85
BR;Brasil;Homens;2000;Arma branca ou objeto contundente;6735;7.86;8.14
BR;Brasil;Homens;2000;Estrangulamento;285;0.33;0.33
BR;Brasil;Homens;2000;Força corporal;222;0.26;0.28
BR;Brasil;Homens;2000;Demais meios especificados;633;0.74;0.71
BR;Brasil;Homens;2000;Meios não especificados;4888;5.7;5.63
BR;Brasil;Homens;2001;Arma de fogo;31294;36.04;33.91
BR;Brasil;Homens;2001;Arma branca ou objeto contundente;7230;8.33;8.61
BR;Brasil;Homens;2001;Estrangulamento;367;0.42;0.44
BR;Brasil;Homens;2001;Força corporal;274;0.32;0.35
BR;Brasil;Homens;2001;Demais meios especificados;550;0.63;0.62
BR;Brasil;Homens;2001;Meios não especificados;4325;4.98;4.95
BR;Brasil;Homens;2002;Arma de fogo;32083;36.51;34.06
BR;Brasil;Homens;2002;Arma branca ou objeto contundente;7501;8.54;8.8
BR;Brasil;Homens;2002;Estrangulamento;387;0.44;0.43
BR;Brasil;Homens;2002;Força corporal;268;0.3;0.34
BR;Brasil;Homens;2002;Demais meios especificados;513;0.58;0.55
BR;Brasil;Homens;2002;Meios não especificados;5023;5.72;5.47
BR;Brasil;Homens;2003;Arma de fogo;33991;38.23;35.63
BR;Brasil;Homens;2003;Arma branca ou objeto contundente;7642;8.6;8.79
BR;Brasil;Homens;2003;Estrangulamento;406;0.46;0.46
BR;Brasil;Homens;2003;Força corporal;332;0.37;0.42
BR;Brasil;Homens;2003;Demais meios especificados;482;0.54;0.55
BR;Brasil;Homens;2003;Meios não especificados;4229;4.76;4.62
BR;Brasil;Homens;2004;Arma de fogo;32126;35.73;33.11
BR;Brasil;Homens;2004;Arma branca ou objeto contundente;7796;8.67;8.86
BR;Brasil;Homens;2004;Estrangulamento;428;0.48;0.48
BR;Brasil;Homens;2004;Força corporal;377;0.42;0.46
BR;Brasil;Homens;2004;Demais meios especificados;576;0.64;0.64
BR;Brasil;Homens;2004;Meios não especificados;3216;3.58;3.5
BR;Brasil;Homens;2005;Arma de fogo;31388;34.54;32.03
BR;Brasil;Homens;2005;Arma branca ou objeto contundente;8453;9.3;9.45
BR;Brasil;Homens;2005;Estrangulamento;421;0.46;0.47
BR;Brasil;Homens;2005;Força corporal;420;0.46;0.5
BR;Brasil;Homens;2005;Demais meios especificados;622;0.68;0.7
BR;Brasil;Homens;2005;Meios não especificados;2361;2.6;2.57
BR;Brasil;Homens;2006;Arma de fogo;32811;35.72;33.13
BR;Brasil;Homens;2006;Arma branca ou objeto contundente;8750;9.53;9.65
BR;Brasil;Homens;2006;Estrangulamento;405;0.44;0.46
BR;Brasil;Homens;2006;Força corporal;499;0.54;0.58
BR;Brasil;Homens;2006;Demais meios especificados;768;0.84;0.82
BR;Brasil;Homens;2006;Meios não especificados;1827;1.99;1.96
BR;Brasil;Homens;2007;Arma de fogo;32144;34.65;31.99
BR;Brasil;Homens;2007;Arma branca ou objeto contundente;8523;9.19;9.2
BR;Brasil;Homens;2007;Estrangulamento;430;0.46;0.46
BR;Brasil;Homens;2007;Força corporal;426;0.46;0.49
BR;Brasil;Homens;2007;Demais meios especificados;654;0.71;0.68
BR;Brasil;Homens;2007;Meios não especificados;1709;1.84;1.78
BR;Brasil;Homens;2008;Arma de fogo;33582;35.86;32.99
BR;Brasil;Homens;2008;Arma branca ou objeto contundente;9263;9.89;9.88
BR;Brasil;Homens;2008;Estrangulamento;437;0.47;0.45
BR;Brasil;Homens;2008;Força corporal;530;0.57;0.59
BR;Brasil;Homens;2008;Demais meios especificados;643;0.69;0.71
BR;Brasil;Homens;2008;Meios não especificados;1569;1.68;1.57
BR;Brasil;Homens;2009;Arma de fogo;34402;36.4;33.55
BR;Brasil;Homens;2009;Arma branca ou objeto contundente;9444;9.99;9.97
BR;Brasil;Homens;2009;Estrangulamento;469;0.5;0.48
BR;Brasil;Homens;2009;Força corporal;508;0.54;0.56
BR;Brasil;Homens;2009;Demais meios especificados;630;0.67;0.66
BR;Brasil;Homens;2009;Meios não especificados;1656;1.75;1.67
BR;Brasil;Homens;2010;Arma de fogo;34576;36.3;33.44
BR;Brasil;Homens;2010;Arma branca ou objeto contundente;9784;10.27;10.18
BR;Brasil;Homens;2010;Estrangulamento;492;0.52;0.5
BR;Brasil;Homens;2010;Força corporal;547;0.57;0.59
BR;Brasil;Homens;2010;Demais meios especificados;675;0.71;0.71
BR;Brasil;Homens;2010;Meios não especificados;1675;1.76;1.71
BR;Brasil;Homens;2011;Arma de fogo;34442;35.91;33.25
BR;Brasil;Homens;2011;Arma branca ou objeto contundente;9924;10.35;10.22
BR;Brasil;Homens;2011;Estrangulamento;476;0.5;0.48
BR;Brasil;Homens;2011;Força corporal;488;0.51;0.52
BR;Brasil;Homens;2011;Demais meios especificados;720;0.75;0.75
BR;Brasil;Homens;2011;Meios não especificados;1569;1.64;1.6
BR;Brasil;Homens;2012;Arma de fogo;37715;39.02;36.1
BR;Brasil;Homens;2012;Arma branca ou objeto contundente;10418;10.78;10.57
BR;Brasil;Homens;2012;Estrangulamento;531;0.55;0.52
BR;Brasil;Homens;2012;Força corporal;572;0.59;0.61
BR;Brasil;Homens;2012;Demais meios especificados;721;0.75;0.74
BR;Brasil;Homens;2012;Meios não especificados;1587;1.64;1.55
BR;Brasil;Homens;2013;Arma de fogo;38007;39.02;36.2
BR;Brasil;Homens;2013;Arma branca ou objeto contundente;10380;10.66;10.44
BR;Brasil;Homens;2013;Estrangulamento;577;0.59;0.55
BR;Brasil;Homens;2013;Força corporal;595;0.61;0.62
BR;Brasil;Homens;2013;Demais meios especificados;712;0.73;0.7
BR;Brasil;Homens;2013;Meios não especificados;1666;1.71;1.6
BR;Brasil;Homens;2014;Arma de fogo;40329;41.09;38.21
BR;Brasil;Homens;2014;Arma branca ou objeto contundente;10493;10.69;10.5
BR;Brasil;Homens;2014;Estrangulamento;528;0.54;0.52
BR;Brasil;Homens;2014;Força corporal;664;0.68;0.68
BR;Brasil;Homens;2014;Demais meios especificados;662;0.67;0.63
BR;Brasil;Homens;2014;Meios não especificados;2060;2.1;1.98
BR;Brasil;Homens;2015;Arma de fogo;39500;39.93;37.44
BR;Brasil;Homens;2015;Arma branca ou objeto contundente;10060;10.17;10.02
BR;Brasil;Homens;2015;Estrangulamento;528;0.53;0.51
BR;Brasil;Homens;2015;Força corporal;732;0.74;0.76
BR;Brasil;Homens;2015;Demais meios especificados;598;0.6;0.59
BR;Brasil;Homens;2015;Meios não especificados;2006;2.03;1.89
BR;Brasil;Homens;2016;Arma de fogo;42102;42.26;39.78
BR;Brasil;Homens;2016;Arma branca ou objeto contundente;10493;10.53;10.32
BR;Brasil;Homens;2016;Estrangulamento;525;0.53;0.52
BR;Brasil;Homens;2016;Força corporal;868;0.87;0.88
BR;Brasil;Homens;2016;Demais meios especificados;690;0.69;0.64
BR;Brasil;Homens;2016;Meios não especificados;1731;1.74;1.62
BR;Brasil;Homens;2017;Arma de fogo;44828;44.71;42.25
BR;Brasil;Homens;2017;Arma branca ou objeto contundente;10188;10.16;9.94
BR;Brasil;Homens;2017;Estrangulamento;588;0.59;0.57
BR;Brasil;Homens;2017;Força corporal;807;0.8;0.81
BR;Brasil;Homens;2017;Demais meios especificados;653;0.65;0.6
BR;Brasil;Homens;2017;Meios não especificados;1649;1.64;1.54
BR;Brasil;Homens;2018;Arma de fogo;38808;38.46;36.62
BR;Brasil;Homens;2018;Arma branca ou objeto contundente;9122;9.04;8.92
BR;Brasil;Homens;2018;Estrangulamento;555;0.55;0.54
BR;Brasil;Homens;2018;Força corporal;774;0.77;0.78
BR;Brasil;Homens;2018;Demais meios especificados;579;0.57;0.52
BR;Brasil;Homens;2018;Meios não especificados;1433;1.42;1.31
BR;Brasil;Homens;2019;Arma de fogo;28982;28.54;27.39
BR;Brasil;Homens;2019;Arma branca ou objeto contundente;8362;8.23;8.11
BR;Brasil;Homens;2019;Estrangulamento;503;0.5;0.49
BR;Brasil;Homens;2019;Força corporal;696;0.69;0.69
BR;Brasil;Homens;2019;Demais meios especificados;502;0.49;0.48
BR;Brasil;Homens;2019;Meios não especificados;1186;1.17;1.09
BR;Brasil;Homens;2020;Arma de fogo;32043;31.37;30.28
BR;Brasil;Homens;2020;Arma branca ou objeto contundente;8359;8.18;8.04
BR;Brasil;Homens;2020;Estrangulamento;442;0.43;0.42
BR;Brasil;Homens;2020;Força corporal;781;0.76;0.76
BR;Brasil;Homens;2020;Demais meios especificados;415;0.41;0.37
BR;Brasil;Homens;2020;Meios não especificados;1702;1.67;1.58
BR;Brasil;Homens;2021;Arma de fogo;31104;30.33;29.47
BR;Brasil;Homens;2021;Arma branca ou objeto contundente;7710;7.52;7.4
BR;Brasil;Homens;2021;Estrangulamento;433;0.42;0.42
BR;Brasil;Homens;2021;Força corporal;809;0.79;0.79
BR;Brasil;Homens;2021;Demais meios especificados;432;0.42;0.4
BR;Brasil;Homens;2021;Meios não especificados;1156;1.13;1.09
BR;Brasil;Homens;2022;Arma de fogo;29790;28.96;28.26
BR;Brasil;Homens;2022;Arma branca ou objeto contundente;7821;7.6;7.49
BR;Brasil;Homens;2022;Estrangulamento;477;0.46;0.45
BR;Brasil;Homens;2022;Força corporal;868;0.84;0.84
BR;Brasil;Homens;2022;Demais meios especificados;430;0.42;0.41
BR;Brasil;Homens;2022;Meios não especificados;1118;1.09;1.05
BR;Brasil;Homens;2023;Arma de fogo;28831;27.92;27.47
BR;Brasil;Homens;2023;Arma branca ou objeto contundente;7606;7.37;7.28
BR;Brasil;Homens;2023;Estrangulamento;444;0.43;0.42
BR;Brasil;Homens;2023;Força corporal;918;0.89;0.88
BR;Brasil;Homens;2023;Demais meios especificados;392;0.38;0.36
BR;Brasil;Homens;2023;Meios não especificados;1268;1.23;1.17
BR;Brasil;Homens;2024;Arma de fogo;25712;24.8;24.59
BR;Brasil;Homens;2024;Arma branca ou objeto contundente;7357;7.1;7.01
BR;Brasil;Homens;2024;Estrangulamento;400;0.39;0.38
BR;Brasil;Homens;2024;Força corporal;1055;1.02;1
BR;Brasil;Homens;2024;Demais meios especificados;455;0.44;0.43
BR;Brasil;Homens;2024;Meios não especificados;1281;1.24;1.19
BR;Brasil;Homens;2025;Arma de fogo;21706;20.86;20.84
BR;Brasil;Homens;2025;Arma branca ou objeto contundente;6776;6.51;6.44
BR;Brasil;Homens;2025;Estrangulamento;353;0.34;0.34
BR;Brasil;Homens;2025;Força corporal;891;0.86;0.85
BR;Brasil;Homens;2025;Demais meios especificados;413;0.4;0.39
BR;Brasil;Homens;2025;Meios não especificados;908;0.87;0.86
BR;Brasil;Mulheres;2000;Arma de fogo;2029;2.28;2.21
BR;Brasil;Mulheres;2000;Arma branca ou objeto contundente;896;1.01;1.04
BR;Brasil;Mulheres;2000;Estrangulamento;174;0.2;0.19
BR;Brasil;Mulheres;2000;Força corporal;13;0.01;0.02
BR;Brasil;Mulheres;2000;Demais meios especificados;144;0.16;0.16
BR;Brasil;Mulheres;2000;Meios não especificados;487;0.55;0.54
BR;Brasil;Mulheres;2001;Arma de fogo;2082;2.31;2.2
BR;Brasil;Mulheres;2001;Arma branca ou objeto contundente;997;1.11;1.13
BR;Brasil;Mulheres;2001;Estrangulamento;185;0.21;0.2
BR;Brasil;Mulheres;2001;Força corporal;39;0.04;0.05
BR;Brasil;Mulheres;2001;Demais meios especificados;128;0.14;0.13
BR;Brasil;Mulheres;2001;Meios não especificados;420;0.47;0.47
BR;Brasil;Mulheres;2002;Arma de fogo;2053;2.25;2.12
BR;Brasil;Mulheres;2002;Arma branca ou objeto contundente;967;1.06;1.09
BR;Brasil;Mulheres;2002;Estrangulamento;204;0.22;0.21
BR;Brasil;Mulheres;2002;Força corporal;47;0.05;0.05
BR;Brasil;Mulheres;2002;Demais meios especificados;124;0.14;0.13
BR;Brasil;Mulheres;2002;Meios não especificados;472;0.52;0.49
BR;Brasil;Mulheres;2003;Arma de fogo;2112;2.28;2.14
BR;Brasil;Mulheres;2003;Arma branca ou objeto contundente;1017;1.1;1.13
BR;Brasil;Mulheres;2003;Estrangulamento;215;0.23;0.22
BR;Brasil;Mulheres;2003;Força corporal;52;0.06;0.06
BR;Brasil;Mulheres;2003;Demais meios especificados;114;0.12;0.11
BR;Brasil;Mulheres;2003;Meios não especificados;427;0.46;0.46
BR;Brasil;Mulheres;2004;Arma de fogo;2048;2.19;2.08
BR;Brasil;Mulheres;2004;Arma branca ou objeto contundente;1041;1.11;1.13
BR;Brasil;Mulheres;2004;Estrangulamento;228;0.24;0.24
BR;Brasil;Mulheres;2004;Força corporal;46;0.05;0.05
BR;Brasil;Mulheres;2004;Demais meios especificados;148;0.16;0.16
BR;Brasil;Mulheres;2004;Meios não especificados;319;0.34;0.34
BR;Brasil;Mulheres;2005;Arma de fogo;2017;2.13;2.03
BR;Brasil;Mulheres;2005;Arma branca ou objeto contundente;1144;1.21;1.23
BR;Brasil;Mulheres;2005;Estrangulamento;233;0.25;0.24
BR;Brasil;Mulheres;2005;Força corporal;48;0.05;0.05
BR;Brasil;Mulheres;2005;Demais meios especificados;146;0.15;0.15
BR;Brasil;Mulheres;2005;Meios não especificados;296;0.31;0.31
BR;Brasil;Mulheres;2006;Arma de fogo;2082;2.18;2.07
BR;Brasil;Mulheres;2006;Arma branca ou objeto contundente;1235;1.29;1.31
BR;Brasil;Mulheres;2006;Estrangulamento;225;0.24;0.23
BR;Brasil;Mulheres;2006;Força corporal;64;0.07;0.07
BR;Brasil;Mulheres;2006;Demais meios especificados;179;0.19;0.18
BR;Brasil;Mulheres;2006;Meios não especificados;237;0.25;0.25
BR;Brasil;Mulheres;2007;Arma de fogo;1987;2.05;1.93
BR;Brasil;Mulheres;2007;Arma branca ou objeto contundente;1192;1.23;1.24
BR;Brasil;Mulheres;2007;Estrangulamento;213;0.22;0.22
BR;Brasil;Mulheres;2007;Força corporal;51;0.05;0.05
BR;Brasil;Mulheres;2007;Demais meios especificados;151;0.16;0.15
BR;Brasil;Mulheres;2007;Meios não especificados;178;0.18;0.19
BR;Brasil;Mulheres;2008;Arma de fogo;2048;2.1;1.98
BR;Brasil;Mulheres;2008;Arma branca ou objeto contundente;1299;1.33;1.33
BR;Brasil;Mulheres;2008;Estrangulamento;247;0.25;0.24
BR;Brasil;Mulheres;2008;Força corporal;65;0.07;0.07
BR;Brasil;Mulheres;2008;Demais meios especificados;165;0.17;0.16
BR;Brasil;Mulheres;2008;Meios não especificados;199;0.2;0.2
BR;Brasil;Mulheres;2009;Arma de fogo;2191;2.22;2.1
BR;Brasil;Mulheres;2009;Arma branca ou objeto contundente;1381;1.4;1.4
BR;Brasil;Mulheres;2009;Estrangulamento;252;0.26;0.25
BR;Brasil;Mulheres;2009;Força corporal;63;0.06;0.07
BR;Brasil;Mulheres;2009;Demais meios especificados;149;0.15;0.15
BR;Brasil;Mulheres;2009;Meios não especificados;224;0.23;0.22
BR;Brasil;Mulheres;2010;Arma de fogo;2194;2.21;2.08
BR;Brasil;Mulheres;2010;Arma branca ou objeto contundente;1531;1.54;1.51
BR;Brasil;Mulheres;2010;Estrangulamento;253;0.25;0.24
BR;Brasil;Mulheres;2010;Força corporal;83;0.08;0.09
BR;Brasil;Mulheres;2010;Demais meios especificados;180;0.18;0.17
BR;Brasil;Mulheres;2010;Meios não especificados;224;0.23;0.22
BR;Brasil;Mulheres;2011;Arma de fogo;2258;2.25;2.14
BR;Brasil;Mulheres;2011;Arma branca ou objeto contundente;1529;1.53;1.49
BR;Brasil;Mulheres;2011;Estrangulamento;268;0.27;0.25
BR;Brasil;Mulheres;2011;Força corporal;67;0.07;0.07
BR;Brasil;Mulheres;2011;Demais meios especificados;166;0.17;0.16
BR;Brasil;Mulheres;2011;Meios não especificados;224;0.22;0.21
BR;Brasil;Mulheres;2012;Arma de fogo;2332;2.31;2.19
BR;Brasil;Mulheres;2012;Arma branca ou objeto contundente;1616;1.6;1.58
BR;Brasil;Mulheres;2012;Estrangulamento;308;0.3;0.29
BR;Brasil;Mulheres;2012;Força corporal;71;0.07;0.07
BR;Brasil;Mulheres;2012;Demais meios especificados;181;0.18;0.17
BR;Brasil;Mulheres;2012;Meios não especificados;211;0.21;0.2
BR;Brasil;Mulheres;2013;Arma de fogo;2323;2.28;2.16
BR;Brasil;Mulheres;2013;Arma branca ou objeto contundente;1585;1.56;1.52
BR;Brasil;Mulheres;2013;Estrangulamento;290;0.28;0.27
BR;Brasil;Mulheres;2013;Força corporal;77;0.08;0.08
BR;Brasil;Mulheres;2013;Demais meios especificados;233;0.23;0.22
BR;Brasil;Mulheres;2013;Meios não especificados;254;0.25;0.24
BR;Brasil;Mulheres;2014;Arma de fogo;2390;2.33;2.23
BR;Brasil;Mulheres;2014;Arma branca ou objeto contundente;1593;1.55;1.52
BR;Brasil;Mulheres;2014;Estrangulamento;302;0.29;0.29
BR;Brasil;Mulheres;2014;Força corporal;85;0.08;0.08
BR;Brasil;Mulheres;2014;Demais meios especificados;206;0.2;0.19
BR;Brasil;Mulheres;2014;Meios não especificados;256;0.25;0.23
BR;Brasil;Mulheres;2015;Arma de fogo;2278;2.2;2.13
BR;Brasil;Mulheres;2015;Arma branca ou objeto contundente;1531;1.48;1.45
BR;Brasil;Mulheres;2015;Estrangulamento;312;0.3;0.29
BR;Brasil;Mulheres;2015;Força corporal;94;0.09;0.09
BR;Brasil;Mulheres;2015;Demais meios especificados;183;0.18;0.17
BR;Brasil;Mulheres;2015;Meios não especificados;218;0.21;0.2
BR;Brasil;Mulheres;2016;Arma de fogo;2339;2.24;2.18
BR;Brasil;Mulheres;2016;Arma branca ou objeto contundente;1485;1.42;1.41
BR;Brasil;Mulheres;2016;Estrangulamento;287;0.28;0.27
BR;Brasil;Mulheres;2016;Força corporal;123;0.12;0.12
BR;Brasil;Mulheres;2016;Demais meios especificados;172;0.17;0.15
BR;Brasil;Mulheres;2016;Meios não especificados;229;0.22;0.21
BR;Brasil;Mulheres;2017;Arma de fogo;2641;2.52;2.45
BR;Brasil;Mulheres;2017;Arma branca ou objeto contundente;1501;1.43;1.42
BR;Brasil;Mulheres;2017;Estrangulamento;276;0.26;0.26
BR;Brasil;Mulheres;2017;Força corporal;87;0.08;0.08
BR;Brasil;Mulheres;2017;Demais meios especificados;199;0.19;0.18
BR;Brasil;Mulheres;2017;Meios não especificados;224;0.21;0.21
BR;Brasil;Mulheres;2018;Arma de fogo;2330;2.21;2.16
BR;Brasil;Mulheres;2018;Arma branca ou objeto contundente;1438;1.36;1.34
BR;Brasil;Mulheres;2018;Estrangulamento;263;0.25;0.24
BR;Brasil;Mulheres;2018;Força corporal;108;0.1;0.1
BR;Brasil;Mulheres;2018;Demais meios especificados;177;0.17;0.16
BR;Brasil;Mulheres;2018;Meios não especificados;196;0.19;0.17
BR;Brasil;Mulheres;2019;Arma de fogo;1817;1.71;1.69
BR;Brasil;Mulheres;2019;Arma branca ou objeto contundente;1280;1.2;1.19
BR;Brasil;Mulheres;2019;Estrangulamento;259;0.24;0.24
BR;Brasil;Mulheres;2019;Força corporal;89;0.08;0.08
BR;Brasil;Mulheres;2019;Demais meios especificados;149;0.14;0.14
BR;Brasil;Mulheres;2019;Meios não especificados;134;0.13;0.12
BR;Brasil;Mulheres;2020;Arma de fogo;1920;1.79;1.79
BR;Brasil;Mulheres;2020;Arma branca ou objeto contundente;1232;1.15;1.14
BR;Brasil;Mulheres;2020;Estrangulamento;241;0.23;0.22
BR;Brasil;Mulheres;2020;Força corporal;108;0.1;0.1
BR;Brasil;Mulheres;2020;Demais meios especificados;139;0.13;0.13
BR;Brasil;Mulheres;2020;Meios não especificados;182;0.17;0.17
BR;Brasil;Mulheres;2021;Arma de fogo;1913;1.78;1.78
BR;Brasil;Mulheres;2021;Arma branca ou objeto contundente;1253;1.17;1.16
BR;Brasil;Mulheres;2021;Estrangulamento;228;0.21;0.21
BR;Brasil;Mulheres;2021;Força corporal;115;0.11;0.11
BR;Brasil;Mulheres;2021;Demais meios especificados;151;0.14;0.14
BR;Brasil;Mulheres;2021;Meios não especificados;184;0.17;0.17
BR;Brasil;Mulheres;2022;Arma de fogo;1878;1.74;1.76
BR;Brasil;Mulheres;2022;Arma branca ou objeto contundente;1270;1.18;1.17
BR;Brasil;Mulheres;2022;Estrangulamento;222;0.21;0.2
BR;Brasil;Mulheres;2022;Força corporal;98;0.09;0.09
BR;Brasil;Mulheres;2022;Demais meios especificados;150;0.14;0.14
BR;Brasil;Mulheres;2022;Meios não especificados;170;0.16;0.16
BR;Brasil;Mulheres;2023;Arma de fogo;1920;1.77;1.79
BR;Brasil;Mulheres;2023;Arma branca ou objeto contundente;1246;1.15;1.15
BR;Brasil;Mulheres;2023;Estrangulamento;244;0.23;0.23
BR;Brasil;Mulheres;2023;Força corporal;119;0.11;0.11
BR;Brasil;Mulheres;2023;Demais meios especificados;177;0.16;0.16
BR;Brasil;Mulheres;2023;Meios não especificados;181;0.17;0.16
BR;Brasil;Mulheres;2024;Arma de fogo;1688;1.55;1.59
BR;Brasil;Mulheres;2024;Arma branca ou objeto contundente;1220;1.12;1.12
BR;Brasil;Mulheres;2024;Estrangulamento;223;0.2;0.21
BR;Brasil;Mulheres;2024;Força corporal;111;0.1;0.1
BR;Brasil;Mulheres;2024;Demais meios especificados;171;0.16;0.16
BR;Brasil;Mulheres;2024;Meios não especificados;209;0.19;0.18
BR;Brasil;Mulheres;2025;Arma de fogo;1457;1.33;1.38
BR;Brasil;Mulheres;2025;Arma branca ou objeto contundente;1166;1.07;1.07
BR;Brasil;Mulheres;2025;Estrangulamento;197;0.18;0.18
BR;Brasil;Mulheres;2025;Força corporal;117;0.11;0.11
BR;Brasil;Mulheres;2025;Demais meios especificados;145;0.13;0.13
BR;Brasil;Mulheres;2025;Meios não especificados;110;0.1;0.1
AC;Acre;Ambos;2000;Arma de fogo;39;6.64;7.39
AC;Acre;Ambos;2000;Arma branca ou objeto contundente;58;9.88;10.26
AC;Acre;Ambos;2000;Estrangulamento;1;0.17;0.13
AC;Acre;Ambos;2000;Demais meios especificados;6;1.02;1.22
AC;Acre;Ambos;2000;Meios não especificados;2;0.34;0.51
AC;Acre;Ambos;2001;Arma de fogo;54;8.92;9.28
AC;Acre;Ambos;2001;Arma branca ou objeto contundente;58;9.58;10.73
AC;Acre;Ambos;2001;Estrangulamento;1;0.17;0.16
AC;Acre;Ambos;2001;Demais meios especificados;6;0.99;1.34
AC;Acre;Ambos;2001;Meios não especificados;2;0.33;0.61
AC;Acre;Ambos;2002;Arma de fogo;66;10.58;12.05
AC;Acre;Ambos;2002;Arma branca ou objeto contundente;79;12.67;13.32
AC;Acre;Ambos;2002;Estrangulamento;1;0.16;0.11
AC;Acre;Ambos;2002;Demais meios especificados;1;0.16;0.07
AC;Acre;Ambos;2002;Meios não especificados;4;0.64;0.74
AC;Acre;Ambos;2003;Arma de fogo;57;8.88;9.88
AC;Acre;Ambos;2003;Arma branca ou objeto contundente;84;13.09;16.15
AC;Acre;Ambos;2003;Estrangulamento;1;0.16;0.27
AC;Acre;Ambos;2003;Meios não especificados;5;0.78;0.79
AC;Acre;Ambos;2004;Arma de fogo;49;7.42;8.52
AC;Acre;Ambos;2004;Arma branca ou objeto contundente;57;8.63;8.95
AC;Acre;Ambos;2004;Estrangulamento;2;0.3;0.36
AC;Acre;Ambos;2004;Força corporal;1;0.15;0.14
AC;Acre;Ambos;2004;Demais meios especificados;3;0.45;0.37
AC;Acre;Ambos;2004;Meios não especificados;2;0.3;0.35
AC;Acre;Ambos;2005;Arma de fogo;36;5.3;5.91
AC;Acre;Ambos;2005;Arma branca ou objeto contundente;79;11.64;13.2
AC;Acre;Ambos;2005;Estrangulamento;1;0.15;0.12
AC;Acre;Ambos;2005;Força corporal;2;0.29;0.28
AC;Acre;Ambos;2005;Demais meios especificados;3;0.44;0.88
AC;Acre;Ambos;2005;Meios não especificados;2;0.29;0.61
AC;Acre;Ambos;2006;Arma de fogo;50;7.17;9.22
AC;Acre;Ambos;2006;Arma branca ou objeto contundente;95;13.62;14.85
AC;Acre;Ambos;2006;Força corporal;4;0.57;0.78
AC;Acre;Ambos;2006;Demais meios especificados;4;0.57;0.58
AC;Acre;Ambos;2006;Meios não especificados;5;0.72;1.23
AC;Acre;Ambos;2007;Arma de fogo;51;7.13;7.18
AC;Acre;Ambos;2007;Arma branca ou objeto contundente;74;10.34;12
AC;Acre;Ambos;2007;Estrangulamento;2;0.28;0.35
AC;Acre;Ambos;2007;Força corporal;1;0.14;0.12
AC;Acre;Ambos;2007;Demais meios especificados;5;0.7;0.59
AC;Acre;Ambos;2007;Meios não especificados;2;0.28;0.26
AC;Acre;Ambos;2008;Arma de fogo;40;5.45;5.35
AC;Acre;Ambos;2008;Arma branca ou objeto contundente;79;10.77;11.53
AC;Acre;Ambos;2008;Estrangulamento;2;0.27;0.38
AC;Acre;Ambos;2008;Força corporal;1;0.14;0.18
AC;Acre;Ambos;2008;Demais meios especificados;10;1.36;1.78
AC;Acre;Ambos;2008;Meios não especificados;1;0.14;0.07
AC;Acre;Ambos;2009;Arma de fogo;61;8.13;8.84
AC;Acre;Ambos;2009;Arma branca ou objeto contundente;80;10.66;12.34
AC;Acre;Ambos;2009;Estrangulamento;1;0.13;0.11
AC;Acre;Ambos;2009;Força corporal;3;0.4;0.41
AC;Acre;Ambos;2009;Demais meios especificados;4;0.53;0.64
AC;Acre;Ambos;2009;Meios não especificados;4;0.53;0.49
AC;Acre;Ambos;2010;Arma de fogo;63;8.24;8.26
AC;Acre;Ambos;2010;Arma branca ou objeto contundente;87;11.37;12.67
AC;Acre;Ambos;2010;Força corporal;10;1.31;1.85
AC;Acre;Ambos;2010;Demais meios especificados;1;0.13;0.13
AC;Acre;Ambos;2010;Meios não especificados;4;0.52;0.68
AC;Acre;Ambos;2011;Arma de fogo;50;6.42;7
AC;Acre;Ambos;2011;Arma branca ou objeto contundente;103;13.23;15.33
AC;Acre;Ambos;2011;Estrangulamento;2;0.26;0.27
AC;Acre;Ambos;2011;Força corporal;1;0.13;0.11
AC;Acre;Ambos;2011;Demais meios especificados;7;0.9;1.29
AC;Acre;Ambos;2011;Meios não especificados;1;0.13;0.2
AC;Acre;Ambos;2012;Arma de fogo;85;10.74;11.02
AC;Acre;Ambos;2012;Arma branca ou objeto contundente;106;13.39;13.88
AC;Acre;Ambos;2012;Estrangulamento;1;0.13;0.11
AC;Acre;Ambos;2012;Força corporal;6;0.76;1.07
AC;Acre;Ambos;2012;Demais meios especificados;7;0.88;1.12
AC;Acre;Ambos;2012;Meios não especificados;3;0.38;0.47
AC;Acre;Ambos;2013;Arma de fogo;95;11.82;11.85
AC;Acre;Ambos;2013;Arma branca ou objeto contundente;119;14.8;16.32
AC;Acre;Ambos;2013;Estrangulamento;3;0.37;0.24
AC;Acre;Ambos;2013;Força corporal;11;1.37;1.59
AC;Acre;Ambos;2013;Demais meios especificados;5;0.62;0.76
AC;Acre;Ambos;2013;Meios não especificados;1;0.12;0.15
AC;Acre;Ambos;2014;Arma de fogo;115;14.1;14.4
AC;Acre;Ambos;2014;Arma branca ou objeto contundente;104;12.75;13.14
AC;Acre;Ambos;2014;Estrangulamento;4;0.49;0.7
AC;Acre;Ambos;2014;Força corporal;4;0.49;0.47
AC;Acre;Ambos;2014;Demais meios especificados;4;0.49;0.57
AC;Acre;Ambos;2014;Meios não especificados;1;0.12;0.14
AC;Acre;Ambos;2015;Arma de fogo;116;14.03;14.01
AC;Acre;Ambos;2015;Arma branca ou objeto contundente;87;10.52;11.85
AC;Acre;Ambos;2015;Estrangulamento;3;0.36;0.53
AC;Acre;Ambos;2015;Força corporal;6;0.73;0.84
AC;Acre;Ambos;2015;Demais meios especificados;5;0.6;0.74
AC;Acre;Ambos;2016;Arma de fogo;226;27.02;26.64
AC;Acre;Ambos;2016;Arma branca ou objeto contundente;118;14.11;14.35
AC;Acre;Ambos;2016;Estrangulamento;7;0.84;0.94
AC;Acre;Ambos;2016;Força corporal;6;0.72;0.83
AC;Acre;Ambos;2016;Demais meios especificados;5;0.6;0.7
AC;Acre;Ambos;2016;Meios não especificados;1;0.12;0.1
AC;Acre;Ambos;2017;Arma de fogo;384;45.47;42.24
AC;Acre;Ambos;2017;Arma branca ou objeto contundente;115;13.62;14.44
AC;Acre;Ambos;2017;Estrangulamento;7;0.83;0.97
AC;Acre;Ambos;2017;Força corporal;9;1.07;1.15
AC;Acre;Ambos;2017;Demais meios especificados;1;0.12;0.11
AC;Acre;Ambos;2018;Arma de fogo;311;36.52;34.23
AC;Acre;Ambos;2018;Arma branca ou objeto contundente;83;9.75;9.54
AC;Acre;Ambos;2018;Estrangulamento;4;0.47;0.45
AC;Acre;Ambos;2018;Força corporal;10;1.17;1.14
AC;Acre;Ambos;2018;Demais meios especificados;1;0.12;0.21
AC;Acre;Ambos;2019;Arma de fogo;222;25.88;24.29
AC;Acre;Ambos;2019;Arma branca ou objeto contundente;88;10.26;9.88
AC;Acre;Ambos;2019;Estrangulamento;6;0.7;0.63
AC;Acre;Ambos;2019;Força corporal;8;0.93;1.22
AC;Acre;Ambos;2019;Demais meios especificados;1;0.12;0.1
AC;Acre;Ambos;2020;Arma de fogo;228;26.4;24.45
AC;Acre;Ambos;2020;Arma branca ou objeto contundente;68;7.87;7.36
AC;Acre;Ambos;2020;Estrangulamento;2;0.23;0.18
AC;Acre;Ambos;2020;Força corporal;6;0.69;0.68
AC;Acre;Ambos;2021;Arma de fogo;118;13.59;12.95
AC;Acre;Ambos;2021;Arma branca ou objeto contundente;72;8.29;8.48
AC;Acre;Ambos;2021;Estrangulamento;5;0.58;0.67
AC;Acre;Ambos;2021;Força corporal;7;0.81;0.96
AC;Acre;Ambos;2021;Demais meios especificados;3;0.35;0.38
AC;Acre;Ambos;2022;Arma de fogo;141;16.16;15.07
AC;Acre;Ambos;2022;Arma branca ou objeto contundente;85;9.74;9.76
AC;Acre;Ambos;2022;Estrangulamento;2;0.23;0.19
AC;Acre;Ambos;2022;Força corporal;8;0.92;0.93
AC;Acre;Ambos;2022;Demais meios especificados;1;0.11;0.12
AC;Acre;Ambos;2022;Meios não especificados;1;0.11;0.14
AC;Acre;Ambos;2023;Arma de fogo;136;15.51;14.31
AC;Acre;Ambos;2023;Arma branca ou objeto contundente;68;7.76;8.13
AC;Acre;Ambos;2023;Força corporal;3;0.34;0.39
AC;Acre;Ambos;2023;Demais meios especificados;1;0.11;0.09
AC;Acre;Ambos;2023;Meios não especificados;7;0.8;0.87
AC;Acre;Ambos;2024;Arma de fogo;103;11.7;11.24
AC;Acre;Ambos;2024;Arma branca ou objeto contundente;65;7.38;7.54
AC;Acre;Ambos;2024;Estrangulamento;2;0.23;0.22
AC;Acre;Ambos;2024;Força corporal;2;0.23;0.3
AC;Acre;Ambos;2024;Demais meios especificados;1;0.11;0.1
AC;Acre;Ambos;2025;Arma de fogo;102;11.53;11.05
AC;Acre;Ambos;2025;Arma branca ou objeto contundente;69;7.8;8.18
AC;Acre;Ambos;2025;Estrangulamento;2;0.23;0.22
AC;Acre;Ambos;2025;Força corporal;6;0.68;0.76
AC;Acre;Ambos;2025;Meios não especificados;2;0.23;0.26
AC;Acre;Homens;2000;Arma de fogo;35;11.83;12.94
AC;Acre;Homens;2000;Arma branca ou objeto contundente;53;17.91;18.7
AC;Acre;Homens;2000;Demais meios especificados;3;1.01;1.37
AC;Acre;Homens;2000;Meios não especificados;2;0.68;1.01
AC;Acre;Homens;2001;Arma de fogo;51;16.73;17.12
AC;Acre;Homens;2001;Arma branca ou objeto contundente;51;16.73;19.19
AC;Acre;Homens;2001;Demais meios especificados;5;1.64;2.4
AC;Acre;Homens;2001;Meios não especificados;2;0.66;1.2
AC;Acre;Homens;2002;Arma de fogo;63;20.07;22.72
AC;Acre;Homens;2002;Arma branca ou objeto contundente;72;22.94;24.04
AC;Acre;Homens;2002;Estrangulamento;1;0.32;0.22
AC;Acre;Homens;2002;Meios não especificados;4;1.27;1.49
AC;Acre;Homens;2003;Arma de fogo;52;16.1;18.31
AC;Acre;Homens;2003;Arma branca ou objeto contundente;74;22.91;27.98
AC;Acre;Homens;2003;Estrangulamento;1;0.31;0.53
AC;Acre;Homens;2003;Meios não especificados;5;1.55;1.58
AC;Acre;Homens;2004;Arma de fogo;42;12.64;14.54
AC;Acre;Homens;2004;Arma branca ou objeto contundente;55;16.56;17.4
AC;Acre;Homens;2004;Estrangulamento;1;0.3;0.21
AC;Acre;Homens;2004;Força corporal;1;0.3;0.28
AC;Acre;Homens;2004;Demais meios especificados;3;0.9;0.75
AC;Acre;Homens;2004;Meios não especificados;2;0.6;0.7
AC;Acre;Homens;2005;Arma de fogo;35;10.25;11.61
AC;Acre;Homens;2005;Arma branca ou objeto contundente;68;19.92;22.79
AC;Acre;Homens;2005;Força corporal;2;0.59;0.56
AC;Acre;Homens;2005;Demais meios especificados;3;0.88;1.69
AC;Acre;Homens;2005;Meios não especificados;2;0.59;1.18
AC;Acre;Homens;2006;Arma de fogo;48;13.69;17.77
AC;Acre;Homens;2006;Arma branca ou objeto contundente;83;23.68;25.14
AC;Acre;Homens;2006;Força corporal;3;0.86;1.15
AC;Acre;Homens;2006;Demais meios especificados;4;1.14;1.12
AC;Acre;Homens;2006;Meios não especificados;5;1.43;2.43
AC;Acre;Homens;2007;Arma de fogo;47;13.07;13.52
AC;Acre;Homens;2007;Arma branca ou objeto contundente;62;17.25;19.23
AC;Acre;Homens;2007;Estrangulamento;2;0.56;0.7
AC;Acre;Homens;2007;Força corporal;1;0.28;0.24
AC;Acre;Homens;2007;Demais meios especificados;4;1.11;1.05
AC;Acre;Homens;2007;Meios não especificados;2;0.56;0.52
AC;Acre;Homens;2008;Arma de fogo;40;10.86;10.74
AC;Acre;Homens;2008;Arma branca ou objeto contundente;68;18.45;19.87
AC;Acre;Homens;2008;Estrangulamento;1;0.27;0.58
AC;Acre;Homens;2008;Força corporal;1;0.27;0.36
AC;Acre;Homens;2008;Demais meios especificados;9;2.44;3.1
AC;Acre;Homens;2008;Meios não especificados;1;0.27;0.14
AC;Acre;Homens;2009;Arma de fogo;59;15.65;17.4
AC;Acre;Homens;2009;Arma branca ou objeto contundente;67;17.78;20.39
AC;Acre;Homens;2009;Estrangulamento;1;0.27;0.22
AC;Acre;Homens;2009;Força corporal;3;0.8;0.83
AC;Acre;Homens;2009;Demais meios especificados;4;1.06;1.28
AC;Acre;Homens;2009;Meios não especificados;3;0.8;0.76
AC;Acre;Homens;2010;Arma de fogo;56;14.58;15.03
AC;Acre;Homens;2010;Arma branca ou objeto contundente;75;19.53;22.11
AC;Acre;Homens;2010;Força corporal;10;2.6;3.67
AC;Acre;Homens;2010;Demais meios especificados;1;0.26;0.26
AC;Acre;Homens;2010;Meios não especificados;4;1.04;1.35
AC;Acre;Homens;2011;Arma de fogo;45;11.52;12.51
AC;Acre;Homens;2011;Arma branca ou objeto contundente;91;23.3;27.23
AC;Acre;Homens;2011;Estrangulamento;1;0.26;0.22
AC;Acre;Homens;2011;Força corporal;1;0.26;0.22
AC;Acre;Homens;2011;Demais meios especificados;7;1.79;2.58
AC;Acre;Homens;2011;Meios não especificados;1;0.26;0.39
AC;Acre;Homens;2012;Arma de fogo;81;20.39;21.09
AC;Acre;Homens;2012;Arma branca ou objeto contundente;96;24.16;25.4
AC;Acre;Homens;2012;Força corporal;5;1.26;2.02
AC;Acre;Homens;2012;Demais meios especificados;7;1.76;2.24
AC;Acre;Homens;2012;Meios não especificados;3;0.76;0.94
AC;Acre;Homens;2013;Arma de fogo;86;21.32;21.66
AC;Acre;Homens;2013;Arma branca ou objeto contundente;101;25.04;27.79
AC;Acre;Homens;2013;Estrangulamento;1;0.25;0.17
AC;Acre;Homens;2013;Força corporal;11;2.73;3.19
AC;Acre;Homens;2013;Demais meios especificados;3;0.74;0.8
AC;Acre;Homens;2014;Arma de fogo;109;26.63;27.25
AC;Acre;Homens;2014;Arma branca ou objeto contundente;90;21.99;22.92
AC;Acre;Homens;2014;Estrangulamento;4;0.98;1.42
AC;Acre;Homens;2014;Força corporal;4;0.98;0.94
AC;Acre;Homens;2014;Demais meios especificados;4;0.98;1.14
AC;Acre;Homens;2014;Meios não especificados;1;0.24;0.28
AC;Acre;Homens;2015;Arma de fogo;111;26.76;26.94
AC;Acre;Homens;2015;Arma branca ou objeto contundente;75;18.08;20.91
AC;Acre;Homens;2015;Estrangulamento;2;0.48;0.89
AC;Acre;Homens;2015;Força corporal;6;1.45;1.69
AC;Acre;Homens;2015;Demais meios especificados;4;0.96;1.28
AC;Acre;Homens;2016;Arma de fogo;215;51.23;50.78
AC;Acre;Homens;2016;Arma branca ou objeto contundente;108;25.73;26.73
AC;Acre;Homens;2016;Estrangulamento;6;1.43;1.73
AC;Acre;Homens;2016;Força corporal;6;1.43;1.66
AC;Acre;Homens;2016;Demais meios especificados;4;0.95;1.24
AC;Acre;Homens;2016;Meios não especificados;1;0.24;0.2
AC;Acre;Homens;2017;Arma de fogo;366;86.37;81.12
AC;Acre;Homens;2017;Arma branca ou objeto contundente;105;24.78;26.47
AC;Acre;Homens;2017;Estrangulamento;5;1.18;1.32
AC;Acre;Homens;2017;Força corporal;5;1.18;1.35
AC;Acre;Homens;2018;Arma de fogo;289;67.65;63.34
AC;Acre;Homens;2018;Arma branca ou objeto contundente;71;16.62;16.65
AC;Acre;Homens;2018;Estrangulamento;4;0.94;0.91
AC;Acre;Homens;2018;Força corporal;9;2.11;2
AC;Acre;Homens;2018;Demais meios especificados;1;0.23;0.42
AC;Acre;Homens;2019;Arma de fogo;205;47.63;45.09
AC;Acre;Homens;2019;Arma branca ou objeto contundente;72;16.73;16.53
AC;Acre;Homens;2019;Estrangulamento;5;1.16;0.96
AC;Acre;Homens;2019;Força corporal;7;1.63;2.24
AC;Acre;Homens;2019;Demais meios especificados;1;0.23;0.19
AC;Acre;Homens;2020;Arma de fogo;211;48.71;45.35
AC;Acre;Homens;2020;Arma branca ou objeto contundente;56;12.93;12.35
AC;Acre;Homens;2020;Estrangulamento;1;0.23;0.37
AC;Acre;Homens;2020;Força corporal;5;1.15;1.38
AC;Acre;Homens;2021;Arma de fogo;112;25.72;24.78
AC;Acre;Homens;2021;Arma branca ou objeto contundente;51;11.71;12.57
AC;Acre;Homens;2021;Estrangulamento;5;1.15;1.35
AC;Acre;Homens;2021;Força corporal;7;1.61;1.93
AC;Acre;Homens;2021;Demais meios especificados;1;0.23;0.25
AC;Acre;Homens;2022;Arma de fogo;132;30.17;28.56
AC;Acre;Homens;2022;Arma branca ou objeto contundente;70;16;16.09
AC;Acre;Homens;2022;Estrangulamento;1;0.23;0.21
AC;Acre;Homens;2022;Força corporal;8;1.83;1.86
AC;Acre;Homens;2022;Demais meios especificados;1;0.23;0.23
AC;Acre;Homens;2022;Meios não especificados;1;0.23;0.27
AC;Acre;Homens;2023;Arma de fogo;124;28.2;26.64
AC;Acre;Homens;2023;Arma branca ou objeto contundente;61;13.88;14.85
AC;Acre;Homens;2023;Força corporal;2;0.45;0.55
AC;Acre;Homens;2023;Demais meios especificados;1;0.23;0.18
AC;Acre;Homens;2023;Meios não especificados;7;1.59;1.75
AC;Acre;Homens;2024;Arma de fogo;102;23.09;22.28
AC;Acre;Homens;2024;Arma branca ou objeto contundente;55;12.45;12.89
AC;Acre;Homens;2024;Estrangulamento;1;0.23;0.2
AC;Acre;Homens;2024;Força corporal;2;0.45;0.61
AC;Acre;Homens;2024;Demais meios especificados;1;0.23;0.2
AC;Acre;Homens;2025;Arma de fogo;95;21.41;20.55
AC;Acre;Homens;2025;Arma branca ou objeto contundente;55;12.4;13.06
AC;Acre;Homens;2025;Estrangulamento;2;0.45;0.45
AC;Acre;Homens;2025;Força corporal;6;1.35;1.53
AC;Acre;Homens;2025;Meios não especificados;2;0.45;0.52
AC;Acre;Mulheres;2000;Arma de fogo;4;1.37;1.83
AC;Acre;Mulheres;2000;Arma branca ou objeto contundente;5;1.72;1.65
AC;Acre;Mulheres;2000;Estrangulamento;1;0.34;0.27
AC;Acre;Mulheres;2000;Demais meios especificados;3;1.03;1.05
AC;Acre;Mulheres;2001;Arma de fogo;3;1;1.34
AC;Acre;Mulheres;2001;Arma branca ou objeto contundente;7;2.33;2.15
AC;Acre;Mulheres;2001;Estrangulamento;1;0.33;0.32
AC;Acre;Mulheres;2001;Demais meios especificados;1;0.33;0.2
AC;Acre;Mulheres;2002;Arma de fogo;3;0.97;1.12
AC;Acre;Mulheres;2002;Arma branca ou objeto contundente;7;2.26;2.45
AC;Acre;Mulheres;2002;Demais meios especificados;1;0.32;0.15
AC;Acre;Mulheres;2003;Arma de fogo;5;1.57;1.22
AC;Acre;Mulheres;2003;Arma branca ou objeto contundente;10;3.14;4.17
AC;Acre;Mulheres;2004;Arma de fogo;7;2.13;2.38
AC;Acre;Mulheres;2004;Arma branca ou objeto contundente;2;0.61;0.47
AC;Acre;Mulheres;2004;Estrangulamento;1;0.3;0.52
AC;Acre;Mulheres;2005;Arma de fogo;1;0.3;0.18
AC;Acre;Mulheres;2005;Arma branca ou objeto contundente;11;3.26;3.53
AC;Acre;Mulheres;2005;Estrangulamento;1;0.3;0.23
AC;Acre;Mulheres;2006;Arma de fogo;2;0.58;0.54
AC;Acre;Mulheres;2006;Arma branca ou objeto contundente;12;3.46;4.45
AC;Acre;Mulheres;2006;Força corporal;1;0.29;0.39
AC;Acre;Mulheres;2007;Arma de fogo;4;1.12;0.85
AC;Acre;Mulheres;2007;Arma branca ou objeto contundente;12;3.37;4.77
AC;Acre;Mulheres;2007;Demais meios especificados;1;0.28;0.14
AC;Acre;Mulheres;2008;Arma branca ou objeto contundente;11;3.01;3.19
AC;Acre;Mulheres;2008;Estrangulamento;1;0.27;0.17
AC;Acre;Mulheres;2008;Demais meios especificados;1;0.27;0.42
AC;Acre;Mulheres;2009;Arma de fogo;2;0.54;0.3
AC;Acre;Mulheres;2009;Arma branca ou objeto contundente;13;3.48;4.26
AC;Acre;Mulheres;2009;Meios não especificados;1;0.27;0.23
AC;Acre;Mulheres;2010;Arma de fogo;7;1.84;1.53
AC;Acre;Mulheres;2010;Arma branca ou objeto contundente;12;3.15;3.25
AC;Acre;Mulheres;2011;Arma de fogo;5;1.29;1.5
AC;Acre;Mulheres;2011;Arma branca ou objeto contundente;12;3.09;3.47
AC;Acre;Mulheres;2011;Estrangulamento;1;0.26;0.32
AC;Acre;Mulheres;2012;Arma de fogo;4;1.01;1.05
AC;Acre;Mulheres;2012;Arma branca ou objeto contundente;10;2.54;2.47
AC;Acre;Mulheres;2012;Estrangulamento;1;0.25;0.22
AC;Acre;Mulheres;2012;Força corporal;1;0.25;0.15
AC;Acre;Mulheres;2013;Arma de fogo;9;2.25;2.15
AC;Acre;Mulheres;2013;Arma branca ou objeto contundente;18;4.49;4.92
AC;Acre;Mulheres;2013;Estrangulamento;2;0.5;0.32
AC;Acre;Mulheres;2013;Demais meios especificados;2;0.5;0.74
AC;Acre;Mulheres;2013;Meios não especificados;1;0.25;0.29
AC;Acre;Mulheres;2014;Arma de fogo;6;1.48;1.65
AC;Acre;Mulheres;2014;Arma branca ou objeto contundente;14;3.45;3.43
AC;Acre;Mulheres;2015;Arma de fogo;5;1.21;1.21
AC;Acre;Mulheres;2015;Arma branca ou objeto contundente;12;2.91;2.87
AC;Acre;Mulheres;2015;Estrangulamento;1;0.24;0.17
AC;Acre;Mulheres;2015;Demais meios especificados;1;0.24;0.22
AC;Acre;Mulheres;2016;Arma de fogo;11;2.64;2.71
AC;Acre;Mulheres;2016;Arma branca ou objeto contundente;10;2.4;2.09
AC;Acre;Mulheres;2016;Estrangulamento;1;0.24;0.17
AC;Acre;Mulheres;2016;Demais meios especificados;1;0.24;0.17
AC;Acre;Mulheres;2017;Arma de fogo;17;4.04;3.61
AC;Acre;Mulheres;2017;Arma branca ou objeto contundente;10;2.38;2.51
AC;Acre;Mulheres;2017;Estrangulamento;2;0.48;0.63
AC;Acre;Mulheres;2017;Força corporal;4;0.95;0.96
AC;Acre;Mulheres;2017;Demais meios especificados;1;0.24;0.22
AC;Acre;Mulheres;2018;Arma de fogo;22;5.19;5.28
AC;Acre;Mulheres;2018;Arma branca ou objeto contundente;12;2.83;2.5
AC;Acre;Mulheres;2018;Força corporal;1;0.24;0.29
AC;Acre;Mulheres;2019;Arma de fogo;17;3.98;3.58
AC;Acre;Mulheres;2019;Arma branca ou objeto contundente;14;3.27;3.29
AC;Acre;Mulheres;2019;Estrangulamento;1;0.23;0.3
AC;Acre;Mulheres;2020;Arma de fogo;16;3.72;3.61
AC;Acre;Mulheres;2020;Arma branca ou objeto contundente;11;2.56;2.45
AC;Acre;Mulheres;2021;Arma de fogo;6;1.39;1.16
AC;Acre;Mulheres;2021;Arma branca ou objeto contundente;20;4.62;4.49
AC;Acre;Mulheres;2021;Demais meios especificados;2;0.46;0.51
AC;Acre;Mulheres;2022;Arma de fogo;8;1.84;1.62
AC;Acre;Mulheres;2022;Arma branca ou objeto contundente;14;3.22;3.44
AC;Acre;Mulheres;2022;Estrangulamento;1;0.23;0.17
AC;Acre;Mulheres;2023;Arma de fogo;10;2.29;1.97
AC;Acre;Mulheres;2023;Arma branca ou objeto contundente;7;1.6;1.54
AC;Acre;Mulheres;2023;Força corporal;1;0.23;0.24
AC;Acre;Mulheres;2024;Arma de fogo;1;0.23;0.19
AC;Acre;Mulheres;2024;Arma branca ou objeto contundente;10;2.28;2.25
AC;Acre;Mulheres;2024;Estrangulamento;1;0.23;0.24
AC;Acre;Mulheres;2025;Arma de fogo;7;1.59;1.54
AC;Acre;Mulheres;2025;Arma branca ou objeto contundente;14;3.18;3.32
AL;Alagoas;Ambos;2000;Arma de fogo;484;16.79;17.89
AL;Alagoas;Ambos;2000;Arma branca ou objeto contundente;224;7.77;8.5
AL;Alagoas;Ambos;2000;Estrangulamento;6;0.21;0.26
AL;Alagoas;Ambos;2000;Demais meios especificados;10;0.35;0.43
AL;Alagoas;Ambos;2000;Meios não especificados;3;0.1;0.11
AL;Alagoas;Ambos;2001;Arma de fogo;604;20.69;21.38
AL;Alagoas;Ambos;2001;Arma branca ou objeto contundente;215;7.37;8.04
AL;Alagoas;Ambos;2001;Estrangulamento;5;0.17;0.25
AL;Alagoas;Ambos;2001;Demais meios especificados;5;0.17;0.18
AL;Alagoas;Ambos;2001;Meios não especificados;1;0.03;0.02
AL;Alagoas;Ambos;2002;Arma de fogo;720;24.39;25.15
AL;Alagoas;Ambos;2002;Arma branca ou objeto contundente;237;8.03;8.97
AL;Alagoas;Ambos;2002;Estrangulamento;10;0.34;0.28
AL;Alagoas;Ambos;2002;Força corporal;2;0.07;0.13
AL;Alagoas;Ambos;2002;Demais meios especificados;17;0.58;0.66
AL;Alagoas;Ambos;2002;Meios não especificados;5;0.17;0.27
AL;Alagoas;Ambos;2003;Arma de fogo;774;25.96;26.35
AL;Alagoas;Ambos;2003;Arma branca ou objeto contundente;238;7.98;8.83
AL;Alagoas;Ambos;2003;Estrangulamento;10;0.34;0.33
AL;Alagoas;Ambos;2003;Força corporal;2;0.07;0.07
AL;Alagoas;Ambos;2003;Demais meios especificados;11;0.37;0.4
AL;Alagoas;Ambos;2003;Meios não especificados;4;0.13;0.15
AL;Alagoas;Ambos;2004;Arma de fogo;754;25.05;24.83
AL;Alagoas;Ambos;2004;Arma branca ou objeto contundente;252;8.37;9.26
AL;Alagoas;Ambos;2004;Estrangulamento;4;0.13;0.15
AL;Alagoas;Ambos;2004;Força corporal;1;0.03;0.03
AL;Alagoas;Ambos;2004;Demais meios especificados;17;0.56;0.68
AL;Alagoas;Ambos;2004;Meios não especificados;7;0.23;0.24
AL;Alagoas;Ambos;2005;Arma de fogo;909;29.94;30.13
AL;Alagoas;Ambos;2005;Arma branca ou objeto contundente;277;9.12;9.6
AL;Alagoas;Ambos;2005;Estrangulamento;9;0.3;0.28
AL;Alagoas;Ambos;2005;Demais meios especificados;7;0.23;0.22
AL;Alagoas;Ambos;2005;Meios não especificados;1;0.03;0.02
AL;Alagoas;Ambos;2006;Arma de fogo;1308;42.74;41.98
AL;Alagoas;Ambos;2006;Arma branca ou objeto contundente;275;8.99;9.74
AL;Alagoas;Ambos;2006;Estrangulamento;14;0.46;0.66
AL;Alagoas;Ambos;2006;Demais meios especificados;18;0.59;0.63
AL;Alagoas;Ambos;2006;Meios não especificados;3;0.1;0.16
AL;Alagoas;Ambos;2007;Arma de fogo;1552;50.37;48.91
AL;Alagoas;Ambos;2007;Arma branca ou objeto contundente;247;8.02;8.29
AL;Alagoas;Ambos;2007;Estrangulamento;20;0.65;0.82
AL;Alagoas;Ambos;2007;Força corporal;2;0.06;0.06
AL;Alagoas;Ambos;2007;Demais meios especificados;13;0.42;0.41
AL;Alagoas;Ambos;2007;Meios não especificados;1;0.03;0.03
AL;Alagoas;Ambos;2008;Arma de fogo;1596;51.47;49.47
AL;Alagoas;Ambos;2008;Arma branca ou objeto contundente;258;8.32;8.98
AL;Alagoas;Ambos;2008;Estrangulamento;13;0.42;0.37
AL;Alagoas;Ambos;2008;Força corporal;2;0.06;0.06
AL;Alagoas;Ambos;2008;Demais meios especificados;16;0.52;0.68
AL;Alagoas;Ambos;2008;Meios não especificados;2;0.06;0.06
AL;Alagoas;Ambos;2009;Arma de fogo;1560;50.03;48.38
AL;Alagoas;Ambos;2009;Arma branca ou objeto contundente;289;9.27;9.93
AL;Alagoas;Ambos;2009;Estrangulamento;12;0.38;0.36
AL;Alagoas;Ambos;2009;Demais meios especificados;11;0.35;0.37
AL;Alagoas;Ambos;2009;Meios não especificados;1;0.03;0.06
AL;Alagoas;Ambos;2010;Arma de fogo;1721;54.96;51.63
AL;Alagoas;Ambos;2010;Arma branca ou objeto contundente;335;10.7;11.28
AL;Alagoas;Ambos;2010;Estrangulamento;19;0.61;0.61
AL;Alagoas;Ambos;2010;Demais meios especificados;10;0.32;0.34
AL;Alagoas;Ambos;2010;Meios não especificados;2;0.06;0.08
AL;Alagoas;Ambos;2011;Arma de fogo;1913;60.88;57.82
AL;Alagoas;Ambos;2011;Arma branca ou objeto contundente;301;9.58;10.13
AL;Alagoas;Ambos;2011;Estrangulamento;19;0.6;0.67
AL;Alagoas;Ambos;2011;Demais meios especificados;7;0.22;0.23
AL;Alagoas;Ambos;2011;Meios não especificados;4;0.13;0.11
AL;Alagoas;Ambos;2012;Arma de fogo;1737;55.1;52.04
AL;Alagoas;Ambos;2012;Arma branca ou objeto contundente;280;8.88;9.37
AL;Alagoas;Ambos;2012;Estrangulamento;7;0.22;0.22
AL;Alagoas;Ambos;2012;Força corporal;1;0.03;0.04
AL;Alagoas;Ambos;2012;Demais meios especificados;7;0.22;0.21
AL;Alagoas;Ambos;2012;Meios não especificados;14;0.44;0.45
AL;Alagoas;Ambos;2013;Arma de fogo;1860;58.81;54.85
AL;Alagoas;Ambos;2013;Arma branca ou objeto contundente;262;8.28;8.5
AL;Alagoas;Ambos;2013;Estrangulamento;15;0.47;0.47
AL;Alagoas;Ambos;2013;Força corporal;1;0.03;0.03
AL;Alagoas;Ambos;2013;Demais meios especificados;7;0.22;0.21
AL;Alagoas;Ambos;2013;Meios não especificados;3;0.09;0.09
AL;Alagoas;Ambos;2014;Arma de fogo;1806;56.93;53.73
AL;Alagoas;Ambos;2014;Arma branca ou objeto contundente;259;8.16;8.34
AL;Alagoas;Ambos;2014;Estrangulamento;15;0.47;0.52
AL;Alagoas;Ambos;2014;Demais meios especificados;5;0.16;0.13
AL;Alagoas;Ambos;2015;Arma de fogo;1476;46.4;43.54
AL;Alagoas;Ambos;2015;Arma branca ou objeto contundente;250;7.86;7.85
AL;Alagoas;Ambos;2015;Estrangulamento;9;0.28;0.27
AL;Alagoas;Ambos;2015;Demais meios especificados;12;0.38;0.4
AL;Alagoas;Ambos;2015;Meios não especificados;1;0.03;0.04
AL;Alagoas;Ambos;2016;Arma de fogo;1546;48.5;45.44
AL;Alagoas;Ambos;2016;Arma branca ou objeto contundente;250;7.84;7.84
AL;Alagoas;Ambos;2016;Estrangulamento;9;0.28;0.32
AL;Alagoas;Ambos;2016;Força corporal;5;0.16;0.15
AL;Alagoas;Ambos;2016;Demais meios especificados;5;0.16;0.16
AL;Alagoas;Ambos;2016;Meios não especificados;5;0.16;0.15
AL;Alagoas;Ambos;2017;Arma de fogo;1526;47.79;44.89
AL;Alagoas;Ambos;2017;Arma branca ou objeto contundente;247;7.74;7.71
AL;Alagoas;Ambos;2017;Estrangulamento;18;0.56;0.58
AL;Alagoas;Ambos;2017;Força corporal;7;0.22;0.23
AL;Alagoas;Ambos;2017;Demais meios especificados;9;0.28;0.26
AL;Alagoas;Ambos;2017;Meios não especificados;4;0.13;0.12
AL;Alagoas;Ambos;2018;Arma de fogo;1179;36.84;34.88
AL;Alagoas;Ambos;2018;Arma branca ou objeto contundente;211;6.59;6.61
AL;Alagoas;Ambos;2018;Estrangulamento;16;0.5;0.47
AL;Alagoas;Ambos;2018;Força corporal;16;0.5;0.5
AL;Alagoas;Ambos;2018;Demais meios especificados;8;0.25;0.24
AL;Alagoas;Ambos;2018;Meios não especificados;10;0.31;0.34
AL;Alagoas;Ambos;2019;Arma de fogo;833;25.96;24.77
AL;Alagoas;Ambos;2019;Arma branca ou objeto contundente;250;7.79;7.84
AL;Alagoas;Ambos;2019;Estrangulamento;17;0.53;0.5
AL;Alagoas;Ambos;2019;Força corporal;8;0.25;0.28
AL;Alagoas;Ambos;2019;Demais meios especificados;5;0.16;0.18
AL;Alagoas;Ambos;2019;Meios não especificados;2;0.06;0.07
AL;Alagoas;Ambos;2020;Arma de fogo;869;27.03;25.96
AL;Alagoas;Ambos;2020;Arma branca ou objeto contundente;291;9.05;8.99
AL;Alagoas;Ambos;2020;Estrangulamento;13;0.4;0.39
AL;Alagoas;Ambos;2020;Força corporal;10;0.31;0.32
AL;Alagoas;Ambos;2020;Demais meios especificados;9;0.28;0.27
AL;Alagoas;Ambos;2020;Meios não especificados;12;0.37;0.36
AL;Alagoas;Ambos;2021;Arma de fogo;736;22.87;22.01
AL;Alagoas;Ambos;2021;Arma branca ou objeto contundente;236;7.33;7.33
AL;Alagoas;Ambos;2021;Estrangulamento;13;0.4;0.4
AL;Alagoas;Ambos;2021;Força corporal;3;0.09;0.09
AL;Alagoas;Ambos;2021;Demais meios especificados;8;0.25;0.25
AL;Alagoas;Ambos;2021;Meios não especificados;20;0.62;0.62
AL;Alagoas;Ambos;2022;Arma de fogo;829;25.76;25.03
AL;Alagoas;Ambos;2022;Arma branca ou objeto contundente;217;6.74;6.76
AL;Alagoas;Ambos;2022;Estrangulamento;10;0.31;0.31
AL;Alagoas;Ambos;2022;Força corporal;41;1.27;1.29
AL;Alagoas;Ambos;2022;Demais meios especificados;10;0.31;0.3
AL;Alagoas;Ambos;2022;Meios não especificados;10;0.31;0.32
AL;Alagoas;Ambos;2023;Arma de fogo;884;27.47;26.92
AL;Alagoas;Ambos;2023;Arma branca ou objeto contundente;227;7.05;7.17
AL;Alagoas;Ambos;2023;Estrangulamento;6;0.19;0.2
AL;Alagoas;Ambos;2023;Força corporal;14;0.43;0.46
AL;Alagoas;Ambos;2023;Demais meios especificados;5;0.16;0.15
AL;Alagoas;Ambos;2023;Meios não especificados;9;0.28;0.29
AL;Alagoas;Ambos;2024;Arma de fogo;876;27.2;27
AL;Alagoas;Ambos;2024;Arma branca ou objeto contundente;226;7.02;7.08
AL;Alagoas;Ambos;2024;Estrangulamento;14;0.43;0.45
AL;Alagoas;Ambos;2024;Força corporal;3;0.09;0.1
AL;Alagoas;Ambos;2024;Demais meios especificados;5;0.16;0.15
AL;Alagoas;Ambos;2024;Meios não especificados;24;0.75;0.77
AL;Alagoas;Ambos;2025;Arma de fogo;831;25.8;25.88
AL;Alagoas;Ambos;2025;Arma branca ou objeto contundente;225;6.99;7.07
AL;Alagoas;Ambos;2025;Estrangulamento;20;0.62;0.63
AL;Alagoas;Ambos;2025;Força corporal;4;0.12;0.12
AL;Alagoas;Ambos;2025;Demais meios especificados;6;0.19;0.19
AL;Alagoas;Ambos;2025;Meios não especificados;17;0.53;0.54
AL;Alagoas;Homens;2000;Arma de fogo;451;32.09;34.83
AL;Alagoas;Homens;2000;Arma branca ou objeto contundente;200;14.23;15.81
AL;Alagoas;Homens;2000;Estrangulamento;4;0.28;0.45
AL;Alagoas;Homens;2000;Demais meios especificados;6;0.43;0.54
AL;Alagoas;Homens;2000;Meios não especificados;2;0.14;0.18
AL;Alagoas;Homens;2001;Arma de fogo;575;40.41;42.29
AL;Alagoas;Homens;2001;Arma branca ou objeto contundente;191;13.42;14.71
AL;Alagoas;Homens;2001;Estrangulamento;4;0.28;0.38
AL;Alagoas;Homens;2001;Demais meios especificados;4;0.28;0.22
AL;Alagoas;Homens;2001;Meios não especificados;1;0.07;0.05
AL;Alagoas;Homens;2002;Arma de fogo;675;46.92;48.67
AL;Alagoas;Homens;2002;Arma branca ou objeto contundente;220;15.29;17.23
AL;Alagoas;Homens;2002;Estrangulamento;7;0.49;0.44
AL;Alagoas;Homens;2002;Força corporal;2;0.14;0.27
AL;Alagoas;Homens;2002;Demais meios especificados;13;0.9;1.03
AL;Alagoas;Homens;2002;Meios não especificados;4;0.28;0.44
AL;Alagoas;Homens;2003;Arma de fogo;740;50.93;51.96
AL;Alagoas;Homens;2003;Arma branca ou objeto contundente;214;14.73;16.56
AL;Alagoas;Homens;2003;Estrangulamento;6;0.41;0.36
AL;Alagoas;Homens;2003;Força corporal;1;0.07;0.1
AL;Alagoas;Homens;2003;Demais meios especificados;8;0.55;0.69
AL;Alagoas;Homens;2003;Meios não especificados;3;0.21;0.23
AL;Alagoas;Homens;2004;Arma de fogo;719;49.03;49
AL;Alagoas;Homens;2004;Arma branca ou objeto contundente;218;14.87;16.81
AL;Alagoas;Homens;2004;Estrangulamento;1;0.07;0.1
AL;Alagoas;Homens;2004;Força corporal;1;0.07;0.06
AL;Alagoas;Homens;2004;Demais meios especificados;14;0.95;1.08
AL;Alagoas;Homens;2004;Meios não especificados;7;0.48;0.51
AL;Alagoas;Homens;2005;Arma de fogo;873;59.03;60.21
AL;Alagoas;Homens;2005;Arma branca ou objeto contundente;243;16.43;17.55
AL;Alagoas;Homens;2005;Estrangulamento;5;0.34;0.33
AL;Alagoas;Homens;2005;Demais meios especificados;7;0.47;0.45
AL;Alagoas;Homens;2005;Meios não especificados;1;0.07;0.05
AL;Alagoas;Homens;2006;Arma de fogo;1244;83.51;82.55
AL;Alagoas;Homens;2006;Arma branca ou objeto contundente;241;16.18;17.78
AL;Alagoas;Homens;2006;Estrangulamento;10;0.67;1.02
AL;Alagoas;Homens;2006;Demais meios especificados;14;0.94;1.1
AL;Alagoas;Homens;2006;Meios não especificados;3;0.2;0.34
AL;Alagoas;Homens;2007;Arma de fogo;1478;98.62;96.71
AL;Alagoas;Homens;2007;Arma branca ou objeto contundente;218;14.55;15.36
AL;Alagoas;Homens;2007;Estrangulamento;17;1.13;1.43
AL;Alagoas;Homens;2007;Força corporal;2;0.13;0.13
AL;Alagoas;Homens;2007;Demais meios especificados;11;0.73;0.71
AL;Alagoas;Homens;2007;Meios não especificados;1;0.07;0.05
AL;Alagoas;Homens;2008;Arma de fogo;1541;102.26;99.09
AL;Alagoas;Homens;2008;Arma branca ou objeto contundente;238;15.79;17.3
AL;Alagoas;Homens;2008;Estrangulamento;7;0.46;0.45
AL;Alagoas;Homens;2008;Força corporal;2;0.13;0.13
AL;Alagoas;Homens;2008;Demais meios especificados;14;0.93;1.31
AL;Alagoas;Homens;2008;Meios não especificados;2;0.13;0.13
AL;Alagoas;Homens;2009;Arma de fogo;1479;97.68;95.1
AL;Alagoas;Homens;2009;Arma branca ou objeto contundente;264;17.44;19.16
AL;Alagoas;Homens;2009;Estrangulamento;8;0.53;0.53
AL;Alagoas;Homens;2009;Demais meios especificados;10;0.66;0.72
AL;Alagoas;Homens;2009;Meios não especificados;1;0.07;0.13
AL;Alagoas;Homens;2010;Arma de fogo;1633;107.48;101.45
AL;Alagoas;Homens;2010;Arma branca ou objeto contundente;293;19.29;20.8
AL;Alagoas;Homens;2010;Estrangulamento;14;0.92;1.01
AL;Alagoas;Homens;2010;Demais meios especificados;9;0.59;0.65
AL;Alagoas;Homens;2010;Meios não especificados;1;0.07;0.06
AL;Alagoas;Homens;2011;Arma de fogo;1819;119.42;114.2
AL;Alagoas;Homens;2011;Arma branca ou objeto contundente;266;17.46;18.82
AL;Alagoas;Homens;2011;Estrangulamento;12;0.79;0.95
AL;Alagoas;Homens;2011;Demais meios especificados;6;0.39;0.39
AL;Alagoas;Homens;2011;Meios não especificados;3;0.2;0.18
AL;Alagoas;Homens;2012;Arma de fogo;1637;107.2;101.85
AL;Alagoas;Homens;2012;Arma branca ou objeto contundente;254;16.63;17.97
AL;Alagoas;Homens;2012;Estrangulamento;6;0.39;0.41
AL;Alagoas;Homens;2012;Força corporal;1;0.07;0.08
AL;Alagoas;Homens;2012;Demais meios especificados;6;0.39;0.38
AL;Alagoas;Homens;2012;Meios não especificados;9;0.59;0.67
AL;Alagoas;Homens;2013;Arma de fogo;1756;114.7;107.41
AL;Alagoas;Homens;2013;Arma branca ou objeto contundente;233;15.22;15.87
AL;Alagoas;Homens;2013;Estrangulamento;7;0.46;0.44
AL;Alagoas;Homens;2013;Força corporal;1;0.07;0.06
AL;Alagoas;Homens;2013;Demais meios especificados;5;0.33;0.28
AL;Alagoas;Homens;2013;Meios não especificados;3;0.2;0.2
AL;Alagoas;Homens;2014;Arma de fogo;1721;112.14;106.54
AL;Alagoas;Homens;2014;Arma branca ou objeto contundente;226;14.73;15.48
AL;Alagoas;Homens;2014;Estrangulamento;9;0.59;0.73
AL;Alagoas;Homens;2014;Demais meios especificados;4;0.26;0.22
AL;Alagoas;Homens;2015;Arma de fogo;1415;91.99;86.57
AL;Alagoas;Homens;2015;Arma branca ou objeto contundente;222;14.43;14.64
AL;Alagoas;Homens;2015;Estrangulamento;7;0.46;0.44
AL;Alagoas;Homens;2015;Demais meios especificados;9;0.59;0.57
AL;Alagoas;Homens;2016;Arma de fogo;1473;95.6;89.77
AL;Alagoas;Homens;2016;Arma branca ou objeto contundente;225;14.6;14.66
AL;Alagoas;Homens;2016;Estrangulamento;6;0.39;0.43
AL;Alagoas;Homens;2016;Força corporal;4;0.26;0.27
AL;Alagoas;Homens;2016;Demais meios especificados;5;0.32;0.33
AL;Alagoas;Homens;2016;Meios não especificados;5;0.32;0.31
AL;Alagoas;Homens;2017;Arma de fogo;1449;93.93;88.01
AL;Alagoas;Homens;2017;Arma branca ou objeto contundente;216;14;14.15
AL;Alagoas;Homens;2017;Estrangulamento;17;1.1;1.18
AL;Alagoas;Homens;2017;Força corporal;6;0.39;0.39
AL;Alagoas;Homens;2017;Demais meios especificados;8;0.52;0.45
AL;Alagoas;Homens;2017;Meios não especificados;4;0.26;0.26
AL;Alagoas;Homens;2018;Arma de fogo;1135;73.43;69.43
AL;Alagoas;Homens;2018;Arma branca ou objeto contundente;193;12.49;12.72
AL;Alagoas;Homens;2018;Estrangulamento;15;0.97;0.93
AL;Alagoas;Homens;2018;Força corporal;14;0.91;0.91
AL;Alagoas;Homens;2018;Demais meios especificados;7;0.45;0.41
AL;Alagoas;Homens;2018;Meios não especificados;9;0.58;0.63
AL;Alagoas;Homens;2019;Arma de fogo;786;50.72;48.16
AL;Alagoas;Homens;2019;Arma branca ou objeto contundente;215;13.87;14.15
AL;Alagoas;Homens;2019;Estrangulamento;11;0.71;0.67
AL;Alagoas;Homens;2019;Força corporal;7;0.45;0.53
AL;Alagoas;Homens;2019;Demais meios especificados;4;0.26;0.3
AL;Alagoas;Homens;2019;Meios não especificados;2;0.13;0.14
AL;Alagoas;Homens;2020;Arma de fogo;827;53.28;51.05
AL;Alagoas;Homens;2020;Arma branca ou objeto contundente;258;16.62;16.54
AL;Alagoas;Homens;2020;Estrangulamento;9;0.58;0.58
AL;Alagoas;Homens;2020;Força corporal;7;0.45;0.45
AL;Alagoas;Homens;2020;Demais meios especificados;5;0.32;0.32
AL;Alagoas;Homens;2020;Meios não especificados;9;0.58;0.55
AL;Alagoas;Homens;2021;Arma de fogo;707;45.53;43.54
AL;Alagoas;Homens;2021;Arma branca ou objeto contundente;205;13.2;13.18
AL;Alagoas;Homens;2021;Estrangulamento;11;0.71;0.69
AL;Alagoas;Homens;2021;Força corporal;2;0.13;0.14
AL;Alagoas;Homens;2021;Demais meios especificados;7;0.45;0.48
AL;Alagoas;Homens;2021;Meios não especificados;20;1.29;1.31
AL;Alagoas;Homens;2022;Arma de fogo;797;51.33;49.44
AL;Alagoas;Homens;2022;Arma branca ou objeto contundente;188;12.11;12.23
AL;Alagoas;Homens;2022;Estrangulamento;7;0.45;0.45
AL;Alagoas;Homens;2022;Força corporal;33;2.13;2.18
AL;Alagoas;Homens;2022;Demais meios especificados;7;0.45;0.44
AL;Alagoas;Homens;2022;Meios não especificados;8;0.52;0.55
AL;Alagoas;Homens;2023;Arma de fogo;839;54.05;52.48
AL;Alagoas;Homens;2023;Arma branca ou objeto contundente;203;13.08;13.42
AL;Alagoas;Homens;2023;Estrangulamento;6;0.39;0.42
AL;Alagoas;Homens;2023;Força corporal;13;0.84;0.91
AL;Alagoas;Homens;2023;Demais meios especificados;4;0.26;0.24
AL;Alagoas;Homens;2023;Meios não especificados;9;0.58;0.61
AL;Alagoas;Homens;2024;Arma de fogo;829;53.4;52.39
AL;Alagoas;Homens;2024;Arma branca ou objeto contundente;206;13.27;13.43
AL;Alagoas;Homens;2024;Estrangulamento;12;0.77;0.81
AL;Alagoas;Homens;2024;Força corporal;3;0.19;0.21
AL;Alagoas;Homens;2024;Demais meios especificados;4;0.26;0.25
AL;Alagoas;Homens;2024;Meios não especificados;22;1.42;1.47
AL;Alagoas;Homens;2025;Arma de fogo;771;49.66;49.1
AL;Alagoas;Homens;2025;Arma branca ou objeto contundente;191;12.3;12.47
AL;Alagoas;Homens;2025;Estrangulamento;15;0.97;0.98
AL;Alagoas;Homens;2025;Força corporal;4;0.26;0.26
AL;Alagoas;Homens;2025;Demais meios especificados;4;0.26;0.24
AL;Alagoas;Homens;2025;Meios não especificados;16;1.03;1.07
AL;Alagoas;Mulheres;2000;Arma de fogo;33;2.23;2.17
AL;Alagoas;Mulheres;2000;Arma branca ou objeto contundente;24;1.62;1.69
AL;Alagoas;Mulheres;2000;Estrangulamento;2;0.14;0.08
AL;Alagoas;Mulheres;2000;Demais meios especificados;4;0.27;0.34
AL;Alagoas;Mulheres;2000;Meios não especificados;1;0.07;0.04
AL;Alagoas;Mulheres;2001;Arma de fogo;29;1.94;1.88
AL;Alagoas;Mulheres;2001;Arma branca ou objeto contundente;23;1.54;1.77
AL;Alagoas;Mulheres;2001;Estrangulamento;1;0.07;0.13
AL;Alagoas;Mulheres;2001;Demais meios especificados;1;0.07;0.14
AL;Alagoas;Mulheres;2002;Arma de fogo;45;2.97;3.18
AL;Alagoas;Mulheres;2002;Arma branca ou objeto contundente;17;1.12;1.35
AL;Alagoas;Mulheres;2002;Estrangulamento;3;0.2;0.13
AL;Alagoas;Mulheres;2002;Demais meios especificados;4;0.26;0.31
AL;Alagoas;Mulheres;2002;Meios não especificados;1;0.07;0.11
AL;Alagoas;Mulheres;2003;Arma de fogo;34;2.22;2.46
AL;Alagoas;Mulheres;2003;Arma branca ou objeto contundente;24;1.57;1.71
AL;Alagoas;Mulheres;2003;Estrangulamento;4;0.26;0.3
AL;Alagoas;Mulheres;2003;Força corporal;1;0.07;0.05
AL;Alagoas;Mulheres;2003;Demais meios especificados;3;0.2;0.14
AL;Alagoas;Mulheres;2003;Meios não especificados;1;0.07;0.07
AL;Alagoas;Mulheres;2004;Arma de fogo;35;2.27;2.26
AL;Alagoas;Mulheres;2004;Arma branca ou objeto contundente;34;2.2;2.34
AL;Alagoas;Mulheres;2004;Estrangulamento;3;0.19;0.19
AL;Alagoas;Mulheres;2004;Demais meios especificados;3;0.19;0.3
AL;Alagoas;Mulheres;2005;Arma de fogo;36;2.31;2.21
AL;Alagoas;Mulheres;2005;Arma branca ou objeto contundente;34;2.18;2.28
AL;Alagoas;Mulheres;2005;Estrangulamento;4;0.26;0.23
AL;Alagoas;Mulheres;2006;Arma de fogo;64;4.08;4.2
AL;Alagoas;Mulheres;2006;Arma branca ou objeto contundente;34;2.16;2.39
AL;Alagoas;Mulheres;2006;Estrangulamento;4;0.25;0.34
AL;Alagoas;Mulheres;2006;Demais meios especificados;4;0.25;0.23
AL;Alagoas;Mulheres;2007;Arma de fogo;74;4.68;4.49
AL;Alagoas;Mulheres;2007;Arma branca ou objeto contundente;29;1.83;1.82
AL;Alagoas;Mulheres;2007;Estrangulamento;3;0.19;0.27
AL;Alagoas;Mulheres;2007;Demais meios especificados;2;0.13;0.13
AL;Alagoas;Mulheres;2008;Arma de fogo;55;3.45;3.4
AL;Alagoas;Mulheres;2008;Arma branca ou objeto contundente;20;1.25;1.41
AL;Alagoas;Mulheres;2008;Estrangulamento;6;0.38;0.32
AL;Alagoas;Mulheres;2008;Demais meios especificados;2;0.13;0.16
AL;Alagoas;Mulheres;2009;Arma de fogo;81;5.05;5.05
AL;Alagoas;Mulheres;2009;Arma branca ou objeto contundente;25;1.56;1.61
AL;Alagoas;Mulheres;2009;Estrangulamento;4;0.25;0.21
AL;Alagoas;Mulheres;2009;Demais meios especificados;1;0.06;0.05
AL;Alagoas;Mulheres;2010;Arma de fogo;88;5.46;5.31
AL;Alagoas;Mulheres;2010;Arma branca ou objeto contundente;42;2.6;2.67
AL;Alagoas;Mulheres;2010;Estrangulamento;5;0.31;0.25
AL;Alagoas;Mulheres;2010;Demais meios especificados;1;0.06;0.05
AL;Alagoas;Mulheres;2010;Meios não especificados;1;0.06;0.1
AL;Alagoas;Mulheres;2011;Arma de fogo;94;5.81;5.63
AL;Alagoas;Mulheres;2011;Arma branca ou objeto contundente;35;2.16;2.31
AL;Alagoas;Mulheres;2011;Estrangulamento;7;0.43;0.42
AL;Alagoas;Mulheres;2011;Demais meios especificados;1;0.06;0.08
AL;Alagoas;Mulheres;2011;Meios não especificados;1;0.06;0.05
AL;Alagoas;Mulheres;2012;Arma de fogo;100;6.15;5.95
AL;Alagoas;Mulheres;2012;Arma branca ou objeto contundente;26;1.6;1.67
AL;Alagoas;Mulheres;2012;Estrangulamento;1;0.06;0.06
AL;Alagoas;Mulheres;2012;Demais meios especificados;1;0.06;0.06
AL;Alagoas;Mulheres;2012;Meios não especificados;5;0.31;0.27
AL;Alagoas;Mulheres;2013;Arma de fogo;103;6.31;6.02
AL;Alagoas;Mulheres;2013;Arma branca ou objeto contundente;29;1.78;1.83
AL;Alagoas;Mulheres;2013;Estrangulamento;8;0.49;0.49
AL;Alagoas;Mulheres;2013;Demais meios especificados;2;0.12;0.14
AL;Alagoas;Mulheres;2014;Arma de fogo;85;5.19;4.87
AL;Alagoas;Mulheres;2014;Arma branca ou objeto contundente;33;2.02;1.92
AL;Alagoas;Mulheres;2014;Estrangulamento;6;0.37;0.35
AL;Alagoas;Mulheres;2014;Demais meios especificados;1;0.06;0.05
AL;Alagoas;Mulheres;2015;Arma de fogo;61;3.71;3.6
AL;Alagoas;Mulheres;2015;Arma branca ou objeto contundente;28;1.7;1.68
AL;Alagoas;Mulheres;2015;Estrangulamento;2;0.12;0.12
AL;Alagoas;Mulheres;2015;Demais meios especificados;3;0.18;0.23
AL;Alagoas;Mulheres;2015;Meios não especificados;1;0.06;0.07
AL;Alagoas;Mulheres;2016;Arma de fogo;72;4.37;4.21
AL;Alagoas;Mulheres;2016;Arma branca ou objeto contundente;25;1.52;1.6
AL;Alagoas;Mulheres;2016;Estrangulamento;3;0.18;0.23
AL;Alagoas;Mulheres;2016;Força corporal;1;0.06;0.05
AL;Alagoas;Mulheres;2017;Arma de fogo;77;4.67;4.6
AL;Alagoas;Mulheres;2017;Arma branca ou objeto contundente;31;1.88;1.84
AL;Alagoas;Mulheres;2017;Estrangulamento;1;0.06;0.05
AL;Alagoas;Mulheres;2017;Força corporal;1;0.06;0.08
AL;Alagoas;Mulheres;2017;Demais meios especificados;1;0.06;0.07
AL;Alagoas;Mulheres;2018;Arma de fogo;44;2.66;2.57
AL;Alagoas;Mulheres;2018;Arma branca ou objeto contundente;18;1.09;1.07
AL;Alagoas;Mulheres;2018;Estrangulamento;1;0.06;0.05
AL;Alagoas;Mulheres;2018;Força corporal;2;0.12;0.12
AL;Alagoas;Mulheres;2018;Demais meios especificados;1;0.06;0.07
AL;Alagoas;Mulheres;2018;Meios não especificados;1;0.06;0.07
AL;Alagoas;Mulheres;2019;Arma de fogo;47;2.83;2.79
AL;Alagoas;Mulheres;2019;Arma branca ou objeto contundente;35;2.11;2.11
AL;Alagoas;Mulheres;2019;Estrangulamento;6;0.36;0.34
AL;Alagoas;Mulheres;2019;Força corporal;1;0.06;0.07
AL;Alagoas;Mulheres;2019;Demais meios especificados;1;0.06;0.07
AL;Alagoas;Mulheres;2020;Arma de fogo;42;2.53;2.43
AL;Alagoas;Mulheres;2020;Arma branca ou objeto contundente;33;1.98;1.99
AL;Alagoas;Mulheres;2020;Estrangulamento;4;0.24;0.23
AL;Alagoas;Mulheres;2020;Força corporal;3;0.18;0.19
AL;Alagoas;Mulheres;2020;Demais meios especificados;4;0.24;0.23
AL;Alagoas;Mulheres;2020;Meios não especificados;3;0.18;0.18
AL;Alagoas;Mulheres;2021;Arma de fogo;29;1.74;1.69
AL;Alagoas;Mulheres;2021;Arma branca ou objeto contundente;31;1.86;1.91
AL;Alagoas;Mulheres;2021;Estrangulamento;2;0.12;0.13
AL;Alagoas;Mulheres;2021;Força corporal;1;0.06;0.05
AL;Alagoas;Mulheres;2021;Demais meios especificados;1;0.06;0.06
AL;Alagoas;Mulheres;2022;Arma de fogo;32;1.92;1.9
AL;Alagoas;Mulheres;2022;Arma branca ou objeto contundente;29;1.74;1.74
AL;Alagoas;Mulheres;2022;Estrangulamento;3;0.18;0.18
AL;Alagoas;Mulheres;2022;Força corporal;8;0.48;0.48
AL;Alagoas;Mulheres;2022;Demais meios especificados;3;0.18;0.17
AL;Alagoas;Mulheres;2022;Meios não especificados;2;0.12;0.12
AL;Alagoas;Mulheres;2023;Arma de fogo;45;2.7;2.69
AL;Alagoas;Mulheres;2023;Arma branca ou objeto contundente;24;1.44;1.47
AL;Alagoas;Mulheres;2023;Força corporal;1;0.06;0.06
AL;Alagoas;Mulheres;2023;Demais meios especificados;1;0.06;0.06
AL;Alagoas;Mulheres;2024;Arma de fogo;47;2.82;2.82
AL;Alagoas;Mulheres;2024;Arma branca ou objeto contundente;19;1.14;1.14
AL;Alagoas;Mulheres;2024;Estrangulamento;2;0.12;0.12
AL;Alagoas;Mulheres;2024;Demais meios especificados;1;0.06;0.06
AL;Alagoas;Mulheres;2024;Meios não especificados;2;0.12;0.12
AL;Alagoas;Mulheres;2025;Arma de fogo;59;3.54;3.57
AL;Alagoas;Mulheres;2025;Arma branca ou objeto contundente;34;2.04;2.05
AL;Alagoas;Mulheres;2025;Estrangulamento;5;0.3;0.3
AL;Alagoas;Mulheres;2025;Demais meios especificados;2;0.12;0.12
AL;Alagoas;Mulheres;2025;Meios não especificados;1;0.06;0.06
AM;Amazonas;Ambos;2000;Arma de fogo;247;8.66;8.85
AM;Amazonas;Ambos;2000;Arma branca ou objeto contundente;277;9.72;10.42
AM;Amazonas;Ambos;2000;Estrangulamento;6;0.21;0.26
AM;Amazonas;Ambos;2000;Força corporal;15;0.53;0.68
AM;Amazonas;Ambos;2000;Meios não especificados;7;0.25;0.31
AM;Amazonas;Ambos;2001;Arma de fogo;199;6.81;7.14
AM;Amazonas;Ambos;2001;Arma branca ou objeto contundente;239;8.18;8.61
AM;Amazonas;Ambos;2001;Estrangulamento;9;0.31;0.47
AM;Amazonas;Ambos;2001;Força corporal;25;0.86;1.14
AM;Amazonas;Ambos;2001;Demais meios especificados;6;0.21;0.19
AM;Amazonas;Ambos;2001;Meios não especificados;7;0.24;0.34
AM;Amazonas;Ambos;2002;Arma de fogo;201;6.72;7.09
AM;Amazonas;Ambos;2002;Arma branca ou objeto contundente;275;9.19;9.63
AM;Amazonas;Ambos;2002;Estrangulamento;6;0.2;0.22
AM;Amazonas;Ambos;2002;Força corporal;24;0.8;0.88
AM;Amazonas;Ambos;2002;Demais meios especificados;2;0.07;0.1
AM;Amazonas;Ambos;2002;Meios não especificados;5;0.17;0.12
AM;Amazonas;Ambos;2003;Arma de fogo;171;5.59;5.52
AM;Amazonas;Ambos;2003;Arma branca ou objeto contundente;359;11.73;12.54
AM;Amazonas;Ambos;2003;Estrangulamento;14;0.46;0.46
AM;Amazonas;Ambos;2003;Força corporal;8;0.26;0.32
AM;Amazonas;Ambos;2003;Demais meios especificados;1;0.03;0.02
AM;Amazonas;Ambos;2003;Meios não especificados;5;0.16;0.2
AM;Amazonas;Ambos;2004;Arma de fogo;227;7.25;7.39
AM;Amazonas;Ambos;2004;Arma branca ou objeto contundente;248;7.93;8.77
AM;Amazonas;Ambos;2004;Estrangulamento;14;0.45;0.37
AM;Amazonas;Ambos;2004;Força corporal;17;0.54;0.62
AM;Amazonas;Ambos;2004;Demais meios especificados;8;0.26;0.28
AM;Amazonas;Ambos;2004;Meios não especificados;12;0.38;0.49
AM;Amazonas;Ambos;2005;Arma de fogo;264;8.25;8.25
AM;Amazonas;Ambos;2005;Arma branca ou objeto contundente;281;8.78;9.04
AM;Amazonas;Ambos;2005;Estrangulamento;26;0.81;0.86
AM;Amazonas;Ambos;2005;Força corporal;22;0.69;0.98
AM;Amazonas;Ambos;2005;Demais meios especificados;4;0.13;0.11
AM;Amazonas;Ambos;2005;Meios não especificados;2;0.06;0.16
AM;Amazonas;Ambos;2006;Arma de fogo;379;11.59;11.11
AM;Amazonas;Ambos;2006;Arma branca ou objeto contundente;254;7.77;8
AM;Amazonas;Ambos;2006;Estrangulamento;19;0.58;0.53
AM;Amazonas;Ambos;2006;Força corporal;36;1.1;1.37
AM;Amazonas;Ambos;2006;Demais meios especificados;4;0.12;0.14
AM;Amazonas;Ambos;2006;Meios não especificados;7;0.21;0.24
AM;Amazonas;Ambos;2007;Arma de fogo;415;12.42;11.74
AM;Amazonas;Ambos;2007;Arma branca ou objeto contundente;274;8.2;8.76
AM;Amazonas;Ambos;2007;Estrangulamento;14;0.42;0.39
AM;Amazonas;Ambos;2007;Força corporal;8;0.24;0.4
AM;Amazonas;Ambos;2007;Demais meios especificados;2;0.06;0.04
AM;Amazonas;Ambos;2007;Meios não especificados;2;0.06;0.11
AM;Amazonas;Ambos;2008;Arma de fogo;446;13.06;12.55
AM;Amazonas;Ambos;2008;Arma branca ou objeto contundente;315;9.23;9.68
AM;Amazonas;Ambos;2008;Estrangulamento;18;0.53;0.53
AM;Amazonas;Ambos;2008;Força corporal;9;0.26;0.3
AM;Amazonas;Ambos;2008;Demais meios especificados;4;0.12;0.12
AM;Amazonas;Ambos;2008;Meios não especificados;38;1.11;1.35
AM;Amazonas;Ambos;2009;Arma de fogo;572;16.41;15.89
AM;Amazonas;Ambos;2009;Arma branca ou objeto contundente;267;7.66;8.03
AM;Amazonas;Ambos;2009;Estrangulamento;14;0.4;0.46
AM;Amazonas;Ambos;2009;Força corporal;9;0.26;0.26
AM;Amazonas;Ambos;2009;Demais meios especificados;5;0.14;0.21
AM;Amazonas;Ambos;2009;Meios não especificados;49;1.41;1.55
AM;Amazonas;Ambos;2010;Arma de fogo;635;17.88;17.16
AM;Amazonas;Ambos;2010;Arma branca ou objeto contundente;355;10;10.46
AM;Amazonas;Ambos;2010;Estrangulamento;17;0.48;0.63
AM;Amazonas;Ambos;2010;Força corporal;12;0.34;0.4
AM;Amazonas;Ambos;2010;Demais meios especificados;9;0.25;0.26
AM;Amazonas;Ambos;2010;Meios não especificados;54;1.52;1.76
AM;Amazonas;Ambos;2011;Arma de fogo;879;24.34;22.51
AM;Amazonas;Ambos;2011;Arma branca ou objeto contundente;332;9.19;9.38
AM;Amazonas;Ambos;2011;Estrangulamento;19;0.53;0.45
AM;Amazonas;Ambos;2011;Força corporal;4;0.11;0.15
AM;Amazonas;Ambos;2011;Demais meios especificados;5;0.14;0.15
AM;Amazonas;Ambos;2011;Meios não especificados;53;1.47;1.63
AM;Amazonas;Ambos;2012;Arma de fogo;855;23.28;22.56
AM;Amazonas;Ambos;2012;Arma branca ou objeto contundente;401;10.92;11.79
AM;Amazonas;Ambos;2012;Estrangulamento;30;0.82;0.86
AM;Amazonas;Ambos;2012;Força corporal;5;0.14;0.14
AM;Amazonas;Ambos;2012;Demais meios especificados;6;0.16;0.21
AM;Amazonas;Ambos;2012;Meios não especificados;47;1.28;0.93
AM;Amazonas;Ambos;2013;Arma de fogo;695;18.61;17.69
AM;Amazonas;Ambos;2013;Arma branca ou objeto contundente;389;10.41;11.14
AM;Amazonas;Ambos;2013;Estrangulamento;20;0.54;0.53
AM;Amazonas;Ambos;2013;Força corporal;15;0.4;0.48
AM;Amazonas;Ambos;2013;Demais meios especificados;11;0.29;0.29
AM;Amazonas;Ambos;2013;Meios não especificados;61;1.63;1.51
AM;Amazonas;Ambos;2014;Arma de fogo;762;20.06;19.06
AM;Amazonas;Ambos;2014;Arma branca ou objeto contundente;370;9.74;10.5
AM;Amazonas;Ambos;2014;Estrangulamento;38;1;0.87
AM;Amazonas;Ambos;2014;Força corporal;5;0.13;0.18
AM;Amazonas;Ambos;2014;Demais meios especificados;9;0.24;0.22
AM;Amazonas;Ambos;2014;Meios não especificados;56;1.47;1.49
AM;Amazonas;Ambos;2015;Arma de fogo;930;24.1;22.62
AM;Amazonas;Ambos;2015;Arma branca ou objeto contundente;386;10;10.06
AM;Amazonas;Ambos;2015;Estrangulamento;58;1.5;1.4
AM;Amazonas;Ambos;2015;Força corporal;32;0.83;0.9
AM;Amazonas;Ambos;2015;Demais meios especificados;12;0.31;0.31
AM;Amazonas;Ambos;2015;Meios não especificados;54;1.4;1.29
AM;Amazonas;Ambos;2016;Arma de fogo;791;20.21;19.23
AM;Amazonas;Ambos;2016;Arma branca ou objeto contundente;463;11.83;12.37
AM;Amazonas;Ambos;2016;Estrangulamento;40;1.02;1.14
AM;Amazonas;Ambos;2016;Força corporal;88;2.25;2.22
AM;Amazonas;Ambos;2016;Demais meios especificados;19;0.49;0.56
AM;Amazonas;Ambos;2016;Meios não especificados;51;1.3;1.13
AM;Amazonas;Ambos;2017;Arma de fogo;975;24.58;23.2
AM;Amazonas;Ambos;2017;Arma branca ou objeto contundente;511;12.88;12.88
AM;Amazonas;Ambos;2017;Estrangulamento;58;1.46;1.43
AM;Amazonas;Ambos;2017;Força corporal;59;1.49;1.48
AM;Amazonas;Ambos;2017;Demais meios especificados;20;0.5;0.5
AM;Amazonas;Ambos;2017;Meios não especificados;51;1.29;1.16
AM;Amazonas;Ambos;2018;Arma de fogo;961;23.91;22.05
AM;Amazonas;Ambos;2018;Arma branca ou objeto contundente;434;10.8;11.03
AM;Amazonas;Ambos;2018;Estrangulamento;48;1.19;1.14
AM;Amazonas;Ambos;2018;Força corporal;58;1.44;1.46
AM;Amazonas;Ambos;2018;Demais meios especificados;16;0.4;0.37
AM;Amazonas;Ambos;2018;Meios não especificados;24;0.6;0.49
AM;Amazonas;Ambos;2019;Arma de fogo;981;24.08;22.35
AM;Amazonas;Ambos;2019;Arma branca ou objeto contundente;452;11.1;11.21
AM;Amazonas;Ambos;2019;Estrangulamento;88;2.16;2.06
AM;Amazonas;Ambos;2019;Força corporal;44;1.08;1.24
AM;Amazonas;Ambos;2019;Demais meios especificados;9;0.22;0.22
AM;Amazonas;Ambos;2019;Meios não especificados;18;0.44;0.5
AM;Amazonas;Ambos;2020;Arma de fogo;782;18.97;17.6
AM;Amazonas;Ambos;2020;Arma branca ou objeto contundente;437;10.6;10.75
AM;Amazonas;Ambos;2020;Estrangulamento;42;1.02;1.03
AM;Amazonas;Ambos;2020;Força corporal;40;0.97;1.01
AM;Amazonas;Ambos;2020;Demais meios especificados;16;0.39;0.38
AM;Amazonas;Ambos;2020;Meios não especificados;9;0.22;0.21
AM;Amazonas;Ambos;2021;Arma de fogo;1272;30.58;28.42
AM;Amazonas;Ambos;2021;Arma branca ou objeto contundente;436;10.48;10.64
AM;Amazonas;Ambos;2021;Estrangulamento;44;1.06;1.08
AM;Amazonas;Ambos;2021;Força corporal;38;0.91;1.03
AM;Amazonas;Ambos;2021;Demais meios especificados;11;0.26;0.27
AM;Amazonas;Ambos;2021;Meios não especificados;15;0.36;0.35
AM;Amazonas;Ambos;2022;Arma de fogo;1186;28.24;26.45
AM;Amazonas;Ambos;2022;Arma branca ou objeto contundente;455;10.83;10.73
AM;Amazonas;Ambos;2022;Estrangulamento;55;1.31;1.29
AM;Amazonas;Ambos;2022;Força corporal;44;1.05;1
AM;Amazonas;Ambos;2022;Demais meios especificados;14;0.33;0.34
AM;Amazonas;Ambos;2022;Meios não especificados;16;0.38;0.37
AM;Amazonas;Ambos;2023;Arma de fogo;1036;24.43;23.1
AM;Amazonas;Ambos;2023;Arma branca ou objeto contundente;404;9.53;9.73
AM;Amazonas;Ambos;2023;Estrangulamento;46;1.08;1.12
AM;Amazonas;Ambos;2023;Força corporal;44;1.04;1.12
AM;Amazonas;Ambos;2023;Demais meios especificados;5;0.12;0.14
AM;Amazonas;Ambos;2023;Meios não especificados;20;0.47;0.45
AM;Amazonas;Ambos;2024;Arma de fogo;748;17.47;16.71
AM;Amazonas;Ambos;2024;Arma branca ou objeto contundente;449;10.49;10.66
AM;Amazonas;Ambos;2024;Estrangulamento;38;0.89;0.84
AM;Amazonas;Ambos;2024;Força corporal;44;1.03;1.03
AM;Amazonas;Ambos;2024;Demais meios especificados;10;0.23;0.25
AM;Amazonas;Ambos;2024;Meios não especificados;37;0.86;0.77
AM;Amazonas;Ambos;2025;Arma de fogo;421;9.74;9.4
AM;Amazonas;Ambos;2025;Arma branca ou objeto contundente;324;7.5;7.57
AM;Amazonas;Ambos;2025;Estrangulamento;17;0.39;0.4
AM;Amazonas;Ambos;2025;Força corporal;35;0.81;0.84
AM;Amazonas;Ambos;2025;Demais meios especificados;11;0.25;0.25
AM;Amazonas;Ambos;2025;Meios não especificados;32;0.74;0.73
AM;Amazonas;Homens;2000;Arma de fogo;234;16.34;16.54
AM;Amazonas;Homens;2000;Arma branca ou objeto contundente;258;18.02;19.52
AM;Amazonas;Homens;2000;Estrangulamento;3;0.21;0.4
AM;Amazonas;Homens;2000;Força corporal;15;1.05;1.35
AM;Amazonas;Homens;2000;Meios não especificados;6;0.42;0.58
AM;Amazonas;Homens;2001;Arma de fogo;184;12.54;12.97
AM;Amazonas;Homens;2001;Arma branca ou objeto contundente;211;14.38;14.83
AM;Amazonas;Homens;2001;Estrangulamento;6;0.41;0.82
AM;Amazonas;Homens;2001;Força corporal;19;1.3;1.78
AM;Amazonas;Homens;2001;Demais meios especificados;4;0.27;0.3
AM;Amazonas;Homens;2001;Meios não especificados;6;0.41;0.63
AM;Amazonas;Homens;2002;Arma de fogo;186;12.39;13.24
AM;Amazonas;Homens;2002;Arma branca ou objeto contundente;259;17.25;17.65
AM;Amazonas;Homens;2002;Estrangulamento;6;0.4;0.47
AM;Amazonas;Homens;2002;Força corporal;22;1.46;1.64
AM;Amazonas;Homens;2002;Demais meios especificados;1;0.07;0.1
AM;Amazonas;Homens;2002;Meios não especificados;4;0.27;0.21
AM;Amazonas;Homens;2003;Arma de fogo;157;10.22;10.26
AM;Amazonas;Homens;2003;Arma branca ou objeto contundente;341;22.2;23.67
AM;Amazonas;Homens;2003;Estrangulamento;12;0.78;0.84
AM;Amazonas;Homens;2003;Força corporal;8;0.52;0.63
AM;Amazonas;Homens;2003;Demais meios especificados;1;0.07;0.05
AM;Amazonas;Homens;2003;Meios não especificados;4;0.26;0.36
AM;Amazonas;Homens;2004;Arma de fogo;213;13.56;13.81
AM;Amazonas;Homens;2004;Arma branca ou objeto contundente;227;14.45;15.78
AM;Amazonas;Homens;2004;Estrangulamento;7;0.45;0.37
AM;Amazonas;Homens;2004;Força corporal;14;0.89;1.07
AM;Amazonas;Homens;2004;Demais meios especificados;7;0.45;0.51
AM;Amazonas;Homens;2004;Meios não especificados;9;0.57;0.82
AM;Amazonas;Homens;2005;Arma de fogo;251;15.63;15.71
AM;Amazonas;Homens;2005;Arma branca ou objeto contundente;262;16.31;16.74
AM;Amazonas;Homens;2005;Estrangulamento;16;1;1.21
AM;Amazonas;Homens;2005;Força corporal;17;1.06;1.56
AM;Amazonas;Homens;2005;Demais meios especificados;3;0.19;0.18
AM;Amazonas;Homens;2005;Meios não especificados;2;0.12;0.34
AM;Amazonas;Homens;2006;Arma de fogo;357;21.75;20.83
AM;Amazonas;Homens;2006;Arma branca ou objeto contundente;236;14.38;14.59
AM;Amazonas;Homens;2006;Estrangulamento;11;0.67;0.74
AM;Amazonas;Homens;2006;Força corporal;35;2.13;2.67
AM;Amazonas;Homens;2006;Demais meios especificados;3;0.18;0.19
AM;Amazonas;Homens;2006;Meios não especificados;4;0.24;0.37
AM;Amazonas;Homens;2007;Arma de fogo;390;23.24;21.95
AM;Amazonas;Homens;2007;Arma branca ou objeto contundente;253;15.08;15.9
AM;Amazonas;Homens;2007;Estrangulamento;8;0.48;0.46
AM;Amazonas;Homens;2007;Força corporal;8;0.48;0.8
AM;Amazonas;Homens;2007;Demais meios especificados;2;0.12;0.08
AM;Amazonas;Homens;2007;Meios não especificados;2;0.12;0.22
AM;Amazonas;Homens;2008;Arma de fogo;426;24.85;23.97
AM;Amazonas;Homens;2008;Arma branca ou objeto contundente;288;16.8;17.54
AM;Amazonas;Homens;2008;Estrangulamento;11;0.64;0.6
AM;Amazonas;Homens;2008;Força corporal;6;0.35;0.48
AM;Amazonas;Homens;2008;Demais meios especificados;3;0.18;0.19
AM;Amazonas;Homens;2008;Meios não especificados;33;1.93;2.24
AM;Amazonas;Homens;2009;Arma de fogo;544;31.09;30.36
AM;Amazonas;Homens;2009;Arma branca ou objeto contundente;245;14;14.54
AM;Amazonas;Homens;2009;Estrangulamento;8;0.46;0.55
AM;Amazonas;Homens;2009;Força corporal;5;0.29;0.26
AM;Amazonas;Homens;2009;Demais meios especificados;3;0.17;0.36
AM;Amazonas;Homens;2009;Meios não especificados;44;2.51;2.9
AM;Amazonas;Homens;2010;Arma de fogo;607;34.05;32.76
AM;Amazonas;Homens;2010;Arma branca ou objeto contundente;333;18.68;19.79
AM;Amazonas;Homens;2010;Estrangulamento;11;0.62;1.03
AM;Amazonas;Homens;2010;Força corporal;11;0.62;0.76
AM;Amazonas;Homens;2010;Demais meios especificados;5;0.28;0.31
AM;Amazonas;Homens;2010;Meios não especificados;50;2.8;3.29
AM;Amazonas;Homens;2011;Arma de fogo;847;46.7;43.23
AM;Amazonas;Homens;2011;Arma branca ou objeto contundente;294;16.21;16.75
AM;Amazonas;Homens;2011;Estrangulamento;12;0.66;0.6
AM;Amazonas;Homens;2011;Força corporal;4;0.22;0.29
AM;Amazonas;Homens;2011;Demais meios especificados;4;0.22;0.26
AM;Amazonas;Homens;2011;Meios não especificados;49;2.7;3.08
AM;Amazonas;Homens;2012;Arma de fogo;803;43.52;42.38
AM;Amazonas;Homens;2012;Arma branca ou objeto contundente;360;19.51;21.48
AM;Amazonas;Homens;2012;Estrangulamento;22;1.19;1.21
AM;Amazonas;Homens;2012;Força corporal;3;0.16;0.19
AM;Amazonas;Homens;2012;Demais meios especificados;4;0.22;0.38
AM;Amazonas;Homens;2012;Meios não especificados;33;1.79;1.41
AM;Amazonas;Homens;2013;Arma de fogo;662;35.28;33.81
AM;Amazonas;Homens;2013;Arma branca ou objeto contundente;353;18.81;20.24
AM;Amazonas;Homens;2013;Estrangulamento;11;0.59;0.63
AM;Amazonas;Homens;2013;Força corporal;12;0.64;0.78
AM;Amazonas;Homens;2013;Demais meios especificados;8;0.43;0.43
AM;Amazonas;Homens;2013;Meios não especificados;49;2.61;2.61
AM;Amazonas;Homens;2014;Arma de fogo;729;38.19;36.29
AM;Amazonas;Homens;2014;Arma branca ou objeto contundente;344;18.02;19.59
AM;Amazonas;Homens;2014;Estrangulamento;24;1.26;1.15
AM;Amazonas;Homens;2014;Força corporal;5;0.26;0.37
AM;Amazonas;Homens;2014;Demais meios especificados;7;0.37;0.33
AM;Amazonas;Homens;2014;Meios não especificados;50;2.62;2.75
AM;Amazonas;Homens;2015;Arma de fogo;886;45.68;43.02
AM;Amazonas;Homens;2015;Arma branca ou objeto contundente;349;17.99;18.32
AM;Amazonas;Homens;2015;Estrangulamento;39;2.01;1.92
AM;Amazonas;Homens;2015;Força corporal;31;1.6;1.75
AM;Amazonas;Homens;2015;Demais meios especificados;9;0.46;0.52
AM;Amazonas;Homens;2015;Meios não especificados;43;2.22;2.13
AM;Amazonas;Homens;2016;Arma de fogo;748;38.01;36.34
AM;Amazonas;Homens;2016;Arma branca ou objeto contundente;429;21.8;22.96
AM;Amazonas;Homens;2016;Estrangulamento;29;1.47;1.73
AM;Amazonas;Homens;2016;Força corporal;72;3.66;3.6
AM;Amazonas;Homens;2016;Demais meios especificados;18;0.91;1.1
AM;Amazonas;Homens;2016;Meios não especificados;39;1.98;1.89
AM;Amazonas;Homens;2017;Arma de fogo;924;46.33;43.82
AM;Amazonas;Homens;2017;Arma branca ou objeto contundente;477;23.92;24.13
AM;Amazonas;Homens;2017;Estrangulamento;46;2.31;2.13
AM;Amazonas;Homens;2017;Força corporal;56;2.81;2.74
AM;Amazonas;Homens;2017;Demais meios especificados;15;0.75;0.77
AM;Amazonas;Homens;2017;Meios não especificados;41;2.06;1.84
AM;Amazonas;Homens;2018;Arma de fogo;910;45.03;41.74
AM;Amazonas;Homens;2018;Arma branca ou objeto contundente;389;19.25;19.68
AM;Amazonas;Homens;2018;Estrangulamento;34;1.68;1.57
AM;Amazonas;Homens;2018;Força corporal;52;2.57;2.64
AM;Amazonas;Homens;2018;Demais meios especificados;11;0.54;0.51
AM;Amazonas;Homens;2018;Meios não especificados;18;0.89;0.78
AM;Amazonas;Homens;2019;Arma de fogo;930;45.39;42.22
AM;Amazonas;Homens;2019;Arma branca ou objeto contundente;415;20.25;20.58
AM;Amazonas;Homens;2019;Estrangulamento;71;3.46;3.3
AM;Amazonas;Homens;2019;Força corporal;36;1.76;2.01
AM;Amazonas;Homens;2019;Demais meios especificados;8;0.39;0.43
AM;Amazonas;Homens;2019;Meios não especificados;12;0.59;0.67
AM;Amazonas;Homens;2020;Arma de fogo;743;35.84;33.26
AM;Amazonas;Homens;2020;Arma branca ou objeto contundente;408;19.68;20.28
AM;Amazonas;Homens;2020;Estrangulamento;30;1.45;1.55
AM;Amazonas;Homens;2020;Força corporal;38;1.83;1.92
AM;Amazonas;Homens;2020;Demais meios especificados;15;0.72;0.73
AM;Amazonas;Homens;2020;Meios não especificados;7;0.34;0.33
AM;Amazonas;Homens;2021;Arma de fogo;1198;57.28;53.33
AM;Amazonas;Homens;2021;Arma branca ou objeto contundente;394;18.84;19.16
AM;Amazonas;Homens;2021;Estrangulamento;32;1.53;1.5
AM;Amazonas;Homens;2021;Força corporal;37;1.77;2.02
AM;Amazonas;Homens;2021;Demais meios especificados;7;0.33;0.33
AM;Amazonas;Homens;2021;Meios não especificados;11;0.53;0.52
AM;Amazonas;Homens;2022;Arma de fogo;1130;53.53;50.1
AM;Amazonas;Homens;2022;Arma branca ou objeto contundente;413;19.56;19.35
AM;Amazonas;Homens;2022;Estrangulamento;49;2.32;2.32
AM;Amazonas;Homens;2022;Força corporal;40;1.89;1.86
AM;Amazonas;Homens;2022;Demais meios especificados;7;0.33;0.35
AM;Amazonas;Homens;2022;Meios não especificados;11;0.52;0.53
AM;Amazonas;Homens;2023;Arma de fogo;966;45.32;42.87
AM;Amazonas;Homens;2023;Arma branca ou objeto contundente;370;17.36;17.77
AM;Amazonas;Homens;2023;Estrangulamento;36;1.69;1.8
AM;Amazonas;Homens;2023;Força corporal;41;1.92;2.08
AM;Amazonas;Homens;2023;Demais meios especificados;3;0.14;0.2
AM;Amazonas;Homens;2023;Meios não especificados;17;0.8;0.77
AM;Amazonas;Homens;2024;Arma de fogo;712;33.09;31.67
AM;Amazonas;Homens;2024;Arma branca ou objeto contundente;413;19.19;19.58
AM;Amazonas;Homens;2024;Estrangulamento;26;1.21;1.14
AM;Amazonas;Homens;2024;Força corporal;38;1.77;1.81
AM;Amazonas;Homens;2024;Demais meios especificados;8;0.37;0.39
AM;Amazonas;Homens;2024;Meios não especificados;26;1.21;1.09
AM;Amazonas;Homens;2025;Arma de fogo;398;18.32;17.68
AM;Amazonas;Homens;2025;Arma branca ou objeto contundente;298;13.72;13.84
AM;Amazonas;Homens;2025;Estrangulamento;11;0.51;0.54
AM;Amazonas;Homens;2025;Força corporal;30;1.38;1.47
AM;Amazonas;Homens;2025;Demais meios especificados;7;0.32;0.32
AM;Amazonas;Homens;2025;Meios não especificados;24;1.1;1.15
AM;Amazonas;Mulheres;2000;Arma de fogo;13;0.92;1.04
AM;Amazonas;Mulheres;2000;Arma branca ou objeto contundente;19;1.34;1.15
AM;Amazonas;Mulheres;2000;Estrangulamento;3;0.21;0.13
AM;Amazonas;Mulheres;2000;Meios não especificados;1;0.07;0.04
AM;Amazonas;Mulheres;2001;Arma de fogo;15;1.03;1.23
AM;Amazonas;Mulheres;2001;Arma branca ou objeto contundente;28;1.93;2.38
AM;Amazonas;Mulheres;2001;Estrangulamento;3;0.21;0.13
AM;Amazonas;Mulheres;2001;Força corporal;6;0.41;0.5
AM;Amazonas;Mulheres;2001;Demais meios especificados;2;0.14;0.08
AM;Amazonas;Mulheres;2001;Meios não especificados;1;0.07;0.05
AM;Amazonas;Mulheres;2002;Arma de fogo;15;1.01;0.86
AM;Amazonas;Mulheres;2002;Arma branca ou objeto contundente;16;1.07;1.53
AM;Amazonas;Mulheres;2002;Força corporal;2;0.13;0.11
AM;Amazonas;Mulheres;2002;Demais meios especificados;1;0.07;0.09
AM;Amazonas;Mulheres;2002;Meios não especificados;1;0.07;0.04
AM;Amazonas;Mulheres;2003;Arma de fogo;14;0.92;0.75
AM;Amazonas;Mulheres;2003;Arma branca ou objeto contundente;18;1.18;1.35
AM;Amazonas;Mulheres;2003;Estrangulamento;2;0.13;0.07
AM;Amazonas;Mulheres;2003;Meios não especificados;1;0.07;0.04
AM;Amazonas;Mulheres;2004;Arma de fogo;14;0.9;0.93
AM;Amazonas;Mulheres;2004;Arma branca ou objeto contundente;21;1.35;1.73
AM;Amazonas;Mulheres;2004;Estrangulamento;7;0.45;0.38
AM;Amazonas;Mulheres;2004;Força corporal;3;0.19;0.18
AM;Amazonas;Mulheres;2004;Demais meios especificados;1;0.06;0.06
AM;Amazonas;Mulheres;2004;Meios não especificados;3;0.19;0.17
AM;Amazonas;Mulheres;2005;Arma de fogo;13;0.82;0.74
AM;Amazonas;Mulheres;2005;Arma branca ou objeto contundente;19;1.19;1.31
AM;Amazonas;Mulheres;2005;Estrangulamento;10;0.63;0.51
AM;Amazonas;Mulheres;2005;Força corporal;5;0.31;0.4
AM;Amazonas;Mulheres;2005;Demais meios especificados;1;0.06;0.03
AM;Amazonas;Mulheres;2006;Arma de fogo;22;1.35;1.38
AM;Amazonas;Mulheres;2006;Arma branca ou objeto contundente;18;1.11;1.4
AM;Amazonas;Mulheres;2006;Estrangulamento;8;0.49;0.34
AM;Amazonas;Mulheres;2006;Força corporal;1;0.06;0.08
AM;Amazonas;Mulheres;2006;Demais meios especificados;1;0.06;0.1
AM;Amazonas;Mulheres;2006;Meios não especificados;3;0.18;0.12
AM;Amazonas;Mulheres;2007;Arma de fogo;25;1.5;1.51
AM;Amazonas;Mulheres;2007;Arma branca ou objeto contundente;21;1.26;1.65
AM;Amazonas;Mulheres;2007;Estrangulamento;6;0.36;0.32
AM;Amazonas;Mulheres;2008;Arma de fogo;20;1.18;1.12
AM;Amazonas;Mulheres;2008;Arma branca ou objeto contundente;27;1.59;1.85
AM;Amazonas;Mulheres;2008;Estrangulamento;7;0.41;0.46
AM;Amazonas;Mulheres;2008;Força corporal;3;0.18;0.12
AM;Amazonas;Mulheres;2008;Demais meios especificados;1;0.06;0.05
AM;Amazonas;Mulheres;2008;Meios não especificados;5;0.29;0.45
AM;Amazonas;Mulheres;2009;Arma de fogo;28;1.61;1.48
AM;Amazonas;Mulheres;2009;Arma branca ou objeto contundente;22;1.27;1.58
AM;Amazonas;Mulheres;2009;Estrangulamento;6;0.35;0.37
AM;Amazonas;Mulheres;2009;Força corporal;4;0.23;0.26
AM;Amazonas;Mulheres;2009;Demais meios especificados;2;0.12;0.06
AM;Amazonas;Mulheres;2009;Meios não especificados;5;0.29;0.23
AM;Amazonas;Mulheres;2010;Arma de fogo;28;1.58;1.59
AM;Amazonas;Mulheres;2010;Arma branca ou objeto contundente;22;1.24;1.24
AM;Amazonas;Mulheres;2010;Estrangulamento;6;0.34;0.25
AM;Amazonas;Mulheres;2010;Força corporal;1;0.06;0.05
AM;Amazonas;Mulheres;2010;Demais meios especificados;4;0.23;0.2
AM;Amazonas;Mulheres;2010;Meios não especificados;4;0.23;0.25
AM;Amazonas;Mulheres;2011;Arma de fogo;32;1.78;1.84
AM;Amazonas;Mulheres;2011;Arma branca ou objeto contundente;37;2.06;2.05
AM;Amazonas;Mulheres;2011;Estrangulamento;7;0.39;0.3
AM;Amazonas;Mulheres;2011;Demais meios especificados;1;0.06;0.03
AM;Amazonas;Mulheres;2011;Meios não especificados;4;0.22;0.19
AM;Amazonas;Mulheres;2012;Arma de fogo;52;2.84;2.79
AM;Amazonas;Mulheres;2012;Arma branca ou objeto contundente;41;2.24;2.18
AM;Amazonas;Mulheres;2012;Estrangulamento;8;0.44;0.53
AM;Amazonas;Mulheres;2012;Força corporal;2;0.11;0.08
AM;Amazonas;Mulheres;2012;Demais meios especificados;2;0.11;0.07
AM;Amazonas;Mulheres;2012;Meios não especificados;13;0.71;0.41
AM;Amazonas;Mulheres;2013;Arma de fogo;33;1.78;1.63
AM;Amazonas;Mulheres;2013;Arma branca ou objeto contundente;36;1.94;2.13
AM;Amazonas;Mulheres;2013;Estrangulamento;9;0.48;0.44
AM;Amazonas;Mulheres;2013;Força corporal;3;0.16;0.2
AM;Amazonas;Mulheres;2013;Demais meios especificados;3;0.16;0.15
AM;Amazonas;Mulheres;2013;Meios não especificados;12;0.65;0.41
AM;Amazonas;Mulheres;2014;Arma de fogo;33;1.75;1.84
AM;Amazonas;Mulheres;2014;Arma branca ou objeto contundente;26;1.38;1.52
AM;Amazonas;Mulheres;2014;Estrangulamento;13;0.69;0.59
AM;Amazonas;Mulheres;2014;Demais meios especificados;2;0.11;0.11
AM;Amazonas;Mulheres;2014;Meios não especificados;6;0.32;0.25
AM;Amazonas;Mulheres;2015;Arma de fogo;44;2.29;2.25
AM;Amazonas;Mulheres;2015;Arma branca ou objeto contundente;37;1.93;1.83
AM;Amazonas;Mulheres;2015;Estrangulamento;19;0.99;0.89
AM;Amazonas;Mulheres;2015;Força corporal;1;0.05;0.04
AM;Amazonas;Mulheres;2015;Demais meios especificados;3;0.16;0.1
AM;Amazonas;Mulheres;2015;Meios não especificados;11;0.57;0.45
AM;Amazonas;Mulheres;2016;Arma de fogo;43;2.21;2.14
AM;Amazonas;Mulheres;2016;Arma branca ou objeto contundente;34;1.75;1.83
AM;Amazonas;Mulheres;2016;Estrangulamento;11;0.57;0.59
AM;Amazonas;Mulheres;2016;Força corporal;16;0.82;0.86
AM;Amazonas;Mulheres;2016;Demais meios especificados;1;0.05;0.05
AM;Amazonas;Mulheres;2016;Meios não especificados;11;0.57;0.39
AM;Amazonas;Mulheres;2017;Arma de fogo;51;2.59;2.55
AM;Amazonas;Mulheres;2017;Arma branca ou objeto contundente;34;1.72;1.7
AM;Amazonas;Mulheres;2017;Estrangulamento;12;0.61;0.72
AM;Amazonas;Mulheres;2017;Força corporal;3;0.15;0.2
AM;Amazonas;Mulheres;2017;Demais meios especificados;5;0.25;0.23
AM;Amazonas;Mulheres;2017;Meios não especificados;10;0.51;0.47
AM;Amazonas;Mulheres;2018;Arma de fogo;51;2.55;2.31
AM;Amazonas;Mulheres;2018;Arma branca ou objeto contundente;45;2.25;2.41
AM;Amazonas;Mulheres;2018;Estrangulamento;14;0.7;0.7
AM;Amazonas;Mulheres;2018;Força corporal;6;0.3;0.27
AM;Amazonas;Mulheres;2018;Demais meios especificados;5;0.25;0.23
AM;Amazonas;Mulheres;2018;Meios não especificados;6;0.3;0.21
AM;Amazonas;Mulheres;2019;Arma de fogo;49;2.42;2.38
AM;Amazonas;Mulheres;2019;Arma branca ou objeto contundente;37;1.83;1.85
AM;Amazonas;Mulheres;2019;Estrangulamento;17;0.84;0.81
AM;Amazonas;Mulheres;2019;Força corporal;8;0.4;0.47
AM;Amazonas;Mulheres;2019;Demais meios especificados;1;0.05;0.03
AM;Amazonas;Mulheres;2019;Meios não especificados;6;0.3;0.33
AM;Amazonas;Mulheres;2020;Arma de fogo;39;1.9;1.83
AM;Amazonas;Mulheres;2020;Arma branca ou objeto contundente;29;1.42;1.26
AM;Amazonas;Mulheres;2020;Estrangulamento;12;0.59;0.51
AM;Amazonas;Mulheres;2020;Força corporal;2;0.1;0.1
AM;Amazonas;Mulheres;2020;Demais meios especificados;1;0.05;0.04
AM;Amazonas;Mulheres;2020;Meios não especificados;2;0.1;0.09
AM;Amazonas;Mulheres;2021;Arma de fogo;73;3.53;3.35
AM;Amazonas;Mulheres;2021;Arma branca ou objeto contundente;41;1.98;2.09
AM;Amazonas;Mulheres;2021;Estrangulamento;12;0.58;0.65
AM;Amazonas;Mulheres;2021;Força corporal;1;0.05;0.05
AM;Amazonas;Mulheres;2021;Demais meios especificados;4;0.19;0.2
AM;Amazonas;Mulheres;2021;Meios não especificados;4;0.19;0.18
AM;Amazonas;Mulheres;2022;Arma de fogo;55;2.63;2.62
AM;Amazonas;Mulheres;2022;Arma branca ou objeto contundente;41;1.96;2.12
AM;Amazonas;Mulheres;2022;Estrangulamento;6;0.29;0.28
AM;Amazonas;Mulheres;2022;Força corporal;4;0.19;0.15
AM;Amazonas;Mulheres;2022;Demais meios especificados;7;0.34;0.31
AM;Amazonas;Mulheres;2022;Meios não especificados;5;0.24;0.22
AM;Amazonas;Mulheres;2023;Arma de fogo;70;3.32;3.18
AM;Amazonas;Mulheres;2023;Arma branca ou objeto contundente;34;1.61;1.7
AM;Amazonas;Mulheres;2023;Estrangulamento;10;0.47;0.46
AM;Amazonas;Mulheres;2023;Força corporal;3;0.14;0.17
AM;Amazonas;Mulheres;2023;Demais meios especificados;2;0.09;0.09
AM;Amazonas;Mulheres;2023;Meios não especificados;3;0.14;0.13
AM;Amazonas;Mulheres;2024;Arma de fogo;36;1.69;1.61
AM;Amazonas;Mulheres;2024;Arma branca ou objeto contundente;36;1.69;1.74
AM;Amazonas;Mulheres;2024;Estrangulamento;12;0.56;0.54
AM;Amazonas;Mulheres;2024;Força corporal;6;0.28;0.25
AM;Amazonas;Mulheres;2024;Demais meios especificados;2;0.09;0.1
AM;Amazonas;Mulheres;2024;Meios não especificados;11;0.52;0.45
AM;Amazonas;Mulheres;2025;Arma de fogo;23;1.07;1.01
AM;Amazonas;Mulheres;2025;Arma branca ou objeto contundente;26;1.21;1.28
AM;Amazonas;Mulheres;2025;Estrangulamento;6;0.28;0.26
AM;Amazonas;Mulheres;2025;Força corporal;5;0.23;0.23
AM;Amazonas;Mulheres;2025;Demais meios especificados;4;0.19;0.18
AM;Amazonas;Mulheres;2025;Meios não especificados;8;0.37;0.33
AP;Amapá;Ambos;2000;Arma de fogo;33;6.59;5.94
AP;Amapá;Ambos;2000;Arma branca ou objeto contundente;118;23.55;25.4
AP;Amapá;Ambos;2000;Demais meios especificados;1;0.2;0.13
AP;Amapá;Ambos;2000;Meios não especificados;4;0.8;0.94
AP;Amapá;Ambos;2001;Arma de fogo;43;8.23;10.46
AP;Amapá;Ambos;2001;Arma branca ou objeto contundente;130;24.87;25.09
AP;Amapá;Ambos;2001;Estrangulamento;2;0.38;0.69
AP;Amapá;Ambos;2001;Demais meios especificados;3;0.57;0.39
AP;Amapá;Ambos;2001;Meios não especificados;4;0.77;1.24
AP;Amapá;Ambos;2002;Arma de fogo;50;9.2;8.97
AP;Amapá;Ambos;2002;Arma branca ou objeto contundente;118;21.7;22.36
AP;Amapá;Ambos;2002;Estrangulamento;6;1.1;1.32
AP;Amapá;Ambos;2002;Meios não especificados;7;1.29;1.25
AP;Amapá;Ambos;2003;Arma de fogo;70;12.41;12.72
AP;Amapá;Ambos;2003;Arma branca ou objeto contundente;111;19.68;19.64
AP;Amapá;Ambos;2003;Estrangulamento;2;0.35;0.43
AP;Amapá;Ambos;2003;Demais meios especificados;2;0.35;0.38
AP;Amapá;Ambos;2004;Arma de fogo;74;12.67;12.25
AP;Amapá;Ambos;2004;Arma branca ou objeto contundente;86;14.73;14.41
AP;Amapá;Ambos;2004;Estrangulamento;1;0.17;0.18
AP;Amapá;Ambos;2004;Força corporal;4;0.68;0.74
AP;Amapá;Ambos;2004;Demais meios especificados;5;0.86;0.78
AP;Amapá;Ambos;2004;Meios não especificados;2;0.34;0.51
AP;Amapá;Ambos;2005;Arma de fogo;55;9.12;9.53
AP;Amapá;Ambos;2005;Arma branca ou objeto contundente;126;20.89;21.32
AP;Amapá;Ambos;2005;Estrangulamento;1;0.17;0.17
AP;Amapá;Ambos;2005;Força corporal;12;1.99;3.08
AP;Amapá;Ambos;2005;Demais meios especificados;2;0.33;0.27
AP;Amapá;Ambos;2006;Arma de fogo;75;12.07;11.96
AP;Amapá;Ambos;2006;Arma branca ou objeto contundente;122;19.63;20.87
AP;Amapá;Ambos;2006;Estrangulamento;2;0.32;0.26
AP;Amapá;Ambos;2006;Força corporal;2;0.32;0.49
AP;Amapá;Ambos;2006;Demais meios especificados;1;0.16;0.12
AP;Amapá;Ambos;2007;Arma de fogo;60;9.39;8.79
AP;Amapá;Ambos;2007;Arma branca ou objeto contundente;104;16.28;15.71
AP;Amapá;Ambos;2007;Estrangulamento;3;0.47;0.95
AP;Amapá;Ambos;2007;Força corporal;3;0.47;0.61
AP;Amapá;Ambos;2008;Arma de fogo;65;9.91;9.49
AP;Amapá;Ambos;2008;Arma branca ou objeto contundente;126;19.22;19.99
AP;Amapá;Ambos;2008;Estrangulamento;8;1.22;1.5
AP;Amapá;Ambos;2008;Força corporal;6;0.92;1.05
AP;Amapá;Ambos;2008;Demais meios especificados;3;0.46;0.43
AP;Amapá;Ambos;2008;Meios não especificados;2;0.31;0.25
AP;Amapá;Ambos;2009;Arma de fogo;69;10.26;10.41
AP;Amapá;Ambos;2009;Arma branca ou objeto contundente;112;16.66;18.06
AP;Amapá;Ambos;2009;Estrangulamento;6;0.89;1.35
AP;Amapá;Ambos;2009;Força corporal;1;0.15;0.1
AP;Amapá;Ambos;2009;Meios não especificados;2;0.3;0.23
AP;Amapá;Ambos;2010;Arma de fogo;103;14.99;14.02
AP;Amapá;Ambos;2010;Arma branca ou objeto contundente;154;22.42;22.64
AP;Amapá;Ambos;2010;Estrangulamento;1;0.15;0.09
AP;Amapá;Ambos;2010;Demais meios especificados;1;0.15;0.12
AP;Amapá;Ambos;2010;Meios não especificados;1;0.15;0.12
AP;Amapá;Ambos;2011;Arma de fogo;80;11.43;10.75
AP;Amapá;Ambos;2011;Arma branca ou objeto contundente;125;17.86;17.58
AP;Amapá;Ambos;2011;Estrangulamento;2;0.29;0.26
AP;Amapá;Ambos;2011;Demais meios especificados;1;0.14;0.42
AP;Amapá;Ambos;2011;Meios não especificados;1;0.14;0.25
AP;Amapá;Ambos;2012;Arma de fogo;117;16.44;14.96
AP;Amapá;Ambos;2012;Arma branca ou objeto contundente;130;18.26;18.07
AP;Amapá;Ambos;2012;Estrangulamento;2;0.28;0.19
AP;Amapá;Ambos;2012;Demais meios especificados;4;0.56;0.92
AP;Amapá;Ambos;2013;Arma de fogo;104;14.37;13.1
AP;Amapá;Ambos;2013;Arma branca ou objeto contundente;117;16.16;15.81
AP;Amapá;Ambos;2013;Estrangulamento;3;0.41;0.31
AP;Amapá;Ambos;2013;Demais meios especificados;1;0.14;0.08
AP;Amapá;Ambos;2014;Arma de fogo;152;20.66;18.6
AP;Amapá;Ambos;2014;Arma branca ou objeto contundente;101;13.73;13.56
AP;Amapá;Ambos;2014;Estrangulamento;2;0.27;0.3
AP;Amapá;Ambos;2014;Meios não especificados;1;0.14;0.12
AP;Amapá;Ambos;2015;Arma de fogo;154;20.61;19.63
AP;Amapá;Ambos;2015;Arma branca ou objeto contundente;130;17.4;17.61
AP;Amapá;Ambos;2015;Estrangulamento;5;0.67;0.72
AP;Amapá;Ambos;2015;Demais meios especificados;4;0.54;0.98
AP;Amapá;Ambos;2016;Arma de fogo;222;29.33;26.17
AP;Amapá;Ambos;2016;Arma branca ou objeto contundente;149;19.68;20.1
AP;Amapá;Ambos;2016;Estrangulamento;5;0.66;0.97
AP;Amapá;Ambos;2016;Força corporal;1;0.13;0.17
AP;Amapá;Ambos;2016;Demais meios especificados;1;0.13;0.14
AP;Amapá;Ambos;2016;Meios não especificados;3;0.4;0.43
AP;Amapá;Ambos;2017;Arma de fogo;177;23.12;21.14
AP;Amapá;Ambos;2017;Arma branca ou objeto contundente;144;18.81;19.1
AP;Amapá;Ambos;2017;Estrangulamento;7;0.91;0.74
AP;Amapá;Ambos;2017;Demais meios especificados;3;0.39;0.27
AP;Amapá;Ambos;2017;Meios não especificados;1;0.13;0.1
AP;Amapá;Ambos;2018;Arma de fogo;241;31.19;28.56
AP;Amapá;Ambos;2018;Arma branca ou objeto contundente;125;16.18;17.16
AP;Amapá;Ambos;2018;Estrangulamento;1;0.13;0.09
AP;Amapá;Ambos;2018;Força corporal;3;0.39;0.52
AP;Amapá;Ambos;2018;Demais meios especificados;4;0.52;0.46
AP;Amapá;Ambos;2019;Arma de fogo;228;29.25;25.8
AP;Amapá;Ambos;2019;Arma branca ou objeto contundente;94;12.06;12.19
AP;Amapá;Ambos;2019;Estrangulamento;4;0.51;0.52
AP;Amapá;Ambos;2019;Força corporal;2;0.26;0.21
AP;Amapá;Ambos;2019;Meios não especificados;2;0.26;0.35
AP;Amapá;Ambos;2020;Arma de fogo;222;28.26;25.37
AP;Amapá;Ambos;2020;Arma branca ou objeto contundente;93;11.84;12.47
AP;Amapá;Ambos;2020;Estrangulamento;1;0.13;0.15
AP;Amapá;Ambos;2020;Força corporal;2;0.25;0.22
AP;Amapá;Ambos;2021;Arma de fogo;314;39.7;34.97
AP;Amapá;Ambos;2021;Arma branca ou objeto contundente;83;10.49;10.21
AP;Amapá;Ambos;2021;Estrangulamento;3;0.38;0.57
AP;Amapá;Ambos;2021;Demais meios especificados;1;0.13;0.15
AP;Amapá;Ambos;2021;Meios não especificados;3;0.38;0.51
AP;Amapá;Ambos;2022;Arma de fogo;240;30.17;28.16
AP;Amapá;Ambos;2022;Arma branca ou objeto contundente;61;7.67;8.82
AP;Amapá;Ambos;2022;Estrangulamento;2;0.25;0.26
AP;Amapá;Ambos;2022;Força corporal;1;0.13;0.11
AP;Amapá;Ambos;2022;Demais meios especificados;2;0.25;0.42
AP;Amapá;Ambos;2023;Arma de fogo;306;38.29;34.56
AP;Amapá;Ambos;2023;Arma branca ou objeto contundente;69;8.63;8.92
AP;Amapá;Ambos;2023;Estrangulamento;4;0.5;0.44
AP;Amapá;Ambos;2023;Força corporal;4;0.5;0.45
AP;Amapá;Ambos;2023;Demais meios especificados;2;0.25;0.31
AP;Amapá;Ambos;2024;Arma de fogo;198;24.66;22.95
AP;Amapá;Ambos;2024;Arma branca ou objeto contundente;51;6.35;6.72
AP;Amapá;Ambos;2024;Estrangulamento;6;0.75;0.8
AP;Amapá;Ambos;2024;Demais meios especificados;2;0.25;0.22
AP;Amapá;Ambos;2025;Arma de fogo;175;21.7;20.13
AP;Amapá;Ambos;2025;Arma branca ou objeto contundente;47;5.83;6.43
AP;Amapá;Ambos;2025;Estrangulamento;4;0.5;0.57
AP;Amapá;Ambos;2025;Força corporal;1;0.12;0.13
AP;Amapá;Ambos;2025;Demais meios especificados;2;0.25;0.32
AP;Amapá;Homens;2000;Arma de fogo;31;12.32;11.27
AP;Amapá;Homens;2000;Arma branca ou objeto contundente;116;46.11;49.56
AP;Amapá;Homens;2000;Demais meios especificados;1;0.4;0.26
AP;Amapá;Homens;2000;Meios não especificados;4;1.59;1.85
AP;Amapá;Homens;2001;Arma de fogo;42;16.01;20.16
AP;Amapá;Homens;2001;Arma branca ou objeto contundente;120;45.75;46.37
AP;Amapá;Homens;2001;Estrangulamento;2;0.76;1.33
AP;Amapá;Homens;2001;Demais meios especificados;3;1.14;0.78
AP;Amapá;Homens;2001;Meios não especificados;3;1.14;1.15
AP;Amapá;Homens;2002;Arma de fogo;45;16.5;16.34
AP;Amapá;Homens;2002;Arma branca ou objeto contundente;114;41.81;43.46
AP;Amapá;Homens;2002;Estrangulamento;4;1.47;1.23
AP;Amapá;Homens;2002;Meios não especificados;6;2.2;2.21
AP;Amapá;Homens;2003;Arma de fogo;65;22.99;23.92
AP;Amapá;Homens;2003;Arma branca ou objeto contundente;102;36.07;36.46
AP;Amapá;Homens;2003;Estrangulamento;1;0.35;0.38
AP;Amapá;Homens;2003;Demais meios especificados;2;0.71;0.76
AP;Amapá;Homens;2004;Arma de fogo;69;23.58;22.65
AP;Amapá;Homens;2004;Arma branca ou objeto contundente;79;27;26.71
AP;Amapá;Homens;2004;Estrangulamento;1;0.34;0.36
AP;Amapá;Homens;2004;Força corporal;4;1.37;1.47
AP;Amapá;Homens;2004;Demais meios especificados;2;0.68;0.84
AP;Amapá;Homens;2004;Meios não especificados;2;0.68;1.02
AP;Amapá;Homens;2005;Arma de fogo;50;16.54;17.77
AP;Amapá;Homens;2005;Arma branca ou objeto contundente;116;38.38;37.87
AP;Amapá;Homens;2005;Estrangulamento;1;0.33;0.35
AP;Amapá;Homens;2005;Força corporal;12;3.97;6.11
AP;Amapá;Homens;2005;Demais meios especificados;2;0.66;0.56
AP;Amapá;Homens;2006;Arma de fogo;75;24.09;23.93
AP;Amapá;Homens;2006;Arma branca ou objeto contundente;111;35.66;36.97
AP;Amapá;Homens;2006;Estrangulamento;1;0.32;0.29
AP;Amapá;Homens;2006;Força corporal;1;0.32;0.42
AP;Amapá;Homens;2006;Demais meios especificados;1;0.32;0.25
AP;Amapá;Homens;2007;Arma de fogo;55;17.19;16.17
AP;Amapá;Homens;2007;Arma branca ou objeto contundente;99;30.94;30.39
AP;Amapá;Homens;2007;Estrangulamento;2;0.63;1.3
AP;Amapá;Homens;2007;Força corporal;3;0.94;1.21
AP;Amapá;Homens;2008;Arma de fogo;61;18.57;17.74
AP;Amapá;Homens;2008;Arma branca ou objeto contundente;120;36.54;38.06
AP;Amapá;Homens;2008;Estrangulamento;6;1.83;2.56
AP;Amapá;Homens;2008;Força corporal;6;1.83;2.14
AP;Amapá;Homens;2008;Demais meios especificados;1;0.3;0.5
AP;Amapá;Homens;2008;Meios não especificados;2;0.61;0.5
AP;Amapá;Homens;2009;Arma de fogo;66;19.6;20.39
AP;Amapá;Homens;2009;Arma branca ou objeto contundente;105;31.18;33.73
AP;Amapá;Homens;2009;Estrangulamento;4;1.19;1.49
AP;Amapá;Homens;2009;Força corporal;1;0.3;0.2
AP;Amapá;Homens;2009;Meios não especificados;2;0.59;0.46
AP;Amapá;Homens;2010;Arma de fogo;98;28.48;26.29
AP;Amapá;Homens;2010;Arma branca ou objeto contundente;144;41.86;41.21
AP;Amapá;Homens;2010;Demais meios especificados;1;0.29;0.25
AP;Amapá;Homens;2010;Meios não especificados;1;0.29;0.25
AP;Amapá;Homens;2011;Arma de fogo;71;20.26;19.38
AP;Amapá;Homens;2011;Arma branca ou objeto contundente;116;33.1;33.12
AP;Amapá;Homens;2011;Estrangulamento;2;0.57;0.52
AP;Amapá;Homens;2011;Meios não especificados;1;0.29;0.5
AP;Amapá;Homens;2012;Arma de fogo;111;31.13;28.68
AP;Amapá;Homens;2012;Arma branca ou objeto contundente;122;34.22;33.9
AP;Amapá;Homens;2012;Demais meios especificados;3;0.84;1.57
AP;Amapá;Homens;2013;Arma de fogo;98;27.02;24.91
AP;Amapá;Homens;2013;Arma branca ou objeto contundente;107;29.51;28.15
AP;Amapá;Homens;2013;Estrangulamento;1;0.28;0.19
AP;Amapá;Homens;2014;Arma de fogo;144;39.05;35.29
AP;Amapá;Homens;2014;Arma branca ou objeto contundente;90;24.41;24.01
AP;Amapá;Homens;2014;Estrangulamento;1;0.27;0.31
AP;Amapá;Homens;2014;Meios não especificados;1;0.27;0.24
AP;Amapá;Homens;2015;Arma de fogo;147;39.26;37.23
AP;Amapá;Homens;2015;Arma branca ou objeto contundente;123;32.85;33.13
AP;Amapá;Homens;2015;Estrangulamento;3;0.8;0.83
AP;Amapá;Homens;2015;Demais meios especificados;2;0.53;1.19
AP;Amapá;Homens;2016;Arma de fogo;215;56.67;50.61
AP;Amapá;Homens;2016;Arma branca ou objeto contundente;143;37.69;38.76
AP;Amapá;Homens;2016;Estrangulamento;2;0.53;1.32
AP;Amapá;Homens;2016;Força corporal;1;0.26;0.34
AP;Amapá;Homens;2016;Demais meios especificados;1;0.26;0.29
AP;Amapá;Homens;2016;Meios não especificados;2;0.53;0.63
AP;Amapá;Homens;2017;Arma de fogo;168;43.79;40.28
AP;Amapá;Homens;2017;Arma branca ou objeto contundente;131;34.14;35.17
AP;Amapá;Homens;2017;Estrangulamento;5;1.3;1.07
AP;Amapá;Homens;2017;Demais meios especificados;1;0.26;0.23
AP;Amapá;Homens;2018;Arma de fogo;232;59.9;55.01
AP;Amapá;Homens;2018;Arma branca ou objeto contundente;119;30.72;32.66
AP;Amapá;Homens;2018;Estrangulamento;1;0.26;0.18
AP;Amapá;Homens;2018;Força corporal;3;0.77;1.17
AP;Amapá;Homens;2018;Demais meios especificados;4;1.03;0.94
AP;Amapá;Homens;2019;Arma de fogo;218;55.8;48.84
AP;Amapá;Homens;2019;Arma branca ou objeto contundente;87;22.27;22.45
AP;Amapá;Homens;2019;Estrangulamento;4;1.02;1.03
AP;Amapá;Homens;2019;Força corporal;2;0.51;0.42
AP;Amapá;Homens;2019;Meios não especificados;2;0.51;0.71
AP;Amapá;Homens;2020;Arma de fogo;210;53.36;48.01
AP;Amapá;Homens;2020;Arma branca ou objeto contundente;84;21.34;22.55
AP;Amapá;Homens;2020;Força corporal;2;0.51;0.45
AP;Amapá;Homens;2021;Arma de fogo;303;76.51;67.56
AP;Amapá;Homens;2021;Arma branca ou objeto contundente;77;19.44;19.05
AP;Amapá;Homens;2021;Estrangulamento;2;0.5;1.02
AP;Amapá;Homens;2021;Meios não especificados;3;0.76;1.02
AP;Amapá;Homens;2022;Arma de fogo;236;59.26;55.51
AP;Amapá;Homens;2022;Arma branca ou objeto contundente;52;13.06;15.53
AP;Amapá;Homens;2022;Estrangulamento;2;0.5;0.53
AP;Amapá;Homens;2022;Força corporal;1;0.25;0.22
AP;Amapá;Homens;2022;Demais meios especificados;1;0.25;0.38
AP;Amapá;Homens;2023;Arma de fogo;299;74.77;67.58
AP;Amapá;Homens;2023;Arma branca ou objeto contundente;65;16.25;16.86
AP;Amapá;Homens;2023;Estrangulamento;2;0.5;0.49
AP;Amapá;Homens;2023;Força corporal;3;0.75;0.63
AP;Amapá;Homens;2023;Demais meios especificados;1;0.25;0.45
AP;Amapá;Homens;2024;Arma de fogo;192;47.81;44.44
AP;Amapá;Homens;2024;Arma branca ou objeto contundente;49;12.2;12.81
AP;Amapá;Homens;2024;Estrangulamento;4;1;1.14
AP;Amapá;Homens;2024;Demais meios especificados;2;0.5;0.43
AP;Amapá;Homens;2025;Arma de fogo;169;41.91;38.85
AP;Amapá;Homens;2025;Arma branca ou objeto contundente;40;9.92;11.37
AP;Amapá;Homens;2025;Estrangulamento;2;0.5;0.68
AP;Amapá;Homens;2025;Força corporal;1;0.25;0.27
AP;Amapá;Homens;2025;Demais meios especificados;2;0.5;0.64
AP;Amapá;Mulheres;2000;Arma de fogo;2;0.8;0.63
AP;Amapá;Mulheres;2000;Arma branca ou objeto contundente;2;0.8;1.29
AP;Amapá;Mulheres;2001;Arma de fogo;1;0.38;0.55
AP;Amapá;Mulheres;2001;Arma branca ou objeto contundente;10;3.84;3.74
AP;Amapá;Mulheres;2001;Meios não especificados;1;0.38;1.34
AP;Amapá;Mulheres;2002;Arma de fogo;5;1.84;1.63
AP;Amapá;Mulheres;2002;Arma branca ou objeto contundente;4;1.48;1.6
AP;Amapá;Mulheres;2002;Estrangulamento;2;0.74;1.44
AP;Amapá;Mulheres;2002;Meios não especificados;1;0.37;0.28
AP;Amapá;Mulheres;2003;Arma de fogo;5;1.78;1.64
AP;Amapá;Mulheres;2003;Arma branca ou objeto contundente;9;3.2;3.03
AP;Amapá;Mulheres;2003;Estrangulamento;1;0.36;0.49
AP;Amapá;Mulheres;2004;Arma de fogo;5;1.72;1.91
AP;Amapá;Mulheres;2004;Arma branca ou objeto contundente;7;2.4;2.3
AP;Amapá;Mulheres;2004;Demais meios especificados;3;1.03;0.7
AP;Amapá;Mulheres;2005;Arma de fogo;5;1.66;1.24
AP;Amapá;Mulheres;2005;Arma branca ou objeto contundente;10;3.32;5.05
AP;Amapá;Mulheres;2006;Arma branca ou objeto contundente;11;3.55;4.99
AP;Amapá;Mulheres;2006;Estrangulamento;1;0.32;0.24
AP;Amapá;Mulheres;2006;Força corporal;1;0.32;0.57
AP;Amapá;Mulheres;2007;Arma de fogo;5;1.57;1.52
AP;Amapá;Mulheres;2007;Arma branca ou objeto contundente;5;1.57;1.19
AP;Amapá;Mulheres;2007;Estrangulamento;1;0.31;0.64
AP;Amapá;Mulheres;2008;Arma de fogo;3;0.92;1.07
AP;Amapá;Mulheres;2008;Arma branca ou objeto contundente;6;1.83;2.33
AP;Amapá;Mulheres;2008;Estrangulamento;2;0.61;0.41
AP;Amapá;Mulheres;2008;Demais meios especificados;2;0.61;0.35
AP;Amapá;Mulheres;2009;Arma de fogo;3;0.89;0.58
AP;Amapá;Mulheres;2009;Arma branca ou objeto contundente;7;2.09;2.57
AP;Amapá;Mulheres;2009;Estrangulamento;2;0.6;1.17
AP;Amapá;Mulheres;2010;Arma de fogo;5;1.46;1.95
AP;Amapá;Mulheres;2010;Arma branca ou objeto contundente;10;2.92;4.26
AP;Amapá;Mulheres;2010;Estrangulamento;1;0.29;0.17
AP;Amapá;Mulheres;2011;Arma de fogo;9;2.58;2.24
AP;Amapá;Mulheres;2011;Arma branca ou objeto contundente;9;2.58;2.2
AP;Amapá;Mulheres;2011;Demais meios especificados;1;0.29;0.83
AP;Amapá;Mulheres;2012;Arma de fogo;6;1.69;1.4
AP;Amapá;Mulheres;2012;Arma branca ou objeto contundente;8;2.25;2.54
AP;Amapá;Mulheres;2012;Estrangulamento;2;0.56;0.38
AP;Amapá;Mulheres;2012;Demais meios especificados;1;0.28;0.32
AP;Amapá;Mulheres;2013;Arma de fogo;6;1.66;1.5
AP;Amapá;Mulheres;2013;Arma branca ou objeto contundente;10;2.77;3.93
AP;Amapá;Mulheres;2013;Estrangulamento;2;0.55;0.44
AP;Amapá;Mulheres;2013;Demais meios especificados;1;0.28;0.16
AP;Amapá;Mulheres;2014;Arma de fogo;8;2.18;2.1
AP;Amapá;Mulheres;2014;Arma branca ou objeto contundente;11;3;3.22
AP;Amapá;Mulheres;2014;Estrangulamento;1;0.27;0.3
AP;Amapá;Mulheres;2015;Arma de fogo;7;1.88;2.22
AP;Amapá;Mulheres;2015;Arma branca ou objeto contundente;7;1.88;2.22
AP;Amapá;Mulheres;2015;Estrangulamento;2;0.54;0.62
AP;Amapá;Mulheres;2015;Demais meios especificados;2;0.54;0.82
AP;Amapá;Mulheres;2016;Arma de fogo;7;1.85;1.99
AP;Amapá;Mulheres;2016;Arma branca ou objeto contundente;6;1.59;1.89
AP;Amapá;Mulheres;2016;Estrangulamento;3;0.79;0.62
AP;Amapá;Mulheres;2016;Meios não especificados;1;0.26;0.24
AP;Amapá;Mulheres;2017;Arma de fogo;9;2.36;2.28
AP;Amapá;Mulheres;2017;Arma branca ou objeto contundente;13;3.4;3.27
AP;Amapá;Mulheres;2017;Estrangulamento;2;0.52;0.41
AP;Amapá;Mulheres;2017;Demais meios especificados;2;0.52;0.32
AP;Amapá;Mulheres;2017;Meios não especificados;1;0.26;0.21
AP;Amapá;Mulheres;2018;Arma de fogo;9;2.33;2.3
AP;Amapá;Mulheres;2018;Arma branca ou objeto contundente;6;1.56;1.78
AP;Amapá;Mulheres;2019;Arma de fogo;10;2.57;2.77
AP;Amapá;Mulheres;2019;Arma branca ou objeto contundente;7;1.8;1.95
AP;Amapá;Mulheres;2020;Arma de fogo;12;3.06;2.86
AP;Amapá;Mulheres;2020;Arma branca ou objeto contundente;9;2.3;2.6
AP;Amapá;Mulheres;2020;Estrangulamento;1;0.26;0.29
AP;Amapá;Mulheres;2021;Arma de fogo;11;2.79;2.45
AP;Amapá;Mulheres;2021;Arma branca ou objeto contundente;6;1.52;1.46
AP;Amapá;Mulheres;2021;Estrangulamento;1;0.25;0.24
AP;Amapá;Mulheres;2021;Demais meios especificados;1;0.25;0.3
AP;Amapá;Mulheres;2022;Arma de fogo;4;1.01;0.93
AP;Amapá;Mulheres;2022;Arma branca ou objeto contundente;9;2.27;2.46
AP;Amapá;Mulheres;2022;Demais meios especificados;1;0.25;0.46
AP;Amapá;Mulheres;2023;Arma de fogo;7;1.75;1.52
AP;Amapá;Mulheres;2023;Arma branca ou objeto contundente;4;1;1.12
AP;Amapá;Mulheres;2023;Estrangulamento;2;0.5;0.41
AP;Amapá;Mulheres;2023;Força corporal;1;0.25;0.27
AP;Amapá;Mulheres;2023;Demais meios especificados;1;0.25;0.19
AP;Amapá;Mulheres;2024;Arma de fogo;6;1.5;1.55
AP;Amapá;Mulheres;2024;Arma branca ou objeto contundente;2;0.5;0.74
AP;Amapá;Mulheres;2024;Estrangulamento;2;0.5;0.47
AP;Amapá;Mulheres;2025;Arma de fogo;6;1.49;1.36
AP;Amapá;Mulheres;2025;Arma branca ou objeto contundente;7;1.74;1.75
AP;Amapá;Mulheres;2025;Estrangulamento;2;0.5;0.47
BA;Bahia;Ambos;2000;Arma de fogo;766;5.79;5.77
BA;Bahia;Ambos;2000;Arma branca ou objeto contundente;316;2.39;2.53
BA;Bahia;Ambos;2000;Estrangulamento;15;0.11;0.14
BA;Bahia;Ambos;2000;Força corporal;11;0.08;0.11
BA;Bahia;Ambos;2000;Demais meios especificados;13;0.1;0.12
BA;Bahia;Ambos;2000;Meios não especificados;121;0.92;1.08
BA;Bahia;Ambos;2001;Arma de fogo;1129;8.46;8.04
BA;Bahia;Ambos;2001;Arma branca ou objeto contundente;311;2.33;2.48
BA;Bahia;Ambos;2001;Estrangulamento;18;0.13;0.15
BA;Bahia;Ambos;2001;Força corporal;16;0.12;0.15
BA;Bahia;Ambos;2001;Demais meios especificados;24;0.18;0.21
BA;Bahia;Ambos;2001;Meios não especificados;124;0.93;1.07
BA;Bahia;Ambos;2002;Arma de fogo;1220;9.07;8.43
BA;Bahia;Ambos;2002;Arma branca ou objeto contundente;334;2.48;2.61
BA;Bahia;Ambos;2002;Estrangulamento;13;0.1;0.1
BA;Bahia;Ambos;2002;Força corporal;16;0.12;0.14
BA;Bahia;Ambos;2002;Demais meios especificados;17;0.13;0.14
BA;Bahia;Ambos;2002;Meios não especificados;159;1.18;1.29
BA;Bahia;Ambos;2003;Arma de fogo;1588;11.71;10.8
BA;Bahia;Ambos;2003;Arma branca ou objeto contundente;358;2.64;2.65
BA;Bahia;Ambos;2003;Estrangulamento;24;0.18;0.18
BA;Bahia;Ambos;2003;Força corporal;18;0.13;0.16
BA;Bahia;Ambos;2003;Demais meios especificados;21;0.15;0.14
BA;Bahia;Ambos;2003;Meios não especificados;155;1.14;1.21
BA;Bahia;Ambos;2004;Arma de fogo;1590;11.64;10.71
BA;Bahia;Ambos;2004;Arma branca ou objeto contundente;471;3.45;3.64
BA;Bahia;Ambos;2004;Estrangulamento;20;0.15;0.17
BA;Bahia;Ambos;2004;Força corporal;21;0.15;0.17
BA;Bahia;Ambos;2004;Demais meios especificados;19;0.14;0.15
BA;Bahia;Ambos;2004;Meios não especificados;140;1.02;1.1
BA;Bahia;Ambos;2005;Arma de fogo;2022;14.69;13.2
BA;Bahia;Ambos;2005;Arma branca ou objeto contundente;548;3.98;4.19
BA;Bahia;Ambos;2005;Estrangulamento;32;0.23;0.25
BA;Bahia;Ambos;2005;Força corporal;37;0.27;0.28
BA;Bahia;Ambos;2005;Demais meios especificados;51;0.37;0.36
BA;Bahia;Ambos;2005;Meios não especificados;126;0.92;1
BA;Bahia;Ambos;2006;Arma de fogo;2402;17.33;15.52
BA;Bahia;Ambos;2006;Arma branca ou objeto contundente;655;4.73;4.79
BA;Bahia;Ambos;2006;Estrangulamento;22;0.16;0.16
BA;Bahia;Ambos;2006;Força corporal;36;0.26;0.26
BA;Bahia;Ambos;2006;Demais meios especificados;39;0.28;0.29
BA;Bahia;Ambos;2006;Meios não especificados;134;0.97;1.03
BA;Bahia;Ambos;2007;Arma de fogo;2700;19.35;17.29
BA;Bahia;Ambos;2007;Arma branca ou objeto contundente;663;4.75;4.72
BA;Bahia;Ambos;2007;Estrangulamento;37;0.27;0.26
BA;Bahia;Ambos;2007;Força corporal;48;0.34;0.39
BA;Bahia;Ambos;2007;Demais meios especificados;48;0.34;0.35
BA;Bahia;Ambos;2007;Meios não especificados;132;0.95;1.01
BA;Bahia;Ambos;2008;Arma de fogo;3828;27.27;23.85
BA;Bahia;Ambos;2008;Arma branca ou objeto contundente;728;5.19;5.03
BA;Bahia;Ambos;2008;Estrangulamento;30;0.21;0.23
BA;Bahia;Ambos;2008;Força corporal;32;0.23;0.25
BA;Bahia;Ambos;2008;Demais meios especificados;48;0.34;0.35
BA;Bahia;Ambos;2008;Meios não especificados;122;0.87;0.81
BA;Bahia;Ambos;2009;Arma de fogo;4361;30.88;26.96
BA;Bahia;Ambos;2009;Arma branca ou objeto contundente;800;5.67;5.47
BA;Bahia;Ambos;2009;Estrangulamento;34;0.24;0.25
BA;Bahia;Ambos;2009;Força corporal;25;0.18;0.19
BA;Bahia;Ambos;2009;Demais meios especificados;44;0.31;0.3
BA;Bahia;Ambos;2009;Meios não especificados;120;0.85;0.87
BA;Bahia;Ambos;2010;Arma de fogo;4439;31.29;27.76
BA;Bahia;Ambos;2010;Arma branca ou objeto contundente;931;6.56;6.31
BA;Bahia;Ambos;2010;Estrangulamento;59;0.42;0.35
BA;Bahia;Ambos;2010;Força corporal;46;0.32;0.35
BA;Bahia;Ambos;2010;Demais meios especificados;76;0.54;0.53
BA;Bahia;Ambos;2010;Meios não especificados;205;1.44;1.37
BA;Bahia;Ambos;2011;Arma de fogo;4170;29.29;26.23
BA;Bahia;Ambos;2011;Arma branca ou objeto contundente;888;6.24;5.9
BA;Bahia;Ambos;2011;Estrangulamento;66;0.46;0.45
BA;Bahia;Ambos;2011;Força corporal;31;0.22;0.23
BA;Bahia;Ambos;2011;Demais meios especificados;145;1.02;0.96
BA;Bahia;Ambos;2011;Meios não especificados;164;1.15;1.05
BA;Bahia;Ambos;2012;Arma de fogo;4594;32.14;29.03
BA;Bahia;Ambos;2012;Arma branca ou objeto contundente;917;6.42;6.03
BA;Bahia;Ambos;2012;Estrangulamento;67;0.47;0.42
BA;Bahia;Ambos;2012;Força corporal;70;0.49;0.49
BA;Bahia;Ambos;2012;Demais meios especificados;86;0.6;0.59
BA;Bahia;Ambos;2012;Meios não especificados;204;1.43;1.32
BA;Bahia;Ambos;2013;Arma de fogo;4287;29.87;27.25
BA;Bahia;Ambos;2013;Arma branca ou objeto contundente;876;6.1;5.86
BA;Bahia;Ambos;2013;Estrangulamento;57;0.4;0.36
BA;Bahia;Ambos;2013;Força corporal;56;0.39;0.37
BA;Bahia;Ambos;2013;Demais meios especificados;109;0.76;0.77
BA;Bahia;Ambos;2013;Meios não especificados;169;1.18;1.03
BA;Bahia;Ambos;2014;Arma de fogo;4671;32.42;29.75
BA;Bahia;Ambos;2014;Arma branca ou objeto contundente;883;6.13;5.81
BA;Bahia;Ambos;2014;Estrangulamento;57;0.4;0.37
BA;Bahia;Ambos;2014;Força corporal;67;0.46;0.5
BA;Bahia;Ambos;2014;Demais meios especificados;78;0.54;0.55
BA;Bahia;Ambos;2014;Meios não especificados;161;1.12;1.07
BA;Bahia;Ambos;2015;Arma de fogo;4555;31.48;29.28
BA;Bahia;Ambos;2015;Arma branca ou objeto contundente;809;5.59;5.43
BA;Bahia;Ambos;2015;Estrangulamento;58;0.4;0.37
BA;Bahia;Ambos;2015;Força corporal;69;0.48;0.49
BA;Bahia;Ambos;2015;Demais meios especificados;75;0.52;0.52
BA;Bahia;Ambos;2015;Meios não especificados;221;1.53;1.43
BA;Bahia;Ambos;2016;Arma de fogo;5449;37.51;35.13
BA;Bahia;Ambos;2016;Arma branca ou objeto contundente;923;6.35;6.17
BA;Bahia;Ambos;2016;Estrangulamento;55;0.38;0.36
BA;Bahia;Ambos;2016;Força corporal;105;0.72;0.73
BA;Bahia;Ambos;2016;Demais meios especificados;87;0.6;0.59
BA;Bahia;Ambos;2016;Meios não especificados;188;1.29;1.24
BA;Bahia;Ambos;2017;Arma de fogo;5427;37.23;34.97
BA;Bahia;Ambos;2017;Arma branca ou objeto contundente;1064;7.3;7.02
BA;Bahia;Ambos;2017;Estrangulamento;56;0.38;0.4
BA;Bahia;Ambos;2017;Força corporal;69;0.47;0.48
BA;Bahia;Ambos;2017;Demais meios especificados;67;0.46;0.44
BA;Bahia;Ambos;2017;Meios não especificados;190;1.3;1.26
BA;Bahia;Ambos;2018;Arma de fogo;4977;34.01;32.23
BA;Bahia;Ambos;2018;Arma branca ou objeto contundente;876;5.99;5.86
BA;Bahia;Ambos;2018;Estrangulamento;46;0.31;0.31
BA;Bahia;Ambos;2018;Força corporal;86;0.59;0.58
BA;Bahia;Ambos;2018;Demais meios especificados;51;0.35;0.33
BA;Bahia;Ambos;2018;Meios não especificados;148;1.01;0.97
BA;Bahia;Ambos;2019;Arma de fogo;4596;31.28;29.94
BA;Bahia;Ambos;2019;Arma branca ou objeto contundente;820;5.58;5.46
BA;Bahia;Ambos;2019;Estrangulamento;33;0.22;0.21
BA;Bahia;Ambos;2019;Força corporal;63;0.43;0.43
BA;Bahia;Ambos;2019;Demais meios especificados;83;0.56;0.55
BA;Bahia;Ambos;2019;Meios não especificados;124;0.84;0.82
BA;Bahia;Ambos;2020;Arma de fogo;5088;34.5;33.47
BA;Bahia;Ambos;2020;Arma branca ou objeto contundente;903;6.12;5.96
BA;Bahia;Ambos;2020;Estrangulamento;60;0.41;0.39
BA;Bahia;Ambos;2020;Força corporal;83;0.56;0.53
BA;Bahia;Ambos;2020;Demais meios especificados;70;0.47;0.45
BA;Bahia;Ambos;2020;Meios não especificados;132;0.9;0.85
BA;Bahia;Ambos;2021;Arma de fogo;5294;35.8;34.95
BA;Bahia;Ambos;2021;Arma branca ou objeto contundente;856;5.79;5.64
BA;Bahia;Ambos;2021;Estrangulamento;45;0.3;0.31
BA;Bahia;Ambos;2021;Força corporal;63;0.43;0.43
BA;Bahia;Ambos;2021;Demais meios especificados;49;0.33;0.31
BA;Bahia;Ambos;2021;Meios não especificados;154;1.04;0.96
BA;Bahia;Ambos;2022;Arma de fogo;4825;32.58;32.06
BA;Bahia;Ambos;2022;Arma branca ou objeto contundente;891;6.02;5.88
BA;Bahia;Ambos;2022;Estrangulamento;44;0.3;0.28
BA;Bahia;Ambos;2022;Força corporal;80;0.54;0.53
BA;Bahia;Ambos;2022;Demais meios especificados;57;0.38;0.38
BA;Bahia;Ambos;2022;Meios não especificados;94;0.63;0.61
BA;Bahia;Ambos;2023;Arma de fogo;4742;31.98;31.78
BA;Bahia;Ambos;2023;Arma branca ou objeto contundente;805;5.43;5.29
BA;Bahia;Ambos;2023;Estrangulamento;53;0.36;0.35
BA;Bahia;Ambos;2023;Força corporal;86;0.58;0.57
BA;Bahia;Ambos;2023;Demais meios especificados;52;0.35;0.35
BA;Bahia;Ambos;2023;Meios não especificados;91;0.61;0.58
BA;Bahia;Ambos;2024;Arma de fogo;3791;25.53;25.65
BA;Bahia;Ambos;2024;Arma branca ou objeto contundente;820;5.52;5.43
BA;Bahia;Ambos;2024;Estrangulamento;38;0.26;0.25
BA;Bahia;Ambos;2024;Força corporal;112;0.75;0.72
BA;Bahia;Ambos;2024;Demais meios especificados;58;0.39;0.38
BA;Bahia;Ambos;2024;Meios não especificados;103;0.69;0.67
BA;Bahia;Ambos;2025;Arma de fogo;3680;24.75;25.09
BA;Bahia;Ambos;2025;Arma branca ou objeto contundente;719;4.83;4.75
BA;Bahia;Ambos;2025;Estrangulamento;35;0.24;0.24
BA;Bahia;Ambos;2025;Força corporal;66;0.44;0.44
BA;Bahia;Ambos;2025;Demais meios especificados;63;0.42;0.41
BA;Bahia;Ambos;2025;Meios não especificados;71;0.48;0.47
BA;Bahia;Homens;2000;Arma de fogo;705;10.85;10.84
BA;Bahia;Homens;2000;Arma branca ou objeto contundente;274;4.22;4.54
BA;Bahia;Homens;2000;Estrangulamento;7;0.11;0.13
BA;Bahia;Homens;2000;Força corporal;10;0.15;0.19
BA;Bahia;Homens;2000;Demais meios especificados;7;0.11;0.15
BA;Bahia;Homens;2000;Meios não especificados;105;1.62;1.89
BA;Bahia;Homens;2001;Arma de fogo;1079;16.46;15.6
BA;Bahia;Homens;2001;Arma branca ou objeto contundente;267;4.07;4.28
BA;Bahia;Homens;2001;Estrangulamento;12;0.18;0.21
BA;Bahia;Homens;2001;Força corporal;14;0.21;0.27
BA;Bahia;Homens;2001;Demais meios especificados;19;0.29;0.36
BA;Bahia;Homens;2001;Meios não especificados;109;1.66;1.93
BA;Bahia;Homens;2002;Arma de fogo;1159;17.53;16.33
BA;Bahia;Homens;2002;Arma branca ou objeto contundente;295;4.46;4.75
BA;Bahia;Homens;2002;Estrangulamento;9;0.14;0.14
BA;Bahia;Homens;2002;Força corporal;13;0.2;0.23
BA;Bahia;Homens;2002;Demais meios especificados;14;0.21;0.23
BA;Bahia;Homens;2002;Meios não especificados;144;2.18;2.44
BA;Bahia;Homens;2003;Arma de fogo;1520;22.81;21.03
BA;Bahia;Homens;2003;Arma branca ou objeto contundente;313;4.7;4.69
BA;Bahia;Homens;2003;Estrangulamento;16;0.24;0.27
BA;Bahia;Homens;2003;Força corporal;13;0.2;0.23
BA;Bahia;Homens;2003;Demais meios especificados;15;0.23;0.22
BA;Bahia;Homens;2003;Meios não especificados;135;2.03;2.09
BA;Bahia;Homens;2004;Arma de fogo;1511;22.51;20.7
BA;Bahia;Homens;2004;Arma branca ou objeto contundente;394;5.87;6.24
BA;Bahia;Homens;2004;Estrangulamento;10;0.15;0.19
BA;Bahia;Homens;2004;Força corporal;17;0.25;0.3
BA;Bahia;Homens;2004;Demais meios especificados;14;0.21;0.21
BA;Bahia;Homens;2004;Meios não especificados;117;1.74;1.91
BA;Bahia;Homens;2005;Arma de fogo;1908;28.23;25.25
BA;Bahia;Homens;2005;Arma branca ou objeto contundente;486;7.19;7.7
BA;Bahia;Homens;2005;Estrangulamento;23;0.34;0.38
BA;Bahia;Homens;2005;Força corporal;32;0.47;0.5
BA;Bahia;Homens;2005;Demais meios especificados;43;0.64;0.64
BA;Bahia;Homens;2005;Meios não especificados;112;1.66;1.81
BA;Bahia;Homens;2006;Arma de fogo;2269;33.35;29.79
BA;Bahia;Homens;2006;Arma branca ou objeto contundente;581;8.54;8.73
BA;Bahia;Homens;2006;Estrangulamento;14;0.21;0.21
BA;Bahia;Homens;2006;Força corporal;34;0.5;0.5
BA;Bahia;Homens;2006;Demais meios especificados;29;0.43;0.46
BA;Bahia;Homens;2006;Meios não especificados;115;1.69;1.82
BA;Bahia;Homens;2007;Arma de fogo;2565;37.49;33.44
BA;Bahia;Homens;2007;Arma branca ou objeto contundente;585;8.55;8.59
BA;Bahia;Homens;2007;Estrangulamento;26;0.38;0.35
BA;Bahia;Homens;2007;Força corporal;42;0.61;0.71
BA;Bahia;Homens;2007;Demais meios especificados;38;0.56;0.58
BA;Bahia;Homens;2007;Meios não especificados;121;1.77;1.89
BA;Bahia;Homens;2008;Arma de fogo;3620;52.61;46.1
BA;Bahia;Homens;2008;Arma branca ou objeto contundente;644;9.36;9.22
BA;Bahia;Homens;2008;Estrangulamento;15;0.22;0.25
BA;Bahia;Homens;2008;Força corporal;28;0.41;0.45
BA;Bahia;Homens;2008;Demais meios especificados;43;0.62;0.69
BA;Bahia;Homens;2008;Meios não especificados;105;1.53;1.45
BA;Bahia;Homens;2009;Arma de fogo;4136;59.8;52.12
BA;Bahia;Homens;2009;Arma branca ou objeto contundente;705;10.19;9.88
BA;Bahia;Homens;2009;Estrangulamento;21;0.3;0.32
BA;Bahia;Homens;2009;Força corporal;25;0.36;0.41
BA;Bahia;Homens;2009;Demais meios especificados;37;0.53;0.51
BA;Bahia;Homens;2009;Meios não especificados;108;1.56;1.64
BA;Bahia;Homens;2010;Arma de fogo;4201;60.5;53.63
BA;Bahia;Homens;2010;Arma branca ou objeto contundente;784;11.29;10.98
BA;Bahia;Homens;2010;Estrangulamento;46;0.66;0.54
BA;Bahia;Homens;2010;Força corporal;41;0.59;0.63
BA;Bahia;Homens;2010;Demais meios especificados;64;0.92;0.92
BA;Bahia;Homens;2010;Meios não especificados;177;2.55;2.43
BA;Bahia;Homens;2011;Arma de fogo;3913;56.18;50.27
BA;Bahia;Homens;2011;Arma branca ou objeto contundente;761;10.93;10.42
BA;Bahia;Homens;2011;Estrangulamento;47;0.67;0.68
BA;Bahia;Homens;2011;Força corporal;26;0.37;0.38
BA;Bahia;Homens;2011;Demais meios especificados;120;1.72;1.65
BA;Bahia;Homens;2011;Meios não especificados;142;2.04;1.86
BA;Bahia;Homens;2012;Arma de fogo;4329;61.94;55.82
BA;Bahia;Homens;2012;Arma branca ou objeto contundente;801;11.46;10.81
BA;Bahia;Homens;2012;Estrangulamento;46;0.66;0.57
BA;Bahia;Homens;2012;Força corporal;63;0.9;0.92
BA;Bahia;Homens;2012;Demais meios especificados;76;1.09;1.08
BA;Bahia;Homens;2012;Meios não especificados;181;2.59;2.43
BA;Bahia;Homens;2013;Arma de fogo;4039;57.58;52.51
BA;Bahia;Homens;2013;Arma branca ou objeto contundente;754;10.75;10.44
BA;Bahia;Homens;2013;Estrangulamento;42;0.6;0.54
BA;Bahia;Homens;2013;Força corporal;56;0.8;0.77
BA;Bahia;Homens;2013;Demais meios especificados;87;1.24;1.29
BA;Bahia;Homens;2013;Meios não especificados;144;2.05;1.82
BA;Bahia;Homens;2014;Arma de fogo;4451;63.23;57.82
BA;Bahia;Homens;2014;Arma branca ou objeto contundente;771;10.95;10.49
BA;Bahia;Homens;2014;Estrangulamento;40;0.57;0.53
BA;Bahia;Homens;2014;Força corporal;56;0.8;0.87
BA;Bahia;Homens;2014;Demais meios especificados;61;0.87;0.9
BA;Bahia;Homens;2014;Meios não especificados;145;2.06;1.99
BA;Bahia;Homens;2015;Arma de fogo;4330;61.28;56.86
BA;Bahia;Homens;2015;Arma branca ou objeto contundente;689;9.75;9.63
BA;Bahia;Homens;2015;Estrangulamento;47;0.67;0.61
BA;Bahia;Homens;2015;Força corporal;62;0.88;0.91
BA;Bahia;Homens;2015;Demais meios especificados;60;0.85;0.88
BA;Bahia;Homens;2015;Meios não especificados;206;2.92;2.77
BA;Bahia;Homens;2016;Arma de fogo;5188;73.16;68.21
BA;Bahia;Homens;2016;Arma branca ou objeto contundente;801;11.3;11
BA;Bahia;Homens;2016;Estrangulamento;37;0.52;0.5
BA;Bahia;Homens;2016;Força corporal;96;1.35;1.38
BA;Bahia;Homens;2016;Demais meios especificados;73;1.03;1.03
BA;Bahia;Homens;2016;Meios não especificados;174;2.45;2.38
BA;Bahia;Homens;2017;Arma de fogo;5136;72.21;67.55
BA;Bahia;Homens;2017;Arma branca ou objeto contundente;917;12.89;12.53
BA;Bahia;Homens;2017;Estrangulamento;41;0.58;0.61
BA;Bahia;Homens;2017;Força corporal;64;0.9;0.93
BA;Bahia;Homens;2017;Demais meios especificados;50;0.7;0.67
BA;Bahia;Homens;2017;Meios não especificados;165;2.32;2.24
BA;Bahia;Homens;2018;Arma de fogo;4714;66.06;62.25
BA;Bahia;Homens;2018;Arma branca ou objeto contundente;752;10.54;10.41
BA;Bahia;Homens;2018;Estrangulamento;34;0.48;0.48
BA;Bahia;Homens;2018;Força corporal;82;1.15;1.17
BA;Bahia;Homens;2018;Demais meios especificados;41;0.57;0.55
BA;Bahia;Homens;2018;Meios não especificados;125;1.75;1.68
BA;Bahia;Homens;2019;Arma de fogo;4343;60.63;57.61
BA;Bahia;Homens;2019;Arma branca ou objeto contundente;708;9.88;9.71
BA;Bahia;Homens;2019;Estrangulamento;20;0.28;0.28
BA;Bahia;Homens;2019;Força corporal;58;0.81;0.82
BA;Bahia;Homens;2019;Demais meios especificados;75;1.05;1.04
BA;Bahia;Homens;2019;Meios não especificados;115;1.61;1.56
BA;Bahia;Homens;2020;Arma de fogo;4808;66.91;64.4
BA;Bahia;Homens;2020;Arma branca ou objeto contundente;787;10.95;10.78
BA;Bahia;Homens;2020;Estrangulamento;47;0.65;0.63
BA;Bahia;Homens;2020;Força corporal;75;1.04;1.01
BA;Bahia;Homens;2020;Demais meios especificados;53;0.74;0.71
BA;Bahia;Homens;2020;Meios não especificados;120;1.67;1.59
BA;Bahia;Homens;2021;Arma de fogo;5001;69.45;67.21
BA;Bahia;Homens;2021;Arma branca ou objeto contundente;741;10.29;10.09
BA;Bahia;Homens;2021;Estrangulamento;32;0.44;0.45
BA;Bahia;Homens;2021;Força corporal;54;0.75;0.76
BA;Bahia;Homens;2021;Demais meios especificados;35;0.49;0.45
BA;Bahia;Homens;2021;Meios não especificados;137;1.9;1.77
BA;Bahia;Homens;2022;Arma de fogo;4556;63.22;61.57
BA;Bahia;Homens;2022;Arma branca ou objeto contundente;779;10.81;10.59
BA;Bahia;Homens;2022;Estrangulamento;36;0.5;0.47
BA;Bahia;Homens;2022;Força corporal;74;1.03;1.03
BA;Bahia;Homens;2022;Demais meios especificados;46;0.64;0.65
BA;Bahia;Homens;2022;Meios não especificados;84;1.17;1.11
BA;Bahia;Homens;2023;Arma de fogo;4441;61.58;60.52
BA;Bahia;Homens;2023;Arma branca ou objeto contundente;692;9.6;9.44
BA;Bahia;Homens;2023;Estrangulamento;38;0.53;0.53
BA;Bahia;Homens;2023;Força corporal;80;1.11;1.1
BA;Bahia;Homens;2023;Demais meios especificados;35;0.49;0.49
BA;Bahia;Homens;2023;Meios não especificados;78;1.08;1.02
BA;Bahia;Homens;2024;Arma de fogo;3548;49.15;48.75
BA;Bahia;Homens;2024;Arma branca ou objeto contundente;705;9.77;9.62
BA;Bahia;Homens;2024;Estrangulamento;29;0.4;0.4
BA;Bahia;Homens;2024;Força corporal;100;1.39;1.33
BA;Bahia;Homens;2024;Demais meios especificados;43;0.6;0.57
BA;Bahia;Homens;2024;Meios não especificados;89;1.23;1.18
BA;Bahia;Homens;2025;Arma de fogo;3447;47.71;47.73
BA;Bahia;Homens;2025;Arma branca ou objeto contundente;635;8.79;8.63
BA;Bahia;Homens;2025;Estrangulamento;24;0.33;0.33
BA;Bahia;Homens;2025;Força corporal;59;0.82;0.82
BA;Bahia;Homens;2025;Demais meios especificados;52;0.72;0.71
BA;Bahia;Homens;2025;Meios não especificados;66;0.91;0.91
BA;Bahia;Mulheres;2000;Arma de fogo;59;0.88;0.85
BA;Bahia;Mulheres;2000;Arma branca ou objeto contundente;42;0.62;0.61
BA;Bahia;Mulheres;2000;Estrangulamento;8;0.12;0.15
BA;Bahia;Mulheres;2000;Força corporal;1;0.01;0.03
BA;Bahia;Mulheres;2000;Demais meios especificados;6;0.09;0.1
BA;Bahia;Mulheres;2000;Meios não especificados;16;0.24;0.31
BA;Bahia;Mulheres;2001;Arma de fogo;50;0.74;0.73
BA;Bahia;Mulheres;2001;Arma branca ou objeto contundente;44;0.65;0.77
BA;Bahia;Mulheres;2001;Estrangulamento;6;0.09;0.09
BA;Bahia;Mulheres;2001;Força corporal;2;0.03;0.05
BA;Bahia;Mulheres;2001;Demais meios especificados;5;0.07;0.07
BA;Bahia;Mulheres;2001;Meios não especificados;15;0.22;0.26
BA;Bahia;Mulheres;2002;Arma de fogo;60;0.88;0.8
BA;Bahia;Mulheres;2002;Arma branca ou objeto contundente;39;0.57;0.58
BA;Bahia;Mulheres;2002;Estrangulamento;4;0.06;0.06
BA;Bahia;Mulheres;2002;Força corporal;3;0.04;0.05
BA;Bahia;Mulheres;2002;Demais meios especificados;3;0.04;0.05
BA;Bahia;Mulheres;2002;Meios não especificados;14;0.2;0.21
BA;Bahia;Mulheres;2003;Arma de fogo;68;0.99;0.92
BA;Bahia;Mulheres;2003;Arma branca ou objeto contundente;45;0.65;0.71
BA;Bahia;Mulheres;2003;Estrangulamento;8;0.12;0.1
BA;Bahia;Mulheres;2003;Força corporal;5;0.07;0.09
BA;Bahia;Mulheres;2003;Demais meios especificados;6;0.09;0.07
BA;Bahia;Mulheres;2003;Meios não especificados;20;0.29;0.36
BA;Bahia;Mulheres;2004;Arma de fogo;78;1.12;1.06
BA;Bahia;Mulheres;2004;Arma branca ou objeto contundente;76;1.09;1.16
BA;Bahia;Mulheres;2004;Estrangulamento;10;0.14;0.15
BA;Bahia;Mulheres;2004;Força corporal;4;0.06;0.04
BA;Bahia;Mulheres;2004;Demais meios especificados;5;0.07;0.09
BA;Bahia;Mulheres;2004;Meios não especificados;22;0.32;0.34
BA;Bahia;Mulheres;2005;Arma de fogo;114;1.63;1.54
BA;Bahia;Mulheres;2005;Arma branca ou objeto contundente;61;0.87;0.89
BA;Bahia;Mulheres;2005;Estrangulamento;9;0.13;0.13
BA;Bahia;Mulheres;2005;Força corporal;5;0.07;0.07
BA;Bahia;Mulheres;2005;Demais meios especificados;8;0.11;0.11
BA;Bahia;Mulheres;2005;Meios não especificados;14;0.2;0.24
BA;Bahia;Mulheres;2006;Arma de fogo;131;1.86;1.75
BA;Bahia;Mulheres;2006;Arma branca ou objeto contundente;74;1.05;1.07
BA;Bahia;Mulheres;2006;Estrangulamento;8;0.11;0.12
BA;Bahia;Mulheres;2006;Força corporal;2;0.03;0.03
BA;Bahia;Mulheres;2006;Demais meios especificados;10;0.14;0.13
BA;Bahia;Mulheres;2006;Meios não especificados;18;0.26;0.27
BA;Bahia;Mulheres;2007;Arma de fogo;133;1.87;1.75
BA;Bahia;Mulheres;2007;Arma branca ou objeto contundente;78;1.1;1.08
BA;Bahia;Mulheres;2007;Estrangulamento;11;0.15;0.17
BA;Bahia;Mulheres;2007;Força corporal;6;0.08;0.08
BA;Bahia;Mulheres;2007;Demais meios especificados;10;0.14;0.14
BA;Bahia;Mulheres;2007;Meios não especificados;11;0.15;0.19
BA;Bahia;Mulheres;2008;Arma de fogo;193;2.7;2.46
BA;Bahia;Mulheres;2008;Arma branca ou objeto contundente;81;1.13;1.08
BA;Bahia;Mulheres;2008;Estrangulamento;15;0.21;0.21
BA;Bahia;Mulheres;2008;Força corporal;4;0.06;0.06
BA;Bahia;Mulheres;2008;Demais meios especificados;5;0.07;0.05
BA;Bahia;Mulheres;2008;Meios não especificados;16;0.22;0.21
BA;Bahia;Mulheres;2009;Arma de fogo;220;3.05;2.78
BA;Bahia;Mulheres;2009;Arma branca ou objeto contundente;91;1.26;1.31
BA;Bahia;Mulheres;2009;Estrangulamento;13;0.18;0.19
BA;Bahia;Mulheres;2009;Demais meios especificados;7;0.1;0.1
BA;Bahia;Mulheres;2009;Meios não especificados;12;0.17;0.15
BA;Bahia;Mulheres;2010;Arma de fogo;235;3.24;2.94
BA;Bahia;Mulheres;2010;Arma branca ou objeto contundente;145;2;1.93
BA;Bahia;Mulheres;2010;Estrangulamento;12;0.17;0.17
BA;Bahia;Mulheres;2010;Força corporal;5;0.07;0.08
BA;Bahia;Mulheres;2010;Demais meios especificados;11;0.15;0.15
BA;Bahia;Mulheres;2010;Meios não especificados;27;0.37;0.36
BA;Bahia;Mulheres;2011;Arma de fogo;250;3.44;3.23
BA;Bahia;Mulheres;2011;Arma branca ou objeto contundente;124;1.71;1.64
BA;Bahia;Mulheres;2011;Estrangulamento;19;0.26;0.24
BA;Bahia;Mulheres;2011;Força corporal;5;0.07;0.08
BA;Bahia;Mulheres;2011;Demais meios especificados;24;0.33;0.32
BA;Bahia;Mulheres;2011;Meios não especificados;22;0.3;0.29
BA;Bahia;Mulheres;2012;Arma de fogo;262;3.59;3.35
BA;Bahia;Mulheres;2012;Arma branca ou objeto contundente;113;1.55;1.53
BA;Bahia;Mulheres;2012;Estrangulamento;21;0.29;0.27
BA;Bahia;Mulheres;2012;Força corporal;7;0.1;0.09
BA;Bahia;Mulheres;2012;Demais meios especificados;10;0.14;0.14
BA;Bahia;Mulheres;2012;Meios não especificados;20;0.27;0.27
BA;Bahia;Mulheres;2013;Arma de fogo;241;3.28;3.06
BA;Bahia;Mulheres;2013;Arma branca ou objeto contundente;120;1.64;1.56
BA;Bahia;Mulheres;2013;Estrangulamento;15;0.2;0.19
BA;Bahia;Mulheres;2013;Demais meios especificados;22;0.3;0.3
BA;Bahia;Mulheres;2013;Meios não especificados;23;0.31;0.29
BA;Bahia;Mulheres;2014;Arma de fogo;216;2.93;2.84
BA;Bahia;Mulheres;2014;Arma branca ou objeto contundente;110;1.49;1.42
BA;Bahia;Mulheres;2014;Estrangulamento;17;0.23;0.23
BA;Bahia;Mulheres;2014;Força corporal;11;0.15;0.16
BA;Bahia;Mulheres;2014;Demais meios especificados;16;0.22;0.23
BA;Bahia;Mulheres;2014;Meios não especificados;15;0.2;0.19
BA;Bahia;Mulheres;2015;Arma de fogo;219;2.96;2.85
BA;Bahia;Mulheres;2015;Arma branca ou objeto contundente;116;1.57;1.51
BA;Bahia;Mulheres;2015;Estrangulamento;11;0.15;0.14
BA;Bahia;Mulheres;2015;Força corporal;7;0.09;0.09
BA;Bahia;Mulheres;2015;Demais meios especificados;15;0.2;0.2
BA;Bahia;Mulheres;2015;Meios não especificados;14;0.19;0.17
BA;Bahia;Mulheres;2016;Arma de fogo;261;3.51;3.37
BA;Bahia;Mulheres;2016;Arma branca ou objeto contundente;121;1.63;1.61
BA;Bahia;Mulheres;2016;Estrangulamento;18;0.24;0.23
BA;Bahia;Mulheres;2016;Força corporal;9;0.12;0.12
BA;Bahia;Mulheres;2016;Demais meios especificados;14;0.19;0.18
BA;Bahia;Mulheres;2016;Meios não especificados;13;0.17;0.17
BA;Bahia;Mulheres;2017;Arma de fogo;286;3.83;3.65
BA;Bahia;Mulheres;2017;Arma branca ou objeto contundente;139;1.86;1.8
BA;Bahia;Mulheres;2017;Estrangulamento;15;0.2;0.2
BA;Bahia;Mulheres;2017;Força corporal;5;0.07;0.07
BA;Bahia;Mulheres;2017;Demais meios especificados;17;0.23;0.23
BA;Bahia;Mulheres;2017;Meios não especificados;24;0.32;0.32
BA;Bahia;Mulheres;2018;Arma de fogo;257;3.43;3.32
BA;Bahia;Mulheres;2018;Arma branca ou objeto contundente;121;1.61;1.57
BA;Bahia;Mulheres;2018;Estrangulamento;12;0.16;0.16
BA;Bahia;Mulheres;2018;Força corporal;4;0.05;0.05
BA;Bahia;Mulheres;2018;Demais meios especificados;10;0.13;0.13
BA;Bahia;Mulheres;2018;Meios não especificados;23;0.31;0.3
BA;Bahia;Mulheres;2019;Arma de fogo;250;3.32;3.25
BA;Bahia;Mulheres;2019;Arma branca ou objeto contundente;111;1.47;1.44
BA;Bahia;Mulheres;2019;Estrangulamento;13;0.17;0.15
BA;Bahia;Mulheres;2019;Força corporal;5;0.07;0.06
BA;Bahia;Mulheres;2019;Demais meios especificados;7;0.09;0.09
BA;Bahia;Mulheres;2019;Meios não especificados;9;0.12;0.12
BA;Bahia;Mulheres;2020;Arma de fogo;279;3.69;3.63
BA;Bahia;Mulheres;2020;Arma branca ou objeto contundente;113;1.49;1.44
BA;Bahia;Mulheres;2020;Estrangulamento;13;0.17;0.17
BA;Bahia;Mulheres;2020;Força corporal;8;0.11;0.09
BA;Bahia;Mulheres;2020;Demais meios especificados;17;0.22;0.21
BA;Bahia;Mulheres;2020;Meios não especificados;11;0.15;0.14
BA;Bahia;Mulheres;2021;Arma de fogo;292;3.85;3.78
BA;Bahia;Mulheres;2021;Arma branca ou objeto contundente;114;1.5;1.47
BA;Bahia;Mulheres;2021;Estrangulamento;13;0.17;0.17
BA;Bahia;Mulheres;2021;Força corporal;9;0.12;0.12
BA;Bahia;Mulheres;2021;Demais meios especificados;14;0.18;0.18
BA;Bahia;Mulheres;2021;Meios não especificados;17;0.22;0.2
BA;Bahia;Mulheres;2022;Arma de fogo;266;3.5;3.49
BA;Bahia;Mulheres;2022;Arma branca ou objeto contundente;111;1.46;1.45
BA;Bahia;Mulheres;2022;Estrangulamento;8;0.11;0.1
BA;Bahia;Mulheres;2022;Força corporal;5;0.07;0.07
BA;Bahia;Mulheres;2022;Demais meios especificados;11;0.14;0.13
BA;Bahia;Mulheres;2022;Meios não especificados;10;0.13;0.13
BA;Bahia;Mulheres;2023;Arma de fogo;298;3.91;3.92
BA;Bahia;Mulheres;2023;Arma branca ou objeto contundente;110;1.44;1.42
BA;Bahia;Mulheres;2023;Estrangulamento;15;0.2;0.19
BA;Bahia;Mulheres;2023;Força corporal;6;0.08;0.08
BA;Bahia;Mulheres;2023;Demais meios especificados;17;0.22;0.23
BA;Bahia;Mulheres;2023;Meios não especificados;13;0.17;0.17
BA;Bahia;Mulheres;2024;Arma de fogo;243;3.18;3.24
BA;Bahia;Mulheres;2024;Arma branca ou objeto contundente;114;1.49;1.49
BA;Bahia;Mulheres;2024;Estrangulamento;9;0.12;0.12
BA;Bahia;Mulheres;2024;Força corporal;12;0.16;0.15
BA;Bahia;Mulheres;2024;Demais meios especificados;15;0.2;0.2
BA;Bahia;Mulheres;2024;Meios não especificados;14;0.18;0.18
BA;Bahia;Mulheres;2025;Arma de fogo;226;2.96;3.02
BA;Bahia;Mulheres;2025;Arma branca ou objeto contundente;84;1.1;1.1
BA;Bahia;Mulheres;2025;Estrangulamento;11;0.14;0.15
BA;Bahia;Mulheres;2025;Força corporal;7;0.09;0.09
BA;Bahia;Mulheres;2025;Demais meios especificados;11;0.14;0.14
BA;Bahia;Mulheres;2025;Meios não especificados;5;0.07;0.06
CE;Ceará;Ambos;2000;Arma de fogo;657;8.52;9.17
CE;Ceará;Ambos;2000;Arma branca ou objeto contundente;446;5.78;6.26
CE;Ceará;Ambos;2000;Estrangulamento;6;0.08;0.09
CE;Ceará;Ambos;2000;Força corporal;11;0.14;0.16
CE;Ceará;Ambos;2000;Demais meios especificados;50;0.65;0.72
CE;Ceará;Ambos;2000;Meios não especificados;62;0.8;0.97
CE;Ceará;Ambos;2001;Arma de fogo;638;8.16;8.65
CE;Ceará;Ambos;2001;Arma branca ou objeto contundente;524;6.7;7.34
CE;Ceará;Ambos;2001;Estrangulamento;6;0.08;0.09
CE;Ceará;Ambos;2001;Força corporal;10;0.13;0.16
CE;Ceará;Ambos;2001;Demais meios especificados;44;0.56;0.6
CE;Ceará;Ambos;2001;Meios não especificados;62;0.79;0.86
CE;Ceará;Ambos;2002;Arma de fogo;741;9.37;9.69
CE;Ceará;Ambos;2002;Arma branca ou objeto contundente;576;7.28;7.92
CE;Ceará;Ambos;2002;Estrangulamento;16;0.2;0.21
CE;Ceará;Ambos;2002;Força corporal;17;0.21;0.28
CE;Ceará;Ambos;2002;Demais meios especificados;37;0.47;0.54
CE;Ceará;Ambos;2002;Meios não especificados;57;0.72;0.82
CE;Ceará;Ambos;2003;Arma de fogo;846;10.57;11.13
CE;Ceará;Ambos;2003;Arma branca ou objeto contundente;551;6.89;7.39
CE;Ceará;Ambos;2003;Estrangulamento;10;0.12;0.13
CE;Ceará;Ambos;2003;Força corporal;26;0.32;0.38
CE;Ceará;Ambos;2003;Demais meios especificados;44;0.55;0.66
CE;Ceará;Ambos;2003;Meios não especificados;85;1.06;1.27
CE;Ceará;Ambos;2004;Arma de fogo;916;11.33;11.47
CE;Ceará;Ambos;2004;Arma branca ou objeto contundente;503;6.22;6.69
CE;Ceará;Ambos;2004;Estrangulamento;8;0.1;0.12
CE;Ceará;Ambos;2004;Força corporal;35;0.43;0.53
CE;Ceará;Ambos;2004;Demais meios especificados;68;0.84;0.91
CE;Ceará;Ambos;2004;Meios não especificados;52;0.64;0.69
CE;Ceará;Ambos;2005;Arma de fogo;1012;12.39;12.24
CE;Ceará;Ambos;2005;Arma branca ou objeto contundente;533;6.53;6.82
CE;Ceará;Ambos;2005;Estrangulamento;17;0.21;0.22
CE;Ceará;Ambos;2005;Força corporal;36;0.44;0.51
CE;Ceará;Ambos;2005;Demais meios especificados;34;0.42;0.48
CE;Ceará;Ambos;2005;Meios não especificados;65;0.8;0.86
CE;Ceará;Ambos;2006;Arma de fogo;1060;12.85;12.45
CE;Ceará;Ambos;2006;Arma branca ou objeto contundente;545;6.61;7.03
CE;Ceará;Ambos;2006;Estrangulamento;17;0.21;0.26
CE;Ceará;Ambos;2006;Força corporal;44;0.53;0.62
CE;Ceará;Ambos;2006;Demais meios especificados;70;0.85;0.95
CE;Ceará;Ambos;2006;Meios não especificados;56;0.68;0.73
CE;Ceará;Ambos;2007;Arma de fogo;1224;14.7;14.11
CE;Ceará;Ambos;2007;Arma branca ou objeto contundente;545;6.54;6.8
CE;Ceará;Ambos;2007;Estrangulamento;19;0.23;0.23
CE;Ceará;Ambos;2007;Força corporal;47;0.56;0.62
CE;Ceará;Ambos;2007;Demais meios especificados;41;0.49;0.54
CE;Ceará;Ambos;2007;Meios não especificados;56;0.67;0.71
CE;Ceará;Ambos;2008;Arma de fogo;1332;15.85;15.15
CE;Ceará;Ambos;2008;Arma branca ou objeto contundente;529;6.3;6.43
CE;Ceará;Ambos;2008;Estrangulamento;21;0.25;0.25
CE;Ceará;Ambos;2008;Força corporal;56;0.67;0.71
CE;Ceará;Ambos;2008;Demais meios especificados;37;0.44;0.48
CE;Ceará;Ambos;2008;Meios não especificados;44;0.52;0.56
CE;Ceará;Ambos;2009;Arma de fogo;1511;17.83;16.87
CE;Ceará;Ambos;2009;Arma branca ou objeto contundente;549;6.48;6.76
CE;Ceará;Ambos;2009;Estrangulamento;17;0.2;0.2
CE;Ceará;Ambos;2009;Força corporal;26;0.31;0.32
CE;Ceará;Ambos;2009;Demais meios especificados;29;0.34;0.39
CE;Ceará;Ambos;2009;Meios não especificados;32;0.38;0.39
CE;Ceará;Ambos;2010;Arma de fogo;2057;24.09;22.7
CE;Ceará;Ambos;2010;Arma branca ou objeto contundente;540;6.32;6.48
CE;Ceará;Ambos;2010;Estrangulamento;18;0.21;0.23
CE;Ceará;Ambos;2010;Força corporal;20;0.23;0.24
CE;Ceará;Ambos;2010;Demais meios especificados;39;0.46;0.5
CE;Ceará;Ambos;2010;Meios não especificados;13;0.15;0.18
CE;Ceará;Ambos;2011;Arma de fogo;2063;24.01;22.25
CE;Ceará;Ambos;2011;Arma branca ou objeto contundente;627;7.3;7.32
CE;Ceará;Ambos;2011;Estrangulamento;15;0.17;0.18
CE;Ceará;Ambos;2011;Força corporal;15;0.17;0.18
CE;Ceará;Ambos;2011;Demais meios especificados;50;0.58;0.6
CE;Ceará;Ambos;2011;Meios não especificados;20;0.23;0.25
CE;Ceará;Ambos;2012;Arma de fogo;3135;36.26;33.1
CE;Ceará;Ambos;2012;Arma branca ou objeto contundente;577;6.67;6.63
CE;Ceará;Ambos;2012;Estrangulamento;18;0.21;0.2
CE;Ceará;Ambos;2012;Força corporal;41;0.47;0.47
CE;Ceará;Ambos;2012;Demais meios especificados;39;0.45;0.5
CE;Ceará;Ambos;2012;Meios não especificados;31;0.36;0.37
CE;Ceará;Ambos;2013;Arma de fogo;3655;42.01;38.36
CE;Ceará;Ambos;2013;Arma branca ou objeto contundente;670;7.7;7.61
CE;Ceará;Ambos;2013;Estrangulamento;31;0.36;0.38
CE;Ceará;Ambos;2013;Força corporal;64;0.74;0.75
CE;Ceará;Ambos;2013;Demais meios especificados;29;0.33;0.35
CE;Ceará;Ambos;2013;Meios não especificados;24;0.28;0.29
CE;Ceará;Ambos;2014;Arma de fogo;3795;43.34;39.29
CE;Ceará;Ambos;2014;Arma branca ou objeto contundente;649;7.41;7.36
CE;Ceará;Ambos;2014;Estrangulamento;30;0.34;0.34
CE;Ceará;Ambos;2014;Força corporal;34;0.39;0.4
CE;Ceará;Ambos;2014;Demais meios especificados;31;0.35;0.35
CE;Ceará;Ambos;2014;Meios não especificados;86;0.98;0.97
CE;Ceará;Ambos;2015;Arma de fogo;3393;38.49;35.2
CE;Ceará;Ambos;2015;Arma branca ou objeto contundente;605;6.86;6.93
CE;Ceará;Ambos;2015;Estrangulamento;23;0.26;0.26
CE;Ceará;Ambos;2015;Força corporal;50;0.57;0.58
CE;Ceará;Ambos;2015;Demais meios especificados;45;0.51;0.53
CE;Ceará;Ambos;2015;Meios não especificados;47;0.53;0.54
CE;Ceará;Ambos;2016;Arma de fogo;2908;32.77;30.47
CE;Ceará;Ambos;2016;Arma branca ou objeto contundente;554;6.24;6.19
CE;Ceará;Ambos;2016;Estrangulamento;29;0.33;0.32
CE;Ceará;Ambos;2016;Força corporal;57;0.64;0.63
CE;Ceará;Ambos;2016;Demais meios especificados;58;0.65;0.68
CE;Ceará;Ambos;2016;Meios não especificados;31;0.35;0.33
CE;Ceará;Ambos;2017;Arma de fogo;4698;52.64;48.88
CE;Ceará;Ambos;2017;Arma branca ou objeto contundente;524;5.87;5.69
CE;Ceará;Ambos;2017;Estrangulamento;39;0.44;0.42
CE;Ceará;Ambos;2017;Força corporal;57;0.64;0.64
CE;Ceará;Ambos;2017;Demais meios especificados;79;0.89;0.89
CE;Ceará;Ambos;2017;Meios não especificados;35;0.39;0.38
CE;Ceará;Ambos;2018;Arma de fogo;4204;46.83;44.1
CE;Ceará;Ambos;2018;Arma branca ou objeto contundente;507;5.65;5.57
CE;Ceará;Ambos;2018;Estrangulamento;39;0.43;0.43
CE;Ceará;Ambos;2018;Força corporal;9;0.1;0.11
CE;Ceará;Ambos;2018;Demais meios especificados;101;1.13;1.16
CE;Ceará;Ambos;2018;Meios não especificados;33;0.37;0.37
CE;Ceará;Ambos;2019;Arma de fogo;1900;21.03;19.94
CE;Ceará;Ambos;2019;Arma branca ou objeto contundente;373;4.13;4.09
CE;Ceará;Ambos;2019;Estrangulamento;8;0.09;0.09
CE;Ceará;Ambos;2019;Força corporal;15;0.17;0.17
CE;Ceará;Ambos;2019;Demais meios especificados;62;0.69;0.7
CE;Ceará;Ambos;2019;Meios não especificados;41;0.45;0.44
CE;Ceará;Ambos;2020;Arma de fogo;3443;37.88;36.1
CE;Ceará;Ambos;2020;Arma branca ou objeto contundente;425;4.68;4.61
CE;Ceará;Ambos;2020;Estrangulamento;18;0.2;0.2
CE;Ceará;Ambos;2020;Força corporal;19;0.21;0.21
CE;Ceará;Ambos;2020;Demais meios especificados;22;0.24;0.24
CE;Ceará;Ambos;2020;Meios não especificados;57;0.63;0.62
CE;Ceará;Ambos;2021;Arma de fogo;2973;32.56;31.27
CE;Ceará;Ambos;2021;Arma branca ou objeto contundente;386;4.23;4.21
CE;Ceará;Ambos;2021;Estrangulamento;25;0.27;0.27
CE;Ceará;Ambos;2021;Força corporal;25;0.27;0.28
CE;Ceará;Ambos;2021;Demais meios especificados;41;0.45;0.46
CE;Ceará;Ambos;2021;Meios não especificados;15;0.16;0.16
CE;Ceará;Ambos;2022;Arma de fogo;2480;27.07;26.24
CE;Ceará;Ambos;2022;Arma branca ou objeto contundente;408;4.45;4.42
CE;Ceará;Ambos;2022;Estrangulamento;26;0.28;0.28
CE;Ceará;Ambos;2022;Força corporal;35;0.38;0.39
CE;Ceará;Ambos;2022;Demais meios especificados;54;0.59;0.59
CE;Ceará;Ambos;2022;Meios não especificados;17;0.19;0.19
CE;Ceará;Ambos;2023;Arma de fogo;2519;27.39;26.8
CE;Ceará;Ambos;2023;Arma branca ou objeto contundente;333;3.62;3.61
CE;Ceará;Ambos;2023;Estrangulamento;26;0.28;0.28
CE;Ceará;Ambos;2023;Força corporal;35;0.38;0.39
CE;Ceará;Ambos;2023;Demais meios especificados;35;0.38;0.38
CE;Ceará;Ambos;2023;Meios não especificados;32;0.35;0.35
CE;Ceará;Ambos;2024;Arma de fogo;2698;29.22;28.83
CE;Ceará;Ambos;2024;Arma branca ou objeto contundente;313;3.39;3.38
CE;Ceará;Ambos;2024;Estrangulamento;29;0.31;0.31
CE;Ceará;Ambos;2024;Força corporal;52;0.56;0.56
CE;Ceará;Ambos;2024;Demais meios especificados;38;0.41;0.41
CE;Ceará;Ambos;2024;Meios não especificados;22;0.24;0.24
CE;Ceará;Ambos;2025;Arma de fogo;2136;23.04;22.94
CE;Ceará;Ambos;2025;Arma branca ou objeto contundente;301;3.25;3.22
CE;Ceará;Ambos;2025;Estrangulamento;17;0.18;0.18
CE;Ceará;Ambos;2025;Força corporal;52;0.56;0.56
CE;Ceará;Ambos;2025;Demais meios especificados;43;0.46;0.47
CE;Ceará;Ambos;2025;Meios não especificados;13;0.14;0.14
CE;Ceará;Homens;2000;Arma de fogo;603;16.02;17.44
CE;Ceará;Homens;2000;Arma branca ou objeto contundente;409;10.87;11.89
CE;Ceará;Homens;2000;Estrangulamento;5;0.13;0.17
CE;Ceará;Homens;2000;Força corporal;11;0.29;0.34
CE;Ceará;Homens;2000;Demais meios especificados;44;1.17;1.29
CE;Ceará;Homens;2000;Meios não especificados;53;1.41;1.71
CE;Ceará;Homens;2001;Arma de fogo;595;15.6;16.74
CE;Ceará;Homens;2001;Arma branca ou objeto contundente;472;12.37;13.68
CE;Ceará;Homens;2001;Estrangulamento;6;0.16;0.19
CE;Ceará;Homens;2001;Força corporal;9;0.24;0.31
CE;Ceará;Homens;2001;Demais meios especificados;31;0.81;0.9
CE;Ceará;Homens;2001;Meios não especificados;57;1.49;1.65
CE;Ceará;Homens;2002;Arma de fogo;692;17.92;18.74
CE;Ceará;Homens;2002;Arma branca ou objeto contundente;522;13.52;14.96
CE;Ceará;Homens;2002;Estrangulamento;10;0.26;0.29
CE;Ceará;Homens;2002;Força corporal;17;0.44;0.58
CE;Ceará;Homens;2002;Demais meios especificados;31;0.8;0.96
CE;Ceará;Homens;2002;Meios não especificados;47;1.22;1.46
CE;Ceará;Homens;2003;Arma de fogo;800;20.49;21.85
CE;Ceará;Homens;2003;Arma branca ou objeto contundente;516;13.22;14.37
CE;Ceará;Homens;2003;Estrangulamento;6;0.15;0.19
CE;Ceará;Homens;2003;Força corporal;20;0.51;0.6
CE;Ceará;Homens;2003;Demais meios especificados;39;1;1.22
CE;Ceará;Homens;2003;Meios não especificados;78;2;2.49
CE;Ceará;Homens;2004;Arma de fogo;865;21.93;22.49
CE;Ceará;Homens;2004;Arma branca ou objeto contundente;463;11.74;12.71
CE;Ceará;Homens;2004;Estrangulamento;4;0.1;0.13
CE;Ceará;Homens;2004;Força corporal;30;0.76;0.91
CE;Ceará;Homens;2004;Demais meios especificados;57;1.45;1.62
CE;Ceará;Homens;2004;Meios não especificados;40;1.01;1.12
CE;Ceará;Homens;2005;Arma de fogo;945;23.73;23.55
CE;Ceará;Homens;2005;Arma branca ou objeto contundente;481;12.08;12.65
CE;Ceará;Homens;2005;Estrangulamento;12;0.3;0.33
CE;Ceará;Homens;2005;Força corporal;27;0.68;0.77
CE;Ceará;Homens;2005;Demais meios especificados;28;0.7;0.84
CE;Ceará;Homens;2005;Meios não especificados;60;1.51;1.63
CE;Ceará;Homens;2006;Arma de fogo;1017;25.29;24.63
CE;Ceará;Homens;2006;Arma branca ou objeto contundente;488;12.13;13.11
CE;Ceará;Homens;2006;Estrangulamento;9;0.22;0.26
CE;Ceará;Homens;2006;Força corporal;38;0.94;1.14
CE;Ceará;Homens;2006;Demais meios especificados;54;1.34;1.57
CE;Ceará;Homens;2006;Meios não especificados;52;1.29;1.42
CE;Ceará;Homens;2007;Arma de fogo;1181;29.1;28.08
CE;Ceará;Homens;2007;Arma branca ou objeto contundente;488;12.02;12.67
CE;Ceará;Homens;2007;Estrangulamento;14;0.34;0.37
CE;Ceará;Homens;2007;Força corporal;41;1.01;1.16
CE;Ceará;Homens;2007;Demais meios especificados;35;0.86;0.98
CE;Ceará;Homens;2007;Meios não especificados;46;1.13;1.17
CE;Ceará;Homens;2008;Arma de fogo;1284;31.37;30.04
CE;Ceará;Homens;2008;Arma branca ou objeto contundente;483;11.8;12.14
CE;Ceará;Homens;2008;Estrangulamento;13;0.32;0.35
CE;Ceará;Homens;2008;Força corporal;53;1.29;1.38
CE;Ceará;Homens;2008;Demais meios especificados;31;0.76;0.85
CE;Ceará;Homens;2008;Meios não especificados;38;0.93;0.97
CE;Ceará;Homens;2009;Arma de fogo;1441;34.91;33.19
CE;Ceará;Homens;2009;Arma branca ou objeto contundente;495;11.99;12.69
CE;Ceará;Homens;2009;Estrangulamento;9;0.22;0.22
CE;Ceará;Homens;2009;Força corporal;22;0.53;0.54
CE;Ceará;Homens;2009;Demais meios especificados;26;0.63;0.76
CE;Ceará;Homens;2009;Meios não especificados;31;0.75;0.78
CE;Ceará;Homens;2010;Arma de fogo;1954;47.01;44.22
CE;Ceará;Homens;2010;Arma branca ou objeto contundente;485;11.67;12.15
CE;Ceará;Homens;2010;Estrangulamento;12;0.29;0.34
CE;Ceará;Homens;2010;Força corporal;17;0.41;0.43
CE;Ceará;Homens;2010;Demais meios especificados;34;0.82;0.93
CE;Ceará;Homens;2010;Meios não especificados;12;0.29;0.35
CE;Ceará;Homens;2011;Arma de fogo;1944;46.48;43.07
CE;Ceará;Homens;2011;Arma branca ou objeto contundente;571;13.65;13.91
CE;Ceará;Homens;2011;Estrangulamento;9;0.22;0.25
CE;Ceará;Homens;2011;Força corporal;15;0.36;0.38
CE;Ceará;Homens;2011;Demais meios especificados;45;1.08;1.13
CE;Ceará;Homens;2011;Meios não especificados;19;0.45;0.48
CE;Ceará;Homens;2012;Arma de fogo;2992;71.11;64.66
CE;Ceará;Homens;2012;Arma branca ou objeto contundente;516;12.26;12.28
CE;Ceará;Homens;2012;Estrangulamento;13;0.31;0.3
CE;Ceará;Homens;2012;Força corporal;38;0.9;0.92
CE;Ceará;Homens;2012;Demais meios especificados;34;0.81;0.91
CE;Ceará;Homens;2012;Meios não especificados;28;0.67;0.71
CE;Ceará;Homens;2013;Arma de fogo;3455;81.62;74.16
CE;Ceará;Homens;2013;Arma branca ou objeto contundente;614;14.5;14.48
CE;Ceará;Homens;2013;Estrangulamento;21;0.5;0.54
CE;Ceará;Homens;2013;Força corporal;60;1.42;1.48
CE;Ceará;Homens;2013;Demais meios especificados;23;0.54;0.61
CE;Ceará;Homens;2013;Meios não especificados;22;0.52;0.56
CE;Ceará;Homens;2014;Arma de fogo;3595;84.41;75.99
CE;Ceará;Homens;2014;Arma branca ou objeto contundente;594;13.95;14.01
CE;Ceará;Homens;2014;Estrangulamento;21;0.49;0.51
CE;Ceará;Homens;2014;Força corporal;29;0.68;0.7
CE;Ceará;Homens;2014;Demais meios especificados;22;0.52;0.52
CE;Ceará;Homens;2014;Meios não especificados;79;1.85;1.87
CE;Ceará;Homens;2015;Arma de fogo;3227;75.27;68.26
CE;Ceará;Homens;2015;Arma branca ou objeto contundente;542;12.64;12.92
CE;Ceará;Homens;2015;Estrangulamento;15;0.35;0.38
CE;Ceará;Homens;2015;Força corporal;43;1;1.04
CE;Ceará;Homens;2015;Demais meios especificados;40;0.93;0.97
CE;Ceará;Homens;2015;Meios não especificados;42;0.98;1
CE;Ceará;Homens;2016;Arma de fogo;2769;64.18;59.25
CE;Ceará;Homens;2016;Arma branca ou objeto contundente;491;11.38;11.38
CE;Ceará;Homens;2016;Estrangulamento;22;0.51;0.52
CE;Ceará;Homens;2016;Força corporal;55;1.27;1.26
CE;Ceará;Homens;2016;Demais meios especificados;53;1.23;1.29
CE;Ceará;Homens;2016;Meios não especificados;29;0.67;0.64
CE;Ceará;Homens;2017;Arma de fogo;4416;101.79;93.67
CE;Ceará;Homens;2017;Arma branca ou objeto contundente;465;10.72;10.38
CE;Ceará;Homens;2017;Estrangulamento;31;0.71;0.68
CE;Ceará;Homens;2017;Força corporal;56;1.29;1.31
CE;Ceará;Homens;2017;Demais meios especificados;60;1.38;1.42
CE;Ceará;Homens;2017;Meios não especificados;30;0.69;0.67
CE;Ceará;Homens;2018;Arma de fogo;3825;87.66;81.87
CE;Ceará;Homens;2018;Arma branca ou objeto contundente;452;10.36;10.29
CE;Ceará;Homens;2018;Estrangulamento;27;0.62;0.62
CE;Ceará;Homens;2018;Força corporal;7;0.16;0.18
CE;Ceará;Homens;2018;Demais meios especificados;76;1.74;1.86
CE;Ceará;Homens;2018;Meios não especificados;31;0.71;0.73
CE;Ceará;Homens;2019;Arma de fogo;1741;39.63;37.25
CE;Ceará;Homens;2019;Arma branca ou objeto contundente;329;7.49;7.49
CE;Ceará;Homens;2019;Estrangulamento;5;0.11;0.12
CE;Ceará;Homens;2019;Força corporal;13;0.3;0.31
CE;Ceará;Homens;2019;Demais meios especificados;56;1.27;1.33
CE;Ceará;Homens;2019;Meios não especificados;35;0.8;0.76
CE;Ceará;Homens;2020;Arma de fogo;3189;72.19;67.89
CE;Ceará;Homens;2020;Arma branca ou objeto contundente;377;8.53;8.44
CE;Ceará;Homens;2020;Estrangulamento;15;0.34;0.33
CE;Ceará;Homens;2020;Força corporal;18;0.41;0.41
CE;Ceará;Homens;2020;Demais meios especificados;19;0.43;0.44
CE;Ceará;Homens;2020;Meios não especificados;47;1.06;1.06
CE;Ceará;Homens;2021;Arma de fogo;2709;61.07;57.85
CE;Ceará;Homens;2021;Arma branca ou objeto contundente;335;7.55;7.53
CE;Ceará;Homens;2021;Estrangulamento;17;0.38;0.39
CE;Ceará;Homens;2021;Força corporal;22;0.5;0.51
CE;Ceará;Homens;2021;Demais meios especificados;34;0.77;0.81
CE;Ceará;Homens;2021;Meios não especificados;13;0.29;0.29
CE;Ceará;Homens;2022;Arma de fogo;2284;51.32;49.02
CE;Ceará;Homens;2022;Arma branca ou objeto contundente;349;7.84;7.76
CE;Ceará;Homens;2022;Estrangulamento;15;0.34;0.35
CE;Ceará;Homens;2022;Força corporal;32;0.72;0.74
CE;Ceará;Homens;2022;Demais meios especificados;50;1.12;1.14
CE;Ceará;Homens;2022;Meios não especificados;15;0.34;0.34
CE;Ceará;Homens;2023;Arma de fogo;2340;52.39;50.49
CE;Ceará;Homens;2023;Arma branca ou objeto contundente;286;6.4;6.4
CE;Ceará;Homens;2023;Estrangulamento;16;0.36;0.36
CE;Ceará;Homens;2023;Força corporal;33;0.74;0.76
CE;Ceará;Homens;2023;Demais meios especificados;28;0.63;0.63
CE;Ceará;Homens;2023;Meios não especificados;29;0.65;0.64
CE;Ceará;Homens;2024;Arma de fogo;2488;55.48;53.84
CE;Ceará;Homens;2024;Arma branca ou objeto contundente;274;6.11;6.14
CE;Ceará;Homens;2024;Estrangulamento;18;0.4;0.4
CE;Ceará;Homens;2024;Força corporal;50;1.11;1.14
CE;Ceará;Homens;2024;Demais meios especificados;34;0.76;0.79
CE;Ceará;Homens;2024;Meios não especificados;19;0.42;0.43
CE;Ceará;Homens;2025;Arma de fogo;1974;43.86;42.95
CE;Ceará;Homens;2025;Arma branca ou objeto contundente;250;5.55;5.52
CE;Ceará;Homens;2025;Estrangulamento;9;0.2;0.2
CE;Ceará;Homens;2025;Força corporal;46;1.02;1.03
CE;Ceará;Homens;2025;Demais meios especificados;41;0.91;0.92
CE;Ceará;Homens;2025;Meios não especificados;11;0.24;0.24
CE;Ceará;Mulheres;2000;Arma de fogo;54;1.37;1.46
CE;Ceará;Mulheres;2000;Arma branca ou objeto contundente;37;0.94;1.01
CE;Ceará;Mulheres;2000;Estrangulamento;1;0.03;0.03
CE;Ceará;Mulheres;2000;Demais meios especificados;6;0.15;0.18
CE;Ceará;Mulheres;2000;Meios não especificados;8;0.2;0.25
CE;Ceará;Mulheres;2001;Arma de fogo;43;1.07;1.11
CE;Ceará;Mulheres;2001;Arma branca ou objeto contundente;52;1.3;1.44
CE;Ceará;Mulheres;2001;Força corporal;1;0.02;0.04
CE;Ceará;Mulheres;2001;Demais meios especificados;13;0.32;0.33
CE;Ceará;Mulheres;2001;Meios não especificados;5;0.12;0.13
CE;Ceará;Mulheres;2002;Arma de fogo;49;1.21;1.24
CE;Ceará;Mulheres;2002;Arma branca ou objeto contundente;54;1.33;1.4
CE;Ceará;Mulheres;2002;Estrangulamento;6;0.15;0.15
CE;Ceará;Mulheres;2002;Demais meios especificados;6;0.15;0.16
CE;Ceará;Mulheres;2002;Meios não especificados;10;0.25;0.24
CE;Ceará;Mulheres;2003;Arma de fogo;46;1.12;1.16
CE;Ceará;Mulheres;2003;Arma branca ou objeto contundente;35;0.85;0.92
CE;Ceará;Mulheres;2003;Estrangulamento;4;0.1;0.07
CE;Ceará;Mulheres;2003;Força corporal;6;0.15;0.16
CE;Ceará;Mulheres;2003;Demais meios especificados;5;0.12;0.14
CE;Ceará;Mulheres;2003;Meios não especificados;7;0.17;0.17
CE;Ceará;Mulheres;2004;Arma de fogo;51;1.23;1.16
CE;Ceará;Mulheres;2004;Arma branca ou objeto contundente;40;0.97;1.09
CE;Ceará;Mulheres;2004;Estrangulamento;4;0.1;0.11
CE;Ceará;Mulheres;2004;Força corporal;5;0.12;0.17
CE;Ceará;Mulheres;2004;Demais meios especificados;11;0.27;0.26
CE;Ceará;Mulheres;2004;Meios não especificados;12;0.29;0.29
CE;Ceará;Mulheres;2005;Arma de fogo;66;1.58;1.6
CE;Ceará;Mulheres;2005;Arma branca ou objeto contundente;52;1.24;1.39
CE;Ceará;Mulheres;2005;Estrangulamento;5;0.12;0.11
CE;Ceará;Mulheres;2005;Força corporal;9;0.22;0.26
CE;Ceará;Mulheres;2005;Demais meios especificados;6;0.14;0.15
CE;Ceará;Mulheres;2005;Meios não especificados;5;0.12;0.14
CE;Ceará;Mulheres;2006;Arma de fogo;43;1.02;1.01
CE;Ceará;Mulheres;2006;Arma branca ou objeto contundente;57;1.35;1.41
CE;Ceará;Mulheres;2006;Estrangulamento;8;0.19;0.25
CE;Ceará;Mulheres;2006;Força corporal;6;0.14;0.14
CE;Ceará;Mulheres;2006;Demais meios especificados;16;0.38;0.39
CE;Ceará;Mulheres;2006;Meios não especificados;4;0.09;0.1
CE;Ceará;Mulheres;2007;Arma de fogo;43;1.01;0.99
CE;Ceará;Mulheres;2007;Arma branca ou objeto contundente;57;1.34;1.36
CE;Ceará;Mulheres;2007;Estrangulamento;5;0.12;0.1
CE;Ceará;Mulheres;2007;Força corporal;5;0.12;0.14
CE;Ceará;Mulheres;2007;Demais meios especificados;6;0.14;0.14
CE;Ceará;Mulheres;2007;Meios não especificados;10;0.23;0.28
CE;Ceará;Mulheres;2008;Arma de fogo;48;1.11;1.14
CE;Ceará;Mulheres;2008;Arma branca ou objeto contundente;46;1.07;1.14
CE;Ceará;Mulheres;2008;Estrangulamento;8;0.19;0.17
CE;Ceará;Mulheres;2008;Força corporal;3;0.07;0.09
CE;Ceará;Mulheres;2008;Demais meios especificados;6;0.14;0.16
CE;Ceará;Mulheres;2008;Meios não especificados;6;0.14;0.17
CE;Ceará;Mulheres;2009;Arma de fogo;68;1.56;1.47
CE;Ceará;Mulheres;2009;Arma branca ou objeto contundente;54;1.24;1.3
CE;Ceará;Mulheres;2009;Estrangulamento;8;0.18;0.18
CE;Ceará;Mulheres;2009;Força corporal;4;0.09;0.11
CE;Ceará;Mulheres;2009;Demais meios especificados;3;0.07;0.06
CE;Ceará;Mulheres;2009;Meios não especificados;1;0.02;0.03
CE;Ceará;Mulheres;2010;Arma de fogo;103;2.35;2.4
CE;Ceará;Mulheres;2010;Arma branca ou objeto contundente;55;1.26;1.25
CE;Ceará;Mulheres;2010;Estrangulamento;6;0.14;0.13
CE;Ceará;Mulheres;2010;Força corporal;3;0.07;0.07
CE;Ceará;Mulheres;2010;Demais meios especificados;5;0.11;0.12
CE;Ceará;Mulheres;2010;Meios não especificados;1;0.02;0.03
CE;Ceará;Mulheres;2011;Arma de fogo;119;2.7;2.55
CE;Ceará;Mulheres;2011;Arma branca ou objeto contundente;56;1.27;1.23
CE;Ceará;Mulheres;2011;Estrangulamento;6;0.14;0.13
CE;Ceará;Mulheres;2011;Demais meios especificados;5;0.11;0.11
CE;Ceará;Mulheres;2011;Meios não especificados;1;0.02;0.03
CE;Ceará;Mulheres;2012;Arma de fogo;142;3.2;3.06
CE;Ceará;Mulheres;2012;Arma branca ou objeto contundente;61;1.37;1.38
CE;Ceará;Mulheres;2012;Estrangulamento;5;0.11;0.11
CE;Ceará;Mulheres;2012;Força corporal;3;0.07;0.07
CE;Ceará;Mulheres;2012;Demais meios especificados;5;0.11;0.13
CE;Ceará;Mulheres;2012;Meios não especificados;3;0.07;0.07
CE;Ceará;Mulheres;2013;Arma de fogo;200;4.48;4.21
CE;Ceará;Mulheres;2013;Arma branca ou objeto contundente;56;1.25;1.23
CE;Ceará;Mulheres;2013;Estrangulamento;10;0.22;0.24
CE;Ceará;Mulheres;2013;Força corporal;4;0.09;0.09
CE;Ceará;Mulheres;2013;Demais meios especificados;6;0.13;0.13
CE;Ceará;Mulheres;2013;Meios não especificados;2;0.04;0.05
CE;Ceará;Mulheres;2014;Arma de fogo;200;4.45;4.16
CE;Ceará;Mulheres;2014;Arma branca ou objeto contundente;55;1.22;1.18
CE;Ceará;Mulheres;2014;Estrangulamento;9;0.2;0.19
CE;Ceará;Mulheres;2014;Força corporal;5;0.11;0.12
CE;Ceará;Mulheres;2014;Demais meios especificados;9;0.2;0.19
CE;Ceará;Mulheres;2014;Meios não especificados;7;0.16;0.14
CE;Ceará;Mulheres;2015;Arma de fogo;166;3.67;3.52
CE;Ceará;Mulheres;2015;Arma branca ou objeto contundente;63;1.39;1.4
CE;Ceará;Mulheres;2015;Estrangulamento;8;0.18;0.15
CE;Ceará;Mulheres;2015;Força corporal;7;0.15;0.15
CE;Ceará;Mulheres;2015;Demais meios especificados;5;0.11;0.12
CE;Ceará;Mulheres;2015;Meios não especificados;5;0.11;0.11
CE;Ceará;Mulheres;2016;Arma de fogo;139;3.05;2.92
CE;Ceará;Mulheres;2016;Arma branca ou objeto contundente;63;1.38;1.37
CE;Ceará;Mulheres;2016;Estrangulamento;7;0.15;0.14
CE;Ceará;Mulheres;2016;Força corporal;2;0.04;0.04
CE;Ceará;Mulheres;2016;Demais meios especificados;5;0.11;0.12
CE;Ceará;Mulheres;2016;Meios não especificados;2;0.04;0.05
CE;Ceará;Mulheres;2017;Arma de fogo;282;6.15;5.83
CE;Ceará;Mulheres;2017;Arma branca ou objeto contundente;59;1.29;1.28
CE;Ceará;Mulheres;2017;Estrangulamento;8;0.17;0.18
CE;Ceará;Mulheres;2017;Força corporal;1;0.02;0.02
CE;Ceará;Mulheres;2017;Demais meios especificados;19;0.41;0.4
CE;Ceará;Mulheres;2017;Meios não especificados;5;0.11;0.1
CE;Ceará;Mulheres;2018;Arma de fogo;379;8.22;7.81
CE;Ceará;Mulheres;2018;Arma branca ou objeto contundente;55;1.19;1.16
CE;Ceará;Mulheres;2018;Estrangulamento;12;0.26;0.25
CE;Ceará;Mulheres;2018;Força corporal;2;0.04;0.04
CE;Ceará;Mulheres;2018;Demais meios especificados;25;0.54;0.53
CE;Ceará;Mulheres;2018;Meios não especificados;2;0.04;0.04
CE;Ceará;Mulheres;2019;Arma de fogo;159;3.42;3.31
CE;Ceará;Mulheres;2019;Arma branca ou objeto contundente;44;0.95;0.94
CE;Ceará;Mulheres;2019;Estrangulamento;3;0.06;0.06
CE;Ceará;Mulheres;2019;Força corporal;2;0.04;0.04
CE;Ceará;Mulheres;2019;Demais meios especificados;6;0.13;0.13
CE;Ceará;Mulheres;2019;Meios não especificados;6;0.13;0.13
CE;Ceará;Mulheres;2020;Arma de fogo;253;5.42;5.27
CE;Ceará;Mulheres;2020;Arma branca ou objeto contundente;48;1.03;1.01
CE;Ceará;Mulheres;2020;Estrangulamento;3;0.06;0.06
CE;Ceará;Mulheres;2020;Força corporal;1;0.02;0.02
CE;Ceará;Mulheres;2020;Demais meios especificados;3;0.06;0.07
CE;Ceará;Mulheres;2020;Meios não especificados;10;0.21;0.21
CE;Ceará;Mulheres;2021;Arma de fogo;264;5.62;5.5
CE;Ceará;Mulheres;2021;Arma branca ou objeto contundente;51;1.09;1.09
CE;Ceará;Mulheres;2021;Estrangulamento;8;0.17;0.17
CE;Ceará;Mulheres;2021;Força corporal;3;0.06;0.06
CE;Ceará;Mulheres;2021;Demais meios especificados;7;0.15;0.15
CE;Ceará;Mulheres;2021;Meios não especificados;2;0.04;0.03
CE;Ceará;Mulheres;2022;Arma de fogo;196;4.16;4.1
CE;Ceará;Mulheres;2022;Arma branca ou objeto contundente;59;1.25;1.26
CE;Ceará;Mulheres;2022;Estrangulamento;11;0.23;0.23
CE;Ceará;Mulheres;2022;Força corporal;3;0.06;0.07
CE;Ceará;Mulheres;2022;Demais meios especificados;4;0.08;0.09
CE;Ceará;Mulheres;2022;Meios não especificados;2;0.04;0.04
CE;Ceará;Mulheres;2023;Arma de fogo;179;3.78;3.78
CE;Ceará;Mulheres;2023;Arma branca ou objeto contundente;47;0.99;0.99
CE;Ceará;Mulheres;2023;Estrangulamento;10;0.21;0.21
CE;Ceará;Mulheres;2023;Força corporal;2;0.04;0.04
CE;Ceará;Mulheres;2023;Demais meios especificados;7;0.15;0.15
CE;Ceará;Mulheres;2023;Meios não especificados;3;0.06;0.06
CE;Ceará;Mulheres;2024;Arma de fogo;210;4.42;4.44
CE;Ceará;Mulheres;2024;Arma branca ou objeto contundente;39;0.82;0.83
CE;Ceará;Mulheres;2024;Estrangulamento;11;0.23;0.23
CE;Ceará;Mulheres;2024;Força corporal;2;0.04;0.04
CE;Ceará;Mulheres;2024;Demais meios especificados;4;0.08;0.08
CE;Ceará;Mulheres;2024;Meios não especificados;3;0.06;0.06
CE;Ceará;Mulheres;2025;Arma de fogo;162;3.4;3.42
CE;Ceará;Mulheres;2025;Arma branca ou objeto contundente;51;1.07;1.08
CE;Ceará;Mulheres;2025;Estrangulamento;8;0.17;0.17
CE;Ceará;Mulheres;2025;Força corporal;6;0.13;0.12
CE;Ceará;Mulheres;2025;Demais meios especificados;2;0.04;0.04
CE;Ceará;Mulheres;2025;Meios não especificados;2;0.04;0.04
DF;Distrito Federal;Ambos;2000;Arma de fogo;501;22.92;19.92
DF;Distrito Federal;Ambos;2000;Arma branca ou objeto contundente;165;7.55;7.51
DF;Distrito Federal;Ambos;2000;Estrangulamento;5;0.23;0.25
DF;Distrito Federal;Ambos;2000;Força corporal;1;0.05;0.1
DF;Distrito Federal;Ambos;2000;Demais meios especificados;13;0.59;0.55
DF;Distrito Federal;Ambos;2000;Meios não especificados;2;0.09;0.1
DF;Distrito Federal;Ambos;2001;Arma de fogo;495;22.03;18.75
DF;Distrito Federal;Ambos;2001;Arma branca ou objeto contundente;183;8.14;7.88
DF;Distrito Federal;Ambos;2001;Estrangulamento;7;0.31;0.3
DF;Distrito Federal;Ambos;2001;Demais meios especificados;3;0.13;0.08
DF;Distrito Federal;Ambos;2001;Meios não especificados;5;0.22;0.23
DF;Distrito Federal;Ambos;2002;Arma de fogo;469;20.35;17.56
DF;Distrito Federal;Ambos;2002;Arma branca ou objeto contundente;145;6.29;5.65
DF;Distrito Federal;Ambos;2002;Estrangulamento;3;0.13;0.12
DF;Distrito Federal;Ambos;2002;Força corporal;15;0.65;0.74
DF;Distrito Federal;Ambos;2002;Demais meios especificados;6;0.26;0.24
DF;Distrito Federal;Ambos;2002;Meios não especificados;3;0.13;0.06
DF;Distrito Federal;Ambos;2003;Arma de fogo;562;23.83;20.76
DF;Distrito Federal;Ambos;2003;Arma branca ou objeto contundente;157;6.66;6.14
DF;Distrito Federal;Ambos;2003;Estrangulamento;11;0.47;0.34
DF;Distrito Federal;Ambos;2003;Força corporal;8;0.34;0.38
DF;Distrito Federal;Ambos;2003;Demais meios especificados;3;0.13;0.14
DF;Distrito Federal;Ambos;2003;Meios não especificados;1;0.04;0.08
DF;Distrito Federal;Ambos;2004;Arma de fogo;506;21.01;18.15
DF;Distrito Federal;Ambos;2004;Arma branca ou objeto contundente;164;6.81;6.65
DF;Distrito Federal;Ambos;2004;Estrangulamento;6;0.25;0.22
DF;Distrito Federal;Ambos;2004;Força corporal;17;0.71;0.65
DF;Distrito Federal;Ambos;2004;Demais meios especificados;3;0.12;0.14
DF;Distrito Federal;Ambos;2005;Arma de fogo;452;18.41;15.39
DF;Distrito Federal;Ambos;2005;Arma branca ou objeto contundente;170;6.92;6.56
DF;Distrito Federal;Ambos;2005;Estrangulamento;5;0.2;0.17
DF;Distrito Federal;Ambos;2005;Força corporal;25;1.02;1.15
DF;Distrito Federal;Ambos;2005;Demais meios especificados;4;0.16;0.17
DF;Distrito Federal;Ambos;2005;Meios não especificados;1;0.04;0.04
DF;Distrito Federal;Ambos;2006;Arma de fogo;435;17.4;14.93
DF;Distrito Federal;Ambos;2006;Arma branca ou objeto contundente;184;7.36;6.95
DF;Distrito Federal;Ambos;2006;Estrangulamento;7;0.28;0.3
DF;Distrito Federal;Ambos;2006;Força corporal;28;1.12;1.12
DF;Distrito Federal;Ambos;2006;Demais meios especificados;5;0.2;0.21
DF;Distrito Federal;Ambos;2006;Meios não especificados;1;0.04;0.03
DF;Distrito Federal;Ambos;2007;Arma de fogo;516;20.32;17.02
DF;Distrito Federal;Ambos;2007;Arma branca ou objeto contundente;158;6.22;5.72
DF;Distrito Federal;Ambos;2007;Estrangulamento;4;0.16;0.21
DF;Distrito Federal;Ambos;2007;Força corporal;28;1.1;0.95
DF;Distrito Federal;Ambos;2007;Demais meios especificados;4;0.16;0.13
DF;Distrito Federal;Ambos;2008;Arma de fogo;579;22.47;19.3
DF;Distrito Federal;Ambos;2008;Arma branca ou objeto contundente;189;7.33;6.32
DF;Distrito Federal;Ambos;2008;Estrangulamento;4;0.16;0.13
DF;Distrito Federal;Ambos;2008;Força corporal;32;1.24;1.15
DF;Distrito Federal;Ambos;2008;Demais meios especificados;6;0.23;0.29
DF;Distrito Federal;Ambos;2008;Meios não especificados;2;0.08;0.09
DF;Distrito Federal;Ambos;2009;Arma de fogo;666;25.5;21.74
DF;Distrito Federal;Ambos;2009;Arma branca ou objeto contundente;166;6.35;5.62
DF;Distrito Federal;Ambos;2009;Estrangulamento;9;0.34;0.35
DF;Distrito Federal;Ambos;2009;Força corporal;28;1.07;0.99
DF;Distrito Federal;Ambos;2009;Demais meios especificados;9;0.34;0.27
DF;Distrito Federal;Ambos;2009;Meios não especificados;2;0.08;0.06
DF;Distrito Federal;Ambos;2010;Arma de fogo;576;21.79;18.37
DF;Distrito Federal;Ambos;2010;Arma branca ou objeto contundente;159;6.01;4.95
DF;Distrito Federal;Ambos;2010;Estrangulamento;5;0.19;0.19
DF;Distrito Federal;Ambos;2010;Força corporal;38;1.44;1.37
DF;Distrito Federal;Ambos;2010;Demais meios especificados;5;0.19;0.2
DF;Distrito Federal;Ambos;2010;Meios não especificados;3;0.11;0.1
DF;Distrito Federal;Ambos;2011;Arma de fogo;657;24.58;20.62
DF;Distrito Federal;Ambos;2011;Arma branca ou objeto contundente;177;6.62;5.77
DF;Distrito Federal;Ambos;2011;Estrangulamento;10;0.37;0.32
DF;Distrito Federal;Ambos;2011;Força corporal;41;1.53;1.52
DF;Distrito Federal;Ambos;2011;Demais meios especificados;6;0.22;0.2
DF;Distrito Federal;Ambos;2011;Meios não especificados;10;0.37;0.35
DF;Distrito Federal;Ambos;2012;Arma de fogo;725;26.82;22.71
DF;Distrito Federal;Ambos;2012;Arma branca ou objeto contundente;165;6.1;5.46
DF;Distrito Federal;Ambos;2012;Estrangulamento;16;0.59;0.59
DF;Distrito Federal;Ambos;2012;Força corporal;30;1.11;1.19
DF;Distrito Federal;Ambos;2012;Demais meios especificados;11;0.41;0.46
DF;Distrito Federal;Ambos;2012;Meios não especificados;5;0.18;0.15
DF;Distrito Federal;Ambos;2013;Arma de fogo;593;21.69;18.84
DF;Distrito Federal;Ambos;2013;Arma branca ou objeto contundente;187;6.84;5.84
DF;Distrito Federal;Ambos;2013;Estrangulamento;11;0.4;0.33
DF;Distrito Federal;Ambos;2013;Força corporal;22;0.8;0.75
DF;Distrito Federal;Ambos;2013;Demais meios especificados;10;0.37;0.39
DF;Distrito Federal;Ambos;2013;Meios não especificados;12;0.44;0.46
DF;Distrito Federal;Ambos;2014;Arma de fogo;631;22.83;20.17
DF;Distrito Federal;Ambos;2014;Arma branca ou objeto contundente;146;5.28;4.6
DF;Distrito Federal;Ambos;2014;Estrangulamento;13;0.47;0.51
DF;Distrito Federal;Ambos;2014;Força corporal;32;1.16;1.16
DF;Distrito Federal;Ambos;2014;Demais meios especificados;13;0.47;0.47
DF;Distrito Federal;Ambos;2014;Meios não especificados;6;0.22;0.15
DF;Distrito Federal;Ambos;2015;Arma de fogo;489;17.5;15.93
DF;Distrito Federal;Ambos;2015;Arma branca ou objeto contundente;182;6.51;6.11
DF;Distrito Federal;Ambos;2015;Estrangulamento;14;0.5;0.54
DF;Distrito Federal;Ambos;2015;Força corporal;33;1.18;1.16
DF;Distrito Federal;Ambos;2015;Demais meios especificados;15;0.54;0.54
DF;Distrito Federal;Ambos;2015;Meios não especificados;8;0.29;0.28
DF;Distrito Federal;Ambos;2016;Arma de fogo;516;18.27;16.83
DF;Distrito Federal;Ambos;2016;Arma branca ou objeto contundente;183;6.48;6.17
DF;Distrito Federal;Ambos;2016;Estrangulamento;11;0.39;0.33
DF;Distrito Federal;Ambos;2016;Força corporal;28;0.99;0.95
DF;Distrito Federal;Ambos;2016;Demais meios especificados;13;0.46;0.5
DF;Distrito Federal;Ambos;2016;Meios não especificados;7;0.25;0.28
DF;Distrito Federal;Ambos;2017;Arma de fogo;401;14.07;13.14
DF;Distrito Federal;Ambos;2017;Arma branca ou objeto contundente;170;5.96;5.58
DF;Distrito Federal;Ambos;2017;Estrangulamento;14;0.49;0.46
DF;Distrito Federal;Ambos;2017;Força corporal;12;0.42;0.42
DF;Distrito Federal;Ambos;2017;Demais meios especificados;10;0.35;0.32
DF;Distrito Federal;Ambos;2017;Meios não especificados;1;0.04;0.03
DF;Distrito Federal;Ambos;2018;Arma de fogo;329;11.44;10.7
DF;Distrito Federal;Ambos;2018;Arma branca ou objeto contundente;157;5.46;5.23
DF;Distrito Federal;Ambos;2018;Estrangulamento;6;0.21;0.16
DF;Distrito Federal;Ambos;2018;Força corporal;21;0.73;0.69
DF;Distrito Federal;Ambos;2018;Demais meios especificados;11;0.38;0.36
DF;Distrito Federal;Ambos;2018;Meios não especificados;4;0.14;0.16
DF;Distrito Federal;Ambos;2019;Arma de fogo;257;8.86;8.37
DF;Distrito Federal;Ambos;2019;Arma branca ou objeto contundente;176;6.07;5.89
DF;Distrito Federal;Ambos;2019;Estrangulamento;13;0.45;0.49
DF;Distrito Federal;Ambos;2019;Força corporal;17;0.59;0.62
DF;Distrito Federal;Ambos;2019;Demais meios especificados;5;0.17;0.16
DF;Distrito Federal;Ambos;2019;Meios não especificados;5;0.17;0.16
DF;Distrito Federal;Ambos;2020;Arma de fogo;248;8.49;8.13
DF;Distrito Federal;Ambos;2020;Arma branca ou objeto contundente;155;5.31;5.09
DF;Distrito Federal;Ambos;2020;Estrangulamento;11;0.38;0.39
DF;Distrito Federal;Ambos;2020;Força corporal;16;0.55;0.56
DF;Distrito Federal;Ambos;2020;Demais meios especificados;7;0.24;0.23
DF;Distrito Federal;Ambos;2020;Meios não especificados;5;0.17;0.17
DF;Distrito Federal;Ambos;2021;Arma de fogo;193;6.57;6.31
DF;Distrito Federal;Ambos;2021;Arma branca ou objeto contundente;155;5.28;5.12
DF;Distrito Federal;Ambos;2021;Estrangulamento;6;0.2;0.19
DF;Distrito Federal;Ambos;2021;Força corporal;10;0.34;0.34
DF;Distrito Federal;Ambos;2021;Demais meios especificados;6;0.2;0.21
DF;Distrito Federal;Ambos;2021;Meios não especificados;4;0.14;0.13
DF;Distrito Federal;Ambos;2022;Arma de fogo;191;6.47;6.26
DF;Distrito Federal;Ambos;2022;Arma branca ou objeto contundente;128;4.34;4.14
DF;Distrito Federal;Ambos;2022;Estrangulamento;8;0.27;0.26
DF;Distrito Federal;Ambos;2022;Força corporal;8;0.27;0.26
DF;Distrito Federal;Ambos;2022;Demais meios especificados;6;0.2;0.22
DF;Distrito Federal;Ambos;2022;Meios não especificados;4;0.14;0.14
DF;Distrito Federal;Ambos;2023;Arma de fogo;144;4.85;4.71
DF;Distrito Federal;Ambos;2023;Arma branca ou objeto contundente;140;4.72;4.5
DF;Distrito Federal;Ambos;2023;Estrangulamento;11;0.37;0.37
DF;Distrito Federal;Ambos;2023;Força corporal;14;0.47;0.46
DF;Distrito Federal;Ambos;2023;Demais meios especificados;10;0.34;0.3
DF;Distrito Federal;Ambos;2023;Meios não especificados;2;0.07;0.07
DF;Distrito Federal;Ambos;2024;Arma de fogo;110;3.69;3.62
DF;Distrito Federal;Ambos;2024;Arma branca ou objeto contundente;142;4.76;4.57
DF;Distrito Federal;Ambos;2024;Estrangulamento;10;0.34;0.32
DF;Distrito Federal;Ambos;2024;Força corporal;21;0.7;0.69
DF;Distrito Federal;Ambos;2024;Demais meios especificados;8;0.27;0.26
DF;Distrito Federal;Ambos;2024;Meios não especificados;2;0.07;0.06
DF;Distrito Federal;Ambos;2025;Arma de fogo;107;3.57;3.52
DF;Distrito Federal;Ambos;2025;Arma branca ou objeto contundente;136;4.54;4.34
DF;Distrito Federal;Ambos;2025;Estrangulamento;2;0.07;0.07
DF;Distrito Federal;Ambos;2025;Força corporal;7;0.23;0.19
DF;Distrito Federal;Ambos;2025;Demais meios especificados;2;0.07;0.07
DF;Distrito Federal;Ambos;2025;Meios não especificados;7;0.23;0.22
DF;Distrito Federal;Homens;2000;Arma de fogo;477;45.43;40.45
DF;Distrito Federal;Homens;2000;Arma branca ou objeto contundente;148;14.1;14.59
DF;Distrito Federal;Homens;2000;Estrangulamento;3;0.29;0.4
DF;Distrito Federal;Homens;2000;Força corporal;1;0.1;0.2
DF;Distrito Federal;Homens;2000;Demais meios especificados;13;1.24;1.17
DF;Distrito Federal;Homens;2000;Meios não especificados;2;0.19;0.21
DF;Distrito Federal;Homens;2001;Arma de fogo;470;43.55;37.99
DF;Distrito Federal;Homens;2001;Arma branca ou objeto contundente;169;15.66;15.55
DF;Distrito Federal;Homens;2001;Estrangulamento;5;0.46;0.51
DF;Distrito Federal;Homens;2001;Demais meios especificados;1;0.09;0.05
DF;Distrito Federal;Homens;2001;Meios não especificados;4;0.37;0.41
DF;Distrito Federal;Homens;2002;Arma de fogo;440;39.76;35.09
DF;Distrito Federal;Homens;2002;Arma branca ou objeto contundente;132;11.93;11.01
DF;Distrito Federal;Homens;2002;Estrangulamento;1;0.09;0.12
DF;Distrito Federal;Homens;2002;Força corporal;13;1.17;1.16
DF;Distrito Federal;Homens;2002;Demais meios especificados;3;0.27;0.2
DF;Distrito Federal;Homens;2002;Meios não especificados;2;0.18;0.07
DF;Distrito Federal;Homens;2003;Arma de fogo;520;45.92;40.75
DF;Distrito Federal;Homens;2003;Arma branca ou objeto contundente;142;12.54;11.96
DF;Distrito Federal;Homens;2003;Estrangulamento;5;0.44;0.3
DF;Distrito Federal;Homens;2003;Força corporal;8;0.71;0.82
DF;Distrito Federal;Homens;2003;Demais meios especificados;2;0.18;0.17
DF;Distrito Federal;Homens;2003;Meios não especificados;1;0.09;0.18
DF;Distrito Federal;Homens;2004;Arma de fogo;476;41.16;36.11
DF;Distrito Federal;Homens;2004;Arma branca ou objeto contundente;144;12.45;12.28
DF;Distrito Federal;Homens;2004;Estrangulamento;5;0.43;0.41
DF;Distrito Federal;Homens;2004;Força corporal;14;1.21;1.2
DF;Distrito Federal;Homens;2004;Demais meios especificados;3;0.26;0.29
DF;Distrito Federal;Homens;2005;Arma de fogo;427;36.22;30.48
DF;Distrito Federal;Homens;2005;Arma branca ou objeto contundente;155;13.15;12.58
DF;Distrito Federal;Homens;2005;Estrangulamento;3;0.25;0.23
DF;Distrito Federal;Homens;2005;Força corporal;22;1.87;2.12
DF;Distrito Federal;Homens;2005;Demais meios especificados;2;0.17;0.22
DF;Distrito Federal;Homens;2005;Meios não especificados;1;0.08;0.09
DF;Distrito Federal;Homens;2006;Arma de fogo;402;33.5;29.04
DF;Distrito Federal;Homens;2006;Arma branca ou objeto contundente;170;14.17;13.49
DF;Distrito Federal;Homens;2006;Estrangulamento;7;0.58;0.64
DF;Distrito Federal;Homens;2006;Força corporal;28;2.33;2.46
DF;Distrito Federal;Homens;2006;Demais meios especificados;3;0.25;0.15
DF;Distrito Federal;Homens;2006;Meios não especificados;1;0.08;0.06
DF;Distrito Federal;Homens;2007;Arma de fogo;488;40.03;33.92
DF;Distrito Federal;Homens;2007;Arma branca ou objeto contundente;135;11.07;10.11
DF;Distrito Federal;Homens;2007;Estrangulamento;3;0.25;0.38
DF;Distrito Federal;Homens;2007;Força corporal;26;2.13;1.75
DF;Distrito Federal;Homens;2007;Demais meios especificados;3;0.25;0.13
DF;Distrito Federal;Homens;2008;Arma de fogo;541;43.75;37.95
DF;Distrito Federal;Homens;2008;Arma branca ou objeto contundente;166;13.42;11.64
DF;Distrito Federal;Homens;2008;Estrangulamento;3;0.24;0.19
DF;Distrito Federal;Homens;2008;Força corporal;31;2.51;2.39
DF;Distrito Federal;Homens;2008;Demais meios especificados;5;0.4;0.47
DF;Distrito Federal;Homens;2008;Meios não especificados;2;0.16;0.2
DF;Distrito Federal;Homens;2009;Arma de fogo;623;49.71;42.72
DF;Distrito Federal;Homens;2009;Arma branca ou objeto contundente;141;11.25;9.86
DF;Distrito Federal;Homens;2009;Estrangulamento;6;0.48;0.48
DF;Distrito Federal;Homens;2009;Força corporal;25;1.99;2
DF;Distrito Federal;Homens;2009;Demais meios especificados;7;0.56;0.41
DF;Distrito Federal;Homens;2009;Meios não especificados;2;0.16;0.13
DF;Distrito Federal;Homens;2010;Arma de fogo;534;42.11;35.75
DF;Distrito Federal;Homens;2010;Arma branca ou objeto contundente;144;11.36;9.45
DF;Distrito Federal;Homens;2010;Estrangulamento;4;0.32;0.3
DF;Distrito Federal;Homens;2010;Força corporal;33;2.6;2.59
DF;Distrito Federal;Homens;2010;Demais meios especificados;2;0.16;0.24
DF;Distrito Federal;Homens;2010;Meios não especificados;3;0.24;0.21
DF;Distrito Federal;Homens;2011;Arma de fogo;613;47.83;40.03
DF;Distrito Federal;Homens;2011;Arma branca ou objeto contundente;151;11.78;10.54
DF;Distrito Federal;Homens;2011;Estrangulamento;9;0.7;0.62
DF;Distrito Federal;Homens;2011;Força corporal;36;2.81;3.03
DF;Distrito Federal;Homens;2011;Demais meios especificados;5;0.39;0.35
DF;Distrito Federal;Homens;2011;Meios não especificados;8;0.62;0.63
DF;Distrito Federal;Homens;2012;Arma de fogo;682;52.63;44.6
DF;Distrito Federal;Homens;2012;Arma branca ou objeto contundente;146;11.27;10.39
DF;Distrito Federal;Homens;2012;Estrangulamento;7;0.54;0.6
DF;Distrito Federal;Homens;2012;Força corporal;24;1.85;2.16
DF;Distrito Federal;Homens;2012;Demais meios especificados;9;0.69;0.9
DF;Distrito Federal;Homens;2012;Meios não especificados;5;0.39;0.32
DF;Distrito Federal;Homens;2013;Arma de fogo;554;42.28;36.45
DF;Distrito Federal;Homens;2013;Arma branca ou objeto contundente;164;12.52;10.69
DF;Distrito Federal;Homens;2013;Estrangulamento;4;0.31;0.2
DF;Distrito Federal;Homens;2013;Força corporal;21;1.6;1.54
DF;Distrito Federal;Homens;2013;Demais meios especificados;5;0.38;0.47
DF;Distrito Federal;Homens;2013;Meios não especificados;9;0.69;0.8
DF;Distrito Federal;Homens;2014;Arma de fogo;601;45.36;39.68
DF;Distrito Federal;Homens;2014;Arma branca ou objeto contundente;131;9.89;8.53
DF;Distrito Federal;Homens;2014;Estrangulamento;6;0.45;0.57
DF;Distrito Federal;Homens;2014;Força corporal;29;2.19;2.24
DF;Distrito Federal;Homens;2014;Demais meios especificados;8;0.6;0.58
DF;Distrito Federal;Homens;2014;Meios não especificados;6;0.45;0.33
DF;Distrito Federal;Homens;2015;Arma de fogo;465;34.72;31.24
DF;Distrito Federal;Homens;2015;Arma branca ou objeto contundente;160;11.95;11.64
DF;Distrito Federal;Homens;2015;Estrangulamento;11;0.82;0.86
DF;Distrito Federal;Homens;2015;Força corporal;29;2.17;2.32
DF;Distrito Federal;Homens;2015;Demais meios especificados;9;0.67;0.69
DF;Distrito Federal;Homens;2015;Meios não especificados;7;0.52;0.55
DF;Distrito Federal;Homens;2016;Arma de fogo;485;35.85;32.65
DF;Distrito Federal;Homens;2016;Arma branca ou objeto contundente;161;11.9;11.7
DF;Distrito Federal;Homens;2016;Estrangulamento;7;0.52;0.38
DF;Distrito Federal;Homens;2016;Força corporal;27;2;1.87
DF;Distrito Federal;Homens;2016;Demais meios especificados;8;0.59;0.69
DF;Distrito Federal;Homens;2016;Meios não especificados;6;0.44;0.55
DF;Distrito Federal;Homens;2017;Arma de fogo;376;27.53;25.38
DF;Distrito Federal;Homens;2017;Arma branca ou objeto contundente;157;11.5;10.89
DF;Distrito Federal;Homens;2017;Estrangulamento;11;0.81;0.73
DF;Distrito Federal;Homens;2017;Força corporal;12;0.88;0.92
DF;Distrito Federal;Homens;2017;Demais meios especificados;5;0.37;0.33
DF;Distrito Federal;Homens;2017;Meios não especificados;1;0.07;0.06
DF;Distrito Federal;Homens;2018;Arma de fogo;308;22.36;20.56
DF;Distrito Federal;Homens;2018;Arma branca ou objeto contundente;131;9.51;9.33
DF;Distrito Federal;Homens;2018;Estrangulamento;6;0.44;0.32
DF;Distrito Federal;Homens;2018;Força corporal;18;1.31;1.3
DF;Distrito Federal;Homens;2018;Demais meios especificados;6;0.44;0.48
DF;Distrito Federal;Homens;2018;Meios não especificados;2;0.15;0.21
DF;Distrito Federal;Homens;2019;Arma de fogo;237;17.07;15.75
DF;Distrito Federal;Homens;2019;Arma branca ou objeto contundente;149;10.73;10.49
DF;Distrito Federal;Homens;2019;Estrangulamento;9;0.65;0.76
DF;Distrito Federal;Homens;2019;Força corporal;15;1.08;1.21
DF;Distrito Federal;Homens;2019;Demais meios especificados;3;0.22;0.21
DF;Distrito Federal;Homens;2019;Meios não especificados;5;0.36;0.33
DF;Distrito Federal;Homens;2020;Arma de fogo;232;16.59;15.63
DF;Distrito Federal;Homens;2020;Arma branca ou objeto contundente;143;10.23;9.87
DF;Distrito Federal;Homens;2020;Estrangulamento;7;0.5;0.52
DF;Distrito Federal;Homens;2020;Força corporal;14;1;0.99
DF;Distrito Federal;Homens;2020;Demais meios especificados;6;0.43;0.41
DF;Distrito Federal;Homens;2020;Meios não especificados;5;0.36;0.36
DF;Distrito Federal;Homens;2021;Arma de fogo;178;12.66;11.97
DF;Distrito Federal;Homens;2021;Arma branca ou objeto contundente;130;9.25;9.11
DF;Distrito Federal;Homens;2021;Estrangulamento;3;0.21;0.2
DF;Distrito Federal;Homens;2021;Força corporal;9;0.64;0.63
DF;Distrito Federal;Homens;2021;Demais meios especificados;5;0.36;0.34
DF;Distrito Federal;Homens;2021;Meios não especificados;3;0.21;0.2
DF;Distrito Federal;Homens;2022;Arma de fogo;178;12.61;11.99
DF;Distrito Federal;Homens;2022;Arma branca ou objeto contundente;113;8.01;7.8
DF;Distrito Federal;Homens;2022;Estrangulamento;2;0.14;0.14
DF;Distrito Federal;Homens;2022;Força corporal;8;0.57;0.55
DF;Distrito Federal;Homens;2022;Demais meios especificados;4;0.28;0.35
DF;Distrito Federal;Homens;2022;Meios não especificados;4;0.28;0.32
DF;Distrito Federal;Homens;2023;Arma de fogo;134;9.45;8.98
DF;Distrito Federal;Homens;2023;Arma branca ou objeto contundente;116;8.18;7.89
DF;Distrito Federal;Homens;2023;Estrangulamento;4;0.28;0.3
DF;Distrito Federal;Homens;2023;Força corporal;13;0.92;0.91
DF;Distrito Federal;Homens;2023;Demais meios especificados;7;0.49;0.41
DF;Distrito Federal;Homens;2023;Meios não especificados;2;0.14;0.14
DF;Distrito Federal;Homens;2024;Arma de fogo;99;6.95;6.75
DF;Distrito Federal;Homens;2024;Arma branca ou objeto contundente;125;8.77;8.48
DF;Distrito Federal;Homens;2024;Estrangulamento;8;0.56;0.54
DF;Distrito Federal;Homens;2024;Força corporal;21;1.47;1.46
DF;Distrito Federal;Homens;2024;Demais meios especificados;4;0.28;0.26
DF;Distrito Federal;Homens;2024;Meios não especificados;2;0.14;0.14
DF;Distrito Federal;Homens;2025;Arma de fogo;99;6.92;6.69
DF;Distrito Federal;Homens;2025;Arma branca ou objeto contundente;119;8.32;7.92
DF;Distrito Federal;Homens;2025;Estrangulamento;1;0.07;0.09
DF;Distrito Federal;Homens;2025;Força corporal;4;0.28;0.28
DF;Distrito Federal;Homens;2025;Demais meios especificados;2;0.14;0.13
DF;Distrito Federal;Homens;2025;Meios não especificados;5;0.35;0.34
DF;Distrito Federal;Mulheres;2000;Arma de fogo;23;2.03;1.58
DF;Distrito Federal;Mulheres;2000;Arma branca ou objeto contundente;16;1.41;1.27
DF;Distrito Federal;Mulheres;2000;Estrangulamento;2;0.18;0.13
DF;Distrito Federal;Mulheres;2001;Arma de fogo;25;2.14;1.56
DF;Distrito Federal;Mulheres;2001;Arma branca ou objeto contundente;14;1.2;1.19
DF;Distrito Federal;Mulheres;2001;Estrangulamento;2;0.17;0.12
DF;Distrito Federal;Mulheres;2001;Demais meios especificados;2;0.17;0.11
DF;Distrito Federal;Mulheres;2001;Meios não especificados;1;0.09;0.07
DF;Distrito Federal;Mulheres;2002;Arma de fogo;29;2.42;1.88
DF;Distrito Federal;Mulheres;2002;Arma branca ou objeto contundente;13;1.09;0.92
DF;Distrito Federal;Mulheres;2002;Estrangulamento;2;0.17;0.12
DF;Distrito Federal;Mulheres;2002;Força corporal;2;0.17;0.33
DF;Distrito Federal;Mulheres;2002;Demais meios especificados;3;0.25;0.28
DF;Distrito Federal;Mulheres;2002;Meios não especificados;1;0.08;0.05
DF;Distrito Federal;Mulheres;2003;Arma de fogo;41;3.34;2.87
DF;Distrito Federal;Mulheres;2003;Arma branca ou objeto contundente;14;1.14;0.96
DF;Distrito Federal;Mulheres;2003;Estrangulamento;6;0.49;0.38
DF;Distrito Federal;Mulheres;2003;Demais meios especificados;1;0.08;0.11
DF;Distrito Federal;Mulheres;2004;Arma de fogo;29;2.32;2.04
DF;Distrito Federal;Mulheres;2004;Arma branca ou objeto contundente;20;1.6;1.68
DF;Distrito Federal;Mulheres;2004;Estrangulamento;1;0.08;0.06
DF;Distrito Federal;Mulheres;2004;Força corporal;2;0.16;0.15
DF;Distrito Federal;Mulheres;2005;Arma de fogo;25;1.96;1.71
DF;Distrito Federal;Mulheres;2005;Arma branca ou objeto contundente;15;1.17;1.25
DF;Distrito Federal;Mulheres;2005;Estrangulamento;2;0.16;0.13
DF;Distrito Federal;Mulheres;2005;Força corporal;3;0.23;0.29
DF;Distrito Federal;Mulheres;2005;Demais meios especificados;2;0.16;0.13
DF;Distrito Federal;Mulheres;2006;Arma de fogo;33;2.54;2.28
DF;Distrito Federal;Mulheres;2006;Arma branca ou objeto contundente;14;1.08;1.18
DF;Distrito Federal;Mulheres;2006;Demais meios especificados;2;0.15;0.24
DF;Distrito Federal;Mulheres;2007;Arma de fogo;28;2.12;1.72
DF;Distrito Federal;Mulheres;2007;Arma branca ou objeto contundente;23;1.74;1.86
DF;Distrito Federal;Mulheres;2007;Estrangulamento;1;0.08;0.06
DF;Distrito Federal;Mulheres;2007;Força corporal;2;0.15;0.25
DF;Distrito Federal;Mulheres;2007;Demais meios especificados;1;0.08;0.12
DF;Distrito Federal;Mulheres;2008;Arma de fogo;38;2.84;2.45
DF;Distrito Federal;Mulheres;2008;Arma branca ou objeto contundente;23;1.72;1.56
DF;Distrito Federal;Mulheres;2008;Estrangulamento;1;0.07;0.06
DF;Distrito Federal;Mulheres;2008;Força corporal;1;0.07;0.06
DF;Distrito Federal;Mulheres;2008;Demais meios especificados;1;0.07;0.14
DF;Distrito Federal;Mulheres;2009;Arma de fogo;43;3.16;2.69
DF;Distrito Federal;Mulheres;2009;Arma branca ou objeto contundente;25;1.84;1.85
DF;Distrito Federal;Mulheres;2009;Estrangulamento;3;0.22;0.23
DF;Distrito Federal;Mulheres;2009;Força corporal;3;0.22;0.14
DF;Distrito Federal;Mulheres;2009;Demais meios especificados;2;0.15;0.13
DF;Distrito Federal;Mulheres;2010;Arma de fogo;42;3.05;2.5
DF;Distrito Federal;Mulheres;2010;Arma branca ou objeto contundente;15;1.09;0.93
DF;Distrito Federal;Mulheres;2010;Estrangulamento;1;0.07;0.09
DF;Distrito Federal;Mulheres;2010;Força corporal;5;0.36;0.32
DF;Distrito Federal;Mulheres;2010;Demais meios especificados;3;0.22;0.18
DF;Distrito Federal;Mulheres;2011;Arma de fogo;44;3.16;2.7
DF;Distrito Federal;Mulheres;2011;Arma branca ou objeto contundente;26;1.87;1.57
DF;Distrito Federal;Mulheres;2011;Estrangulamento;1;0.07;0.06
DF;Distrito Federal;Mulheres;2011;Força corporal;5;0.36;0.28
DF;Distrito Federal;Mulheres;2011;Demais meios especificados;1;0.07;0.06
DF;Distrito Federal;Mulheres;2011;Meios não especificados;2;0.14;0.11
DF;Distrito Federal;Mulheres;2012;Arma de fogo;42;2.98;2.56
DF;Distrito Federal;Mulheres;2012;Arma branca ou objeto contundente;18;1.28;1.14
DF;Distrito Federal;Mulheres;2012;Estrangulamento;9;0.64;0.6
DF;Distrito Federal;Mulheres;2012;Força corporal;6;0.43;0.39
DF;Distrito Federal;Mulheres;2012;Demais meios especificados;2;0.14;0.13
DF;Distrito Federal;Mulheres;2013;Arma de fogo;39;2.74;2.42
DF;Distrito Federal;Mulheres;2013;Arma branca ou objeto contundente;23;1.62;1.47
DF;Distrito Federal;Mulheres;2013;Estrangulamento;7;0.49;0.45
DF;Distrito Federal;Mulheres;2013;Força corporal;1;0.07;0.06
DF;Distrito Federal;Mulheres;2013;Demais meios especificados;5;0.35;0.36
DF;Distrito Federal;Mulheres;2013;Meios não especificados;3;0.21;0.21
DF;Distrito Federal;Mulheres;2014;Arma de fogo;30;2.08;1.96
DF;Distrito Federal;Mulheres;2014;Arma branca ou objeto contundente;15;1.04;1.1
DF;Distrito Federal;Mulheres;2014;Estrangulamento;7;0.49;0.49
DF;Distrito Federal;Mulheres;2014;Força corporal;3;0.21;0.24
DF;Distrito Federal;Mulheres;2014;Demais meios especificados;5;0.35;0.36
DF;Distrito Federal;Mulheres;2015;Arma de fogo;24;1.65;1.58
DF;Distrito Federal;Mulheres;2015;Arma branca ou objeto contundente;20;1.37;1.22
DF;Distrito Federal;Mulheres;2015;Estrangulamento;3;0.21;0.24
DF;Distrito Federal;Mulheres;2015;Força corporal;4;0.27;0.21
DF;Distrito Federal;Mulheres;2015;Demais meios especificados;6;0.41;0.42
DF;Distrito Federal;Mulheres;2015;Meios não especificados;1;0.07;0.06
DF;Distrito Federal;Mulheres;2016;Arma de fogo;31;2.11;1.96
DF;Distrito Federal;Mulheres;2016;Arma branca ou objeto contundente;22;1.5;1.29
DF;Distrito Federal;Mulheres;2016;Estrangulamento;4;0.27;0.28
DF;Distrito Federal;Mulheres;2016;Força corporal;1;0.07;0.1
DF;Distrito Federal;Mulheres;2016;Demais meios especificados;5;0.34;0.34
DF;Distrito Federal;Mulheres;2016;Meios não especificados;1;0.07;0.07
DF;Distrito Federal;Mulheres;2017;Arma de fogo;25;1.68;1.61
DF;Distrito Federal;Mulheres;2017;Arma branca ou objeto contundente;13;0.88;0.83
DF;Distrito Federal;Mulheres;2017;Estrangulamento;3;0.2;0.19
DF;Distrito Federal;Mulheres;2017;Demais meios especificados;5;0.34;0.31
DF;Distrito Federal;Mulheres;2018;Arma de fogo;20;1.34;1.26
DF;Distrito Federal;Mulheres;2018;Arma branca ou objeto contundente;26;1.74;1.6
DF;Distrito Federal;Mulheres;2018;Força corporal;2;0.13;0.13
DF;Distrito Federal;Mulheres;2018;Demais meios especificados;5;0.33;0.29
DF;Distrito Federal;Mulheres;2018;Meios não especificados;2;0.13;0.13
DF;Distrito Federal;Mulheres;2019;Arma de fogo;20;1.32;1.29
DF;Distrito Federal;Mulheres;2019;Arma branca ou objeto contundente;27;1.79;1.73
DF;Distrito Federal;Mulheres;2019;Estrangulamento;4;0.26;0.27
DF;Distrito Federal;Mulheres;2019;Força corporal;2;0.13;0.12
DF;Distrito Federal;Mulheres;2019;Demais meios especificados;2;0.13;0.12
DF;Distrito Federal;Mulheres;2020;Arma de fogo;16;1.05;1.04
DF;Distrito Federal;Mulheres;2020;Arma branca ou objeto contundente;12;0.79;0.73
DF;Distrito Federal;Mulheres;2020;Estrangulamento;4;0.26;0.26
DF;Distrito Federal;Mulheres;2020;Força corporal;2;0.13;0.15
DF;Distrito Federal;Mulheres;2020;Demais meios especificados;1;0.07;0.06
DF;Distrito Federal;Mulheres;2021;Arma de fogo;15;0.98;0.94
DF;Distrito Federal;Mulheres;2021;Arma branca ou objeto contundente;25;1.63;1.55
DF;Distrito Federal;Mulheres;2021;Estrangulamento;3;0.2;0.18
DF;Distrito Federal;Mulheres;2021;Força corporal;1;0.07;0.08
DF;Distrito Federal;Mulheres;2021;Demais meios especificados;1;0.07;0.07
DF;Distrito Federal;Mulheres;2021;Meios não especificados;1;0.07;0.06
DF;Distrito Federal;Mulheres;2022;Arma de fogo;13;0.84;0.83
DF;Distrito Federal;Mulheres;2022;Arma branca ou objeto contundente;14;0.91;0.88
DF;Distrito Federal;Mulheres;2022;Estrangulamento;6;0.39;0.37
DF;Distrito Federal;Mulheres;2022;Demais meios especificados;2;0.13;0.13
DF;Distrito Federal;Mulheres;2023;Arma de fogo;10;0.65;0.63
DF;Distrito Federal;Mulheres;2023;Arma branca ou objeto contundente;23;1.48;1.45
DF;Distrito Federal;Mulheres;2023;Estrangulamento;7;0.45;0.45
DF;Distrito Federal;Mulheres;2023;Força corporal;1;0.06;0.07
DF;Distrito Federal;Mulheres;2023;Demais meios especificados;3;0.19;0.2
DF;Distrito Federal;Mulheres;2024;Arma de fogo;11;0.71;0.71
DF;Distrito Federal;Mulheres;2024;Arma branca ou objeto contundente;17;1.09;1.03
DF;Distrito Federal;Mulheres;2024;Estrangulamento;2;0.13;0.13
DF;Distrito Federal;Mulheres;2024;Demais meios especificados;4;0.26;0.27
DF;Distrito Federal;Mulheres;2025;Arma de fogo;8;0.51;0.53
DF;Distrito Federal;Mulheres;2025;Arma branca ou objeto contundente;17;1.09;1.07
DF;Distrito Federal;Mulheres;2025;Estrangulamento;1;0.06;0.07
DF;Distrito Federal;Mulheres;2025;Força corporal;2;0.13;0.12
DF;Distrito Federal;Mulheres;2025;Meios não especificados;2;0.13;0.12
ES;Espírito Santo;Ambos;2000;Arma de fogo;1004;31.56;30.45
ES;Espírito Santo;Ambos;2000;Arma branca ou objeto contundente;114;3.58;3.83
ES;Espírito Santo;Ambos;2000;Estrangulamento;18;0.57;0.54
ES;Espírito Santo;Ambos;2000;Força corporal;4;0.13;0.15
ES;Espírito Santo;Ambos;2000;Demais meios especificados;13;0.41;0.39
ES;Espírito Santo;Ambos;2000;Meios não especificados;279;8.77;9.21
ES;Espírito Santo;Ambos;2001;Arma de fogo;1019;31.55;29.7
ES;Espírito Santo;Ambos;2001;Arma branca ou objeto contundente;177;5.48;5.83
ES;Espírito Santo;Ambos;2001;Estrangulamento;26;0.81;0.78
ES;Espírito Santo;Ambos;2001;Força corporal;3;0.09;0.11
ES;Espírito Santo;Ambos;2001;Demais meios especificados;12;0.37;0.41
ES;Espírito Santo;Ambos;2001;Meios não especificados;215;6.66;7.02
ES;Espírito Santo;Ambos;2002;Arma de fogo;1221;37.25;34.43
ES;Espírito Santo;Ambos;2002;Arma branca ou objeto contundente;234;7.14;7.55
ES;Espírito Santo;Ambos;2002;Estrangulamento;22;0.67;0.66
ES;Espírito Santo;Ambos;2002;Força corporal;1;0.03;0.03
ES;Espírito Santo;Ambos;2002;Demais meios especificados;14;0.43;0.4
ES;Espírito Santo;Ambos;2002;Meios não especificados;152;4.64;4.68
ES;Espírito Santo;Ambos;2003;Arma de fogo;1179;35.45;33.17
ES;Espírito Santo;Ambos;2003;Arma branca ou objeto contundente;240;7.22;7.58
ES;Espírito Santo;Ambos;2003;Estrangulamento;29;0.87;0.83
ES;Espírito Santo;Ambos;2003;Força corporal;6;0.18;0.16
ES;Espírito Santo;Ambos;2003;Demais meios especificados;19;0.57;0.59
ES;Espírito Santo;Ambos;2003;Meios não especificados;156;4.69;4.43
ES;Espírito Santo;Ambos;2004;Arma de fogo;1188;35.22;32.31
ES;Espírito Santo;Ambos;2004;Arma branca ou objeto contundente;214;6.34;6.58
ES;Espírito Santo;Ambos;2004;Estrangulamento;30;0.89;0.76
ES;Espírito Santo;Ambos;2004;Força corporal;7;0.21;0.19
ES;Espírito Santo;Ambos;2004;Demais meios especificados;12;0.36;0.37
ES;Espírito Santo;Ambos;2004;Meios não especificados;168;4.98;5.03
ES;Espírito Santo;Ambos;2005;Arma de fogo;1189;34.76;31.88
ES;Espírito Santo;Ambos;2005;Arma branca ou objeto contundente;258;7.54;7.45
ES;Espírito Santo;Ambos;2005;Estrangulamento;21;0.61;0.58
ES;Espírito Santo;Ambos;2005;Força corporal;4;0.12;0.14
ES;Espírito Santo;Ambos;2005;Demais meios especificados;13;0.38;0.43
ES;Espírito Santo;Ambos;2005;Meios não especificados;117;3.42;3.43
ES;Espírito Santo;Ambos;2006;Arma de fogo;1294;37.33;33.86
ES;Espírito Santo;Ambos;2006;Arma branca ou objeto contundente;272;7.85;7.71
ES;Espírito Santo;Ambos;2006;Estrangulamento;22;0.63;0.6
ES;Espírito Santo;Ambos;2006;Força corporal;8;0.23;0.27
ES;Espírito Santo;Ambos;2006;Demais meios especificados;20;0.58;0.5
ES;Espírito Santo;Ambos;2006;Meios não especificados;146;4.21;4.12
ES;Espírito Santo;Ambos;2007;Arma de fogo;1363;38.81;35.46
ES;Espírito Santo;Ambos;2007;Arma branca ou objeto contundente;306;8.71;8.69
ES;Espírito Santo;Ambos;2007;Estrangulamento;31;0.88;0.77
ES;Espírito Santo;Ambos;2007;Força corporal;7;0.2;0.22
ES;Espírito Santo;Ambos;2007;Demais meios especificados;24;0.68;0.68
ES;Espírito Santo;Ambos;2007;Meios não especificados;146;4.16;4.09
ES;Espírito Santo;Ambos;2008;Arma de fogo;1495;42.03;37.96
ES;Espírito Santo;Ambos;2008;Arma branca ou objeto contundente;357;10.04;9.85
ES;Espírito Santo;Ambos;2008;Estrangulamento;22;0.62;0.62
ES;Espírito Santo;Ambos;2008;Força corporal;7;0.2;0.2
ES;Espírito Santo;Ambos;2008;Demais meios especificados;18;0.51;0.48
ES;Espírito Santo;Ambos;2008;Meios não especificados;47;1.32;1.31
ES;Espírito Santo;Ambos;2009;Arma de fogo;1548;42.97;38.52
ES;Espírito Santo;Ambos;2009;Arma branca ou objeto contundente;346;9.6;9.38
ES;Espírito Santo;Ambos;2009;Estrangulamento;21;0.58;0.61
ES;Espírito Santo;Ambos;2009;Força corporal;3;0.08;0.08
ES;Espírito Santo;Ambos;2009;Demais meios especificados;20;0.56;0.53
ES;Espírito Santo;Ambos;2009;Meios não especificados;46;1.28;1.22
ES;Espírito Santo;Ambos;2010;Arma de fogo;1359;37.33;34.05
ES;Espírito Santo;Ambos;2010;Arma branca ou objeto contundente;330;9.06;8.96
ES;Espírito Santo;Ambos;2010;Estrangulamento;17;0.47;0.46
ES;Espírito Santo;Ambos;2010;Força corporal;9;0.25;0.23
ES;Espírito Santo;Ambos;2010;Demais meios especificados;31;0.85;0.85
ES;Espírito Santo;Ambos;2010;Meios não especificados;46;1.26;1.2
ES;Espírito Santo;Ambos;2011;Arma de fogo;1352;36.78;33.89
ES;Espírito Santo;Ambos;2011;Arma branca ou objeto contundente;255;6.94;6.78
ES;Espírito Santo;Ambos;2011;Estrangulamento;18;0.49;0.51
ES;Espírito Santo;Ambos;2011;Força corporal;5;0.14;0.15
ES;Espírito Santo;Ambos;2011;Demais meios especificados;10;0.27;0.28
ES;Espírito Santo;Ambos;2011;Meios não especificados;32;0.87;0.91
ES;Espírito Santo;Ambos;2012;Arma de fogo;1335;35.94;33.5
ES;Espírito Santo;Ambos;2012;Arma branca ou objeto contundente;285;7.67;7.66
ES;Espírito Santo;Ambos;2012;Estrangulamento;18;0.48;0.46
ES;Espírito Santo;Ambos;2012;Força corporal;9;0.24;0.29
ES;Espírito Santo;Ambos;2012;Demais meios especificados;9;0.24;0.24
ES;Espírito Santo;Ambos;2012;Meios não especificados;11;0.3;0.31
ES;Espírito Santo;Ambos;2013;Arma de fogo;1290;34.37;31.87
ES;Espírito Santo;Ambos;2013;Arma branca ou objeto contundente;257;6.85;6.73
ES;Espírito Santo;Ambos;2013;Estrangulamento;14;0.37;0.35
ES;Espírito Santo;Ambos;2013;Força corporal;9;0.24;0.25
ES;Espírito Santo;Ambos;2013;Demais meios especificados;17;0.45;0.45
ES;Espírito Santo;Ambos;2013;Meios não especificados;32;0.85;0.78
ES;Espírito Santo;Ambos;2014;Arma de fogo;1292;34.05;32.08
ES;Espírito Santo;Ambos;2014;Arma branca ou objeto contundente;257;6.77;6.68
ES;Espírito Santo;Ambos;2014;Estrangulamento;12;0.32;0.31
ES;Espírito Santo;Ambos;2014;Força corporal;7;0.18;0.19
ES;Espírito Santo;Ambos;2014;Demais meios especificados;14;0.37;0.36
ES;Espírito Santo;Ambos;2014;Meios não especificados;26;0.69;0.7
ES;Espírito Santo;Ambos;2015;Arma de fogo;1093;28.51;27.04
ES;Espírito Santo;Ambos;2015;Arma branca ou objeto contundente;269;7.02;6.84
ES;Espírito Santo;Ambos;2015;Estrangulamento;26;0.68;0.67
ES;Espírito Santo;Ambos;2015;Força corporal;15;0.39;0.39
ES;Espírito Santo;Ambos;2015;Demais meios especificados;27;0.7;0.72
ES;Espírito Santo;Ambos;2015;Meios não especificados;18;0.47;0.46
ES;Espírito Santo;Ambos;2016;Arma de fogo;968;25.01;23.95
ES;Espírito Santo;Ambos;2016;Arma branca ou objeto contundente;243;6.28;6.28
ES;Espírito Santo;Ambos;2016;Estrangulamento;12;0.31;0.31
ES;Espírito Santo;Ambos;2016;Força corporal;8;0.21;0.21
ES;Espírito Santo;Ambos;2016;Demais meios especificados;17;0.44;0.43
ES;Espírito Santo;Ambos;2016;Meios não especificados;19;0.49;0.5
ES;Espírito Santo;Ambos;2017;Arma de fogo;1227;31.42;30.5
ES;Espírito Santo;Ambos;2017;Arma branca ou objeto contundente;219;5.61;5.58
ES;Espírito Santo;Ambos;2017;Estrangulamento;20;0.51;0.5
ES;Espírito Santo;Ambos;2017;Força corporal;17;0.44;0.44
ES;Espírito Santo;Ambos;2017;Demais meios especificados;24;0.61;0.61
ES;Espírito Santo;Ambos;2017;Meios não especificados;11;0.28;0.29
ES;Espírito Santo;Ambos;2018;Arma de fogo;891;22.63;22.14
ES;Espírito Santo;Ambos;2018;Arma branca ou objeto contundente;215;5.46;5.42
ES;Espírito Santo;Ambos;2018;Estrangulamento;18;0.46;0.45
ES;Espírito Santo;Ambos;2018;Força corporal;11;0.28;0.27
ES;Espírito Santo;Ambos;2018;Demais meios especificados;14;0.36;0.33
ES;Espírito Santo;Ambos;2018;Meios não especificados;14;0.36;0.33
ES;Espírito Santo;Ambos;2019;Arma de fogo;781;19.67;19.45
ES;Espírito Santo;Ambos;2019;Arma branca ou objeto contundente;196;4.94;4.86
ES;Espírito Santo;Ambos;2019;Estrangulamento;13;0.33;0.33
ES;Espírito Santo;Ambos;2019;Força corporal;26;0.65;0.62
ES;Espírito Santo;Ambos;2019;Demais meios especificados;14;0.35;0.35
ES;Espírito Santo;Ambos;2019;Meios não especificados;8;0.2;0.2
ES;Espírito Santo;Ambos;2020;Arma de fogo;930;23.24;22.98
ES;Espírito Santo;Ambos;2020;Arma branca ou objeto contundente;219;5.47;5.19
ES;Espírito Santo;Ambos;2020;Estrangulamento;11;0.27;0.27
ES;Espírito Santo;Ambos;2020;Força corporal;25;0.62;0.63
ES;Espírito Santo;Ambos;2020;Demais meios especificados;23;0.57;0.55
ES;Espírito Santo;Ambos;2020;Meios não especificados;17;0.42;0.4
ES;Espírito Santo;Ambos;2021;Arma de fogo;892;22.15;21.68
ES;Espírito Santo;Ambos;2021;Arma branca ou objeto contundente;240;5.96;5.55
ES;Espírito Santo;Ambos;2021;Estrangulamento;26;0.65;0.65
ES;Espírito Santo;Ambos;2021;Força corporal;33;0.82;0.76
ES;Espírito Santo;Ambos;2021;Demais meios especificados;24;0.6;0.6
ES;Espírito Santo;Ambos;2021;Meios não especificados;33;0.82;0.78
ES;Espírito Santo;Ambos;2022;Arma de fogo;840;20.74;20.82
ES;Espírito Santo;Ambos;2022;Arma branca ou objeto contundente;213;5.26;5.17
ES;Espírito Santo;Ambos;2022;Estrangulamento;16;0.39;0.37
ES;Espírito Santo;Ambos;2022;Força corporal;20;0.49;0.47
ES;Espírito Santo;Ambos;2022;Demais meios especificados;21;0.52;0.49
ES;Espírito Santo;Ambos;2022;Meios não especificados;33;0.81;0.79
ES;Espírito Santo;Ambos;2023;Arma de fogo;831;20.39;20.81
ES;Espírito Santo;Ambos;2023;Arma branca ou objeto contundente;228;5.59;5.39
ES;Espírito Santo;Ambos;2023;Estrangulamento;18;0.44;0.45
ES;Espírito Santo;Ambos;2023;Força corporal;29;0.71;0.68
ES;Espírito Santo;Ambos;2023;Demais meios especificados;15;0.37;0.37
ES;Espírito Santo;Ambos;2023;Meios não especificados;33;0.81;0.81
ES;Espírito Santo;Ambos;2024;Arma de fogo;719;17.53;18.05
ES;Espírito Santo;Ambos;2024;Arma branca ou objeto contundente;217;5.29;5.23
ES;Espírito Santo;Ambos;2024;Estrangulamento;12;0.29;0.29
ES;Espírito Santo;Ambos;2024;Força corporal;39;0.95;0.94
ES;Espírito Santo;Ambos;2024;Demais meios especificados;13;0.32;0.28
ES;Espírito Santo;Ambos;2024;Meios não especificados;43;1.05;0.58
ES;Espírito Santo;Ambos;2025;Arma de fogo;588;14.25;14.83
ES;Espírito Santo;Ambos;2025;Arma branca ou objeto contundente;207;5.02;4.96
ES;Espírito Santo;Ambos;2025;Estrangulamento;14;0.34;0.31
ES;Espírito Santo;Ambos;2025;Força corporal;58;1.41;1.38
ES;Espírito Santo;Ambos;2025;Demais meios especificados;21;0.51;0.51
ES;Espírito Santo;Ambos;2025;Meios não especificados;15;0.36;0.35
ES;Espírito Santo;Homens;2000;Arma de fogo;941;59.94;57.87
ES;Espírito Santo;Homens;2000;Arma branca ou objeto contundente;101;6.43;6.98
ES;Espírito Santo;Homens;2000;Estrangulamento;17;1.08;1.05
ES;Espírito Santo;Homens;2000;Força corporal;4;0.25;0.3
ES;Espírito Santo;Homens;2000;Demais meios especificados;11;0.7;0.67
ES;Espírito Santo;Homens;2000;Meios não especificados;245;15.61;16.64
ES;Espírito Santo;Homens;2001;Arma de fogo;939;58.94;55.44
ES;Espírito Santo;Homens;2001;Arma branca ou objeto contundente;152;9.54;10.15
ES;Espírito Santo;Homens;2001;Estrangulamento;21;1.32;1.3
ES;Espírito Santo;Homens;2001;Força corporal;3;0.19;0.24
ES;Espírito Santo;Homens;2001;Demais meios especificados;10;0.63;0.72
ES;Espírito Santo;Homens;2001;Meios não especificados;194;12.18;12.98
ES;Espírito Santo;Homens;2002;Arma de fogo;1132;70.04;64.78
ES;Espírito Santo;Homens;2002;Arma branca ou objeto contundente;199;12.31;13.42
ES;Espírito Santo;Homens;2002;Estrangulamento;14;0.87;0.89
ES;Espírito Santo;Homens;2002;Força corporal;1;0.06;0.06
ES;Espírito Santo;Homens;2002;Demais meios especificados;12;0.74;0.69
ES;Espírito Santo;Homens;2002;Meios não especificados;136;8.41;8.66
ES;Espírito Santo;Homens;2003;Arma de fogo;1107;67.53;63.26
ES;Espírito Santo;Homens;2003;Arma branca ou objeto contundente;195;11.9;12.7
ES;Espírito Santo;Homens;2003;Estrangulamento;23;1.4;1.29
ES;Espírito Santo;Homens;2003;Força corporal;6;0.37;0.32
ES;Espírito Santo;Homens;2003;Demais meios especificados;14;0.85;0.83
ES;Espírito Santo;Homens;2003;Meios não especificados;142;8.66;8.15
ES;Espírito Santo;Homens;2004;Arma de fogo;1108;66.66;61.04
ES;Espírito Santo;Homens;2004;Arma branca ou objeto contundente;188;11.31;11.88
ES;Espírito Santo;Homens;2004;Estrangulamento;24;1.44;1.28
ES;Espírito Santo;Homens;2004;Força corporal;6;0.36;0.33
ES;Espírito Santo;Homens;2004;Demais meios especificados;6;0.36;0.38
ES;Espírito Santo;Homens;2004;Meios não especificados;150;9.02;9.17
ES;Espírito Santo;Homens;2005;Arma de fogo;1088;64.57;59.18
ES;Espírito Santo;Homens;2005;Arma branca ou objeto contundente;234;13.89;13.88
ES;Espírito Santo;Homens;2005;Estrangulamento;14;0.83;0.71
ES;Espírito Santo;Homens;2005;Força corporal;4;0.24;0.29
ES;Espírito Santo;Homens;2005;Demais meios especificados;8;0.47;0.57
ES;Espírito Santo;Homens;2005;Meios não especificados;105;6.23;6.29
ES;Espírito Santo;Homens;2006;Arma de fogo;1194;69.94;63.48
ES;Espírito Santo;Homens;2006;Arma branca ou objeto contundente;222;13;12.99
ES;Espírito Santo;Homens;2006;Estrangulamento;18;1.05;1
ES;Espírito Santo;Homens;2006;Força corporal;6;0.35;0.43
ES;Espírito Santo;Homens;2006;Demais meios especificados;13;0.76;0.66
ES;Espírito Santo;Homens;2006;Meios não especificados;125;7.32;7.09
ES;Espírito Santo;Homens;2007;Arma de fogo;1252;72.41;66.03
ES;Espírito Santo;Homens;2007;Arma branca ou objeto contundente;261;15.1;15.22
ES;Espírito Santo;Homens;2007;Estrangulamento;23;1.33;1.24
ES;Espírito Santo;Homens;2007;Força corporal;5;0.29;0.33
ES;Espírito Santo;Homens;2007;Demais meios especificados;16;0.93;0.88
ES;Espírito Santo;Homens;2007;Meios não especificados;134;7.75;7.72
ES;Espírito Santo;Homens;2008;Arma de fogo;1370;78.24;70.48
ES;Espírito Santo;Homens;2008;Arma branca ou objeto contundente;312;17.82;17.67
ES;Espírito Santo;Homens;2008;Estrangulamento;15;0.86;0.86
ES;Espírito Santo;Homens;2008;Força corporal;4;0.23;0.24
ES;Espírito Santo;Homens;2008;Demais meios especificados;15;0.86;0.87
ES;Espírito Santo;Homens;2008;Meios não especificados;39;2.23;2.25
ES;Espírito Santo;Homens;2009;Arma de fogo;1418;80;71.53
ES;Espírito Santo;Homens;2009;Arma branca ou objeto contundente;278;15.68;15.45
ES;Espírito Santo;Homens;2009;Estrangulamento;13;0.73;0.75
ES;Espírito Santo;Homens;2009;Força corporal;3;0.17;0.17
ES;Espírito Santo;Homens;2009;Demais meios especificados;15;0.85;0.76
ES;Espírito Santo;Homens;2009;Meios não especificados;41;2.31;2.24
ES;Espírito Santo;Homens;2010;Arma de fogo;1265;70.64;64.1
ES;Espírito Santo;Homens;2010;Arma branca ou objeto contundente;272;15.19;15.25
ES;Espírito Santo;Homens;2010;Estrangulamento;9;0.5;0.5
ES;Espírito Santo;Homens;2010;Força corporal;7;0.39;0.34
ES;Espírito Santo;Homens;2010;Demais meios especificados;25;1.4;1.39
ES;Espírito Santo;Homens;2010;Meios não especificados;40;2.23;2.16
ES;Espírito Santo;Homens;2011;Arma de fogo;1247;68.99;63.39
ES;Espírito Santo;Homens;2011;Arma branca ou objeto contundente;208;11.51;11.4
ES;Espírito Santo;Homens;2011;Estrangulamento;12;0.66;0.73
ES;Espírito Santo;Homens;2011;Força corporal;4;0.22;0.22
ES;Espírito Santo;Homens;2011;Demais meios especificados;9;0.5;0.5
ES;Espírito Santo;Homens;2011;Meios não especificados;25;1.38;1.42
ES;Espírito Santo;Homens;2012;Arma de fogo;1229;67.3;62.42
ES;Espírito Santo;Homens;2012;Arma branca ou objeto contundente;241;13.2;13.34
ES;Espírito Santo;Homens;2012;Estrangulamento;8;0.44;0.42
ES;Espírito Santo;Homens;2012;Força corporal;9;0.49;0.6
ES;Espírito Santo;Homens;2012;Demais meios especificados;8;0.44;0.43
ES;Espírito Santo;Homens;2012;Meios não especificados;9;0.49;0.53
ES;Espírito Santo;Homens;2013;Arma de fogo;1176;63.73;58.52
ES;Espírito Santo;Homens;2013;Arma branca ou objeto contundente;209;11.33;11.22
ES;Espírito Santo;Homens;2013;Estrangulamento;11;0.6;0.57
ES;Espírito Santo;Homens;2013;Força corporal;9;0.49;0.52
ES;Espírito Santo;Homens;2013;Demais meios especificados;16;0.87;0.85
ES;Espírito Santo;Homens;2013;Meios não especificados;27;1.46;1.35
ES;Espírito Santo;Homens;2014;Arma de fogo;1203;64.51;60.26
ES;Espírito Santo;Homens;2014;Arma branca ou objeto contundente;213;11.42;11.38
ES;Espírito Santo;Homens;2014;Estrangulamento;8;0.43;0.42
ES;Espírito Santo;Homens;2014;Força corporal;7;0.38;0.38
ES;Espírito Santo;Homens;2014;Demais meios especificados;13;0.7;0.68
ES;Espírito Santo;Homens;2014;Meios não especificados;24;1.29;1.3
ES;Espírito Santo;Homens;2015;Arma de fogo;1014;53.81;50.5
ES;Espírito Santo;Homens;2015;Arma branca ou objeto contundente;224;11.89;11.69
ES;Espírito Santo;Homens;2015;Estrangulamento;16;0.85;0.84
ES;Espírito Santo;Homens;2015;Força corporal;14;0.74;0.75
ES;Espírito Santo;Homens;2015;Demais meios especificados;23;1.22;1.27
ES;Espírito Santo;Homens;2015;Meios não especificados;15;0.8;0.75
ES;Espírito Santo;Homens;2016;Arma de fogo;911;47.89;45.41
ES;Espírito Santo;Homens;2016;Arma branca ou objeto contundente;207;10.88;11.02
ES;Espírito Santo;Homens;2016;Estrangulamento;8;0.42;0.44
ES;Espírito Santo;Homens;2016;Força corporal;7;0.37;0.4
ES;Espírito Santo;Homens;2016;Demais meios especificados;12;0.63;0.61
ES;Espírito Santo;Homens;2016;Meios não especificados;18;0.95;0.99
ES;Espírito Santo;Homens;2017;Arma de fogo;1137;59.28;56.97
ES;Espírito Santo;Homens;2017;Arma branca ou objeto contundente;177;9.23;9.28
ES;Espírito Santo;Homens;2017;Estrangulamento;12;0.63;0.63
ES;Espírito Santo;Homens;2017;Força corporal;13;0.68;0.7
ES;Espírito Santo;Homens;2017;Demais meios especificados;16;0.83;0.86
ES;Espírito Santo;Homens;2017;Meios não especificados;11;0.57;0.6
ES;Espírito Santo;Homens;2018;Arma de fogo;836;43.23;41.79
ES;Espírito Santo;Homens;2018;Arma branca ou objeto contundente;178;9.21;9.25
ES;Espírito Santo;Homens;2018;Estrangulamento;15;0.78;0.78
ES;Espírito Santo;Homens;2018;Força corporal;9;0.47;0.45
ES;Espírito Santo;Homens;2018;Demais meios especificados;12;0.62;0.56
ES;Espírito Santo;Homens;2018;Meios não especificados;11;0.57;0.51
ES;Espírito Santo;Homens;2019;Arma de fogo;739;37.91;36.96
ES;Espírito Santo;Homens;2019;Arma branca ou objeto contundente;158;8.11;8.04
ES;Espírito Santo;Homens;2019;Estrangulamento;5;0.26;0.25
ES;Espírito Santo;Homens;2019;Força corporal;22;1.13;1.07
ES;Espírito Santo;Homens;2019;Demais meios especificados;11;0.56;0.58
ES;Espírito Santo;Homens;2019;Meios não especificados;6;0.31;0.32
ES;Espírito Santo;Homens;2020;Arma de fogo;869;44.25;43.26
ES;Espírito Santo;Homens;2020;Arma branca ou objeto contundente;185;9.42;9.13
ES;Espírito Santo;Homens;2020;Estrangulamento;8;0.41;0.4
ES;Espírito Santo;Homens;2020;Força corporal;21;1.07;1.09
ES;Espírito Santo;Homens;2020;Demais meios especificados;20;1.02;0.97
ES;Espírito Santo;Homens;2020;Meios não especificados;15;0.76;0.76
ES;Espírito Santo;Homens;2021;Arma de fogo;829;41.97;40.49
ES;Espírito Santo;Homens;2021;Arma branca ou objeto contundente;198;10.02;9.35
ES;Espírito Santo;Homens;2021;Estrangulamento;19;0.96;0.96
ES;Espírito Santo;Homens;2021;Força corporal;29;1.47;1.36
ES;Espírito Santo;Homens;2021;Demais meios especificados;21;1.06;1.09
ES;Espírito Santo;Homens;2021;Meios não especificados;26;1.32;1.27
ES;Espírito Santo;Homens;2022;Arma de fogo;788;39.68;39.19
ES;Espírito Santo;Homens;2022;Arma branca ou objeto contundente;177;8.91;8.83
ES;Espírito Santo;Homens;2022;Estrangulamento;12;0.6;0.6
ES;Espírito Santo;Homens;2022;Força corporal;18;0.91;0.85
ES;Espírito Santo;Homens;2022;Demais meios especificados;16;0.81;0.8
ES;Espírito Santo;Homens;2022;Meios não especificados;27;1.36;1.31
ES;Espírito Santo;Homens;2023;Arma de fogo;788;39.45;39.62
ES;Espírito Santo;Homens;2023;Arma branca ou objeto contundente;194;9.71;9.39
ES;Espírito Santo;Homens;2023;Estrangulamento;12;0.6;0.61
ES;Espírito Santo;Homens;2023;Força corporal;26;1.3;1.25
ES;Espírito Santo;Homens;2023;Demais meios especificados;7;0.35;0.35
ES;Espírito Santo;Homens;2023;Meios não especificados;27;1.35;1.37
ES;Espírito Santo;Homens;2024;Arma de fogo;667;33.2;33.61
ES;Espírito Santo;Homens;2024;Arma branca ou objeto contundente;177;8.81;8.78
ES;Espírito Santo;Homens;2024;Estrangulamento;7;0.35;0.34
ES;Espírito Santo;Homens;2024;Força corporal;34;1.69;1.68
ES;Espírito Santo;Homens;2024;Demais meios especificados;11;0.55;0.48
ES;Espírito Santo;Homens;2024;Meios não especificados;33;1.64;1.1
ES;Espírito Santo;Homens;2025;Arma de fogo;552;27.32;28.04
ES;Espírito Santo;Homens;2025;Arma branca ou objeto contundente;179;8.86;8.77
ES;Espírito Santo;Homens;2025;Estrangulamento;11;0.54;0.51
ES;Espírito Santo;Homens;2025;Força corporal;51;2.52;2.51
ES;Espírito Santo;Homens;2025;Demais meios especificados;16;0.79;0.8
ES;Espírito Santo;Homens;2025;Meios não especificados;14;0.69;0.69
ES;Espírito Santo;Mulheres;2000;Arma de fogo;63;3.91;3.76
ES;Espírito Santo;Mulheres;2000;Arma branca ou objeto contundente;13;0.81;0.79
ES;Espírito Santo;Mulheres;2000;Estrangulamento;1;0.06;0.04
ES;Espírito Santo;Mulheres;2000;Demais meios especificados;2;0.12;0.11
ES;Espírito Santo;Mulheres;2000;Meios não especificados;34;2.11;2.09
ES;Espírito Santo;Mulheres;2001;Arma de fogo;80;4.89;4.71
ES;Espírito Santo;Mulheres;2001;Arma branca ou objeto contundente;25;1.53;1.64
ES;Espírito Santo;Mulheres;2001;Estrangulamento;5;0.31;0.27
ES;Espírito Santo;Mulheres;2001;Demais meios especificados;2;0.12;0.13
ES;Espírito Santo;Mulheres;2001;Meios não especificados;20;1.22;1.31
ES;Espírito Santo;Mulheres;2002;Arma de fogo;88;5.3;4.89
ES;Espírito Santo;Mulheres;2002;Arma branca ou objeto contundente;35;2.11;2
ES;Espírito Santo;Mulheres;2002;Estrangulamento;8;0.48;0.44
ES;Espírito Santo;Mulheres;2002;Demais meios especificados;2;0.12;0.11
ES;Espírito Santo;Mulheres;2002;Meios não especificados;16;0.96;0.84
ES;Espírito Santo;Mulheres;2003;Arma de fogo;71;4.21;3.95
ES;Espírito Santo;Mulheres;2003;Arma branca ou objeto contundente;45;2.67;2.71
ES;Espírito Santo;Mulheres;2003;Estrangulamento;6;0.36;0.37
ES;Espírito Santo;Mulheres;2003;Demais meios especificados;5;0.3;0.35
ES;Espírito Santo;Mulheres;2003;Meios não especificados;14;0.83;0.86
ES;Espírito Santo;Mulheres;2004;Arma de fogo;80;4.68;4.43
ES;Espírito Santo;Mulheres;2004;Arma branca ou objeto contundente;26;1.52;1.49
ES;Espírito Santo;Mulheres;2004;Estrangulamento;6;0.35;0.25
ES;Espírito Santo;Mulheres;2004;Força corporal;1;0.06;0.06
ES;Espírito Santo;Mulheres;2004;Demais meios especificados;6;0.35;0.37
ES;Espírito Santo;Mulheres;2004;Meios não especificados;18;1.05;1.08
ES;Espírito Santo;Mulheres;2005;Arma de fogo;101;5.82;5.38
ES;Espírito Santo;Mulheres;2005;Arma branca ou objeto contundente;24;1.38;1.29
ES;Espírito Santo;Mulheres;2005;Estrangulamento;7;0.4;0.44
ES;Espírito Santo;Mulheres;2005;Demais meios especificados;5;0.29;0.29
ES;Espírito Santo;Mulheres;2005;Meios não especificados;12;0.69;0.69
ES;Espírito Santo;Mulheres;2006;Arma de fogo;100;5.68;5.18
ES;Espírito Santo;Mulheres;2006;Arma branca ou objeto contundente;49;2.78;2.66
ES;Espírito Santo;Mulheres;2006;Estrangulamento;4;0.23;0.22
ES;Espírito Santo;Mulheres;2006;Força corporal;2;0.11;0.12
ES;Espírito Santo;Mulheres;2006;Demais meios especificados;7;0.4;0.36
ES;Espírito Santo;Mulheres;2006;Meios não especificados;21;1.19;1.28
ES;Espírito Santo;Mulheres;2007;Arma de fogo;111;6.23;5.77
ES;Espírito Santo;Mulheres;2007;Arma branca ou objeto contundente;45;2.52;2.51
ES;Espírito Santo;Mulheres;2007;Estrangulamento;8;0.45;0.35
ES;Espírito Santo;Mulheres;2007;Força corporal;2;0.11;0.11
ES;Espírito Santo;Mulheres;2007;Demais meios especificados;8;0.45;0.48
ES;Espírito Santo;Mulheres;2007;Meios não especificados;12;0.67;0.66
ES;Espírito Santo;Mulheres;2008;Arma de fogo;124;6.86;6.32
ES;Espírito Santo;Mulheres;2008;Arma branca ou objeto contundente;45;2.49;2.43
ES;Espírito Santo;Mulheres;2008;Estrangulamento;7;0.39;0.41
ES;Espírito Santo;Mulheres;2008;Força corporal;3;0.17;0.15
ES;Espírito Santo;Mulheres;2008;Demais meios especificados;3;0.17;0.1
ES;Espírito Santo;Mulheres;2008;Meios não especificados;8;0.44;0.44
ES;Espírito Santo;Mulheres;2009;Arma de fogo;130;7.1;6.45
ES;Espírito Santo;Mulheres;2009;Arma branca ou objeto contundente;68;3.72;3.6
ES;Espírito Santo;Mulheres;2009;Estrangulamento;8;0.44;0.47
ES;Espírito Santo;Mulheres;2009;Demais meios especificados;5;0.27;0.3
ES;Espírito Santo;Mulheres;2009;Meios não especificados;5;0.27;0.26
ES;Espírito Santo;Mulheres;2010;Arma de fogo;94;5.08;4.81
ES;Espírito Santo;Mulheres;2010;Arma branca ou objeto contundente;58;3.14;3
ES;Espírito Santo;Mulheres;2010;Estrangulamento;8;0.43;0.44
ES;Espírito Santo;Mulheres;2010;Força corporal;2;0.11;0.12
ES;Espírito Santo;Mulheres;2010;Demais meios especificados;6;0.32;0.33
ES;Espírito Santo;Mulheres;2010;Meios não especificados;6;0.32;0.29
ES;Espírito Santo;Mulheres;2011;Arma de fogo;105;5.62;5.18
ES;Espírito Santo;Mulheres;2011;Arma branca ou objeto contundente;47;2.52;2.39
ES;Espírito Santo;Mulheres;2011;Estrangulamento;6;0.32;0.31
ES;Espírito Santo;Mulheres;2011;Força corporal;1;0.05;0.07
ES;Espírito Santo;Mulheres;2011;Demais meios especificados;1;0.05;0.06
ES;Espírito Santo;Mulheres;2011;Meios não especificados;7;0.37;0.41
ES;Espírito Santo;Mulheres;2012;Arma de fogo;106;5.61;5.26
ES;Espírito Santo;Mulheres;2012;Arma branca ou objeto contundente;44;2.33;2.3
ES;Espírito Santo;Mulheres;2012;Estrangulamento;10;0.53;0.51
ES;Espírito Santo;Mulheres;2012;Demais meios especificados;1;0.05;0.05
ES;Espírito Santo;Mulheres;2012;Meios não especificados;2;0.11;0.1
ES;Espírito Santo;Mulheres;2013;Arma de fogo;114;5.97;5.68
ES;Espírito Santo;Mulheres;2013;Arma branca ou objeto contundente;48;2.52;2.45
ES;Espírito Santo;Mulheres;2013;Estrangulamento;3;0.16;0.14
ES;Espírito Santo;Mulheres;2013;Demais meios especificados;1;0.05;0.07
ES;Espírito Santo;Mulheres;2013;Meios não especificados;5;0.26;0.23
ES;Espírito Santo;Mulheres;2014;Arma de fogo;89;4.61;4.4
ES;Espírito Santo;Mulheres;2014;Arma branca ou objeto contundente;44;2.28;2.21
ES;Espírito Santo;Mulheres;2014;Estrangulamento;4;0.21;0.2
ES;Espírito Santo;Mulheres;2014;Demais meios especificados;1;0.05;0.05
ES;Espírito Santo;Mulheres;2014;Meios não especificados;2;0.1;0.13
ES;Espírito Santo;Mulheres;2015;Arma de fogo;78;4;3.92
ES;Espírito Santo;Mulheres;2015;Arma branca ou objeto contundente;45;2.31;2.21
ES;Espírito Santo;Mulheres;2015;Estrangulamento;10;0.51;0.51
ES;Espírito Santo;Mulheres;2015;Força corporal;1;0.05;0.05
ES;Espírito Santo;Mulheres;2015;Demais meios especificados;4;0.21;0.2
ES;Espírito Santo;Mulheres;2015;Meios não especificados;3;0.15;0.15
ES;Espírito Santo;Mulheres;2016;Arma de fogo;57;2.9;2.8
ES;Espírito Santo;Mulheres;2016;Arma branca ou objeto contundente;36;1.83;1.8
ES;Espírito Santo;Mulheres;2016;Estrangulamento;4;0.2;0.2
ES;Espírito Santo;Mulheres;2016;Força corporal;1;0.05;0.05
ES;Espírito Santo;Mulheres;2016;Demais meios especificados;5;0.25;0.24
ES;Espírito Santo;Mulheres;2016;Meios não especificados;1;0.05;0.05
ES;Espírito Santo;Mulheres;2017;Arma de fogo;89;4.48;4.38
ES;Espírito Santo;Mulheres;2017;Arma branca ou objeto contundente;42;2.11;2.1
ES;Espírito Santo;Mulheres;2017;Estrangulamento;8;0.4;0.39
ES;Espírito Santo;Mulheres;2017;Força corporal;4;0.2;0.19
ES;Espírito Santo;Mulheres;2017;Demais meios especificados;8;0.4;0.4
ES;Espírito Santo;Mulheres;2018;Arma de fogo;55;2.75;2.73
ES;Espírito Santo;Mulheres;2018;Arma branca ou objeto contundente;36;1.8;1.79
ES;Espírito Santo;Mulheres;2018;Estrangulamento;3;0.15;0.15
ES;Espírito Santo;Mulheres;2018;Força corporal;2;0.1;0.1
ES;Espírito Santo;Mulheres;2018;Demais meios especificados;2;0.1;0.1
ES;Espírito Santo;Mulheres;2018;Meios não especificados;2;0.1;0.09
ES;Espírito Santo;Mulheres;2019;Arma de fogo;42;2.08;2.07
ES;Espírito Santo;Mulheres;2019;Arma branca ou objeto contundente;38;1.88;1.82
ES;Espírito Santo;Mulheres;2019;Estrangulamento;8;0.4;0.4
ES;Espírito Santo;Mulheres;2019;Força corporal;4;0.2;0.19
ES;Espírito Santo;Mulheres;2019;Demais meios especificados;3;0.15;0.15
ES;Espírito Santo;Mulheres;2019;Meios não especificados;2;0.1;0.1
ES;Espírito Santo;Mulheres;2020;Arma de fogo;58;2.85;2.85
ES;Espírito Santo;Mulheres;2020;Arma branca ou objeto contundente;32;1.57;1.42
ES;Espírito Santo;Mulheres;2020;Estrangulamento;3;0.15;0.15
ES;Espírito Santo;Mulheres;2020;Força corporal;4;0.2;0.19
ES;Espírito Santo;Mulheres;2020;Demais meios especificados;3;0.15;0.15
ES;Espírito Santo;Mulheres;2020;Meios não especificados;1;0.05;0.05
ES;Espírito Santo;Mulheres;2021;Arma de fogo;62;3.02;2.99
ES;Espírito Santo;Mulheres;2021;Arma branca ou objeto contundente;42;2.05;1.99
ES;Espírito Santo;Mulheres;2021;Estrangulamento;7;0.34;0.34
ES;Espírito Santo;Mulheres;2021;Força corporal;4;0.19;0.19
ES;Espírito Santo;Mulheres;2021;Demais meios especificados;3;0.15;0.15
ES;Espírito Santo;Mulheres;2021;Meios não especificados;7;0.34;0.32
ES;Espírito Santo;Mulheres;2022;Arma de fogo;51;2.47;2.54
ES;Espírito Santo;Mulheres;2022;Arma branca ou objeto contundente;35;1.69;1.69
ES;Espírito Santo;Mulheres;2022;Estrangulamento;4;0.19;0.13
ES;Espírito Santo;Mulheres;2022;Força corporal;2;0.1;0.1
ES;Espírito Santo;Mulheres;2022;Demais meios especificados;4;0.19;0.14
ES;Espírito Santo;Mulheres;2022;Meios não especificados;6;0.29;0.28
ES;Espírito Santo;Mulheres;2023;Arma de fogo;43;2.07;2.07
ES;Espírito Santo;Mulheres;2023;Arma branca ou objeto contundente;33;1.59;1.56
ES;Espírito Santo;Mulheres;2023;Estrangulamento;6;0.29;0.28
ES;Espírito Santo;Mulheres;2023;Força corporal;3;0.14;0.14
ES;Espírito Santo;Mulheres;2023;Demais meios especificados;8;0.38;0.39
ES;Espírito Santo;Mulheres;2023;Meios não especificados;6;0.29;0.29
ES;Espírito Santo;Mulheres;2024;Arma de fogo;52;2.48;2.54
ES;Espírito Santo;Mulheres;2024;Arma branca ou objeto contundente;40;1.91;1.87
ES;Espírito Santo;Mulheres;2024;Estrangulamento;5;0.24;0.25
ES;Espírito Santo;Mulheres;2024;Força corporal;5;0.24;0.25
ES;Espírito Santo;Mulheres;2024;Demais meios especificados;2;0.1;0.09
ES;Espírito Santo;Mulheres;2024;Meios não especificados;6;0.29;0.1
ES;Espírito Santo;Mulheres;2025;Arma de fogo;33;1.57;1.67
ES;Espírito Santo;Mulheres;2025;Arma branca ou objeto contundente;28;1.33;1.27
ES;Espírito Santo;Mulheres;2025;Estrangulamento;3;0.14;0.14
ES;Espírito Santo;Mulheres;2025;Força corporal;6;0.28;0.28
ES;Espírito Santo;Mulheres;2025;Demais meios especificados;5;0.24;0.24
ES;Espírito Santo;Mulheres;2025;Meios não especificados;1;0.05;0.05
GO;Goiás;Ambos;2000;Arma de fogo;706;13.73;12.9
GO;Goiás;Ambos;2000;Arma branca ou objeto contundente;280;5.44;5.72
GO;Goiás;Ambos;2000;Estrangulamento;13;0.25;0.35
GO;Goiás;Ambos;2000;Força corporal;7;0.14;0.16
GO;Goiás;Ambos;2000;Demais meios especificados;19;0.37;0.36
GO;Goiás;Ambos;2000;Meios não especificados;57;1.11;1.17
GO;Goiás;Ambos;2001;Arma de fogo;752;14.31;13.64
GO;Goiás;Ambos;2001;Arma branca ou objeto contundente;326;6.2;6.22
GO;Goiás;Ambos;2001;Estrangulamento;11;0.21;0.19
GO;Goiás;Ambos;2001;Força corporal;13;0.25;0.32
GO;Goiás;Ambos;2001;Demais meios especificados;25;0.48;0.51
GO;Goiás;Ambos;2001;Meios não especificados;39;0.74;0.87
GO;Goiás;Ambos;2002;Arma de fogo;893;16.65;15.51
GO;Goiás;Ambos;2002;Arma branca ou objeto contundente;373;6.95;7.15
GO;Goiás;Ambos;2002;Estrangulamento;14;0.26;0.32
GO;Goiás;Ambos;2002;Força corporal;8;0.15;0.17
GO;Goiás;Ambos;2002;Demais meios especificados;26;0.48;0.43
GO;Goiás;Ambos;2002;Meios não especificados;54;1.01;1.01
GO;Goiás;Ambos;2003;Arma de fogo;868;15.86;14.64
GO;Goiás;Ambos;2003;Arma branca ou objeto contundente;356;6.51;6.49
GO;Goiás;Ambos;2003;Estrangulamento;16;0.29;0.33
GO;Goiás;Ambos;2003;Força corporal;4;0.07;0.08
GO;Goiás;Ambos;2003;Demais meios especificados;46;0.84;0.82
GO;Goiás;Ambos;2003;Meios não especificados;56;1.02;1.14
GO;Goiás;Ambos;2004;Arma de fogo;988;17.71;16.02
GO;Goiás;Ambos;2004;Arma branca ou objeto contundente;430;7.71;7.7
GO;Goiás;Ambos;2004;Estrangulamento;25;0.45;0.49
GO;Goiás;Ambos;2004;Força corporal;13;0.23;0.27
GO;Goiás;Ambos;2004;Demais meios especificados;40;0.72;0.77
GO;Goiás;Ambos;2004;Meios não especificados;28;0.5;0.56
GO;Goiás;Ambos;2005;Arma de fogo;937;16.48;14.7
GO;Goiás;Ambos;2005;Arma branca ou objeto contundente;401;7.05;6.76
GO;Goiás;Ambos;2005;Estrangulamento;20;0.35;0.38
GO;Goiás;Ambos;2005;Força corporal;9;0.16;0.14
GO;Goiás;Ambos;2005;Demais meios especificados;54;0.95;0.91
GO;Goiás;Ambos;2005;Meios não especificados;45;0.79;0.84
GO;Goiás;Ambos;2006;Arma de fogo;984;16.99;15.43
GO;Goiás;Ambos;2006;Arma branca ou objeto contundente;427;7.37;7.15
GO;Goiás;Ambos;2006;Estrangulamento;20;0.35;0.48
GO;Goiás;Ambos;2006;Força corporal;13;0.22;0.3
GO;Goiás;Ambos;2006;Demais meios especificados;39;0.67;0.69
GO;Goiás;Ambos;2006;Meios não especificados;25;0.43;0.46
GO;Goiás;Ambos;2007;Arma de fogo;1009;17.11;15.32
GO;Goiás;Ambos;2007;Arma branca ou objeto contundente;406;6.89;6.68
GO;Goiás;Ambos;2007;Estrangulamento;18;0.31;0.32
GO;Goiás;Ambos;2007;Força corporal;20;0.34;0.4
GO;Goiás;Ambos;2007;Demais meios especificados;33;0.56;0.61
GO;Goiás;Ambos;2007;Meios não especificados;35;0.59;0.59
GO;Goiás;Ambos;2008;Arma de fogo;1201;20.02;17.73
GO;Goiás;Ambos;2008;Arma branca ou objeto contundente;476;7.94;7.79
GO;Goiás;Ambos;2008;Estrangulamento;15;0.25;0.26
GO;Goiás;Ambos;2008;Força corporal;19;0.32;0.36
GO;Goiás;Ambos;2008;Demais meios especificados;37;0.62;0.61
GO;Goiás;Ambos;2008;Meios não especificados;44;0.73;0.64
GO;Goiás;Ambos;2009;Arma de fogo;1260;20.66;18.48
GO;Goiás;Ambos;2009;Arma branca ou objeto contundente;499;8.18;7.93
GO;Goiás;Ambos;2009;Estrangulamento;22;0.36;0.32
GO;Goiás;Ambos;2009;Força corporal;24;0.39;0.4
GO;Goiás;Ambos;2009;Demais meios especificados;53;0.87;0.83
GO;Goiás;Ambos;2009;Meios não especificados;44;0.72;0.7
GO;Goiás;Ambos;2010;Arma de fogo;1317;21.29;18.88
GO;Goiás;Ambos;2010;Arma branca ou objeto contundente;534;8.63;8.28
GO;Goiás;Ambos;2010;Estrangulamento;23;0.37;0.36
GO;Goiás;Ambos;2010;Força corporal;25;0.4;0.42
GO;Goiás;Ambos;2010;Demais meios especificados;45;0.73;0.68
GO;Goiás;Ambos;2010;Meios não especificados;35;0.57;0.52
GO;Goiás;Ambos;2011;Arma de fogo;1579;25.21;22.47
GO;Goiás;Ambos;2011;Arma branca ou objeto contundente;552;8.81;8.35
GO;Goiás;Ambos;2011;Estrangulamento;30;0.48;0.47
GO;Goiás;Ambos;2011;Força corporal;26;0.42;0.46
GO;Goiás;Ambos;2011;Demais meios especificados;55;0.88;0.94
GO;Goiás;Ambos;2011;Meios não especificados;29;0.46;0.46
GO;Goiás;Ambos;2012;Arma de fogo;1955;30.78;27.6
GO;Goiás;Ambos;2012;Arma branca ou objeto contundente;684;10.77;10.23
GO;Goiás;Ambos;2012;Estrangulamento;33;0.52;0.45
GO;Goiás;Ambos;2012;Força corporal;36;0.57;0.53
GO;Goiás;Ambos;2012;Demais meios especificados;34;0.54;0.54
GO;Goiás;Ambos;2012;Meios não especificados;51;0.8;0.74
GO;Goiás;Ambos;2013;Arma de fogo;2138;33.19;29.81
GO;Goiás;Ambos;2013;Arma branca ou objeto contundente;676;10.49;10
GO;Goiás;Ambos;2013;Estrangulamento;34;0.53;0.56
GO;Goiás;Ambos;2013;Força corporal;50;0.78;0.82
GO;Goiás;Ambos;2013;Demais meios especificados;49;0.76;0.67
GO;Goiás;Ambos;2013;Meios não especificados;25;0.39;0.29
GO;Goiás;Ambos;2014;Arma de fogo;2054;31.43;28.24
GO;Goiás;Ambos;2014;Arma branca ou objeto contundente;654;10.01;9.61
GO;Goiás;Ambos;2014;Estrangulamento;44;0.67;0.61
GO;Goiás;Ambos;2014;Força corporal;53;0.81;0.78
GO;Goiás;Ambos;2014;Demais meios especificados;50;0.77;0.67
GO;Goiás;Ambos;2014;Meios não especificados;31;0.47;0.45
GO;Goiás;Ambos;2015;Arma de fogo;2161;32.59;29.66
GO;Goiás;Ambos;2015;Arma branca ou objeto contundente;682;10.29;9.67
GO;Goiás;Ambos;2015;Estrangulamento;42;0.63;0.58
GO;Goiás;Ambos;2015;Força corporal;39;0.59;0.58
GO;Goiás;Ambos;2015;Demais meios especificados;32;0.48;0.44
GO;Goiás;Ambos;2015;Meios não especificados;39;0.59;0.55
GO;Goiás;Ambos;2016;Arma de fogo;2143;31.89;29.37
GO;Goiás;Ambos;2016;Arma branca ou objeto contundente;721;10.73;10.2
GO;Goiás;Ambos;2016;Estrangulamento;45;0.67;0.67
GO;Goiás;Ambos;2016;Força corporal;59;0.88;0.93
GO;Goiás;Ambos;2016;Demais meios especificados;29;0.43;0.34
GO;Goiás;Ambos;2016;Meios não especificados;30;0.45;0.48
GO;Goiás;Ambos;2017;Arma de fogo;2057;30.23;27.87
GO;Goiás;Ambos;2017;Arma branca ou objeto contundente;643;9.45;9.06
GO;Goiás;Ambos;2017;Estrangulamento;31;0.46;0.47
GO;Goiás;Ambos;2017;Força corporal;58;0.85;0.83
GO;Goiás;Ambos;2017;Demais meios especificados;27;0.4;0.34
GO;Goiás;Ambos;2017;Meios não especificados;40;0.59;0.51
GO;Goiás;Ambos;2018;Arma de fogo;1860;27;25.25
GO;Goiás;Ambos;2018;Arma branca ou objeto contundente;570;8.27;7.96
GO;Goiás;Ambos;2018;Estrangulamento;48;0.7;0.67
GO;Goiás;Ambos;2018;Força corporal;56;0.81;0.8
GO;Goiás;Ambos;2018;Demais meios especificados;30;0.44;0.37
GO;Goiás;Ambos;2018;Meios não especificados;35;0.51;0.5
GO;Goiás;Ambos;2019;Arma de fogo;1457;20.89;19.82
GO;Goiás;Ambos;2019;Arma branca ou objeto contundente;490;7.03;6.79
GO;Goiás;Ambos;2019;Estrangulamento;43;0.62;0.6
GO;Goiás;Ambos;2019;Força corporal;51;0.73;0.74
GO;Goiás;Ambos;2019;Demais meios especificados;16;0.23;0.22
GO;Goiás;Ambos;2019;Meios não especificados;50;0.72;0.64
GO;Goiás;Ambos;2020;Arma de fogo;1391;19.7;18.77
GO;Goiás;Ambos;2020;Arma branca ou objeto contundente;486;6.88;6.61
GO;Goiás;Ambos;2020;Estrangulamento;26;0.37;0.36
GO;Goiás;Ambos;2020;Força corporal;48;0.68;0.67
GO;Goiás;Ambos;2020;Demais meios especificados;23;0.33;0.31
GO;Goiás;Ambos;2020;Meios não especificados;39;0.55;0.54
GO;Goiás;Ambos;2021;Arma de fogo;1012;14.19;13.66
GO;Goiás;Ambos;2021;Arma branca ou objeto contundente;477;6.69;6.48
GO;Goiás;Ambos;2021;Estrangulamento;23;0.32;0.32
GO;Goiás;Ambos;2021;Força corporal;67;0.94;0.92
GO;Goiás;Ambos;2021;Demais meios especificados;23;0.32;0.32
GO;Goiás;Ambos;2021;Meios não especificados;43;0.6;0.61
GO;Goiás;Ambos;2022;Arma de fogo;925;12.84;12.39
GO;Goiás;Ambos;2022;Arma branca ou objeto contundente;464;6.44;6.13
GO;Goiás;Ambos;2022;Estrangulamento;28;0.39;0.38
GO;Goiás;Ambos;2022;Força corporal;64;0.89;0.87
GO;Goiás;Ambos;2022;Demais meios especificados;18;0.25;0.25
GO;Goiás;Ambos;2022;Meios não especificados;27;0.37;0.36
GO;Goiás;Ambos;2023;Arma de fogo;831;11.42;11.04
GO;Goiás;Ambos;2023;Arma branca ou objeto contundente;475;6.53;6.27
GO;Goiás;Ambos;2023;Estrangulamento;23;0.32;0.31
GO;Goiás;Ambos;2023;Força corporal;58;0.8;0.79
GO;Goiás;Ambos;2023;Demais meios especificados;17;0.23;0.2
GO;Goiás;Ambos;2023;Meios não especificados;35;0.48;0.45
GO;Goiás;Ambos;2024;Arma de fogo;643;8.75;8.5
GO;Goiás;Ambos;2024;Arma branca ou objeto contundente;439;5.97;5.8
GO;Goiás;Ambos;2024;Estrangulamento;26;0.35;0.34
GO;Goiás;Ambos;2024;Força corporal;70;0.95;0.94
GO;Goiás;Ambos;2024;Demais meios especificados;22;0.3;0.27
GO;Goiás;Ambos;2024;Meios não especificados;22;0.3;0.3
GO;Goiás;Ambos;2025;Arma de fogo;545;7.34;7.27
GO;Goiás;Ambos;2025;Arma branca ou objeto contundente;426;5.74;5.58
GO;Goiás;Ambos;2025;Estrangulamento;22;0.3;0.29
GO;Goiás;Ambos;2025;Força corporal;73;0.98;0.96
GO;Goiás;Ambos;2025;Demais meios especificados;14;0.19;0.17
GO;Goiás;Ambos;2025;Meios não especificados;27;0.36;0.35
GO;Goiás;Homens;2000;Arma de fogo;633;24.76;23.43
GO;Goiás;Homens;2000;Arma branca ou objeto contundente;235;9.19;9.76
GO;Goiás;Homens;2000;Estrangulamento;4;0.16;0.28
GO;Goiás;Homens;2000;Força corporal;6;0.23;0.3
GO;Goiás;Homens;2000;Demais meios especificados;13;0.51;0.45
GO;Goiás;Homens;2000;Meios não especificados;46;1.8;2.01
GO;Goiás;Homens;2001;Arma de fogo;687;26.32;25.16
GO;Goiás;Homens;2001;Arma branca ou objeto contundente;270;10.35;10.47
GO;Goiás;Homens;2001;Estrangulamento;10;0.38;0.34
GO;Goiás;Homens;2001;Força corporal;11;0.42;0.51
GO;Goiás;Homens;2001;Demais meios especificados;21;0.8;0.86
GO;Goiás;Homens;2001;Meios não especificados;35;1.34;1.6
GO;Goiás;Homens;2002;Arma de fogo;817;30.68;28.6
GO;Goiás;Homens;2002;Arma branca ou objeto contundente;319;11.98;12.24
GO;Goiás;Homens;2002;Estrangulamento;9;0.34;0.42
GO;Goiás;Homens;2002;Força corporal;7;0.26;0.3
GO;Goiás;Homens;2002;Demais meios especificados;22;0.83;0.74
GO;Goiás;Homens;2002;Meios não especificados;49;1.84;1.92
GO;Goiás;Homens;2003;Arma de fogo;797;29.35;27.32
GO;Goiás;Homens;2003;Arma branca ou objeto contundente;303;11.16;11.24
GO;Goiás;Homens;2003;Estrangulamento;12;0.44;0.48
GO;Goiás;Homens;2003;Força corporal;4;0.15;0.16
GO;Goiás;Homens;2003;Demais meios especificados;37;1.36;1.39
GO;Goiás;Homens;2003;Meios não especificados;48;1.77;1.99
GO;Goiás;Homens;2004;Arma de fogo;937;33.85;30.85
GO;Goiás;Homens;2004;Arma branca ou objeto contundente;366;13.22;13.37
GO;Goiás;Homens;2004;Estrangulamento;13;0.47;0.58
GO;Goiás;Homens;2004;Força corporal;12;0.43;0.5
GO;Goiás;Homens;2004;Demais meios especificados;29;1.05;1.25
GO;Goiás;Homens;2004;Meios não especificados;20;0.72;0.71
GO;Goiás;Homens;2005;Arma de fogo;885;31.38;28.07
GO;Goiás;Homens;2005;Arma branca ou objeto contundente;343;12.16;11.77
GO;Goiás;Homens;2005;Estrangulamento;16;0.57;0.66
GO;Goiás;Homens;2005;Força corporal;8;0.28;0.26
GO;Goiás;Homens;2005;Demais meios especificados;45;1.6;1.6
GO;Goiás;Homens;2005;Meios não especificados;35;1.24;1.37
GO;Goiás;Homens;2006;Arma de fogo;913;31.78;28.93
GO;Goiás;Homens;2006;Arma branca ou objeto contundente;371;12.91;12.62
GO;Goiás;Homens;2006;Estrangulamento;12;0.42;0.6
GO;Goiás;Homens;2006;Força corporal;11;0.38;0.51
GO;Goiás;Homens;2006;Demais meios especificados;33;1.15;1.16
GO;Goiás;Homens;2006;Meios não especificados;23;0.8;0.9
GO;Goiás;Homens;2007;Arma de fogo;936;32.01;28.7
GO;Goiás;Homens;2007;Arma branca ou objeto contundente;354;12.11;11.88
GO;Goiás;Homens;2007;Estrangulamento;13;0.44;0.5
GO;Goiás;Homens;2007;Força corporal;19;0.65;0.79
GO;Goiás;Homens;2007;Demais meios especificados;29;0.99;1.06
GO;Goiás;Homens;2007;Meios não especificados;31;1.06;1
GO;Goiás;Homens;2008;Arma de fogo;1117;37.56;33.36
GO;Goiás;Homens;2008;Arma branca ou objeto contundente;417;14.02;13.77
GO;Goiás;Homens;2008;Estrangulamento;12;0.4;0.43
GO;Goiás;Homens;2008;Força corporal;17;0.57;0.65
GO;Goiás;Homens;2008;Demais meios especificados;28;0.94;0.89
GO;Goiás;Homens;2008;Meios não especificados;38;1.28;1.14
GO;Goiás;Homens;2009;Arma de fogo;1183;39.13;34.99
GO;Goiás;Homens;2009;Arma branca ou objeto contundente;433;14.32;13.93
GO;Goiás;Homens;2009;Estrangulamento;16;0.53;0.47
GO;Goiás;Homens;2009;Força corporal;21;0.69;0.72
GO;Goiás;Homens;2009;Demais meios especificados;42;1.39;1.36
GO;Goiás;Homens;2009;Meios não especificados;38;1.26;1.3
GO;Goiás;Homens;2010;Arma de fogo;1237;40.35;35.74
GO;Goiás;Homens;2010;Arma branca ou objeto contundente;455;14.84;14.49
GO;Goiás;Homens;2010;Estrangulamento;15;0.49;0.47
GO;Goiás;Homens;2010;Força corporal;22;0.72;0.72
GO;Goiás;Homens;2010;Demais meios especificados;33;1.08;1.06
GO;Goiás;Homens;2010;Meios não especificados;33;1.08;1
GO;Goiás;Homens;2011;Arma de fogo;1446;46.57;41.7
GO;Goiás;Homens;2011;Arma branca ou objeto contundente;451;14.52;13.76
GO;Goiás;Homens;2011;Estrangulamento;15;0.48;0.46
GO;Goiás;Homens;2011;Força corporal;24;0.77;0.84
GO;Goiás;Homens;2011;Demais meios especificados;43;1.38;1.52
GO;Goiás;Homens;2011;Meios não especificados;25;0.81;0.86
GO;Goiás;Homens;2012;Arma de fogo;1820;57.81;51.9
GO;Goiás;Homens;2012;Arma branca ou objeto contundente;597;18.96;18.28
GO;Goiás;Homens;2012;Estrangulamento;15;0.48;0.43
GO;Goiás;Homens;2012;Força corporal;35;1.11;1.05
GO;Goiás;Homens;2012;Demais meios especificados;25;0.79;0.84
GO;Goiás;Homens;2012;Meios não especificados;48;1.52;1.46
GO;Goiás;Homens;2013;Arma de fogo;1994;62.45;56.13
GO;Goiás;Homens;2013;Arma branca ou objeto contundente;584;18.29;17.61
GO;Goiás;Homens;2013;Estrangulamento;16;0.5;0.55
GO;Goiás;Homens;2013;Força corporal;44;1.38;1.49
GO;Goiás;Homens;2013;Demais meios especificados;37;1.16;1.04
GO;Goiás;Homens;2013;Meios não especificados;20;0.63;0.44
GO;Goiás;Homens;2014;Arma de fogo;1899;58.62;52.55
GO;Goiás;Homens;2014;Arma branca ou objeto contundente;559;17.26;16.74
GO;Goiás;Homens;2014;Estrangulamento;26;0.8;0.71
GO;Goiás;Homens;2014;Força corporal;43;1.33;1.26
GO;Goiás;Homens;2014;Demais meios especificados;36;1.11;1.03
GO;Goiás;Homens;2014;Meios não especificados;27;0.83;0.82
GO;Goiás;Homens;2015;Arma de fogo;2024;61.59;55.89
GO;Goiás;Homens;2015;Arma branca ou objeto contundente;590;17.95;17.12
GO;Goiás;Homens;2015;Estrangulamento;23;0.7;0.59
GO;Goiás;Homens;2015;Força corporal;35;1.07;1.06
GO;Goiás;Homens;2015;Demais meios especificados;27;0.82;0.77
GO;Goiás;Homens;2015;Meios não especificados;33;1;0.94
GO;Goiás;Homens;2016;Arma de fogo;2012;60.42;55.52
GO;Goiás;Homens;2016;Arma branca ou objeto contundente;649;19.49;18.65
GO;Goiás;Homens;2016;Estrangulamento;28;0.84;0.88
GO;Goiás;Homens;2016;Força corporal;48;1.44;1.5
GO;Goiás;Homens;2016;Demais meios especificados;18;0.54;0.5
GO;Goiás;Homens;2016;Meios não especificados;25;0.75;0.83
GO;Goiás;Homens;2017;Arma de fogo;1924;57.07;52.41
GO;Goiás;Homens;2017;Arma branca ou objeto contundente;551;16.34;15.8
GO;Goiás;Homens;2017;Estrangulamento;18;0.53;0.57
GO;Goiás;Homens;2017;Força corporal;52;1.54;1.51
GO;Goiás;Homens;2017;Demais meios especificados;13;0.39;0.39
GO;Goiás;Homens;2017;Meios não especificados;36;1.07;0.91
GO;Goiás;Homens;2018;Arma de fogo;1741;51.03;47.38
GO;Goiás;Homens;2018;Arma branca ou objeto contundente;493;14.45;14.07
GO;Goiás;Homens;2018;Estrangulamento;34;1;1
GO;Goiás;Homens;2018;Força corporal;49;1.44;1.44
GO;Goiás;Homens;2018;Demais meios especificados;24;0.7;0.67
GO;Goiás;Homens;2018;Meios não especificados;31;0.91;0.9
GO;Goiás;Homens;2019;Arma de fogo;1390;40.25;37.87
GO;Goiás;Homens;2019;Arma branca ou objeto contundente;420;12.16;11.84
GO;Goiás;Homens;2019;Estrangulamento;33;0.96;0.92
GO;Goiás;Homens;2019;Força corporal;45;1.3;1.34
GO;Goiás;Homens;2019;Demais meios especificados;11;0.32;0.28
GO;Goiás;Homens;2019;Meios não especificados;44;1.27;1.2
GO;Goiás;Homens;2020;Arma de fogo;1337;38.27;36.1
GO;Goiás;Homens;2020;Arma branca ou objeto contundente;424;12.14;11.72
GO;Goiás;Homens;2020;Estrangulamento;21;0.6;0.58
GO;Goiás;Homens;2020;Força corporal;45;1.29;1.28
GO;Goiás;Homens;2020;Demais meios especificados;15;0.43;0.42
GO;Goiás;Homens;2020;Meios não especificados;34;0.97;0.99
GO;Goiás;Homens;2021;Arma de fogo;960;27.22;25.93
GO;Goiás;Homens;2021;Arma branca ou objeto contundente;408;11.57;11.23
GO;Goiás;Homens;2021;Estrangulamento;16;0.45;0.46
GO;Goiás;Homens;2021;Força corporal;62;1.76;1.75
GO;Goiás;Homens;2021;Demais meios especificados;15;0.43;0.41
GO;Goiás;Homens;2021;Meios não especificados;36;1.02;1.05
GO;Goiás;Homens;2022;Arma de fogo;867;24.37;23.31
GO;Goiás;Homens;2022;Arma branca ou objeto contundente;399;11.21;10.68
GO;Goiás;Homens;2022;Estrangulamento;19;0.53;0.52
GO;Goiás;Homens;2022;Força corporal;57;1.6;1.59
GO;Goiás;Homens;2022;Demais meios especificados;10;0.28;0.29
GO;Goiás;Homens;2022;Meios não especificados;24;0.67;0.66
GO;Goiás;Homens;2023;Arma de fogo;786;21.88;20.96
GO;Goiás;Homens;2023;Arma branca ou objeto contundente;423;11.77;11.35
GO;Goiás;Homens;2023;Estrangulamento;11;0.31;0.31
GO;Goiás;Homens;2023;Força corporal;50;1.39;1.39
GO;Goiás;Homens;2023;Demais meios especificados;12;0.33;0.25
GO;Goiás;Homens;2023;Meios não especificados;32;0.89;0.86
GO;Goiás;Homens;2024;Arma de fogo;611;16.84;16.25
GO;Goiás;Homens;2024;Arma branca ou objeto contundente;370;10.2;9.94
GO;Goiás;Homens;2024;Estrangulamento;18;0.5;0.47
GO;Goiás;Homens;2024;Força corporal;62;1.71;1.71
GO;Goiás;Homens;2024;Demais meios especificados;16;0.44;0.41
GO;Goiás;Homens;2024;Meios não especificados;19;0.52;0.52
GO;Goiás;Homens;2025;Arma de fogo;516;14.08;13.77
GO;Goiás;Homens;2025;Arma branca ou objeto contundente;366;9.99;9.77
GO;Goiás;Homens;2025;Estrangulamento;13;0.35;0.36
GO;Goiás;Homens;2025;Força corporal;66;1.8;1.8
GO;Goiás;Homens;2025;Demais meios especificados;7;0.19;0.19
GO;Goiás;Homens;2025;Meios não especificados;25;0.68;0.67
GO;Goiás;Mulheres;2000;Arma de fogo;71;2.75;2.57
GO;Goiás;Mulheres;2000;Arma branca ou objeto contundente;45;1.74;1.75
GO;Goiás;Mulheres;2000;Estrangulamento;9;0.35;0.42
GO;Goiás;Mulheres;2000;Força corporal;1;0.04;0.03
GO;Goiás;Mulheres;2000;Demais meios especificados;6;0.23;0.26
GO;Goiás;Mulheres;2000;Meios não especificados;10;0.39;0.35
GO;Goiás;Mulheres;2001;Arma de fogo;64;2.42;2.38
GO;Goiás;Mulheres;2001;Arma branca ou objeto contundente;56;2.12;2.05
GO;Goiás;Mulheres;2001;Estrangulamento;1;0.04;0.03
GO;Goiás;Mulheres;2001;Força corporal;2;0.08;0.15
GO;Goiás;Mulheres;2001;Demais meios especificados;4;0.15;0.17
GO;Goiás;Mulheres;2001;Meios não especificados;4;0.15;0.16
GO;Goiás;Mulheres;2002;Arma de fogo;76;2.81;2.73
GO;Goiás;Mulheres;2002;Arma branca ou objeto contundente;54;2;2.2
GO;Goiás;Mulheres;2002;Estrangulamento;5;0.19;0.23
GO;Goiás;Mulheres;2002;Força corporal;1;0.04;0.03
GO;Goiás;Mulheres;2002;Demais meios especificados;4;0.15;0.12
GO;Goiás;Mulheres;2002;Meios não especificados;5;0.19;0.12
GO;Goiás;Mulheres;2003;Arma de fogo;69;2.5;2.31
GO;Goiás;Mulheres;2003;Arma branca ou objeto contundente;53;1.92;1.87
GO;Goiás;Mulheres;2003;Estrangulamento;4;0.15;0.19
GO;Goiás;Mulheres;2003;Demais meios especificados;9;0.33;0.26
GO;Goiás;Mulheres;2003;Meios não especificados;8;0.29;0.32
GO;Goiás;Mulheres;2004;Arma de fogo;50;1.78;1.6
GO;Goiás;Mulheres;2004;Arma branca ou objeto contundente;62;2.21;2.21
GO;Goiás;Mulheres;2004;Estrangulamento;12;0.43;0.4
GO;Goiás;Mulheres;2004;Força corporal;1;0.04;0.06
GO;Goiás;Mulheres;2004;Demais meios especificados;9;0.32;0.32
GO;Goiás;Mulheres;2004;Meios não especificados;8;0.28;0.41
GO;Goiás;Mulheres;2005;Arma de fogo;52;1.81;1.66
GO;Goiás;Mulheres;2005;Arma branca ou objeto contundente;58;2.02;1.92
GO;Goiás;Mulheres;2005;Estrangulamento;4;0.14;0.12
GO;Goiás;Mulheres;2005;Força corporal;1;0.03;0.03
GO;Goiás;Mulheres;2005;Demais meios especificados;9;0.31;0.25
GO;Goiás;Mulheres;2005;Meios não especificados;9;0.31;0.34
GO;Goiás;Mulheres;2006;Arma de fogo;69;2.36;2.29
GO;Goiás;Mulheres;2006;Arma branca ou objeto contundente;56;1.92;1.85
GO;Goiás;Mulheres;2006;Estrangulamento;8;0.27;0.37
GO;Goiás;Mulheres;2006;Força corporal;2;0.07;0.1
GO;Goiás;Mulheres;2006;Demais meios especificados;6;0.21;0.22
GO;Goiás;Mulheres;2006;Meios não especificados;2;0.07;0.05
GO;Goiás;Mulheres;2007;Arma de fogo;73;2.46;2.28
GO;Goiás;Mulheres;2007;Arma branca ou objeto contundente;52;1.75;1.66
GO;Goiás;Mulheres;2007;Estrangulamento;5;0.17;0.15
GO;Goiás;Mulheres;2007;Força corporal;1;0.03;0.03
GO;Goiás;Mulheres;2007;Demais meios especificados;4;0.13;0.18
GO;Goiás;Mulheres;2007;Meios não especificados;4;0.13;0.19
GO;Goiás;Mulheres;2008;Arma de fogo;82;2.71;2.47
GO;Goiás;Mulheres;2008;Arma branca ou objeto contundente;58;1.92;1.98
GO;Goiás;Mulheres;2008;Estrangulamento;3;0.1;0.09
GO;Goiás;Mulheres;2008;Força corporal;2;0.07;0.07
GO;Goiás;Mulheres;2008;Demais meios especificados;9;0.3;0.33
GO;Goiás;Mulheres;2008;Meios não especificados;6;0.2;0.17
GO;Goiás;Mulheres;2009;Arma de fogo;76;2.47;2.37
GO;Goiás;Mulheres;2009;Arma branca ou objeto contundente;64;2.08;2.15
GO;Goiás;Mulheres;2009;Estrangulamento;6;0.2;0.17
GO;Goiás;Mulheres;2009;Força corporal;3;0.1;0.1
GO;Goiás;Mulheres;2009;Demais meios especificados;10;0.33;0.32
GO;Goiás;Mulheres;2009;Meios não especificados;6;0.2;0.14
GO;Goiás;Mulheres;2010;Arma de fogo;80;2.56;2.38
GO;Goiás;Mulheres;2010;Arma branca ou objeto contundente;77;2.47;2.29
GO;Goiás;Mulheres;2010;Estrangulamento;8;0.26;0.26
GO;Goiás;Mulheres;2010;Força corporal;3;0.1;0.12
GO;Goiás;Mulheres;2010;Demais meios especificados;12;0.38;0.32
GO;Goiás;Mulheres;2010;Meios não especificados;2;0.06;0.05
GO;Goiás;Mulheres;2011;Arma de fogo;129;4.08;3.62
GO;Goiás;Mulheres;2011;Arma branca ou objeto contundente;101;3.2;3.12
GO;Goiás;Mulheres;2011;Estrangulamento;15;0.47;0.48
GO;Goiás;Mulheres;2011;Força corporal;2;0.06;0.09
GO;Goiás;Mulheres;2011;Demais meios especificados;12;0.38;0.39
GO;Goiás;Mulheres;2011;Meios não especificados;3;0.09;0.08
GO;Goiás;Mulheres;2012;Arma de fogo;133;4.15;3.73
GO;Goiás;Mulheres;2012;Arma branca ou objeto contundente;85;2.65;2.44
GO;Goiás;Mulheres;2012;Estrangulamento;17;0.53;0.44
GO;Goiás;Mulheres;2012;Força corporal;1;0.03;0.04
GO;Goiás;Mulheres;2012;Demais meios especificados;9;0.28;0.26
GO;Goiás;Mulheres;2012;Meios não especificados;2;0.06;0.05
GO;Goiás;Mulheres;2013;Arma de fogo;141;4.34;3.92
GO;Goiás;Mulheres;2013;Arma branca ou objeto contundente;89;2.74;2.64
GO;Goiás;Mulheres;2013;Estrangulamento;18;0.55;0.58
GO;Goiás;Mulheres;2013;Força corporal;6;0.18;0.18
GO;Goiás;Mulheres;2013;Demais meios especificados;12;0.37;0.31
GO;Goiás;Mulheres;2013;Meios não especificados;5;0.15;0.16
GO;Goiás;Mulheres;2014;Arma de fogo;153;4.64;4.25
GO;Goiás;Mulheres;2014;Arma branca ou objeto contundente;94;2.85;2.75
GO;Goiás;Mulheres;2014;Estrangulamento;18;0.55;0.52
GO;Goiás;Mulheres;2014;Força corporal;10;0.3;0.31
GO;Goiás;Mulheres;2014;Demais meios especificados;12;0.36;0.33
GO;Goiás;Mulheres;2014;Meios não especificados;3;0.09;0.1
GO;Goiás;Mulheres;2015;Arma de fogo;134;4.01;3.74
GO;Goiás;Mulheres;2015;Arma branca ou objeto contundente;88;2.63;2.45
GO;Goiás;Mulheres;2015;Estrangulamento;19;0.57;0.58
GO;Goiás;Mulheres;2015;Força corporal;4;0.12;0.12
GO;Goiás;Mulheres;2015;Demais meios especificados;4;0.12;0.12
GO;Goiás;Mulheres;2015;Meios não especificados;6;0.18;0.18
GO;Goiás;Mulheres;2016;Arma de fogo;128;3.78;3.5
GO;Goiás;Mulheres;2016;Arma branca ou objeto contundente;69;2.04;1.96
GO;Goiás;Mulheres;2016;Estrangulamento;17;0.5;0.47
GO;Goiás;Mulheres;2016;Força corporal;11;0.32;0.38
GO;Goiás;Mulheres;2016;Demais meios especificados;8;0.24;0.17
GO;Goiás;Mulheres;2016;Meios não especificados;5;0.15;0.14
GO;Goiás;Mulheres;2017;Arma de fogo;129;3.76;3.49
GO;Goiás;Mulheres;2017;Arma branca ou objeto contundente;89;2.59;2.53
GO;Goiás;Mulheres;2017;Estrangulamento;13;0.38;0.38
GO;Goiás;Mulheres;2017;Força corporal;6;0.17;0.17
GO;Goiás;Mulheres;2017;Demais meios especificados;14;0.41;0.3
GO;Goiás;Mulheres;2017;Meios não especificados;4;0.12;0.11
GO;Goiás;Mulheres;2018;Arma de fogo;117;3.37;3.2
GO;Goiás;Mulheres;2018;Arma branca ou objeto contundente;74;2.13;2.04
GO;Goiás;Mulheres;2018;Estrangulamento;14;0.4;0.35
GO;Goiás;Mulheres;2018;Força corporal;7;0.2;0.2
GO;Goiás;Mulheres;2018;Demais meios especificados;4;0.12;0.09
GO;Goiás;Mulheres;2018;Meios não especificados;4;0.12;0.12
GO;Goiás;Mulheres;2019;Arma de fogo;67;1.9;1.84
GO;Goiás;Mulheres;2019;Arma branca ou objeto contundente;69;1.96;1.89
GO;Goiás;Mulheres;2019;Estrangulamento;10;0.28;0.28
GO;Goiás;Mulheres;2019;Força corporal;6;0.17;0.18
GO;Goiás;Mulheres;2019;Demais meios especificados;5;0.14;0.15
GO;Goiás;Mulheres;2019;Meios não especificados;4;0.11;0.11
GO;Goiás;Mulheres;2020;Arma de fogo;54;1.51;1.47
GO;Goiás;Mulheres;2020;Arma branca ou objeto contundente;61;1.71;1.63
GO;Goiás;Mulheres;2020;Estrangulamento;5;0.14;0.14
GO;Goiás;Mulheres;2020;Força corporal;3;0.08;0.08
GO;Goiás;Mulheres;2020;Demais meios especificados;7;0.2;0.19
GO;Goiás;Mulheres;2020;Meios não especificados;4;0.11;0.11
GO;Goiás;Mulheres;2021;Arma de fogo;51;1.41;1.39
GO;Goiás;Mulheres;2021;Arma branca ou objeto contundente;68;1.89;1.86
GO;Goiás;Mulheres;2021;Estrangulamento;7;0.19;0.19
GO;Goiás;Mulheres;2021;Força corporal;5;0.14;0.14
GO;Goiás;Mulheres;2021;Demais meios especificados;7;0.19;0.2
GO;Goiás;Mulheres;2021;Meios não especificados;7;0.19;0.19
GO;Goiás;Mulheres;2022;Arma de fogo;56;1.54;1.51
GO;Goiás;Mulheres;2022;Arma branca ou objeto contundente;64;1.76;1.7
GO;Goiás;Mulheres;2022;Estrangulamento;9;0.25;0.25
GO;Goiás;Mulheres;2022;Força corporal;7;0.19;0.19
GO;Goiás;Mulheres;2022;Demais meios especificados;8;0.22;0.22
GO;Goiás;Mulheres;2022;Meios não especificados;2;0.05;0.05
GO;Goiás;Mulheres;2023;Arma de fogo;43;1.17;1.15
GO;Goiás;Mulheres;2023;Arma branca ou objeto contundente;50;1.36;1.34
GO;Goiás;Mulheres;2023;Estrangulamento;12;0.33;0.32
GO;Goiás;Mulheres;2023;Força corporal;8;0.22;0.21
GO;Goiás;Mulheres;2023;Demais meios especificados;5;0.14;0.14
GO;Goiás;Mulheres;2023;Meios não especificados;3;0.08;0.08
GO;Goiás;Mulheres;2024;Arma de fogo;31;0.83;0.8
GO;Goiás;Mulheres;2024;Arma branca ou objeto contundente;67;1.8;1.74
GO;Goiás;Mulheres;2024;Estrangulamento;8;0.21;0.22
GO;Goiás;Mulheres;2024;Força corporal;8;0.21;0.21
GO;Goiás;Mulheres;2024;Demais meios especificados;5;0.13;0.14
GO;Goiás;Mulheres;2024;Meios não especificados;3;0.08;0.08
GO;Goiás;Mulheres;2025;Arma de fogo;29;0.77;0.77
GO;Goiás;Mulheres;2025;Arma branca ou objeto contundente;59;1.57;1.5
GO;Goiás;Mulheres;2025;Estrangulamento;9;0.24;0.23
GO;Goiás;Mulheres;2025;Força corporal;7;0.19;0.18
GO;Goiás;Mulheres;2025;Demais meios especificados;7;0.19;0.16
GO;Goiás;Mulheres;2025;Meios não especificados;2;0.05;0.05
MA;Maranhão;Ambos;2000;Arma de fogo;141;2.39;2.83
MA;Maranhão;Ambos;2000;Arma branca ou objeto contundente;126;2.13;2.25
MA;Maranhão;Ambos;2000;Estrangulamento;8;0.14;0.15
MA;Maranhão;Ambos;2000;Força corporal;4;0.07;0.07
MA;Maranhão;Ambos;2000;Demais meios especificados;2;0.03;0.06
MA;Maranhão;Ambos;2000;Meios não especificados;70;1.18;1.38
MA;Maranhão;Ambos;2001;Arma de fogo;221;3.69;4.05
MA;Maranhão;Ambos;2001;Arma branca ou objeto contundente;201;3.36;3.83
MA;Maranhão;Ambos;2001;Estrangulamento;5;0.08;0.1
MA;Maranhão;Ambos;2001;Força corporal;2;0.03;0.06
MA;Maranhão;Ambos;2001;Demais meios especificados;16;0.27;0.32
MA;Maranhão;Ambos;2001;Meios não especificados;117;1.95;2.16
MA;Maranhão;Ambos;2002;Arma de fogo;253;4.17;4.83
MA;Maranhão;Ambos;2002;Arma branca ou objeto contundente;221;3.65;3.89
MA;Maranhão;Ambos;2002;Estrangulamento;3;0.05;0.03
MA;Maranhão;Ambos;2002;Força corporal;4;0.07;0.1
MA;Maranhão;Ambos;2002;Demais meios especificados;18;0.3;0.31
MA;Maranhão;Ambos;2002;Meios não especificados;107;1.77;2.01
MA;Maranhão;Ambos;2003;Arma de fogo;351;5.72;6.55
MA;Maranhão;Ambos;2003;Arma branca ou objeto contundente;289;4.71;5.29
MA;Maranhão;Ambos;2003;Estrangulamento;10;0.16;0.2
MA;Maranhão;Ambos;2003;Força corporal;7;0.11;0.15
MA;Maranhão;Ambos;2003;Demais meios especificados;11;0.18;0.16
MA;Maranhão;Ambos;2003;Meios não especificados;124;2.02;2.22
MA;Maranhão;Ambos;2004;Arma de fogo;355;5.72;6.14
MA;Maranhão;Ambos;2004;Arma branca ou objeto contundente;289;4.66;5.04
MA;Maranhão;Ambos;2004;Estrangulamento;10;0.16;0.2
MA;Maranhão;Ambos;2004;Força corporal;5;0.08;0.1
MA;Maranhão;Ambos;2004;Demais meios especificados;13;0.21;0.24
MA;Maranhão;Ambos;2004;Meios não especificados;57;0.92;1.02
MA;Maranhão;Ambos;2005;Arma de fogo;489;7.79;8.22
MA;Maranhão;Ambos;2005;Arma branca ou objeto contundente;378;6.02;6.47
MA;Maranhão;Ambos;2005;Estrangulamento;6;0.1;0.17
MA;Maranhão;Ambos;2005;Força corporal;12;0.19;0.22
MA;Maranhão;Ambos;2005;Demais meios especificados;11;0.18;0.22
MA;Maranhão;Ambos;2005;Meios não especificados;39;0.62;0.68
MA;Maranhão;Ambos;2006;Arma de fogo;479;7.54;8.17
MA;Maranhão;Ambos;2006;Arma branca ou objeto contundente;417;6.56;6.72
MA;Maranhão;Ambos;2006;Estrangulamento;11;0.17;0.18
MA;Maranhão;Ambos;2006;Força corporal;3;0.05;0.04
MA;Maranhão;Ambos;2006;Demais meios especificados;23;0.36;0.42
MA;Maranhão;Ambos;2006;Meios não especificados;30;0.47;0.57
MA;Maranhão;Ambos;2007;Arma de fogo;602;9.36;9.61
MA;Maranhão;Ambos;2007;Arma branca ou objeto contundente;438;6.81;7.15
MA;Maranhão;Ambos;2007;Estrangulamento;10;0.16;0.16
MA;Maranhão;Ambos;2007;Força corporal;10;0.16;0.18
MA;Maranhão;Ambos;2007;Demais meios especificados;18;0.28;0.33
MA;Maranhão;Ambos;2007;Meios não especificados;48;0.75;0.84
MA;Maranhão;Ambos;2008;Arma de fogo;698;10.74;11.03
MA;Maranhão;Ambos;2008;Arma branca ou objeto contundente;477;7.34;7.65
MA;Maranhão;Ambos;2008;Estrangulamento;16;0.25;0.29
MA;Maranhão;Ambos;2008;Força corporal;13;0.2;0.18
MA;Maranhão;Ambos;2008;Demais meios especificados;26;0.4;0.46
MA;Maranhão;Ambos;2008;Meios não especificados;43;0.66;0.8
MA;Maranhão;Ambos;2009;Arma de fogo;785;11.96;12.03
MA;Maranhão;Ambos;2009;Arma branca ou objeto contundente;525;8;8.28
MA;Maranhão;Ambos;2009;Estrangulamento;11;0.17;0.2
MA;Maranhão;Ambos;2009;Força corporal;8;0.12;0.11
MA;Maranhão;Ambos;2009;Demais meios especificados;23;0.35;0.34
MA;Maranhão;Ambos;2009;Meios não especificados;45;0.69;0.73
MA;Maranhão;Ambos;2010;Arma de fogo;827;12.49;12.52
MA;Maranhão;Ambos;2010;Arma branca ou objeto contundente;583;8.81;8.98
MA;Maranhão;Ambos;2010;Estrangulamento;22;0.33;0.37
MA;Maranhão;Ambos;2010;Força corporal;11;0.17;0.19
MA;Maranhão;Ambos;2010;Demais meios especificados;26;0.39;0.41
MA;Maranhão;Ambos;2010;Meios não especificados;46;0.69;0.8
MA;Maranhão;Ambos;2011;Arma de fogo;944;14.16;14.22
MA;Maranhão;Ambos;2011;Arma branca ou objeto contundente;556;8.34;8.9
MA;Maranhão;Ambos;2011;Estrangulamento;22;0.33;0.41
MA;Maranhão;Ambos;2011;Força corporal;11;0.16;0.2
MA;Maranhão;Ambos;2011;Demais meios especificados;29;0.43;0.46
MA;Maranhão;Ambos;2011;Meios não especificados;29;0.43;0.54
MA;Maranhão;Ambos;2012;Arma de fogo;1152;17.16;16.93
MA;Maranhão;Ambos;2012;Arma branca ou objeto contundente;548;8.17;8.4
MA;Maranhão;Ambos;2012;Estrangulamento;16;0.24;0.26
MA;Maranhão;Ambos;2012;Força corporal;9;0.13;0.18
MA;Maranhão;Ambos;2012;Demais meios especificados;23;0.34;0.38
MA;Maranhão;Ambos;2012;Meios não especificados;27;0.4;0.38
MA;Maranhão;Ambos;2013;Arma de fogo;1397;20.69;20.28
MA;Maranhão;Ambos;2013;Arma branca ou objeto contundente;643;9.52;9.56
MA;Maranhão;Ambos;2013;Estrangulamento;33;0.49;0.5
MA;Maranhão;Ambos;2013;Força corporal;19;0.28;0.31
MA;Maranhão;Ambos;2013;Demais meios especificados;28;0.41;0.44
MA;Maranhão;Ambos;2013;Meios não especificados;43;0.64;0.72
MA;Maranhão;Ambos;2014;Arma de fogo;1688;24.85;24.14
MA;Maranhão;Ambos;2014;Arma branca ou objeto contundente;650;9.57;9.73
MA;Maranhão;Ambos;2014;Estrangulamento;36;0.53;0.48
MA;Maranhão;Ambos;2014;Força corporal;22;0.32;0.29
MA;Maranhão;Ambos;2014;Demais meios especificados;21;0.31;0.31
MA;Maranhão;Ambos;2014;Meios não especificados;40;0.59;0.64
MA;Maranhão;Ambos;2015;Arma de fogo;1718;25.15;24.52
MA;Maranhão;Ambos;2015;Arma branca ou objeto contundente;623;9.12;9.51
MA;Maranhão;Ambos;2015;Estrangulamento;18;0.26;0.29
MA;Maranhão;Ambos;2015;Força corporal;33;0.48;0.55
MA;Maranhão;Ambos;2015;Demais meios especificados;21;0.31;0.32
MA;Maranhão;Ambos;2015;Meios não especificados;25;0.37;0.41
MA;Maranhão;Ambos;2016;Arma de fogo;1625;23.67;23.21
MA;Maranhão;Ambos;2016;Arma branca ou objeto contundente;667;9.72;9.98
MA;Maranhão;Ambos;2016;Estrangulamento;25;0.36;0.39
MA;Maranhão;Ambos;2016;Força corporal;31;0.45;0.49
MA;Maranhão;Ambos;2016;Demais meios especificados;25;0.36;0.38
MA;Maranhão;Ambos;2016;Meios não especificados;35;0.51;0.5
MA;Maranhão;Ambos;2017;Arma de fogo;1483;21.52;20.77
MA;Maranhão;Ambos;2017;Arma branca ou objeto contundente;596;8.65;8.72
MA;Maranhão;Ambos;2017;Estrangulamento;18;0.26;0.25
MA;Maranhão;Ambos;2017;Força corporal;25;0.36;0.38
MA;Maranhão;Ambos;2017;Demais meios especificados;20;0.29;0.34
MA;Maranhão;Ambos;2017;Meios não especificados;38;0.55;0.57
MA;Maranhão;Ambos;2018;Arma de fogo;1284;18.56;17.95
MA;Maranhão;Ambos;2018;Arma branca ou objeto contundente;607;8.78;8.86
MA;Maranhão;Ambos;2018;Estrangulamento;16;0.23;0.25
MA;Maranhão;Ambos;2018;Força corporal;24;0.35;0.4
MA;Maranhão;Ambos;2018;Demais meios especificados;12;0.17;0.18
MA;Maranhão;Ambos;2018;Meios não especificados;37;0.53;0.51
MA;Maranhão;Ambos;2019;Arma de fogo;1074;15.46;15.07
MA;Maranhão;Ambos;2019;Arma branca ou objeto contundente;569;8.19;8.37
MA;Maranhão;Ambos;2019;Estrangulamento;10;0.14;0.16
MA;Maranhão;Ambos;2019;Força corporal;28;0.4;0.42
MA;Maranhão;Ambos;2019;Demais meios especificados;9;0.13;0.11
MA;Maranhão;Ambos;2019;Meios não especificados;13;0.19;0.19
MA;Maranhão;Ambos;2020;Arma de fogo;1447;20.76;20.03
MA;Maranhão;Ambos;2020;Arma branca ou objeto contundente;574;8.23;8.27
MA;Maranhão;Ambos;2020;Estrangulamento;15;0.22;0.22
MA;Maranhão;Ambos;2020;Força corporal;26;0.37;0.4
MA;Maranhão;Ambos;2020;Demais meios especificados;17;0.24;0.27
MA;Maranhão;Ambos;2020;Meios não especificados;21;0.3;0.33
MA;Maranhão;Ambos;2021;Arma de fogo;1447;20.71;20.19
MA;Maranhão;Ambos;2021;Arma branca ou objeto contundente;479;6.85;6.94
MA;Maranhão;Ambos;2021;Estrangulamento;9;0.13;0.13
MA;Maranhão;Ambos;2021;Força corporal;36;0.52;0.56
MA;Maranhão;Ambos;2021;Demais meios especificados;15;0.21;0.21
MA;Maranhão;Ambos;2021;Meios não especificados;12;0.17;0.17
MA;Maranhão;Ambos;2022;Arma de fogo;1348;19.26;18.68
MA;Maranhão;Ambos;2022;Arma branca ou objeto contundente;500;7.14;7.26
MA;Maranhão;Ambos;2022;Estrangulamento;13;0.19;0.18
MA;Maranhão;Ambos;2022;Força corporal;45;0.64;0.68
MA;Maranhão;Ambos;2022;Demais meios especificados;19;0.27;0.26
MA;Maranhão;Ambos;2022;Meios não especificados;13;0.19;0.19
MA;Maranhão;Ambos;2023;Arma de fogo;1476;21.08;20.38
MA;Maranhão;Ambos;2023;Arma branca ou objeto contundente;444;6.34;6.36
MA;Maranhão;Ambos;2023;Estrangulamento;17;0.24;0.25
MA;Maranhão;Ambos;2023;Força corporal;41;0.59;0.63
MA;Maranhão;Ambos;2023;Demais meios especificados;17;0.24;0.24
MA;Maranhão;Ambos;2023;Meios não especificados;10;0.14;0.14
MA;Maranhão;Ambos;2024;Arma de fogo;1585;22.61;21.93
MA;Maranhão;Ambos;2024;Arma branca ou objeto contundente;502;7.16;7.08
MA;Maranhão;Ambos;2024;Estrangulamento;12;0.17;0.18
MA;Maranhão;Ambos;2024;Força corporal;28;0.4;0.42
MA;Maranhão;Ambos;2024;Demais meios especificados;14;0.2;0.21
MA;Maranhão;Ambos;2024;Meios não especificados;19;0.27;0.26
MA;Maranhão;Ambos;2025;Arma de fogo;1563;22.27;21.77
MA;Maranhão;Ambos;2025;Arma branca ou objeto contundente;466;6.64;6.58
MA;Maranhão;Ambos;2025;Estrangulamento;15;0.21;0.22
MA;Maranhão;Ambos;2025;Força corporal;42;0.6;0.6
MA;Maranhão;Ambos;2025;Demais meios especificados;9;0.13;0.14
MA;Maranhão;Ambos;2025;Meios não especificados;7;0.1;0.1
MA;Maranhão;Homens;2000;Arma de fogo;129;4.38;5.25
MA;Maranhão;Homens;2000;Arma branca ou objeto contundente;115;3.91;4.11
MA;Maranhão;Homens;2000;Estrangulamento;5;0.17;0.14
MA;Maranhão;Homens;2000;Força corporal;4;0.14;0.13
MA;Maranhão;Homens;2000;Demais meios especificados;2;0.07;0.12
MA;Maranhão;Homens;2000;Meios não especificados;64;2.17;2.51
MA;Maranhão;Homens;2001;Arma de fogo;202;6.77;7.49
MA;Maranhão;Homens;2001;Arma branca ou objeto contundente;185;6.2;7.1
MA;Maranhão;Homens;2001;Estrangulamento;4;0.13;0.12
MA;Maranhão;Homens;2001;Força corporal;2;0.07;0.11
MA;Maranhão;Homens;2001;Demais meios especificados;11;0.37;0.41
MA;Maranhão;Homens;2001;Meios não especificados;104;3.49;3.86
MA;Maranhão;Homens;2002;Arma de fogo;239;7.91;9.3
MA;Maranhão;Homens;2002;Arma branca ou objeto contundente;206;6.82;7.26
MA;Maranhão;Homens;2002;Estrangulamento;3;0.1;0.07
MA;Maranhão;Homens;2002;Força corporal;4;0.13;0.2
MA;Maranhão;Homens;2002;Demais meios especificados;15;0.5;0.47
MA;Maranhão;Homens;2002;Meios não especificados;100;3.31;3.74
MA;Maranhão;Homens;2003;Arma de fogo;324;10.61;12.25
MA;Maranhão;Homens;2003;Arma branca ou objeto contundente;264;8.64;9.71
MA;Maranhão;Homens;2003;Estrangulamento;3;0.1;0.13
MA;Maranhão;Homens;2003;Força corporal;6;0.2;0.24
MA;Maranhão;Homens;2003;Demais meios especificados;8;0.26;0.27
MA;Maranhão;Homens;2003;Meios não especificados;118;3.86;4.29
MA;Maranhão;Homens;2004;Arma de fogo;332;10.74;11.66
MA;Maranhão;Homens;2004;Arma branca ou objeto contundente;271;8.77;9.53
MA;Maranhão;Homens;2004;Estrangulamento;6;0.19;0.23
MA;Maranhão;Homens;2004;Força corporal;5;0.16;0.2
MA;Maranhão;Homens;2004;Demais meios especificados;8;0.26;0.31
MA;Maranhão;Homens;2004;Meios não especificados;54;1.75;1.95
MA;Maranhão;Homens;2005;Arma de fogo;468;14.98;15.93
MA;Maranhão;Homens;2005;Arma branca ou objeto contundente;347;11.11;12.01
MA;Maranhão;Homens;2005;Estrangulamento;4;0.13;0.22
MA;Maranhão;Homens;2005;Força corporal;12;0.38;0.44
MA;Maranhão;Homens;2005;Demais meios especificados;11;0.35;0.45
MA;Maranhão;Homens;2005;Meios não especificados;35;1.12;1.25
MA;Maranhão;Homens;2006;Arma de fogo;455;14.39;15.84
MA;Maranhão;Homens;2006;Arma branca ou objeto contundente;386;12.21;12.51
MA;Maranhão;Homens;2006;Estrangulamento;8;0.25;0.29
MA;Maranhão;Homens;2006;Força corporal;2;0.06;0.06
MA;Maranhão;Homens;2006;Demais meios especificados;19;0.6;0.69
MA;Maranhão;Homens;2006;Meios não especificados;28;0.89;1.07
MA;Maranhão;Homens;2007;Arma de fogo;579;18.11;18.79
MA;Maranhão;Homens;2007;Arma branca ou objeto contundente;412;12.89;13.59
MA;Maranhão;Homens;2007;Estrangulamento;6;0.19;0.14
MA;Maranhão;Homens;2007;Força corporal;7;0.22;0.26
MA;Maranhão;Homens;2007;Demais meios especificados;17;0.53;0.64
MA;Maranhão;Homens;2007;Meios não especificados;42;1.31;1.52
MA;Maranhão;Homens;2008;Arma de fogo;673;20.84;21.49
MA;Maranhão;Homens;2008;Arma branca ou objeto contundente;440;13.62;14.3
MA;Maranhão;Homens;2008;Estrangulamento;12;0.37;0.48
MA;Maranhão;Homens;2008;Força corporal;10;0.31;0.29
MA;Maranhão;Homens;2008;Demais meios especificados;19;0.59;0.66
MA;Maranhão;Homens;2008;Meios não especificados;38;1.18;1.44
MA;Maranhão;Homens;2009;Arma de fogo;753;23.09;23.37
MA;Maranhão;Homens;2009;Arma branca ou objeto contundente;479;14.69;15.36
MA;Maranhão;Homens;2009;Estrangulamento;9;0.28;0.33
MA;Maranhão;Homens;2009;Força corporal;8;0.25;0.23
MA;Maranhão;Homens;2009;Demais meios especificados;18;0.55;0.55
MA;Maranhão;Homens;2009;Meios não especificados;43;1.32;1.44
MA;Maranhão;Homens;2010;Arma de fogo;785;23.88;24.14
MA;Maranhão;Homens;2010;Arma branca ou objeto contundente;532;16.19;16.5
MA;Maranhão;Homens;2010;Estrangulamento;13;0.4;0.43
MA;Maranhão;Homens;2010;Força corporal;9;0.27;0.33
MA;Maranhão;Homens;2010;Demais meios especificados;20;0.61;0.66
MA;Maranhão;Homens;2010;Meios não especificados;39;1.19;1.37
MA;Maranhão;Homens;2011;Arma de fogo;893;27;27.37
MA;Maranhão;Homens;2011;Arma branca ou objeto contundente;492;14.87;16.03
MA;Maranhão;Homens;2011;Estrangulamento;13;0.39;0.49
MA;Maranhão;Homens;2011;Força corporal;10;0.3;0.39
MA;Maranhão;Homens;2011;Demais meios especificados;27;0.82;0.86
MA;Maranhão;Homens;2011;Meios não especificados;25;0.76;0.97
MA;Maranhão;Homens;2012;Arma de fogo;1111;33.38;33.2
MA;Maranhão;Homens;2012;Arma branca ou objeto contundente;484;14.54;14.87
MA;Maranhão;Homens;2012;Estrangulamento;11;0.33;0.35
MA;Maranhão;Homens;2012;Força corporal;7;0.21;0.26
MA;Maranhão;Homens;2012;Demais meios especificados;23;0.69;0.77
MA;Maranhão;Homens;2012;Meios não especificados;24;0.72;0.71
MA;Maranhão;Homens;2013;Arma de fogo;1338;39.98;39.5
MA;Maranhão;Homens;2013;Arma branca ou objeto contundente;589;17.6;17.74
MA;Maranhão;Homens;2013;Estrangulamento;28;0.84;0.84
MA;Maranhão;Homens;2013;Força corporal;18;0.54;0.59
MA;Maranhão;Homens;2013;Demais meios especificados;21;0.63;0.69
MA;Maranhão;Homens;2013;Meios não especificados;37;1.11;1.24
MA;Maranhão;Homens;2014;Arma de fogo;1613;47.93;46.92
MA;Maranhão;Homens;2014;Arma branca ou objeto contundente;583;17.32;17.84
MA;Maranhão;Homens;2014;Estrangulamento;31;0.92;0.86
MA;Maranhão;Homens;2014;Força corporal;22;0.65;0.6
MA;Maranhão;Homens;2014;Demais meios especificados;15;0.45;0.45
MA;Maranhão;Homens;2014;Meios não especificados;38;1.13;1.25
MA;Maranhão;Homens;2015;Arma de fogo;1649;48.75;47.98
MA;Maranhão;Homens;2015;Arma branca ou objeto contundente;563;16.64;17.49
MA;Maranhão;Homens;2015;Estrangulamento;10;0.3;0.36
MA;Maranhão;Homens;2015;Força corporal;29;0.86;0.98
MA;Maranhão;Homens;2015;Demais meios especificados;16;0.47;0.51
MA;Maranhão;Homens;2015;Meios não especificados;19;0.56;0.61
MA;Maranhão;Homens;2016;Arma de fogo;1540;45.33;44.76
MA;Maranhão;Homens;2016;Arma branca ou objeto contundente;611;17.98;18.7
MA;Maranhão;Homens;2016;Estrangulamento;16;0.47;0.49
MA;Maranhão;Homens;2016;Força corporal;28;0.82;0.9
MA;Maranhão;Homens;2016;Demais meios especificados;21;0.62;0.63
MA;Maranhão;Homens;2016;Meios não especificados;31;0.91;0.95
MA;Maranhão;Homens;2017;Arma de fogo;1425;41.8;40.55
MA;Maranhão;Homens;2017;Arma branca ou objeto contundente;535;15.69;16.04
MA;Maranhão;Homens;2017;Estrangulamento;13;0.38;0.39
MA;Maranhão;Homens;2017;Força corporal;25;0.73;0.78
MA;Maranhão;Homens;2017;Demais meios especificados;19;0.56;0.67
MA;Maranhão;Homens;2017;Meios não especificados;34;1;1.04
MA;Maranhão;Homens;2018;Arma de fogo;1233;36.04;35.14
MA;Maranhão;Homens;2018;Arma branca ou objeto contundente;548;16.02;16.48
MA;Maranhão;Homens;2018;Estrangulamento;13;0.38;0.44
MA;Maranhão;Homens;2018;Força corporal;19;0.56;0.66
MA;Maranhão;Homens;2018;Demais meios especificados;8;0.23;0.25
MA;Maranhão;Homens;2018;Meios não especificados;33;0.96;0.99
MA;Maranhão;Homens;2019;Arma de fogo;1028;29.93;29.34
MA;Maranhão;Homens;2019;Arma branca ou objeto contundente;512;14.91;15.5
MA;Maranhão;Homens;2019;Estrangulamento;4;0.12;0.15
MA;Maranhão;Homens;2019;Força corporal;24;0.7;0.73
MA;Maranhão;Homens;2019;Demais meios especificados;5;0.15;0.13
MA;Maranhão;Homens;2019;Meios não especificados;10;0.29;0.33
MA;Maranhão;Homens;2020;Arma de fogo;1379;40.03;38.8
MA;Maranhão;Homens;2020;Arma branca ou objeto contundente;518;15.04;15.2
MA;Maranhão;Homens;2020;Estrangulamento;4;0.12;0.13
MA;Maranhão;Homens;2020;Força corporal;24;0.7;0.77
MA;Maranhão;Homens;2020;Demais meios especificados;13;0.38;0.43
MA;Maranhão;Homens;2020;Meios não especificados;20;0.58;0.64
MA;Maranhão;Homens;2021;Arma de fogo;1376;39.87;39.07
MA;Maranhão;Homens;2021;Arma branca ou objeto contundente;430;12.46;12.69
MA;Maranhão;Homens;2021;Estrangulamento;7;0.2;0.21
MA;Maranhão;Homens;2021;Força corporal;30;0.87;0.97
MA;Maranhão;Homens;2021;Demais meios especificados;14;0.41;0.41
MA;Maranhão;Homens;2021;Meios não especificados;10;0.29;0.3
MA;Maranhão;Homens;2022;Arma de fogo;1290;37.35;36.42
MA;Maranhão;Homens;2022;Arma branca ou objeto contundente;436;12.62;13.08
MA;Maranhão;Homens;2022;Estrangulamento;9;0.26;0.26
MA;Maranhão;Homens;2022;Força corporal;43;1.25;1.34
MA;Maranhão;Homens;2022;Demais meios especificados;17;0.49;0.49
MA;Maranhão;Homens;2022;Meios não especificados;9;0.26;0.27
MA;Maranhão;Homens;2023;Arma de fogo;1396;40.41;39.17
MA;Maranhão;Homens;2023;Arma branca ou objeto contundente;391;11.32;11.56
MA;Maranhão;Homens;2023;Estrangulamento;9;0.26;0.28
MA;Maranhão;Homens;2023;Força corporal;38;1.1;1.21
MA;Maranhão;Homens;2023;Demais meios especificados;15;0.43;0.43
MA;Maranhão;Homens;2023;Meios não especificados;10;0.29;0.29
MA;Maranhão;Homens;2024;Arma de fogo;1501;43.42;42.17
MA;Maranhão;Homens;2024;Arma branca ou objeto contundente;438;12.67;12.69
MA;Maranhão;Homens;2024;Estrangulamento;8;0.23;0.26
MA;Maranhão;Homens;2024;Força corporal;28;0.81;0.87
MA;Maranhão;Homens;2024;Demais meios especificados;10;0.29;0.29
MA;Maranhão;Homens;2024;Meios não especificados;14;0.4;0.41
MA;Maranhão;Homens;2025;Arma de fogo;1486;42.96;41.97
MA;Maranhão;Homens;2025;Arma branca ou objeto contundente;416;12.03;12.07
MA;Maranhão;Homens;2025;Estrangulamento;11;0.32;0.34
MA;Maranhão;Homens;2025;Força corporal;40;1.16;1.18
MA;Maranhão;Homens;2025;Demais meios especificados;8;0.23;0.26
MA;Maranhão;Homens;2025;Meios não especificados;6;0.17;0.18
MA;Maranhão;Mulheres;2000;Arma de fogo;12;0.41;0.44
MA;Maranhão;Mulheres;2000;Arma branca ou objeto contundente;11;0.37;0.41
MA;Maranhão;Mulheres;2000;Estrangulamento;3;0.1;0.16
MA;Maranhão;Mulheres;2000;Meios não especificados;6;0.2;0.25
MA;Maranhão;Mulheres;2001;Arma de fogo;19;0.63;0.67
MA;Maranhão;Mulheres;2001;Arma branca ou objeto contundente;16;0.53;0.63
MA;Maranhão;Mulheres;2001;Estrangulamento;1;0.03;0.07
MA;Maranhão;Mulheres;2001;Demais meios especificados;5;0.17;0.23
MA;Maranhão;Mulheres;2001;Meios não especificados;13;0.43;0.5
MA;Maranhão;Mulheres;2002;Arma de fogo;14;0.46;0.47
MA;Maranhão;Mulheres;2002;Arma branca ou objeto contundente;15;0.49;0.57
MA;Maranhão;Mulheres;2002;Demais meios especificados;3;0.1;0.14
MA;Maranhão;Mulheres;2002;Meios não especificados;7;0.23;0.31
MA;Maranhão;Mulheres;2003;Arma de fogo;27;0.88;0.96
MA;Maranhão;Mulheres;2003;Arma branca ou objeto contundente;25;0.81;0.96
MA;Maranhão;Mulheres;2003;Estrangulamento;7;0.23;0.28
MA;Maranhão;Mulheres;2003;Força corporal;1;0.03;0.05
MA;Maranhão;Mulheres;2003;Demais meios especificados;3;0.1;0.06
MA;Maranhão;Mulheres;2003;Meios não especificados;6;0.19;0.18
MA;Maranhão;Mulheres;2004;Arma de fogo;23;0.74;0.75
MA;Maranhão;Mulheres;2004;Arma branca ou objeto contundente;18;0.58;0.64
MA;Maranhão;Mulheres;2004;Estrangulamento;4;0.13;0.16
MA;Maranhão;Mulheres;2004;Demais meios especificados;5;0.16;0.16
MA;Maranhão;Mulheres;2004;Meios não especificados;3;0.1;0.11
MA;Maranhão;Mulheres;2005;Arma de fogo;21;0.67;0.67
MA;Maranhão;Mulheres;2005;Arma branca ou objeto contundente;31;0.98;1.07
MA;Maranhão;Mulheres;2005;Estrangulamento;2;0.06;0.11
MA;Maranhão;Mulheres;2005;Meios não especificados;4;0.13;0.13
MA;Maranhão;Mulheres;2006;Arma de fogo;24;0.75;0.72
MA;Maranhão;Mulheres;2006;Arma branca ou objeto contundente;31;0.97;1.05
MA;Maranhão;Mulheres;2006;Estrangulamento;3;0.09;0.08
MA;Maranhão;Mulheres;2006;Força corporal;1;0.03;0.02
MA;Maranhão;Mulheres;2006;Demais meios especificados;4;0.13;0.15
MA;Maranhão;Mulheres;2006;Meios não especificados;2;0.06;0.11
MA;Maranhão;Mulheres;2007;Arma de fogo;23;0.71;0.67
MA;Maranhão;Mulheres;2007;Arma branca ou objeto contundente;26;0.8;0.9
MA;Maranhão;Mulheres;2007;Estrangulamento;4;0.12;0.17
MA;Maranhão;Mulheres;2007;Força corporal;3;0.09;0.11
MA;Maranhão;Mulheres;2007;Demais meios especificados;1;0.03;0.02
MA;Maranhão;Mulheres;2007;Meios não especificados;5;0.15;0.19
MA;Maranhão;Mulheres;2008;Arma de fogo;25;0.76;0.87
MA;Maranhão;Mulheres;2008;Arma branca ou objeto contundente;37;1.13;1.19
MA;Maranhão;Mulheres;2008;Estrangulamento;4;0.12;0.11
MA;Maranhão;Mulheres;2008;Força corporal;3;0.09;0.08
MA;Maranhão;Mulheres;2008;Demais meios especificados;7;0.21;0.26
MA;Maranhão;Mulheres;2008;Meios não especificados;5;0.15;0.18
MA;Maranhão;Mulheres;2009;Arma de fogo;32;0.97;1.03
MA;Maranhão;Mulheres;2009;Arma branca ou objeto contundente;46;1.39;1.44
MA;Maranhão;Mulheres;2009;Estrangulamento;2;0.06;0.07
MA;Maranhão;Mulheres;2009;Demais meios especificados;5;0.15;0.13
MA;Maranhão;Mulheres;2009;Meios não especificados;2;0.06;0.05
MA;Maranhão;Mulheres;2010;Arma de fogo;42;1.26;1.27
MA;Maranhão;Mulheres;2010;Arma branca ou objeto contundente;51;1.53;1.7
MA;Maranhão;Mulheres;2010;Estrangulamento;9;0.27;0.32
MA;Maranhão;Mulheres;2010;Força corporal;2;0.06;0.05
MA;Maranhão;Mulheres;2010;Demais meios especificados;6;0.18;0.19
MA;Maranhão;Mulheres;2010;Meios não especificados;7;0.21;0.26
MA;Maranhão;Mulheres;2011;Arma de fogo;51;1.52;1.52
MA;Maranhão;Mulheres;2011;Arma branca ou objeto contundente;64;1.9;2.07
MA;Maranhão;Mulheres;2011;Estrangulamento;9;0.27;0.33
MA;Maranhão;Mulheres;2011;Força corporal;1;0.03;0.03
MA;Maranhão;Mulheres;2011;Demais meios especificados;2;0.06;0.07
MA;Maranhão;Mulheres;2011;Meios não especificados;4;0.12;0.13
MA;Maranhão;Mulheres;2012;Arma de fogo;41;1.21;1.23
MA;Maranhão;Mulheres;2012;Arma branca ou objeto contundente;63;1.86;2.15
MA;Maranhão;Mulheres;2012;Estrangulamento;5;0.15;0.18
MA;Maranhão;Mulheres;2012;Força corporal;2;0.06;0.1
MA;Maranhão;Mulheres;2012;Meios não especificados;3;0.09;0.07
MA;Maranhão;Mulheres;2013;Arma de fogo;58;1.7;1.72
MA;Maranhão;Mulheres;2013;Arma branca ou objeto contundente;54;1.59;1.68
MA;Maranhão;Mulheres;2013;Estrangulamento;5;0.15;0.16
MA;Maranhão;Mulheres;2013;Força corporal;1;0.03;0.04
MA;Maranhão;Mulheres;2013;Demais meios especificados;7;0.21;0.21
MA;Maranhão;Mulheres;2013;Meios não especificados;6;0.18;0.21
MA;Maranhão;Mulheres;2014;Arma de fogo;75;2.19;2.16
MA;Maranhão;Mulheres;2014;Arma branca ou objeto contundente;64;1.87;1.93
MA;Maranhão;Mulheres;2014;Estrangulamento;5;0.15;0.13
MA;Maranhão;Mulheres;2014;Demais meios especificados;6;0.18;0.17
MA;Maranhão;Mulheres;2014;Meios não especificados;2;0.06;0.06
MA;Maranhão;Mulheres;2015;Arma de fogo;67;1.94;1.89
MA;Maranhão;Mulheres;2015;Arma branca ou objeto contundente;58;1.68;1.84
MA;Maranhão;Mulheres;2015;Estrangulamento;8;0.23;0.22
MA;Maranhão;Mulheres;2015;Força corporal;4;0.12;0.15
MA;Maranhão;Mulheres;2015;Demais meios especificados;5;0.14;0.14
MA;Maranhão;Mulheres;2015;Meios não especificados;6;0.17;0.22
MA;Maranhão;Mulheres;2016;Arma de fogo;84;2.42;2.44
MA;Maranhão;Mulheres;2016;Arma branca ou objeto contundente;55;1.59;1.64
MA;Maranhão;Mulheres;2016;Estrangulamento;9;0.26;0.29
MA;Maranhão;Mulheres;2016;Força corporal;3;0.09;0.1
MA;Maranhão;Mulheres;2016;Demais meios especificados;4;0.12;0.13
MA;Maranhão;Mulheres;2016;Meios não especificados;4;0.12;0.08
MA;Maranhão;Mulheres;2017;Arma de fogo;56;1.61;1.65
MA;Maranhão;Mulheres;2017;Arma branca ou objeto contundente;61;1.75;1.7
MA;Maranhão;Mulheres;2017;Estrangulamento;5;0.14;0.12
MA;Maranhão;Mulheres;2017;Demais meios especificados;1;0.03;0.04
MA;Maranhão;Mulheres;2017;Meios não especificados;4;0.11;0.13
MA;Maranhão;Mulheres;2018;Arma de fogo;50;1.43;1.33
MA;Maranhão;Mulheres;2018;Arma branca ou objeto contundente;57;1.63;1.54
MA;Maranhão;Mulheres;2018;Estrangulamento;3;0.09;0.09
MA;Maranhão;Mulheres;2018;Força corporal;5;0.14;0.16
MA;Maranhão;Mulheres;2018;Demais meios especificados;4;0.11;0.12
MA;Maranhão;Mulheres;2018;Meios não especificados;3;0.09;0.05
MA;Maranhão;Mulheres;2019;Arma de fogo;44;1.25;1.25
MA;Maranhão;Mulheres;2019;Arma branca ou objeto contundente;54;1.54;1.55
MA;Maranhão;Mulheres;2019;Estrangulamento;6;0.17;0.17
MA;Maranhão;Mulheres;2019;Força corporal;4;0.11;0.13
MA;Maranhão;Mulheres;2019;Demais meios especificados;4;0.11;0.1
MA;Maranhão;Mulheres;2019;Meios não especificados;2;0.06;0.05
MA;Maranhão;Mulheres;2020;Arma de fogo;67;1.9;1.84
MA;Maranhão;Mulheres;2020;Arma branca ou objeto contundente;55;1.56;1.63
MA;Maranhão;Mulheres;2020;Estrangulamento;11;0.31;0.3
MA;Maranhão;Mulheres;2020;Força corporal;2;0.06;0.06
MA;Maranhão;Mulheres;2020;Demais meios especificados;4;0.11;0.13
MA;Maranhão;Mulheres;2020;Meios não especificados;1;0.03;0.04
MA;Maranhão;Mulheres;2021;Arma de fogo;71;2.01;1.94
MA;Maranhão;Mulheres;2021;Arma branca ou objeto contundente;49;1.39;1.44
MA;Maranhão;Mulheres;2021;Estrangulamento;2;0.06;0.06
MA;Maranhão;Mulheres;2021;Força corporal;6;0.17;0.18
MA;Maranhão;Mulheres;2021;Demais meios especificados;1;0.03;0.02
MA;Maranhão;Mulheres;2021;Meios não especificados;2;0.06;0.05
MA;Maranhão;Mulheres;2022;Arma de fogo;54;1.52;1.48
MA;Maranhão;Mulheres;2022;Arma branca ou objeto contundente;61;1.72;1.73
MA;Maranhão;Mulheres;2022;Estrangulamento;4;0.11;0.11
MA;Maranhão;Mulheres;2022;Força corporal;2;0.06;0.06
MA;Maranhão;Mulheres;2022;Demais meios especificados;2;0.06;0.05
MA;Maranhão;Mulheres;2022;Meios não especificados;4;0.11;0.12
MA;Maranhão;Mulheres;2023;Arma de fogo;78;2.2;2.13
MA;Maranhão;Mulheres;2023;Arma branca ou objeto contundente;48;1.35;1.4
MA;Maranhão;Mulheres;2023;Estrangulamento;8;0.23;0.22
MA;Maranhão;Mulheres;2023;Força corporal;3;0.08;0.09
MA;Maranhão;Mulheres;2023;Demais meios especificados;2;0.06;0.06
MA;Maranhão;Mulheres;2024;Arma de fogo;82;2.31;2.27
MA;Maranhão;Mulheres;2024;Arma branca ou objeto contundente;62;1.74;1.73
MA;Maranhão;Mulheres;2024;Estrangulamento;4;0.11;0.11
MA;Maranhão;Mulheres;2024;Demais meios especificados;4;0.11;0.13
MA;Maranhão;Mulheres;2024;Meios não especificados;5;0.14;0.13
MA;Maranhão;Mulheres;2025;Arma de fogo;76;2.14;2.12
MA;Maranhão;Mulheres;2025;Arma branca ou objeto contundente;48;1.35;1.35
MA;Maranhão;Mulheres;2025;Estrangulamento;4;0.11;0.11
MA;Maranhão;Mulheres;2025;Força corporal;2;0.06;0.06
MA;Maranhão;Mulheres;2025;Demais meios especificados;1;0.03;0.03
MA;Maranhão;Mulheres;2025;Meios não especificados;1;0.03;0.03
MG;Minas Gerais;Ambos;2000;Arma de fogo;1420;7.8;7.45
MG;Minas Gerais;Ambos;2000;Arma branca ou objeto contundente;436;2.39;2.53
MG;Minas Gerais;Ambos;2000;Estrangulamento;36;0.2;0.19
MG;Minas Gerais;Ambos;2000;Força corporal;16;0.09;0.1
MG;Minas Gerais;Ambos;2000;Demais meios especificados;55;0.3;0.34
MG;Minas Gerais;Ambos;2000;Meios não especificados;144;0.79;0.85
MG;Minas Gerais;Ambos;2001;Arma de fogo;1558;8.46;8.08
MG;Minas Gerais;Ambos;2001;Arma branca ou objeto contundente;546;2.96;3.1
MG;Minas Gerais;Ambos;2001;Estrangulamento;36;0.2;0.21
MG;Minas Gerais;Ambos;2001;Força corporal;24;0.13;0.14
MG;Minas Gerais;Ambos;2001;Demais meios especificados;47;0.26;0.27
MG;Minas Gerais;Ambos;2001;Meios não especificados;155;0.84;0.91
MG;Minas Gerais;Ambos;2002;Arma de fogo;2049;11;10.45
MG;Minas Gerais;Ambos;2002;Arma branca ou objeto contundente;625;3.36;3.44
MG;Minas Gerais;Ambos;2002;Estrangulamento;53;0.28;0.29
MG;Minas Gerais;Ambos;2002;Força corporal;26;0.14;0.15
MG;Minas Gerais;Ambos;2002;Demais meios especificados;62;0.33;0.32
MG;Minas Gerais;Ambos;2002;Meios não especificados;178;0.96;1
MG;Minas Gerais;Ambos;2003;Arma de fogo;2815;14.96;13.99
MG;Minas Gerais;Ambos;2003;Arma branca ou objeto contundente;689;3.66;3.71
MG;Minas Gerais;Ambos;2003;Estrangulamento;59;0.31;0.33
MG;Minas Gerais;Ambos;2003;Força corporal;42;0.22;0.24
MG;Minas Gerais;Ambos;2003;Demais meios especificados;66;0.35;0.38
MG;Minas Gerais;Ambos;2003;Meios não especificados;194;1.03;1.04
MG;Minas Gerais;Ambos;2004;Arma de fogo;3255;17.13;16
MG;Minas Gerais;Ambos;2004;Arma branca ou objeto contundente;668;3.52;3.57
MG;Minas Gerais;Ambos;2004;Estrangulamento;56;0.29;0.32
MG;Minas Gerais;Ambos;2004;Força corporal;46;0.24;0.26
MG;Minas Gerais;Ambos;2004;Demais meios especificados;82;0.43;0.46
MG;Minas Gerais;Ambos;2004;Meios não especificados;176;0.93;0.98
MG;Minas Gerais;Ambos;2005;Arma de fogo;3099;16.16;15.06
MG;Minas Gerais;Ambos;2005;Arma branca ou objeto contundente;722;3.77;3.89
MG;Minas Gerais;Ambos;2005;Estrangulamento;55;0.29;0.28
MG;Minas Gerais;Ambos;2005;Força corporal;59;0.31;0.33
MG;Minas Gerais;Ambos;2005;Demais meios especificados;102;0.53;0.55
MG;Minas Gerais;Ambos;2005;Meios não especificados;182;0.95;0.98
MG;Minas Gerais;Ambos;2006;Arma de fogo;3075;15.9;14.81
MG;Minas Gerais;Ambos;2006;Arma branca ou objeto contundente;741;3.83;3.87
MG;Minas Gerais;Ambos;2006;Estrangulamento;65;0.34;0.34
MG;Minas Gerais;Ambos;2006;Força corporal;39;0.2;0.21
MG;Minas Gerais;Ambos;2006;Demais meios especificados;84;0.43;0.47
MG;Minas Gerais;Ambos;2006;Meios não especificados;171;0.88;0.91
MG;Minas Gerais;Ambos;2007;Arma de fogo;2983;15.31;14.29
MG;Minas Gerais;Ambos;2007;Arma branca ou objeto contundente;750;3.85;3.88
MG;Minas Gerais;Ambos;2007;Estrangulamento;61;0.31;0.33
MG;Minas Gerais;Ambos;2007;Força corporal;27;0.14;0.14
MG;Minas Gerais;Ambos;2007;Demais meios especificados;110;0.56;0.59
MG;Minas Gerais;Ambos;2007;Meios não especificados;189;0.97;0.99
MG;Minas Gerais;Ambos;2008;Arma de fogo;2755;14.03;13.04
MG;Minas Gerais;Ambos;2008;Arma branca ou objeto contundente;788;4.01;4.03
MG;Minas Gerais;Ambos;2008;Estrangulamento;49;0.25;0.26
MG;Minas Gerais;Ambos;2008;Força corporal;54;0.28;0.28
MG;Minas Gerais;Ambos;2008;Demais meios especificados;86;0.44;0.45
MG;Minas Gerais;Ambos;2008;Meios não especificados;148;0.75;0.75
MG;Minas Gerais;Ambos;2009;Arma de fogo;2603;13.16;12.25
MG;Minas Gerais;Ambos;2009;Arma branca ou objeto contundente;785;3.97;3.94
MG;Minas Gerais;Ambos;2009;Estrangulamento;60;0.3;0.3
MG;Minas Gerais;Ambos;2009;Força corporal;59;0.3;0.32
MG;Minas Gerais;Ambos;2009;Demais meios especificados;78;0.39;0.41
MG;Minas Gerais;Ambos;2009;Meios não especificados;156;0.79;0.81
MG;Minas Gerais;Ambos;2010;Arma de fogo;2456;12.35;11.55
MG;Minas Gerais;Ambos;2010;Arma branca ou objeto contundente;826;4.15;4.13
MG;Minas Gerais;Ambos;2010;Estrangulamento;68;0.34;0.34
MG;Minas Gerais;Ambos;2010;Força corporal;48;0.24;0.25
MG;Minas Gerais;Ambos;2010;Demais meios especificados;80;0.4;0.4
MG;Minas Gerais;Ambos;2010;Meios não especificados;163;0.82;0.83
MG;Minas Gerais;Ambos;2011;Arma de fogo;3000;15.01;14.18
MG;Minas Gerais;Ambos;2011;Arma branca ou objeto contundente;905;4.53;4.48
MG;Minas Gerais;Ambos;2011;Estrangulamento;77;0.39;0.38
MG;Minas Gerais;Ambos;2011;Força corporal;49;0.25;0.25
MG;Minas Gerais;Ambos;2011;Demais meios especificados;75;0.38;0.37
MG;Minas Gerais;Ambos;2011;Meios não especificados;154;0.77;0.78
MG;Minas Gerais;Ambos;2012;Arma de fogo;3228;16.06;15.07
MG;Minas Gerais;Ambos;2012;Arma branca ou objeto contundente;960;4.78;4.71
MG;Minas Gerais;Ambos;2012;Estrangulamento;79;0.39;0.38
MG;Minas Gerais;Ambos;2012;Força corporal;58;0.29;0.29
MG;Minas Gerais;Ambos;2012;Demais meios especificados;79;0.39;0.4
MG;Minas Gerais;Ambos;2012;Meios não especificados;154;0.77;0.76
MG;Minas Gerais;Ambos;2013;Arma de fogo;3468;17.16;16.17
MG;Minas Gerais;Ambos;2013;Arma branca ou objeto contundente;928;4.59;4.52
MG;Minas Gerais;Ambos;2013;Estrangulamento;56;0.28;0.27
MG;Minas Gerais;Ambos;2013;Força corporal;62;0.31;0.32
MG;Minas Gerais;Ambos;2013;Demais meios especificados;83;0.41;0.42
MG;Minas Gerais;Ambos;2013;Meios não especificados;116;0.57;0.53
MG;Minas Gerais;Ambos;2014;Arma de fogo;3377;16.6;15.74
MG;Minas Gerais;Ambos;2014;Arma branca ou objeto contundente;1002;4.93;4.87
MG;Minas Gerais;Ambos;2014;Estrangulamento;55;0.27;0.27
MG;Minas Gerais;Ambos;2014;Força corporal;63;0.31;0.31
MG;Minas Gerais;Ambos;2014;Demais meios especificados;77;0.38;0.37
MG;Minas Gerais;Ambos;2014;Meios não especificados;144;0.71;0.7
MG;Minas Gerais;Ambos;2015;Arma de fogo;3214;15.7;15.05
MG;Minas Gerais;Ambos;2015;Arma branca ou objeto contundente;961;4.69;4.62
MG;Minas Gerais;Ambos;2015;Estrangulamento;65;0.32;0.3
MG;Minas Gerais;Ambos;2015;Força corporal;93;0.45;0.45
MG;Minas Gerais;Ambos;2015;Demais meios especificados;67;0.33;0.33
MG;Minas Gerais;Ambos;2015;Meios não especificados;125;0.61;0.59
MG;Minas Gerais;Ambos;2016;Arma de fogo;3321;16.13;15.55
MG;Minas Gerais;Ambos;2016;Arma branca ou objeto contundente;962;4.67;4.58
MG;Minas Gerais;Ambos;2016;Estrangulamento;67;0.33;0.32
MG;Minas Gerais;Ambos;2016;Força corporal;96;0.47;0.47
MG;Minas Gerais;Ambos;2016;Demais meios especificados;57;0.28;0.27
MG;Minas Gerais;Ambos;2016;Meios não especificados;112;0.54;0.52
MG;Minas Gerais;Ambos;2017;Arma de fogo;3067;14.82;14.41
MG;Minas Gerais;Ambos;2017;Arma branca ou objeto contundente;894;4.32;4.24
MG;Minas Gerais;Ambos;2017;Estrangulamento;58;0.28;0.28
MG;Minas Gerais;Ambos;2017;Força corporal;71;0.34;0.34
MG;Minas Gerais;Ambos;2017;Demais meios especificados;76;0.37;0.36
MG;Minas Gerais;Ambos;2017;Meios não especificados;112;0.54;0.52
MG;Minas Gerais;Ambos;2018;Arma de fogo;2237;10.75;10.54
MG;Minas Gerais;Ambos;2018;Arma branca ou objeto contundente;806;3.87;3.84
MG;Minas Gerais;Ambos;2018;Estrangulamento;69;0.33;0.33
MG;Minas Gerais;Ambos;2018;Força corporal;70;0.34;0.33
MG;Minas Gerais;Ambos;2018;Demais meios especificados;45;0.22;0.21
MG;Minas Gerais;Ambos;2018;Meios não especificados;128;0.62;0.6
MG;Minas Gerais;Ambos;2019;Arma de fogo;1878;8.98;8.89
MG;Minas Gerais;Ambos;2019;Arma branca ou objeto contundente;695;3.32;3.28
MG;Minas Gerais;Ambos;2019;Estrangulamento;68;0.33;0.32
MG;Minas Gerais;Ambos;2019;Força corporal;76;0.36;0.36
MG;Minas Gerais;Ambos;2019;Demais meios especificados;52;0.25;0.25
MG;Minas Gerais;Ambos;2019;Meios não especificados;97;0.46;0.45
MG;Minas Gerais;Ambos;2020;Arma de fogo;1702;8.09;8.08
MG;Minas Gerais;Ambos;2020;Arma branca ou objeto contundente;719;3.42;3.38
MG;Minas Gerais;Ambos;2020;Estrangulamento;52;0.25;0.25
MG;Minas Gerais;Ambos;2020;Força corporal;82;0.39;0.38
MG;Minas Gerais;Ambos;2020;Demais meios especificados;50;0.24;0.23
MG;Minas Gerais;Ambos;2020;Meios não especificados;126;0.6;0.59
MG;Minas Gerais;Ambos;2021;Arma de fogo;1594;7.55;7.59
MG;Minas Gerais;Ambos;2021;Arma branca ou objeto contundente;650;3.08;3.04
MG;Minas Gerais;Ambos;2021;Estrangulamento;52;0.25;0.24
MG;Minas Gerais;Ambos;2021;Força corporal;99;0.47;0.46
MG;Minas Gerais;Ambos;2021;Demais meios especificados;56;0.27;0.26
MG;Minas Gerais;Ambos;2021;Meios não especificados;110;0.52;0.5
MG;Minas Gerais;Ambos;2022;Arma de fogo;1757;8.3;8.38
MG;Minas Gerais;Ambos;2022;Arma branca ou objeto contundente;670;3.16;3.12
MG;Minas Gerais;Ambos;2022;Estrangulamento;51;0.24;0.24
MG;Minas Gerais;Ambos;2022;Força corporal;90;0.42;0.41
MG;Minas Gerais;Ambos;2022;Demais meios especificados;51;0.24;0.24
MG;Minas Gerais;Ambos;2022;Meios não especificados;67;0.32;0.3
MG;Minas Gerais;Ambos;2023;Arma de fogo;1773;8.34;8.49
MG;Minas Gerais;Ambos;2023;Arma branca ou objeto contundente;721;3.39;3.36
MG;Minas Gerais;Ambos;2023;Estrangulamento;57;0.27;0.26
MG;Minas Gerais;Ambos;2023;Força corporal;91;0.43;0.42
MG;Minas Gerais;Ambos;2023;Demais meios especificados;44;0.21;0.2
MG;Minas Gerais;Ambos;2023;Meios não especificados;86;0.4;0.4
MG;Minas Gerais;Ambos;2024;Arma de fogo;1705;8;8.25
MG;Minas Gerais;Ambos;2024;Arma branca ou objeto contundente;679;3.18;3.13
MG;Minas Gerais;Ambos;2024;Estrangulamento;49;0.23;0.22
MG;Minas Gerais;Ambos;2024;Força corporal;94;0.44;0.42
MG;Minas Gerais;Ambos;2024;Demais meios especificados;49;0.23;0.22
MG;Minas Gerais;Ambos;2024;Meios não especificados;116;0.54;0.52
MG;Minas Gerais;Ambos;2025;Arma de fogo;1244;5.81;6.04
MG;Minas Gerais;Ambos;2025;Arma branca ou objeto contundente;573;2.68;2.65
MG;Minas Gerais;Ambos;2025;Estrangulamento;53;0.25;0.25
MG;Minas Gerais;Ambos;2025;Força corporal;64;0.3;0.29
MG;Minas Gerais;Ambos;2025;Demais meios especificados;53;0.25;0.24
MG;Minas Gerais;Ambos;2025;Meios não especificados;92;0.43;0.43
MG;Minas Gerais;Homens;2000;Arma de fogo;1303;14.51;13.78
MG;Minas Gerais;Homens;2000;Arma branca ou objeto contundente;356;3.96;4.25
MG;Minas Gerais;Homens;2000;Estrangulamento;15;0.17;0.17
MG;Minas Gerais;Homens;2000;Força corporal;16;0.18;0.22
MG;Minas Gerais;Homens;2000;Demais meios especificados;43;0.48;0.55
MG;Minas Gerais;Homens;2000;Meios não especificados;122;1.36;1.47
MG;Minas Gerais;Homens;2001;Arma de fogo;1461;16.08;15.32
MG;Minas Gerais;Homens;2001;Arma branca ou objeto contundente;447;4.92;5.18
MG;Minas Gerais;Homens;2001;Estrangulamento;24;0.26;0.3
MG;Minas Gerais;Homens;2001;Força corporal;22;0.24;0.26
MG;Minas Gerais;Homens;2001;Demais meios especificados;35;0.39;0.43
MG;Minas Gerais;Homens;2001;Meios não especificados;135;1.49;1.63
MG;Minas Gerais;Homens;2002;Arma de fogo;1907;20.77;19.64
MG;Minas Gerais;Homens;2002;Arma branca ou objeto contundente;539;5.87;6.05
MG;Minas Gerais;Homens;2002;Estrangulamento;33;0.36;0.38
MG;Minas Gerais;Homens;2002;Força corporal;21;0.23;0.24
MG;Minas Gerais;Homens;2002;Demais meios especificados;44;0.48;0.48
MG;Minas Gerais;Homens;2002;Meios não especificados;155;1.69;1.79
MG;Minas Gerais;Homens;2003;Arma de fogo;2615;28.19;26.25
MG;Minas Gerais;Homens;2003;Arma branca ou objeto contundente;578;6.23;6.3
MG;Minas Gerais;Homens;2003;Estrangulamento;42;0.45;0.51
MG;Minas Gerais;Homens;2003;Força corporal;35;0.38;0.4
MG;Minas Gerais;Homens;2003;Demais meios especificados;54;0.58;0.65
MG;Minas Gerais;Homens;2003;Meios não especificados;165;1.78;1.85
MG;Minas Gerais;Homens;2004;Arma de fogo;3035;32.41;30.06
MG;Minas Gerais;Homens;2004;Arma branca ou objeto contundente;572;6.11;6.26
MG;Minas Gerais;Homens;2004;Estrangulamento;38;0.41;0.45
MG;Minas Gerais;Homens;2004;Força corporal;42;0.45;0.49
MG;Minas Gerais;Homens;2004;Demais meios especificados;67;0.72;0.77
MG;Minas Gerais;Homens;2004;Meios não especificados;156;1.67;1.78
MG;Minas Gerais;Homens;2005;Arma de fogo;2895;30.64;28.34
MG;Minas Gerais;Homens;2005;Arma branca ou objeto contundente;615;6.51;6.71
MG;Minas Gerais;Homens;2005;Estrangulamento;39;0.41;0.4
MG;Minas Gerais;Homens;2005;Força corporal;53;0.56;0.62
MG;Minas Gerais;Homens;2005;Demais meios especificados;82;0.87;0.9
MG;Minas Gerais;Homens;2005;Meios não especificados;158;1.67;1.73
MG;Minas Gerais;Homens;2006;Arma de fogo;2870;30.13;27.87
MG;Minas Gerais;Homens;2006;Arma branca ou objeto contundente;629;6.6;6.72
MG;Minas Gerais;Homens;2006;Estrangulamento;36;0.38;0.4
MG;Minas Gerais;Homens;2006;Força corporal;28;0.29;0.3
MG;Minas Gerais;Homens;2006;Demais meios especificados;72;0.76;0.84
MG;Minas Gerais;Homens;2006;Meios não especificados;147;1.54;1.6
MG;Minas Gerais;Homens;2007;Arma de fogo;2765;28.81;26.7
MG;Minas Gerais;Homens;2007;Arma branca ou objeto contundente;640;6.67;6.75
MG;Minas Gerais;Homens;2007;Estrangulamento;37;0.39;0.42
MG;Minas Gerais;Homens;2007;Força corporal;23;0.24;0.25
MG;Minas Gerais;Homens;2007;Demais meios especificados;88;0.92;0.96
MG;Minas Gerais;Homens;2007;Meios não especificados;164;1.71;1.76
MG;Minas Gerais;Homens;2008;Arma de fogo;2580;26.69;24.63
MG;Minas Gerais;Homens;2008;Arma branca ou objeto contundente;659;6.82;6.91
MG;Minas Gerais;Homens;2008;Estrangulamento;30;0.31;0.34
MG;Minas Gerais;Homens;2008;Força corporal;50;0.52;0.52
MG;Minas Gerais;Homens;2008;Demais meios especificados;60;0.62;0.67
MG;Minas Gerais;Homens;2008;Meios não especificados;125;1.29;1.29
MG;Minas Gerais;Homens;2009;Arma de fogo;2406;24.72;22.76
MG;Minas Gerais;Homens;2009;Arma branca ou objeto contundente;647;6.65;6.61
MG;Minas Gerais;Homens;2009;Estrangulamento;40;0.41;0.42
MG;Minas Gerais;Homens;2009;Força corporal;56;0.58;0.61
MG;Minas Gerais;Homens;2009;Demais meios especificados;63;0.65;0.68
MG;Minas Gerais;Homens;2009;Meios não especificados;127;1.3;1.36
MG;Minas Gerais;Homens;2010;Arma de fogo;2259;23.09;21.41
MG;Minas Gerais;Homens;2010;Arma branca ou objeto contundente;698;7.13;7.16
MG;Minas Gerais;Homens;2010;Estrangulamento;38;0.39;0.39
MG;Minas Gerais;Homens;2010;Força corporal;39;0.4;0.42
MG;Minas Gerais;Homens;2010;Demais meios especificados;62;0.63;0.65
MG;Minas Gerais;Homens;2010;Meios não especificados;137;1.4;1.43
MG;Minas Gerais;Homens;2011;Arma de fogo;2779;28.28;26.49
MG;Minas Gerais;Homens;2011;Arma branca ou objeto contundente;754;7.67;7.63
MG;Minas Gerais;Homens;2011;Estrangulamento;47;0.48;0.48
MG;Minas Gerais;Homens;2011;Força corporal;44;0.45;0.47
MG;Minas Gerais;Homens;2011;Demais meios especificados;53;0.54;0.53
MG;Minas Gerais;Homens;2011;Meios não especificados;125;1.27;1.3
MG;Minas Gerais;Homens;2012;Arma de fogo;3012;30.48;28.29
MG;Minas Gerais;Homens;2012;Arma branca ou objeto contundente;799;8.09;7.99
MG;Minas Gerais;Homens;2012;Estrangulamento;47;0.48;0.46
MG;Minas Gerais;Homens;2012;Força corporal;48;0.49;0.5
MG;Minas Gerais;Homens;2012;Demais meios especificados;61;0.62;0.63
MG;Minas Gerais;Homens;2012;Meios não especificados;129;1.31;1.31
MG;Minas Gerais;Homens;2013;Arma de fogo;3262;32.82;30.61
MG;Minas Gerais;Homens;2013;Arma branca ou objeto contundente;776;7.81;7.73
MG;Minas Gerais;Homens;2013;Estrangulamento;38;0.38;0.37
MG;Minas Gerais;Homens;2013;Força corporal;54;0.54;0.57
MG;Minas Gerais;Homens;2013;Demais meios especificados;55;0.55;0.58
MG;Minas Gerais;Homens;2013;Meios não especificados;97;0.98;0.9
MG;Minas Gerais;Homens;2014;Arma de fogo;3204;32.04;30.05
MG;Minas Gerais;Homens;2014;Arma branca ou objeto contundente;841;8.41;8.35
MG;Minas Gerais;Homens;2014;Estrangulamento;34;0.34;0.35
MG;Minas Gerais;Homens;2014;Força corporal;58;0.58;0.59
MG;Minas Gerais;Homens;2014;Demais meios especificados;53;0.53;0.52
MG;Minas Gerais;Homens;2014;Meios não especificados;123;1.23;1.25
MG;Minas Gerais;Homens;2015;Arma de fogo;3010;29.91;28.33
MG;Minas Gerais;Homens;2015;Arma branca ou objeto contundente;830;8.25;8.12
MG;Minas Gerais;Homens;2015;Estrangulamento;35;0.35;0.34
MG;Minas Gerais;Homens;2015;Força corporal;78;0.78;0.8
MG;Minas Gerais;Homens;2015;Demais meios especificados;50;0.5;0.5
MG;Minas Gerais;Homens;2015;Meios não especificados;104;1.03;1.02
MG;Minas Gerais;Homens;2016;Arma de fogo;3151;31.14;29.63
MG;Minas Gerais;Homens;2016;Arma branca ou objeto contundente;820;8.1;7.95
MG;Minas Gerais;Homens;2016;Estrangulamento;41;0.41;0.41
MG;Minas Gerais;Homens;2016;Força corporal;85;0.84;0.86
MG;Minas Gerais;Homens;2016;Demais meios especificados;46;0.45;0.44
MG;Minas Gerais;Homens;2016;Meios não especificados;96;0.95;0.91
MG;Minas Gerais;Homens;2017;Arma de fogo;2921;28.73;27.57
MG;Minas Gerais;Homens;2017;Arma branca ou objeto contundente;742;7.3;7.14
MG;Minas Gerais;Homens;2017;Estrangulamento;28;0.28;0.28
MG;Minas Gerais;Homens;2017;Força corporal;61;0.6;0.6
MG;Minas Gerais;Homens;2017;Demais meios especificados;51;0.5;0.5
MG;Minas Gerais;Homens;2017;Meios não especificados;88;0.87;0.85
MG;Minas Gerais;Homens;2018;Arma de fogo;2100;20.55;19.85
MG;Minas Gerais;Homens;2018;Arma branca ou objeto contundente;660;6.46;6.41
MG;Minas Gerais;Homens;2018;Estrangulamento;36;0.35;0.35
MG;Minas Gerais;Homens;2018;Força corporal;63;0.62;0.62
MG;Minas Gerais;Homens;2018;Demais meios especificados;32;0.31;0.3
MG;Minas Gerais;Homens;2018;Meios não especificados;114;1.12;1.09
MG;Minas Gerais;Homens;2019;Arma de fogo;1758;17.11;16.7
MG;Minas Gerais;Homens;2019;Arma branca ou objeto contundente;590;5.74;5.67
MG;Minas Gerais;Homens;2019;Estrangulamento;44;0.43;0.42
MG;Minas Gerais;Homens;2019;Força corporal;64;0.62;0.62
MG;Minas Gerais;Homens;2019;Demais meios especificados;37;0.36;0.37
MG;Minas Gerais;Homens;2019;Meios não especificados;78;0.76;0.75
MG;Minas Gerais;Homens;2020;Arma de fogo;1603;15.52;15.25
MG;Minas Gerais;Homens;2020;Arma branca ou objeto contundente;606;5.87;5.81
MG;Minas Gerais;Homens;2020;Estrangulamento;36;0.35;0.34
MG;Minas Gerais;Homens;2020;Força corporal;69;0.67;0.64
MG;Minas Gerais;Homens;2020;Demais meios especificados;37;0.36;0.35
MG;Minas Gerais;Homens;2020;Meios não especificados;111;1.07;1.07
MG;Minas Gerais;Homens;2021;Arma de fogo;1508;14.55;14.38
MG;Minas Gerais;Homens;2021;Arma branca ou objeto contundente;554;5.34;5.27
MG;Minas Gerais;Homens;2021;Estrangulamento;29;0.28;0.28
MG;Minas Gerais;Homens;2021;Força corporal;84;0.81;0.8
MG;Minas Gerais;Homens;2021;Demais meios especificados;44;0.42;0.42
MG;Minas Gerais;Homens;2021;Meios não especificados;93;0.9;0.88
MG;Minas Gerais;Homens;2022;Arma de fogo;1651;15.89;15.78
MG;Minas Gerais;Homens;2022;Arma branca ou objeto contundente;559;5.38;5.29
MG;Minas Gerais;Homens;2022;Estrangulamento;33;0.32;0.31
MG;Minas Gerais;Homens;2022;Força corporal;82;0.79;0.77
MG;Minas Gerais;Homens;2022;Demais meios especificados;35;0.34;0.33
MG;Minas Gerais;Homens;2022;Meios não especificados;52;0.5;0.47
MG;Minas Gerais;Homens;2023;Arma de fogo;1660;15.93;15.92
MG;Minas Gerais;Homens;2023;Arma branca ou objeto contundente;607;5.82;5.74
MG;Minas Gerais;Homens;2023;Estrangulamento;38;0.36;0.35
MG;Minas Gerais;Homens;2023;Força corporal;85;0.82;0.8
MG;Minas Gerais;Homens;2023;Demais meios especificados;28;0.27;0.26
MG;Minas Gerais;Homens;2023;Meios não especificados;75;0.72;0.71
MG;Minas Gerais;Homens;2024;Arma de fogo;1610;15.4;15.57
MG;Minas Gerais;Homens;2024;Arma branca ou objeto contundente;580;5.55;5.44
MG;Minas Gerais;Homens;2024;Estrangulamento;32;0.31;0.3
MG;Minas Gerais;Homens;2024;Força corporal;78;0.75;0.72
MG;Minas Gerais;Homens;2024;Demais meios especificados;37;0.35;0.35
MG;Minas Gerais;Homens;2024;Meios não especificados;92;0.88;0.85
MG;Minas Gerais;Homens;2025;Arma de fogo;1166;11.12;11.32
MG;Minas Gerais;Homens;2025;Arma branca ou objeto contundente;474;4.52;4.44
MG;Minas Gerais;Homens;2025;Estrangulamento;35;0.33;0.34
MG;Minas Gerais;Homens;2025;Força corporal;56;0.53;0.52
MG;Minas Gerais;Homens;2025;Demais meios especificados;35;0.33;0.33
MG;Minas Gerais;Homens;2025;Meios não especificados;80;0.76;0.74
MG;Minas Gerais;Mulheres;2000;Arma de fogo;117;1.27;1.24
MG;Minas Gerais;Mulheres;2000;Arma branca ou objeto contundente;80;0.87;0.88
MG;Minas Gerais;Mulheres;2000;Estrangulamento;21;0.23;0.21
MG;Minas Gerais;Mulheres;2000;Demais meios especificados;12;0.13;0.13
MG;Minas Gerais;Mulheres;2000;Meios não especificados;22;0.24;0.26
MG;Minas Gerais;Mulheres;2001;Arma de fogo;97;1.04;0.99
MG;Minas Gerais;Mulheres;2001;Arma branca ou objeto contundente;98;1.05;1.08
MG;Minas Gerais;Mulheres;2001;Estrangulamento;12;0.13;0.13
MG;Minas Gerais;Mulheres;2001;Força corporal;2;0.02;0.02
MG;Minas Gerais;Mulheres;2001;Demais meios especificados;12;0.13;0.12
MG;Minas Gerais;Mulheres;2001;Meios não especificados;20;0.21;0.23
MG;Minas Gerais;Mulheres;2002;Arma de fogo;142;1.5;1.45
MG;Minas Gerais;Mulheres;2002;Arma branca ou objeto contundente;86;0.91;0.92
MG;Minas Gerais;Mulheres;2002;Estrangulamento;20;0.21;0.2
MG;Minas Gerais;Mulheres;2002;Força corporal;5;0.05;0.06
MG;Minas Gerais;Mulheres;2002;Demais meios especificados;18;0.19;0.17
MG;Minas Gerais;Mulheres;2002;Meios não especificados;23;0.24;0.25
MG;Minas Gerais;Mulheres;2003;Arma de fogo;200;2.1;1.98
MG;Minas Gerais;Mulheres;2003;Arma branca ou objeto contundente;111;1.16;1.22
MG;Minas Gerais;Mulheres;2003;Estrangulamento;17;0.18;0.16
MG;Minas Gerais;Mulheres;2003;Força corporal;7;0.07;0.08
MG;Minas Gerais;Mulheres;2003;Demais meios especificados;12;0.13;0.12
MG;Minas Gerais;Mulheres;2003;Meios não especificados;29;0.3;0.29
MG;Minas Gerais;Mulheres;2004;Arma de fogo;220;2.28;2.18
MG;Minas Gerais;Mulheres;2004;Arma branca ou objeto contundente;96;1;1
MG;Minas Gerais;Mulheres;2004;Estrangulamento;18;0.19;0.2
MG;Minas Gerais;Mulheres;2004;Força corporal;4;0.04;0.05
MG;Minas Gerais;Mulheres;2004;Demais meios especificados;15;0.16;0.16
MG;Minas Gerais;Mulheres;2004;Meios não especificados;20;0.21;0.22
MG;Minas Gerais;Mulheres;2005;Arma de fogo;204;2.1;2.01
MG;Minas Gerais;Mulheres;2005;Arma branca ou objeto contundente;107;1.1;1.18
MG;Minas Gerais;Mulheres;2005;Estrangulamento;16;0.16;0.17
MG;Minas Gerais;Mulheres;2005;Força corporal;6;0.06;0.07
MG;Minas Gerais;Mulheres;2005;Demais meios especificados;20;0.21;0.2
MG;Minas Gerais;Mulheres;2005;Meios não especificados;24;0.25;0.26
MG;Minas Gerais;Mulheres;2006;Arma de fogo;204;2.08;1.97
MG;Minas Gerais;Mulheres;2006;Arma branca ou objeto contundente;111;1.13;1.13
MG;Minas Gerais;Mulheres;2006;Estrangulamento;29;0.3;0.28
MG;Minas Gerais;Mulheres;2006;Força corporal;11;0.11;0.12
MG;Minas Gerais;Mulheres;2006;Demais meios especificados;12;0.12;0.14
MG;Minas Gerais;Mulheres;2006;Meios não especificados;24;0.24;0.25
MG;Minas Gerais;Mulheres;2007;Arma de fogo;218;2.2;2.11
MG;Minas Gerais;Mulheres;2007;Arma branca ou objeto contundente;110;1.11;1.12
MG;Minas Gerais;Mulheres;2007;Estrangulamento;24;0.24;0.24
MG;Minas Gerais;Mulheres;2007;Força corporal;4;0.04;0.04
MG;Minas Gerais;Mulheres;2007;Demais meios especificados;22;0.22;0.24
MG;Minas Gerais;Mulheres;2007;Meios não especificados;25;0.25;0.26
MG;Minas Gerais;Mulheres;2008;Arma de fogo;174;1.75;1.65
MG;Minas Gerais;Mulheres;2008;Arma branca ou objeto contundente;129;1.29;1.28
MG;Minas Gerais;Mulheres;2008;Estrangulamento;19;0.19;0.19
MG;Minas Gerais;Mulheres;2008;Força corporal;4;0.04;0.04
MG;Minas Gerais;Mulheres;2008;Demais meios especificados;26;0.26;0.25
MG;Minas Gerais;Mulheres;2008;Meios não especificados;23;0.23;0.23
MG;Minas Gerais;Mulheres;2009;Arma de fogo;197;1.96;1.9
MG;Minas Gerais;Mulheres;2009;Arma branca ou objeto contundente;138;1.37;1.36
MG;Minas Gerais;Mulheres;2009;Estrangulamento;20;0.2;0.19
MG;Minas Gerais;Mulheres;2009;Força corporal;3;0.03;0.04
MG;Minas Gerais;Mulheres;2009;Demais meios especificados;15;0.15;0.15
MG;Minas Gerais;Mulheres;2009;Meios não especificados;29;0.29;0.29
MG;Minas Gerais;Mulheres;2010;Arma de fogo;197;1.95;1.86
MG;Minas Gerais;Mulheres;2010;Arma branca ou objeto contundente;128;1.27;1.25
MG;Minas Gerais;Mulheres;2010;Estrangulamento;30;0.3;0.29
MG;Minas Gerais;Mulheres;2010;Força corporal;9;0.09;0.08
MG;Minas Gerais;Mulheres;2010;Demais meios especificados;17;0.17;0.17
MG;Minas Gerais;Mulheres;2010;Meios não especificados;26;0.26;0.27
MG;Minas Gerais;Mulheres;2011;Arma de fogo;220;2.17;2.08
MG;Minas Gerais;Mulheres;2011;Arma branca ou objeto contundente;151;1.49;1.46
MG;Minas Gerais;Mulheres;2011;Estrangulamento;30;0.3;0.29
MG;Minas Gerais;Mulheres;2011;Força corporal;5;0.05;0.05
MG;Minas Gerais;Mulheres;2011;Demais meios especificados;22;0.22;0.22
MG;Minas Gerais;Mulheres;2011;Meios não especificados;29;0.29;0.29
MG;Minas Gerais;Mulheres;2012;Arma de fogo;216;2.11;2.03
MG;Minas Gerais;Mulheres;2012;Arma branca ou objeto contundente;161;1.58;1.55
MG;Minas Gerais;Mulheres;2012;Estrangulamento;31;0.3;0.29
MG;Minas Gerais;Mulheres;2012;Força corporal;10;0.1;0.1
MG;Minas Gerais;Mulheres;2012;Demais meios especificados;18;0.18;0.17
MG;Minas Gerais;Mulheres;2012;Meios não especificados;24;0.23;0.23
MG;Minas Gerais;Mulheres;2013;Arma de fogo;205;1.99;1.9
MG;Minas Gerais;Mulheres;2013;Arma branca ou objeto contundente;150;1.46;1.45
MG;Minas Gerais;Mulheres;2013;Estrangulamento;18;0.18;0.18
MG;Minas Gerais;Mulheres;2013;Força corporal;8;0.08;0.08
MG;Minas Gerais;Mulheres;2013;Demais meios especificados;27;0.26;0.27
MG;Minas Gerais;Mulheres;2013;Meios não especificados;19;0.18;0.18
MG;Minas Gerais;Mulheres;2014;Arma de fogo;171;1.65;1.6
MG;Minas Gerais;Mulheres;2014;Arma branca ou objeto contundente;161;1.56;1.52
MG;Minas Gerais;Mulheres;2014;Estrangulamento;21;0.2;0.2
MG;Minas Gerais;Mulheres;2014;Força corporal;5;0.05;0.05
MG;Minas Gerais;Mulheres;2014;Demais meios especificados;24;0.23;0.23
MG;Minas Gerais;Mulheres;2014;Meios não especificados;21;0.2;0.19
MG;Minas Gerais;Mulheres;2015;Arma de fogo;204;1.96;1.92
MG;Minas Gerais;Mulheres;2015;Arma branca ou objeto contundente;130;1.25;1.24
MG;Minas Gerais;Mulheres;2015;Estrangulamento;29;0.28;0.27
MG;Minas Gerais;Mulheres;2015;Força corporal;15;0.14;0.13
MG;Minas Gerais;Mulheres;2015;Demais meios especificados;17;0.16;0.16
MG;Minas Gerais;Mulheres;2015;Meios não especificados;20;0.19;0.2
MG;Minas Gerais;Mulheres;2016;Arma de fogo;169;1.61;1.58
MG;Minas Gerais;Mulheres;2016;Arma branca ou objeto contundente;142;1.36;1.34
MG;Minas Gerais;Mulheres;2016;Estrangulamento;26;0.25;0.24
MG;Minas Gerais;Mulheres;2016;Força corporal;11;0.11;0.1
MG;Minas Gerais;Mulheres;2016;Demais meios especificados;11;0.11;0.1
MG;Minas Gerais;Mulheres;2016;Meios não especificados;16;0.15;0.15
MG;Minas Gerais;Mulheres;2017;Arma de fogo;146;1.39;1.37
MG;Minas Gerais;Mulheres;2017;Arma branca ou objeto contundente;152;1.44;1.43
MG;Minas Gerais;Mulheres;2017;Estrangulamento;30;0.28;0.28
MG;Minas Gerais;Mulheres;2017;Força corporal;10;0.09;0.09
MG;Minas Gerais;Mulheres;2017;Demais meios especificados;25;0.24;0.23
MG;Minas Gerais;Mulheres;2017;Meios não especificados;24;0.23;0.21
MG;Minas Gerais;Mulheres;2018;Arma de fogo;137;1.29;1.29
MG;Minas Gerais;Mulheres;2018;Arma branca ou objeto contundente;146;1.38;1.38
MG;Minas Gerais;Mulheres;2018;Estrangulamento;33;0.31;0.31
MG;Minas Gerais;Mulheres;2018;Força corporal;7;0.07;0.07
MG;Minas Gerais;Mulheres;2018;Demais meios especificados;12;0.11;0.12
MG;Minas Gerais;Mulheres;2018;Meios não especificados;14;0.13;0.13
MG;Minas Gerais;Mulheres;2019;Arma de fogo;120;1.13;1.12
MG;Minas Gerais;Mulheres;2019;Arma branca ou objeto contundente;105;0.99;0.99
MG;Minas Gerais;Mulheres;2019;Estrangulamento;24;0.23;0.22
MG;Minas Gerais;Mulheres;2019;Força corporal;12;0.11;0.11
MG;Minas Gerais;Mulheres;2019;Demais meios especificados;15;0.14;0.14
MG;Minas Gerais;Mulheres;2019;Meios não especificados;19;0.18;0.18
MG;Minas Gerais;Mulheres;2020;Arma de fogo;99;0.92;0.94
MG;Minas Gerais;Mulheres;2020;Arma branca ou objeto contundente;113;1.06;1.04
MG;Minas Gerais;Mulheres;2020;Estrangulamento;16;0.15;0.15
MG;Minas Gerais;Mulheres;2020;Força corporal;13;0.12;0.12
MG;Minas Gerais;Mulheres;2020;Demais meios especificados;13;0.12;0.12
MG;Minas Gerais;Mulheres;2020;Meios não especificados;15;0.14;0.14
MG;Minas Gerais;Mulheres;2021;Arma de fogo;86;0.8;0.82
MG;Minas Gerais;Mulheres;2021;Arma branca ou objeto contundente;96;0.89;0.89
MG;Minas Gerais;Mulheres;2021;Estrangulamento;23;0.21;0.21
MG;Minas Gerais;Mulheres;2021;Força corporal;15;0.14;0.13
MG;Minas Gerais;Mulheres;2021;Demais meios especificados;12;0.11;0.12
MG;Minas Gerais;Mulheres;2021;Meios não especificados;16;0.15;0.15
MG;Minas Gerais;Mulheres;2022;Arma de fogo;104;0.96;0.98
MG;Minas Gerais;Mulheres;2022;Arma branca ou objeto contundente;111;1.03;1.03
MG;Minas Gerais;Mulheres;2022;Estrangulamento;18;0.17;0.16
MG;Minas Gerais;Mulheres;2022;Força corporal;8;0.07;0.07
MG;Minas Gerais;Mulheres;2022;Demais meios especificados;16;0.15;0.15
MG;Minas Gerais;Mulheres;2022;Meios não especificados;15;0.14;0.14
MG;Minas Gerais;Mulheres;2023;Arma de fogo;113;1.04;1.07
MG;Minas Gerais;Mulheres;2023;Arma branca ou objeto contundente;114;1.05;1.05
MG;Minas Gerais;Mulheres;2023;Estrangulamento;19;0.18;0.18
MG;Minas Gerais;Mulheres;2023;Força corporal;6;0.06;0.05
MG;Minas Gerais;Mulheres;2023;Demais meios especificados;16;0.15;0.14
MG;Minas Gerais;Mulheres;2023;Meios não especificados;11;0.1;0.1
MG;Minas Gerais;Mulheres;2024;Arma de fogo;95;0.87;0.92
MG;Minas Gerais;Mulheres;2024;Arma branca ou objeto contundente;99;0.91;0.89
MG;Minas Gerais;Mulheres;2024;Estrangulamento;17;0.16;0.15
MG;Minas Gerais;Mulheres;2024;Força corporal;16;0.15;0.14
MG;Minas Gerais;Mulheres;2024;Demais meios especificados;12;0.11;0.1
MG;Minas Gerais;Mulheres;2024;Meios não especificados;24;0.22;0.21
MG;Minas Gerais;Mulheres;2025;Arma de fogo;78;0.72;0.75
MG;Minas Gerais;Mulheres;2025;Arma branca ou objeto contundente;99;0.91;0.92
MG;Minas Gerais;Mulheres;2025;Estrangulamento;18;0.17;0.17
MG;Minas Gerais;Mulheres;2025;Força corporal;8;0.07;0.08
MG;Minas Gerais;Mulheres;2025;Demais meios especificados;17;0.16;0.15
MG;Minas Gerais;Mulheres;2025;Meios não especificados;12;0.11;0.12
MS;Mato Grosso do Sul;Ambos;2000;Arma de fogo;448;20.72;20.44
MS;Mato Grosso do Sul;Ambos;2000;Arma branca ou objeto contundente;154;7.12;7.83
MS;Mato Grosso do Sul;Ambos;2000;Estrangulamento;8;0.37;0.23
MS;Mato Grosso do Sul;Ambos;2000;Força corporal;3;0.14;0.15
MS;Mato Grosso do Sul;Ambos;2000;Demais meios especificados;11;0.51;0.67
MS;Mato Grosso do Sul;Ambos;2000;Meios não especificados;26;1.2;1.28
MS;Mato Grosso do Sul;Ambos;2001;Arma de fogo;395;18;18.15
MS;Mato Grosso do Sul;Ambos;2001;Arma branca ou objeto contundente;174;7.93;8.46
MS;Mato Grosso do Sul;Ambos;2001;Estrangulamento;7;0.32;0.31
MS;Mato Grosso do Sul;Ambos;2001;Força corporal;8;0.36;0.48
MS;Mato Grosso do Sul;Ambos;2001;Demais meios especificados;33;1.5;1.74
MS;Mato Grosso do Sul;Ambos;2001;Meios não especificados;4;0.18;0.17
MS;Mato Grosso do Sul;Ambos;2002;Arma de fogo;421;18.9;18.11
MS;Mato Grosso do Sul;Ambos;2002;Arma branca ou objeto contundente;193;8.66;9.25
MS;Mato Grosso do Sul;Ambos;2002;Estrangulamento;16;0.72;0.7
MS;Mato Grosso do Sul;Ambos;2002;Força corporal;7;0.31;0.35
MS;Mato Grosso do Sul;Ambos;2002;Demais meios especificados;39;1.75;1.92
MS;Mato Grosso do Sul;Ambos;2002;Meios não especificados;8;0.36;0.39
MS;Mato Grosso do Sul;Ambos;2003;Arma de fogo;430;19.02;18.29
MS;Mato Grosso do Sul;Ambos;2003;Arma branca ou objeto contundente;200;8.85;9.25
MS;Mato Grosso do Sul;Ambos;2003;Estrangulamento;7;0.31;0.37
MS;Mato Grosso do Sul;Ambos;2003;Força corporal;12;0.53;0.63
MS;Mato Grosso do Sul;Ambos;2003;Demais meios especificados;41;1.81;1.95
MS;Mato Grosso do Sul;Ambos;2003;Meios não especificados;15;0.66;0.78
MS;Mato Grosso do Sul;Ambos;2004;Arma de fogo;387;16.88;16.39
MS;Mato Grosso do Sul;Ambos;2004;Arma branca ou objeto contundente;184;8.02;8.31
MS;Mato Grosso do Sul;Ambos;2004;Estrangulamento;10;0.44;0.48
MS;Mato Grosso do Sul;Ambos;2004;Força corporal;14;0.61;0.72
MS;Mato Grosso do Sul;Ambos;2004;Demais meios especificados;40;1.74;1.84
MS;Mato Grosso do Sul;Ambos;2004;Meios não especificados;17;0.74;0.86
MS;Mato Grosso do Sul;Ambos;2005;Arma de fogo;345;14.83;14.17
MS;Mato Grosso do Sul;Ambos;2005;Arma branca ou objeto contundente;213;9.16;9.39
MS;Mato Grosso do Sul;Ambos;2005;Estrangulamento;8;0.34;0.31
MS;Mato Grosso do Sul;Ambos;2005;Força corporal;7;0.3;0.33
MS;Mato Grosso do Sul;Ambos;2005;Demais meios especificados;41;1.76;2.04
MS;Mato Grosso do Sul;Ambos;2005;Meios não especificados;14;0.6;0.72
MS;Mato Grosso do Sul;Ambos;2006;Arma de fogo;370;15.68;14.9
MS;Mato Grosso do Sul;Ambos;2006;Arma branca ou objeto contundente;214;9.07;9.48
MS;Mato Grosso do Sul;Ambos;2006;Estrangulamento;3;0.13;0.16
MS;Mato Grosso do Sul;Ambos;2006;Força corporal;17;0.72;0.76
MS;Mato Grosso do Sul;Ambos;2006;Demais meios especificados;54;2.29;2.78
MS;Mato Grosso do Sul;Ambos;2006;Meios não especificados;19;0.81;0.86
MS;Mato Grosso do Sul;Ambos;2007;Arma de fogo;401;16.76;15.84
MS;Mato Grosso do Sul;Ambos;2007;Arma branca ou objeto contundente;202;8.44;8.53
MS;Mato Grosso do Sul;Ambos;2007;Estrangulamento;12;0.5;0.52
MS;Mato Grosso do Sul;Ambos;2007;Força corporal;16;0.67;0.85
MS;Mato Grosso do Sul;Ambos;2007;Demais meios especificados;55;2.3;2.39
MS;Mato Grosso do Sul;Ambos;2007;Meios não especificados;14;0.59;0.56
MS;Mato Grosso do Sul;Ambos;2008;Arma de fogo;392;16.16;15.22
MS;Mato Grosso do Sul;Ambos;2008;Arma branca ou objeto contundente;202;8.33;8.51
MS;Mato Grosso do Sul;Ambos;2008;Estrangulamento;19;0.78;0.75
MS;Mato Grosso do Sul;Ambos;2008;Força corporal;13;0.54;0.61
MS;Mato Grosso do Sul;Ambos;2008;Demais meios especificados;57;2.35;2.57
MS;Mato Grosso do Sul;Ambos;2008;Meios não especificados;12;0.49;0.52
MS;Mato Grosso do Sul;Ambos;2009;Arma de fogo;429;17.44;16.39
MS;Mato Grosso do Sul;Ambos;2009;Arma branca ou objeto contundente;201;8.17;8.31
MS;Mato Grosso do Sul;Ambos;2009;Estrangulamento;15;0.61;0.71
MS;Mato Grosso do Sul;Ambos;2009;Força corporal;13;0.53;0.62
MS;Mato Grosso do Sul;Ambos;2009;Demais meios especificados;53;2.15;2.33
MS;Mato Grosso do Sul;Ambos;2009;Meios não especificados;12;0.49;0.52
MS;Mato Grosso do Sul;Ambos;2010;Arma de fogo;344;13.81;13.09
MS;Mato Grosso do Sul;Ambos;2010;Arma branca ou objeto contundente;210;8.43;8.58
MS;Mato Grosso do Sul;Ambos;2010;Estrangulamento;9;0.36;0.43
MS;Mato Grosso do Sul;Ambos;2010;Força corporal;11;0.44;0.47
MS;Mato Grosso do Sul;Ambos;2010;Demais meios especificados;55;2.21;2.38
MS;Mato Grosso do Sul;Ambos;2010;Meios não especificados;17;0.68;0.72
MS;Mato Grosso do Sul;Ambos;2011;Arma de fogo;368;14.6;14.21
MS;Mato Grosso do Sul;Ambos;2011;Arma branca ou objeto contundente;214;8.49;8.63
MS;Mato Grosso do Sul;Ambos;2011;Estrangulamento;13;0.52;0.53
MS;Mato Grosso do Sul;Ambos;2011;Força corporal;11;0.44;0.48
MS;Mato Grosso do Sul;Ambos;2011;Demais meios especificados;49;1.94;2.1
MS;Mato Grosso do Sul;Ambos;2011;Meios não especificados;15;0.6;0.56
MS;Mato Grosso do Sul;Ambos;2012;Arma de fogo;337;13.2;12.76
MS;Mato Grosso do Sul;Ambos;2012;Arma branca ou objeto contundente;244;9.56;9.78
MS;Mato Grosso do Sul;Ambos;2012;Estrangulamento;21;0.82;0.77
MS;Mato Grosso do Sul;Ambos;2012;Força corporal;10;0.39;0.39
MS;Mato Grosso do Sul;Ambos;2012;Demais meios especificados;49;1.92;2.1
MS;Mato Grosso do Sul;Ambos;2012;Meios não especificados;21;0.82;0.9
MS;Mato Grosso do Sul;Ambos;2013;Arma de fogo;318;12.3;11.94
MS;Mato Grosso do Sul;Ambos;2013;Arma branca ou objeto contundente;213;8.24;8.18
MS;Mato Grosso do Sul;Ambos;2013;Estrangulamento;16;0.62;0.61
MS;Mato Grosso do Sul;Ambos;2013;Força corporal;8;0.31;0.31
MS;Mato Grosso do Sul;Ambos;2013;Demais meios especificados;42;1.62;1.72
MS;Mato Grosso do Sul;Ambos;2013;Meios não especificados;31;1.2;1.26
MS;Mato Grosso do Sul;Ambos;2014;Arma de fogo;357;13.63;12.87
MS;Mato Grosso do Sul;Ambos;2014;Arma branca ou objeto contundente;238;9.09;9.38
MS;Mato Grosso do Sul;Ambos;2014;Estrangulamento;16;0.61;0.59
MS;Mato Grosso do Sul;Ambos;2014;Força corporal;15;0.57;0.61
MS;Mato Grosso do Sul;Ambos;2014;Demais meios especificados;49;1.87;1.94
MS;Mato Grosso do Sul;Ambos;2014;Meios não especificados;24;0.92;1.01
MS;Mato Grosso do Sul;Ambos;2015;Arma de fogo;316;11.91;11.55
MS;Mato Grosso do Sul;Ambos;2015;Arma branca ou objeto contundente;230;8.67;8.94
MS;Mato Grosso do Sul;Ambos;2015;Estrangulamento;18;0.68;0.62
MS;Mato Grosso do Sul;Ambos;2015;Força corporal;10;0.38;0.41
MS;Mato Grosso do Sul;Ambos;2015;Demais meios especificados;39;1.47;1.54
MS;Mato Grosso do Sul;Ambos;2015;Meios não especificados;14;0.53;0.57
MS;Mato Grosso do Sul;Ambos;2016;Arma de fogo;326;12.14;11.99
MS;Mato Grosso do Sul;Ambos;2016;Arma branca ou objeto contundente;217;8.08;8.17
MS;Mato Grosso do Sul;Ambos;2016;Estrangulamento;19;0.71;0.72
MS;Mato Grosso do Sul;Ambos;2016;Força corporal;11;0.41;0.44
MS;Mato Grosso do Sul;Ambos;2016;Demais meios especificados;65;2.42;2.55
MS;Mato Grosso do Sul;Ambos;2016;Meios não especificados;15;0.56;0.6
MS;Mato Grosso do Sul;Ambos;2017;Arma de fogo;327;12.04;12.06
MS;Mato Grosso do Sul;Ambos;2017;Arma branca ou objeto contundente;201;7.4;7.54
MS;Mato Grosso do Sul;Ambos;2017;Estrangulamento;23;0.85;0.87
MS;Mato Grosso do Sul;Ambos;2017;Força corporal;21;0.77;0.81
MS;Mato Grosso do Sul;Ambos;2017;Demais meios especificados;51;1.88;2.05
MS;Mato Grosso do Sul;Ambos;2017;Meios não especificados;9;0.33;0.31
MS;Mato Grosso do Sul;Ambos;2018;Arma de fogo;243;8.85;8.74
MS;Mato Grosso do Sul;Ambos;2018;Arma branca ou objeto contundente;204;7.43;7.54
MS;Mato Grosso do Sul;Ambos;2018;Estrangulamento;22;0.8;0.82
MS;Mato Grosso do Sul;Ambos;2018;Força corporal;10;0.36;0.39
MS;Mato Grosso do Sul;Ambos;2018;Demais meios especificados;46;1.68;1.73
MS;Mato Grosso do Sul;Ambos;2018;Meios não especificados;10;0.36;0.4
MS;Mato Grosso do Sul;Ambos;2019;Arma de fogo;216;7.78;7.79
MS;Mato Grosso do Sul;Ambos;2019;Arma branca ou objeto contundente;186;6.7;6.81
MS;Mato Grosso do Sul;Ambos;2019;Estrangulamento;21;0.76;0.72
MS;Mato Grosso do Sul;Ambos;2019;Força corporal;9;0.32;0.32
MS;Mato Grosso do Sul;Ambos;2019;Demais meios especificados;16;0.58;0.57
MS;Mato Grosso do Sul;Ambos;2019;Meios não especificados;14;0.5;0.53
MS;Mato Grosso do Sul;Ambos;2020;Arma de fogo;207;7.37;7.33
MS;Mato Grosso do Sul;Ambos;2020;Arma branca ou objeto contundente;211;7.52;7.65
MS;Mato Grosso do Sul;Ambos;2020;Estrangulamento;25;0.89;0.91
MS;Mato Grosso do Sul;Ambos;2020;Força corporal;11;0.39;0.41
MS;Mato Grosso do Sul;Ambos;2020;Demais meios especificados;8;0.29;0.3
MS;Mato Grosso do Sul;Ambos;2020;Meios não especificados;15;0.53;0.56
MS;Mato Grosso do Sul;Ambos;2021;Arma de fogo;273;9.64;9.64
MS;Mato Grosso do Sul;Ambos;2021;Arma branca ou objeto contundente;204;7.2;7.24
MS;Mato Grosso do Sul;Ambos;2021;Estrangulamento;12;0.42;0.45
MS;Mato Grosso do Sul;Ambos;2021;Força corporal;10;0.35;0.38
MS;Mato Grosso do Sul;Ambos;2021;Demais meios especificados;11;0.39;0.39
MS;Mato Grosso do Sul;Ambos;2021;Meios não especificados;18;0.64;0.65
MS;Mato Grosso do Sul;Ambos;2022;Arma de fogo;247;8.65;8.73
MS;Mato Grosso do Sul;Ambos;2022;Arma branca ou objeto contundente;207;7.25;7.4
MS;Mato Grosso do Sul;Ambos;2022;Estrangulamento;18;0.63;0.64
MS;Mato Grosso do Sul;Ambos;2022;Força corporal;19;0.67;0.7
MS;Mato Grosso do Sul;Ambos;2022;Demais meios especificados;11;0.39;0.39
MS;Mato Grosso do Sul;Ambos;2022;Meios não especificados;8;0.28;0.28
MS;Mato Grosso do Sul;Ambos;2023;Arma de fogo;218;7.57;7.66
MS;Mato Grosso do Sul;Ambos;2023;Arma branca ou objeto contundente;217;7.54;7.66
MS;Mato Grosso do Sul;Ambos;2023;Estrangulamento;18;0.63;0.63
MS;Mato Grosso do Sul;Ambos;2023;Força corporal;16;0.56;0.57
MS;Mato Grosso do Sul;Ambos;2023;Demais meios especificados;12;0.42;0.43
MS;Mato Grosso do Sul;Ambos;2023;Meios não especificados;13;0.45;0.46
MS;Mato Grosso do Sul;Ambos;2024;Arma de fogo;211;7.27;7.4
MS;Mato Grosso do Sul;Ambos;2024;Arma branca ou objeto contundente;183;6.31;6.47
MS;Mato Grosso do Sul;Ambos;2024;Estrangulamento;15;0.52;0.52
MS;Mato Grosso do Sul;Ambos;2024;Força corporal;16;0.55;0.56
MS;Mato Grosso do Sul;Ambos;2024;Demais meios especificados;8;0.28;0.28
MS;Mato Grosso do Sul;Ambos;2024;Meios não especificados;20;0.69;0.71
MS;Mato Grosso do Sul;Ambos;2025;Arma de fogo;180;6.15;6.3
MS;Mato Grosso do Sul;Ambos;2025;Arma branca ou objeto contundente;181;6.19;6.26
MS;Mato Grosso do Sul;Ambos;2025;Estrangulamento;11;0.38;0.38
MS;Mato Grosso do Sul;Ambos;2025;Força corporal;25;0.85;0.88
MS;Mato Grosso do Sul;Ambos;2025;Demais meios especificados;14;0.48;0.49
MS;Mato Grosso do Sul;Ambos;2025;Meios não especificados;23;0.79;0.8
MS;Mato Grosso do Sul;Homens;2000;Arma de fogo;407;37.73;37.57
MS;Mato Grosso do Sul;Homens;2000;Arma branca ou objeto contundente;130;12.05;13.28
MS;Mato Grosso do Sul;Homens;2000;Estrangulamento;3;0.28;0.24
MS;Mato Grosso do Sul;Homens;2000;Força corporal;3;0.28;0.3
MS;Mato Grosso do Sul;Homens;2000;Demais meios especificados;11;1.02;1.33
MS;Mato Grosso do Sul;Homens;2000;Meios não especificados;22;2.04;2.13
MS;Mato Grosso do Sul;Homens;2001;Arma de fogo;358;32.72;33.27
MS;Mato Grosso do Sul;Homens;2001;Arma branca ou objeto contundente;150;13.71;14.68
MS;Mato Grosso do Sul;Homens;2001;Estrangulamento;5;0.46;0.5
MS;Mato Grosso do Sul;Homens;2001;Força corporal;8;0.73;0.97
MS;Mato Grosso do Sul;Homens;2001;Demais meios especificados;31;2.83;3.17
MS;Mato Grosso do Sul;Homens;2001;Meios não especificados;3;0.27;0.28
MS;Mato Grosso do Sul;Homens;2002;Arma de fogo;386;34.78;33.29
MS;Mato Grosso do Sul;Homens;2002;Arma branca ou objeto contundente;163;14.68;15.75
MS;Mato Grosso do Sul;Homens;2002;Estrangulamento;12;1.08;1.1
MS;Mato Grosso do Sul;Homens;2002;Força corporal;5;0.45;0.48
MS;Mato Grosso do Sul;Homens;2002;Demais meios especificados;34;3.06;3.38
MS;Mato Grosso do Sul;Homens;2002;Meios não especificados;5;0.45;0.52
MS;Mato Grosso do Sul;Homens;2003;Arma de fogo;395;35.08;33.91
MS;Mato Grosso do Sul;Homens;2003;Arma branca ou objeto contundente;182;16.17;16.79
MS;Mato Grosso do Sul;Homens;2003;Estrangulamento;5;0.44;0.52
MS;Mato Grosso do Sul;Homens;2003;Força corporal;10;0.89;1
MS;Mato Grosso do Sul;Homens;2003;Demais meios especificados;35;3.11;3.41
MS;Mato Grosso do Sul;Homens;2003;Meios não especificados;13;1.15;1.39
MS;Mato Grosso do Sul;Homens;2004;Arma de fogo;363;31.79;30.99
MS;Mato Grosso do Sul;Homens;2004;Arma branca ou objeto contundente;162;14.19;14.76
MS;Mato Grosso do Sul;Homens;2004;Estrangulamento;7;0.61;0.74
MS;Mato Grosso do Sul;Homens;2004;Força corporal;13;1.14;1.29
MS;Mato Grosso do Sul;Homens;2004;Demais meios especificados;36;3.15;3.28
MS;Mato Grosso do Sul;Homens;2004;Meios não especificados;16;1.4;1.69
MS;Mato Grosso do Sul;Homens;2005;Arma de fogo;319;27.55;26.13
MS;Mato Grosso do Sul;Homens;2005;Arma branca ou objeto contundente;186;16.06;16.83
MS;Mato Grosso do Sul;Homens;2005;Estrangulamento;2;0.17;0.17
MS;Mato Grosso do Sul;Homens;2005;Força corporal;5;0.43;0.51
MS;Mato Grosso do Sul;Homens;2005;Demais meios especificados;36;3.11;3.65
MS;Mato Grosso do Sul;Homens;2005;Meios não especificados;10;0.86;1.02
MS;Mato Grosso do Sul;Homens;2006;Arma de fogo;353;30.07;28.64
MS;Mato Grosso do Sul;Homens;2006;Arma branca ou objeto contundente;190;16.18;17.04
MS;Mato Grosso do Sul;Homens;2006;Estrangulamento;2;0.17;0.17
MS;Mato Grosso do Sul;Homens;2006;Força corporal;16;1.36;1.49
MS;Mato Grosso do Sul;Homens;2006;Demais meios especificados;48;4.09;4.96
MS;Mato Grosso do Sul;Homens;2006;Meios não especificados;12;1.02;1.11
MS;Mato Grosso do Sul;Homens;2007;Arma de fogo;371;31.19;29.66
MS;Mato Grosso do Sul;Homens;2007;Arma branca ou objeto contundente;180;15.13;15.51
MS;Mato Grosso do Sul;Homens;2007;Estrangulamento;5;0.42;0.39
MS;Mato Grosso do Sul;Homens;2007;Força corporal;15;1.26;1.64
MS;Mato Grosso do Sul;Homens;2007;Demais meios especificados;49;4.12;4.39
MS;Mato Grosso do Sul;Homens;2007;Meios não especificados;11;0.92;0.8
MS;Mato Grosso do Sul;Homens;2008;Arma de fogo;370;30.69;28.95
MS;Mato Grosso do Sul;Homens;2008;Arma branca ou objeto contundente;182;15.1;15.63
MS;Mato Grosso do Sul;Homens;2008;Estrangulamento;9;0.75;0.66
MS;Mato Grosso do Sul;Homens;2008;Força corporal;13;1.08;1.25
MS;Mato Grosso do Sul;Homens;2008;Demais meios especificados;51;4.23;4.76
MS;Mato Grosso do Sul;Homens;2008;Meios não especificados;10;0.83;0.86
MS;Mato Grosso do Sul;Homens;2009;Arma de fogo;401;32.81;30.99
MS;Mato Grosso do Sul;Homens;2009;Arma branca ou objeto contundente;181;14.81;15.23
MS;Mato Grosso do Sul;Homens;2009;Estrangulamento;10;0.82;0.93
MS;Mato Grosso do Sul;Homens;2009;Força corporal;11;0.9;1.04
MS;Mato Grosso do Sul;Homens;2009;Demais meios especificados;44;3.6;3.95
MS;Mato Grosso do Sul;Homens;2009;Meios não especificados;11;0.9;0.98
MS;Mato Grosso do Sul;Homens;2010;Arma de fogo;322;26.03;24.8
MS;Mato Grosso do Sul;Homens;2010;Arma branca ou objeto contundente;182;14.71;14.96
MS;Mato Grosso do Sul;Homens;2010;Estrangulamento;4;0.32;0.4
MS;Mato Grosso do Sul;Homens;2010;Força corporal;9;0.73;0.79
MS;Mato Grosso do Sul;Homens;2010;Demais meios especificados;38;3.07;3.29
MS;Mato Grosso do Sul;Homens;2010;Meios não especificados;14;1.13;1.23
MS;Mato Grosso do Sul;Homens;2011;Arma de fogo;333;26.61;26.05
MS;Mato Grosso do Sul;Homens;2011;Arma branca ou objeto contundente;190;15.18;15.4
MS;Mato Grosso do Sul;Homens;2011;Estrangulamento;7;0.56;0.53
MS;Mato Grosso do Sul;Homens;2011;Força corporal;11;0.88;0.99
MS;Mato Grosso do Sul;Homens;2011;Demais meios especificados;38;3.04;3.31
MS;Mato Grosso do Sul;Homens;2011;Meios não especificados;13;1.04;0.99
MS;Mato Grosso do Sul;Homens;2012;Arma de fogo;324;25.57;24.81
MS;Mato Grosso do Sul;Homens;2012;Arma branca ou objeto contundente;204;16.1;16.72
MS;Mato Grosso do Sul;Homens;2012;Estrangulamento;13;1.03;0.97
MS;Mato Grosso do Sul;Homens;2012;Força corporal;9;0.71;0.8
MS;Mato Grosso do Sul;Homens;2012;Demais meios especificados;36;2.84;3.24
MS;Mato Grosso do Sul;Homens;2012;Meios não especificados;19;1.5;1.6
MS;Mato Grosso do Sul;Homens;2013;Arma de fogo;294;22.91;22.24
MS;Mato Grosso do Sul;Homens;2013;Arma branca ou objeto contundente;185;14.42;14.61
MS;Mato Grosso do Sul;Homens;2013;Estrangulamento;11;0.86;0.82
MS;Mato Grosso do Sul;Homens;2013;Força corporal;6;0.47;0.49
MS;Mato Grosso do Sul;Homens;2013;Demais meios especificados;33;2.57;2.71
MS;Mato Grosso do Sul;Homens;2013;Meios não especificados;24;1.87;2.02
MS;Mato Grosso do Sul;Homens;2014;Arma de fogo;337;25.93;24.52
MS;Mato Grosso do Sul;Homens;2014;Arma branca ou objeto contundente;193;14.85;15.67
MS;Mato Grosso do Sul;Homens;2014;Estrangulamento;7;0.54;0.54
MS;Mato Grosso do Sul;Homens;2014;Força corporal;13;1;1.06
MS;Mato Grosso do Sul;Homens;2014;Demais meios especificados;43;3.31;3.54
MS;Mato Grosso do Sul;Homens;2014;Meios não especificados;21;1.62;1.81
MS;Mato Grosso do Sul;Homens;2015;Arma de fogo;297;22.56;21.87
MS;Mato Grosso do Sul;Homens;2015;Arma branca ou objeto contundente;200;15.19;15.87
MS;Mato Grosso do Sul;Homens;2015;Estrangulamento;14;1.06;0.99
MS;Mato Grosso do Sul;Homens;2015;Força corporal;10;0.76;0.84
MS;Mato Grosso do Sul;Homens;2015;Demais meios especificados;36;2.73;2.91
MS;Mato Grosso do Sul;Homens;2015;Meios não especificados;12;0.91;1.03
MS;Mato Grosso do Sul;Homens;2016;Arma de fogo;301;22.6;22.38
MS;Mato Grosso do Sul;Homens;2016;Arma branca ou objeto contundente;185;13.89;14.14
MS;Mato Grosso do Sul;Homens;2016;Estrangulamento;10;0.75;0.77
MS;Mato Grosso do Sul;Homens;2016;Força corporal;9;0.68;0.76
MS;Mato Grosso do Sul;Homens;2016;Demais meios especificados;56;4.2;4.54
MS;Mato Grosso do Sul;Homens;2016;Meios não especificados;12;0.9;0.96
MS;Mato Grosso do Sul;Homens;2017;Arma de fogo;305;22.64;22.83
MS;Mato Grosso do Sul;Homens;2017;Arma branca ou objeto contundente;180;13.36;13.7
MS;Mato Grosso do Sul;Homens;2017;Estrangulamento;16;1.19;1.24
MS;Mato Grosso do Sul;Homens;2017;Força corporal;20;1.48;1.59
MS;Mato Grosso do Sul;Homens;2017;Demais meios especificados;42;3.12;3.58
MS;Mato Grosso do Sul;Homens;2017;Meios não especificados;7;0.52;0.5
MS;Mato Grosso do Sul;Homens;2018;Arma de fogo;222;16.3;16.06
MS;Mato Grosso do Sul;Homens;2018;Arma branca ou objeto contundente;173;12.7;13
MS;Mato Grosso do Sul;Homens;2018;Estrangulamento;17;1.25;1.29
MS;Mato Grosso do Sul;Homens;2018;Força corporal;9;0.66;0.72
MS;Mato Grosso do Sul;Homens;2018;Demais meios especificados;38;2.79;2.94
MS;Mato Grosso do Sul;Homens;2018;Meios não especificados;10;0.73;0.82
MS;Mato Grosso do Sul;Homens;2019;Arma de fogo;202;14.66;14.62
MS;Mato Grosso do Sul;Homens;2019;Arma branca ou objeto contundente;158;11.47;11.76
MS;Mato Grosso do Sul;Homens;2019;Estrangulamento;11;0.8;0.72
MS;Mato Grosso do Sul;Homens;2019;Força corporal;7;0.51;0.5
MS;Mato Grosso do Sul;Homens;2019;Demais meios especificados;11;0.8;0.79
MS;Mato Grosso do Sul;Homens;2019;Meios não especificados;12;0.87;0.94
MS;Mato Grosso do Sul;Homens;2020;Arma de fogo;182;13.07;12.98
MS;Mato Grosso do Sul;Homens;2020;Arma branca ou objeto contundente;178;12.79;13.06
MS;Mato Grosso do Sul;Homens;2020;Estrangulamento;15;1.08;1.11
MS;Mato Grosso do Sul;Homens;2020;Força corporal;11;0.79;0.84
MS;Mato Grosso do Sul;Homens;2020;Demais meios especificados;5;0.36;0.36
MS;Mato Grosso do Sul;Homens;2020;Meios não especificados;15;1.08;1.14
MS;Mato Grosso do Sul;Homens;2021;Arma de fogo;238;16.95;16.84
MS;Mato Grosso do Sul;Homens;2021;Arma branca ou objeto contundente;182;12.96;13.08
MS;Mato Grosso do Sul;Homens;2021;Estrangulamento;8;0.57;0.62
MS;Mato Grosso do Sul;Homens;2021;Força corporal;8;0.57;0.63
MS;Mato Grosso do Sul;Homens;2021;Demais meios especificados;9;0.64;0.66
MS;Mato Grosso do Sul;Homens;2021;Meios não especificados;16;1.14;1.19
MS;Mato Grosso do Sul;Homens;2022;Arma de fogo;230;16.26;16.32
MS;Mato Grosso do Sul;Homens;2022;Arma branca ou objeto contundente;175;12.37;12.64
MS;Mato Grosso do Sul;Homens;2022;Estrangulamento;10;0.71;0.73
MS;Mato Grosso do Sul;Homens;2022;Força corporal;15;1.06;1.13
MS;Mato Grosso do Sul;Homens;2022;Demais meios especificados;5;0.35;0.39
MS;Mato Grosso do Sul;Homens;2022;Meios não especificados;5;0.35;0.35
MS;Mato Grosso do Sul;Homens;2023;Arma de fogo;206;14.45;14.5
MS;Mato Grosso do Sul;Homens;2023;Arma branca ou objeto contundente;192;13.47;13.71
MS;Mato Grosso do Sul;Homens;2023;Estrangulamento;14;0.98;1.01
MS;Mato Grosso do Sul;Homens;2023;Força corporal;15;1.05;1.1
MS;Mato Grosso do Sul;Homens;2023;Demais meios especificados;9;0.63;0.67
MS;Mato Grosso do Sul;Homens;2023;Meios não especificados;11;0.77;0.81
MS;Mato Grosso do Sul;Homens;2024;Arma de fogo;194;13.5;13.62
MS;Mato Grosso do Sul;Homens;2024;Arma branca ou objeto contundente;158;10.99;11.32
MS;Mato Grosso do Sul;Homens;2024;Estrangulamento;8;0.56;0.55
MS;Mato Grosso do Sul;Homens;2024;Força corporal;15;1.04;1.07
MS;Mato Grosso do Sul;Homens;2024;Demais meios especificados;5;0.35;0.35
MS;Mato Grosso do Sul;Homens;2024;Meios não especificados;17;1.18;1.22
MS;Mato Grosso do Sul;Homens;2025;Arma de fogo;169;11.67;11.8
MS;Mato Grosso do Sul;Homens;2025;Arma branca ou objeto contundente;159;10.98;11.15
MS;Mato Grosso do Sul;Homens;2025;Estrangulamento;6;0.41;0.44
MS;Mato Grosso do Sul;Homens;2025;Força corporal;22;1.52;1.58
MS;Mato Grosso do Sul;Homens;2025;Demais meios especificados;8;0.55;0.57
MS;Mato Grosso do Sul;Homens;2025;Meios não especificados;22;1.52;1.58
MS;Mato Grosso do Sul;Mulheres;2000;Arma de fogo;41;3.78;3.45
MS;Mato Grosso do Sul;Mulheres;2000;Arma branca ou objeto contundente;23;2.12;2.42
MS;Mato Grosso do Sul;Mulheres;2000;Estrangulamento;4;0.37;0.23
MS;Mato Grosso do Sul;Mulheres;2000;Meios não especificados;4;0.37;0.45
MS;Mato Grosso do Sul;Mulheres;2001;Arma de fogo;35;3.18;3.09
MS;Mato Grosso do Sul;Mulheres;2001;Arma branca ou objeto contundente;24;2.18;2.35
MS;Mato Grosso do Sul;Mulheres;2001;Estrangulamento;2;0.18;0.13
MS;Mato Grosso do Sul;Mulheres;2001;Demais meios especificados;2;0.18;0.34
MS;Mato Grosso do Sul;Mulheres;2001;Meios não especificados;1;0.09;0.06
MS;Mato Grosso do Sul;Mulheres;2002;Arma de fogo;34;3.04;3.13
MS;Mato Grosso do Sul;Mulheres;2002;Arma branca ou objeto contundente;29;2.6;2.87
MS;Mato Grosso do Sul;Mulheres;2002;Estrangulamento;4;0.36;0.31
MS;Mato Grosso do Sul;Mulheres;2002;Força corporal;2;0.18;0.23
MS;Mato Grosso do Sul;Mulheres;2002;Demais meios especificados;5;0.45;0.48
MS;Mato Grosso do Sul;Mulheres;2002;Meios não especificados;3;0.27;0.27
MS;Mato Grosso do Sul;Mulheres;2003;Arma de fogo;35;3.09;2.89
MS;Mato Grosso do Sul;Mulheres;2003;Arma branca ou objeto contundente;18;1.59;1.84
MS;Mato Grosso do Sul;Mulheres;2003;Estrangulamento;2;0.18;0.22
MS;Mato Grosso do Sul;Mulheres;2003;Força corporal;2;0.18;0.25
MS;Mato Grosso do Sul;Mulheres;2003;Demais meios especificados;5;0.44;0.52
MS;Mato Grosso do Sul;Mulheres;2003;Meios não especificados;2;0.18;0.18
MS;Mato Grosso do Sul;Mulheres;2004;Arma de fogo;24;2.08;2
MS;Mato Grosso do Sul;Mulheres;2004;Arma branca ou objeto contundente;22;1.91;1.95
MS;Mato Grosso do Sul;Mulheres;2004;Estrangulamento;3;0.26;0.24
MS;Mato Grosso do Sul;Mulheres;2004;Força corporal;1;0.09;0.16
MS;Mato Grosso do Sul;Mulheres;2004;Demais meios especificados;4;0.35;0.42
MS;Mato Grosso do Sul;Mulheres;2004;Meios não especificados;1;0.09;0.06
MS;Mato Grosso do Sul;Mulheres;2005;Arma de fogo;26;2.23;2.41
MS;Mato Grosso do Sul;Mulheres;2005;Arma branca ou objeto contundente;27;2.31;2.13
MS;Mato Grosso do Sul;Mulheres;2005;Estrangulamento;6;0.51;0.45
MS;Mato Grosso do Sul;Mulheres;2005;Força corporal;2;0.17;0.16
MS;Mato Grosso do Sul;Mulheres;2005;Demais meios especificados;5;0.43;0.47
MS;Mato Grosso do Sul;Mulheres;2005;Meios não especificados;4;0.34;0.43
MS;Mato Grosso do Sul;Mulheres;2006;Arma de fogo;17;1.43;1.4
MS;Mato Grosso do Sul;Mulheres;2006;Arma branca ou objeto contundente;24;2.02;2.07
MS;Mato Grosso do Sul;Mulheres;2006;Estrangulamento;1;0.08;0.15
MS;Mato Grosso do Sul;Mulheres;2006;Força corporal;1;0.08;0.06
MS;Mato Grosso do Sul;Mulheres;2006;Demais meios especificados;6;0.51;0.61
MS;Mato Grosso do Sul;Mulheres;2006;Meios não especificados;6;0.51;0.61
MS;Mato Grosso do Sul;Mulheres;2007;Arma de fogo;29;2.41;2.27
MS;Mato Grosso do Sul;Mulheres;2007;Arma branca ou objeto contundente;22;1.83;1.72
MS;Mato Grosso do Sul;Mulheres;2007;Estrangulamento;7;0.58;0.64
MS;Mato Grosso do Sul;Mulheres;2007;Força corporal;1;0.08;0.09
MS;Mato Grosso do Sul;Mulheres;2007;Demais meios especificados;5;0.42;0.4
MS;Mato Grosso do Sul;Mulheres;2007;Meios não especificados;3;0.25;0.33
MS;Mato Grosso do Sul;Mulheres;2008;Arma de fogo;22;1.8;1.72
MS;Mato Grosso do Sul;Mulheres;2008;Arma branca ou objeto contundente;20;1.64;1.57
MS;Mato Grosso do Sul;Mulheres;2008;Estrangulamento;10;0.82;0.83
MS;Mato Grosso do Sul;Mulheres;2008;Demais meios especificados;6;0.49;0.47
MS;Mato Grosso do Sul;Mulheres;2008;Meios não especificados;2;0.16;0.18
MS;Mato Grosso do Sul;Mulheres;2009;Arma de fogo;28;2.26;2.08
MS;Mato Grosso do Sul;Mulheres;2009;Arma branca ou objeto contundente;20;1.62;1.56
MS;Mato Grosso do Sul;Mulheres;2009;Estrangulamento;5;0.4;0.49
MS;Mato Grosso do Sul;Mulheres;2009;Força corporal;2;0.16;0.21
MS;Mato Grosso do Sul;Mulheres;2009;Demais meios especificados;9;0.73;0.77
MS;Mato Grosso do Sul;Mulheres;2009;Meios não especificados;1;0.08;0.07
MS;Mato Grosso do Sul;Mulheres;2010;Arma de fogo;21;1.68;1.6
MS;Mato Grosso do Sul;Mulheres;2010;Arma branca ou objeto contundente;28;2.23;2.37
MS;Mato Grosso do Sul;Mulheres;2010;Estrangulamento;5;0.4;0.45
MS;Mato Grosso do Sul;Mulheres;2010;Força corporal;2;0.16;0.16
MS;Mato Grosso do Sul;Mulheres;2010;Demais meios especificados;17;1.36;1.5
MS;Mato Grosso do Sul;Mulheres;2010;Meios não especificados;3;0.24;0.22
MS;Mato Grosso do Sul;Mulheres;2011;Arma de fogo;35;2.76;2.65
MS;Mato Grosso do Sul;Mulheres;2011;Arma branca ou objeto contundente;24;1.89;2.04
MS;Mato Grosso do Sul;Mulheres;2011;Estrangulamento;6;0.47;0.54
MS;Mato Grosso do Sul;Mulheres;2011;Demais meios especificados;11;0.87;0.94
MS;Mato Grosso do Sul;Mulheres;2011;Meios não especificados;2;0.16;0.14
MS;Mato Grosso do Sul;Mulheres;2012;Arma de fogo;13;1.01;0.98
MS;Mato Grosso do Sul;Mulheres;2012;Arma branca ou objeto contundente;40;3.11;3.06
MS;Mato Grosso do Sul;Mulheres;2012;Estrangulamento;8;0.62;0.58
MS;Mato Grosso do Sul;Mulheres;2012;Demais meios especificados;13;1.01;1.04
MS;Mato Grosso do Sul;Mulheres;2012;Meios não especificados;2;0.16;0.23
MS;Mato Grosso do Sul;Mulheres;2013;Arma de fogo;24;1.84;1.88
MS;Mato Grosso do Sul;Mulheres;2013;Arma branca ou objeto contundente;28;2.15;1.98
MS;Mato Grosso do Sul;Mulheres;2013;Estrangulamento;5;0.38;0.4
MS;Mato Grosso do Sul;Mulheres;2013;Força corporal;2;0.15;0.14
MS;Mato Grosso do Sul;Mulheres;2013;Demais meios especificados;9;0.69;0.75
MS;Mato Grosso do Sul;Mulheres;2013;Meios não especificados;7;0.54;0.53
MS;Mato Grosso do Sul;Mulheres;2014;Arma de fogo;20;1.52;1.39
MS;Mato Grosso do Sul;Mulheres;2014;Arma branca ou objeto contundente;45;3.41;3.33
MS;Mato Grosso do Sul;Mulheres;2014;Estrangulamento;9;0.68;0.63
MS;Mato Grosso do Sul;Mulheres;2014;Força corporal;2;0.15;0.18
MS;Mato Grosso do Sul;Mulheres;2014;Demais meios especificados;6;0.45;0.42
MS;Mato Grosso do Sul;Mulheres;2014;Meios não especificados;3;0.23;0.24
MS;Mato Grosso do Sul;Mulheres;2015;Arma de fogo;19;1.42;1.41
MS;Mato Grosso do Sul;Mulheres;2015;Arma branca ou objeto contundente;30;2.24;2.26
MS;Mato Grosso do Sul;Mulheres;2015;Estrangulamento;4;0.3;0.27
MS;Mato Grosso do Sul;Mulheres;2015;Demais meios especificados;3;0.22;0.24
MS;Mato Grosso do Sul;Mulheres;2015;Meios não especificados;2;0.15;0.14
MS;Mato Grosso do Sul;Mulheres;2016;Arma de fogo;25;1.85;1.84
MS;Mato Grosso do Sul;Mulheres;2016;Arma branca ou objeto contundente;32;2.37;2.38
MS;Mato Grosso do Sul;Mulheres;2016;Estrangulamento;9;0.67;0.69
MS;Mato Grosso do Sul;Mulheres;2016;Força corporal;2;0.15;0.14
MS;Mato Grosso do Sul;Mulheres;2016;Demais meios especificados;9;0.67;0.67
MS;Mato Grosso do Sul;Mulheres;2016;Meios não especificados;3;0.22;0.24
MS;Mato Grosso do Sul;Mulheres;2017;Arma de fogo;21;1.53;1.52
MS;Mato Grosso do Sul;Mulheres;2017;Arma branca ou objeto contundente;21;1.53;1.6
MS;Mato Grosso do Sul;Mulheres;2017;Estrangulamento;7;0.51;0.52
MS;Mato Grosso do Sul;Mulheres;2017;Força corporal;1;0.07;0.07
MS;Mato Grosso do Sul;Mulheres;2017;Demais meios especificados;9;0.66;0.65
MS;Mato Grosso do Sul;Mulheres;2017;Meios não especificados;2;0.15;0.14
MS;Mato Grosso do Sul;Mulheres;2018;Arma de fogo;21;1.52;1.52
MS;Mato Grosso do Sul;Mulheres;2018;Arma branca ou objeto contundente;31;2.24;2.24
MS;Mato Grosso do Sul;Mulheres;2018;Estrangulamento;5;0.36;0.38
MS;Mato Grosso do Sul;Mulheres;2018;Força corporal;1;0.07;0.08
MS;Mato Grosso do Sul;Mulheres;2018;Demais meios especificados;8;0.58;0.58
MS;Mato Grosso do Sul;Mulheres;2019;Arma de fogo;14;1;1.02
MS;Mato Grosso do Sul;Mulheres;2019;Arma branca ou objeto contundente;28;2;2.02
MS;Mato Grosso do Sul;Mulheres;2019;Estrangulamento;10;0.71;0.72
MS;Mato Grosso do Sul;Mulheres;2019;Força corporal;2;0.14;0.14
MS;Mato Grosso do Sul;Mulheres;2019;Demais meios especificados;5;0.36;0.36
MS;Mato Grosso do Sul;Mulheres;2019;Meios não especificados;2;0.14;0.15
MS;Mato Grosso do Sul;Mulheres;2020;Arma de fogo;25;1.77;1.76
MS;Mato Grosso do Sul;Mulheres;2020;Arma branca ou objeto contundente;33;2.33;2.39
MS;Mato Grosso do Sul;Mulheres;2020;Estrangulamento;10;0.71;0.71
MS;Mato Grosso do Sul;Mulheres;2020;Demais meios especificados;3;0.21;0.23
MS;Mato Grosso do Sul;Mulheres;2021;Arma de fogo;35;2.45;2.48
MS;Mato Grosso do Sul;Mulheres;2021;Arma branca ou objeto contundente;21;1.47;1.5
MS;Mato Grosso do Sul;Mulheres;2021;Estrangulamento;4;0.28;0.29
MS;Mato Grosso do Sul;Mulheres;2021;Força corporal;2;0.14;0.14
MS;Mato Grosso do Sul;Mulheres;2021;Demais meios especificados;2;0.14;0.14
MS;Mato Grosso do Sul;Mulheres;2021;Meios não especificados;2;0.14;0.14
MS;Mato Grosso do Sul;Mulheres;2022;Arma de fogo;17;1.18;1.2
MS;Mato Grosso do Sul;Mulheres;2022;Arma branca ou objeto contundente;32;2.22;2.27
MS;Mato Grosso do Sul;Mulheres;2022;Estrangulamento;8;0.56;0.56
MS;Mato Grosso do Sul;Mulheres;2022;Força corporal;4;0.28;0.29
MS;Mato Grosso do Sul;Mulheres;2022;Demais meios especificados;6;0.42;0.41
MS;Mato Grosso do Sul;Mulheres;2022;Meios não especificados;3;0.21;0.2
MS;Mato Grosso do Sul;Mulheres;2023;Arma de fogo;12;0.83;0.84
MS;Mato Grosso do Sul;Mulheres;2023;Arma branca ou objeto contundente;25;1.72;1.76
MS;Mato Grosso do Sul;Mulheres;2023;Estrangulamento;4;0.28;0.27
MS;Mato Grosso do Sul;Mulheres;2023;Força corporal;1;0.07;0.07
MS;Mato Grosso do Sul;Mulheres;2023;Demais meios especificados;3;0.21;0.21
MS;Mato Grosso do Sul;Mulheres;2023;Meios não especificados;2;0.14;0.13
MS;Mato Grosso do Sul;Mulheres;2024;Arma de fogo;17;1.16;1.18
MS;Mato Grosso do Sul;Mulheres;2024;Arma branca ou objeto contundente;25;1.71;1.74
MS;Mato Grosso do Sul;Mulheres;2024;Estrangulamento;7;0.48;0.48
MS;Mato Grosso do Sul;Mulheres;2024;Força corporal;1;0.07;0.07
MS;Mato Grosso do Sul;Mulheres;2024;Demais meios especificados;3;0.2;0.21
MS;Mato Grosso do Sul;Mulheres;2024;Meios não especificados;3;0.2;0.21
MS;Mato Grosso do Sul;Mulheres;2025;Arma de fogo;11;0.75;0.78
MS;Mato Grosso do Sul;Mulheres;2025;Arma branca ou objeto contundente;22;1.49;1.53
MS;Mato Grosso do Sul;Mulheres;2025;Estrangulamento;5;0.34;0.33
MS;Mato Grosso do Sul;Mulheres;2025;Força corporal;3;0.2;0.2
MS;Mato Grosso do Sul;Mulheres;2025;Demais meios especificados;6;0.41;0.41
MS;Mato Grosso do Sul;Mulheres;2025;Meios não especificados;1;0.07;0.07
MT;Mato Grosso;Ambos;2000;Arma de fogo;691;26.29;26.81
MT;Mato Grosso;Ambos;2000;Arma branca ou objeto contundente;249;9.47;10.64
MT;Mato Grosso;Ambos;2000;Estrangulamento;7;0.27;0.4
MT;Mato Grosso;Ambos;2000;Força corporal;14;0.53;0.7
MT;Mato Grosso;Ambos;2000;Demais meios especificados;9;0.34;0.41
MT;Mato Grosso;Ambos;2000;Meios não especificados;20;0.76;1.18
MT;Mato Grosso;Ambos;2001;Arma de fogo;582;21.7;22.55
MT;Mato Grosso;Ambos;2001;Arma branca ou objeto contundente;337;12.57;14.14
MT;Mato Grosso;Ambos;2001;Estrangulamento;10;0.37;0.38
MT;Mato Grosso;Ambos;2001;Força corporal;4;0.15;0.14
MT;Mato Grosso;Ambos;2001;Demais meios especificados;7;0.26;0.21
MT;Mato Grosso;Ambos;2001;Meios não especificados;33;1.23;1.59
MT;Mato Grosso;Ambos;2002;Arma de fogo;582;21.29;22.09
MT;Mato Grosso;Ambos;2002;Arma branca ou objeto contundente;302;11.05;12.27
MT;Mato Grosso;Ambos;2002;Estrangulamento;12;0.44;0.53
MT;Mato Grosso;Ambos;2002;Força corporal;4;0.15;0.22
MT;Mato Grosso;Ambos;2002;Demais meios especificados;11;0.4;0.42
MT;Mato Grosso;Ambos;2002;Meios não especificados;37;1.35;1.72
MT;Mato Grosso;Ambos;2003;Arma de fogo;555;19.94;19.55
MT;Mato Grosso;Ambos;2003;Arma branca ou objeto contundente;300;10.78;11.49
MT;Mato Grosso;Ambos;2003;Estrangulamento;5;0.18;0.21
MT;Mato Grosso;Ambos;2003;Força corporal;8;0.29;0.47
MT;Mato Grosso;Ambos;2003;Demais meios especificados;9;0.32;0.28
MT;Mato Grosso;Ambos;2003;Meios não especificados;31;1.11;1.29
MT;Mato Grosso;Ambos;2004;Arma de fogo;454;16.04;16.03
MT;Mato Grosso;Ambos;2004;Arma branca ou objeto contundente;314;11.09;11.45
MT;Mato Grosso;Ambos;2004;Estrangulamento;14;0.49;0.45
MT;Mato Grosso;Ambos;2004;Força corporal;17;0.6;0.87
MT;Mato Grosso;Ambos;2004;Demais meios especificados;10;0.35;0.4
MT;Mato Grosso;Ambos;2004;Meios não especificados;44;1.55;1.83
MT;Mato Grosso;Ambos;2005;Arma de fogo;487;16.93;16.46
MT;Mato Grosso;Ambos;2005;Arma branca ou objeto contundente;341;11.86;12.55
MT;Mato Grosso;Ambos;2005;Estrangulamento;18;0.63;0.58
MT;Mato Grosso;Ambos;2005;Força corporal;5;0.17;0.25
MT;Mato Grosso;Ambos;2005;Demais meios especificados;13;0.45;0.49
MT;Mato Grosso;Ambos;2005;Meios não especificados;42;1.46;1.47
MT;Mato Grosso;Ambos;2006;Arma de fogo;497;17;15.78
MT;Mato Grosso;Ambos;2006;Arma branca ou objeto contundente;325;11.12;12.23
MT;Mato Grosso;Ambos;2006;Estrangulamento;16;0.55;0.69
MT;Mato Grosso;Ambos;2006;Força corporal;8;0.27;0.28
MT;Mato Grosso;Ambos;2006;Demais meios especificados;15;0.51;0.56
MT;Mato Grosso;Ambos;2006;Meios não especificados;34;1.16;1.23
MT;Mato Grosso;Ambos;2007;Arma de fogo;542;18.26;17.92
MT;Mato Grosso;Ambos;2007;Arma branca ou objeto contundente;288;9.7;10.64
MT;Mato Grosso;Ambos;2007;Estrangulamento;13;0.44;0.46
MT;Mato Grosso;Ambos;2007;Força corporal;6;0.2;0.25
MT;Mato Grosso;Ambos;2007;Demais meios especificados;18;0.61;0.7
MT;Mato Grosso;Ambos;2007;Meios não especificados;21;0.71;0.75
MT;Mato Grosso;Ambos;2008;Arma de fogo;572;19;18.07
MT;Mato Grosso;Ambos;2008;Arma branca ou objeto contundente;275;9.14;9.6
MT;Mato Grosso;Ambos;2008;Estrangulamento;16;0.53;0.55
MT;Mato Grosso;Ambos;2008;Força corporal;9;0.3;0.35
MT;Mato Grosso;Ambos;2008;Demais meios especificados;32;1.06;1.18
MT;Mato Grosso;Ambos;2008;Meios não especificados;32;1.06;1.11
MT;Mato Grosso;Ambos;2009;Arma de fogo;573;18.77;17.34
MT;Mato Grosso;Ambos;2009;Arma branca ou objeto contundente;343;11.23;11.76
MT;Mato Grosso;Ambos;2009;Estrangulamento;19;0.62;0.65
MT;Mato Grosso;Ambos;2009;Força corporal;7;0.23;0.29
MT;Mato Grosso;Ambos;2009;Demais meios especificados;24;0.79;0.74
MT;Mato Grosso;Ambos;2009;Meios não especificados;31;1.02;1.22
MT;Mato Grosso;Ambos;2010;Arma de fogo;566;18.29;17.13
MT;Mato Grosso;Ambos;2010;Arma branca ou objeto contundente;334;10.8;10.75
MT;Mato Grosso;Ambos;2010;Estrangulamento;11;0.36;0.38
MT;Mato Grosso;Ambos;2010;Força corporal;3;0.1;0.08
MT;Mato Grosso;Ambos;2010;Demais meios especificados;36;1.16;1.25
MT;Mato Grosso;Ambos;2010;Meios não especificados;21;0.68;0.82
MT;Mato Grosso;Ambos;2011;Arma de fogo;602;19.21;18.05
MT;Mato Grosso;Ambos;2011;Arma branca ou objeto contundente;301;9.61;9.6
MT;Mato Grosso;Ambos;2011;Estrangulamento;15;0.48;0.48
MT;Mato Grosso;Ambos;2011;Força corporal;8;0.26;0.33
MT;Mato Grosso;Ambos;2011;Demais meios especificados;40;1.28;1.22
MT;Mato Grosso;Ambos;2011;Meios não especificados;24;0.77;0.81
MT;Mato Grosso;Ambos;2012;Arma de fogo;641;20.18;18.43
MT;Mato Grosso;Ambos;2012;Arma branca ou objeto contundente;347;10.92;10.98
MT;Mato Grosso;Ambos;2012;Estrangulamento;13;0.41;0.36
MT;Mato Grosso;Ambos;2012;Força corporal;6;0.19;0.16
MT;Mato Grosso;Ambos;2012;Demais meios especificados;32;1.01;1.02
MT;Mato Grosso;Ambos;2012;Meios não especificados;21;0.66;0.66
MT;Mato Grosso;Ambos;2013;Arma de fogo;745;23.11;21.59
MT;Mato Grosso;Ambos;2013;Arma branca ou objeto contundente;335;10.39;10.35
MT;Mato Grosso;Ambos;2013;Estrangulamento;13;0.4;0.45
MT;Mato Grosso;Ambos;2013;Força corporal;1;0.03;0.03
MT;Mato Grosso;Ambos;2013;Demais meios especificados;40;1.24;1.26
MT;Mato Grosso;Ambos;2013;Meios não especificados;20;0.62;0.47
MT;Mato Grosso;Ambos;2014;Arma de fogo;854;26.08;24.49
MT;Mato Grosso;Ambos;2014;Arma branca ou objeto contundente;404;12.34;12.52
MT;Mato Grosso;Ambos;2014;Estrangulamento;10;0.31;0.32
MT;Mato Grosso;Ambos;2014;Força corporal;5;0.15;0.13
MT;Mato Grosso;Ambos;2014;Demais meios especificados;51;1.56;1.7
MT;Mato Grosso;Ambos;2014;Meios não especificados;32;0.98;0.97
MT;Mato Grosso;Ambos;2015;Arma de fogo;769;23.11;21.79
MT;Mato Grosso;Ambos;2015;Arma branca ou objeto contundente;346;10.4;10.41
MT;Mato Grosso;Ambos;2015;Estrangulamento;21;0.63;0.61
MT;Mato Grosso;Ambos;2015;Força corporal;5;0.15;0.13
MT;Mato Grosso;Ambos;2015;Demais meios especificados;38;1.14;1.22
MT;Mato Grosso;Ambos;2015;Meios não especificados;20;0.6;0.63
MT;Mato Grosso;Ambos;2016;Arma de fogo;752;22.25;21.17
MT;Mato Grosso;Ambos;2016;Arma branca ou objeto contundente;356;10.53;10.32
MT;Mato Grosso;Ambos;2016;Estrangulamento;13;0.38;0.4
MT;Mato Grosso;Ambos;2016;Força corporal;7;0.21;0.24
MT;Mato Grosso;Ambos;2016;Demais meios especificados;19;0.56;0.54
MT;Mato Grosso;Ambos;2016;Meios não especificados;32;0.95;0.86
MT;Mato Grosso;Ambos;2017;Arma de fogo;669;19.49;18.64
MT;Mato Grosso;Ambos;2017;Arma branca ou objeto contundente;354;10.31;10.18
MT;Mato Grosso;Ambos;2017;Estrangulamento;12;0.35;0.32
MT;Mato Grosso;Ambos;2017;Força corporal;6;0.17;0.15
MT;Mato Grosso;Ambos;2017;Demais meios especificados;29;0.84;0.91
MT;Mato Grosso;Ambos;2017;Meios não especificados;26;0.76;0.78
MT;Mato Grosso;Ambos;2018;Arma de fogo;566;16.21;15.34
MT;Mato Grosso;Ambos;2018;Arma branca ou objeto contundente;323;9.25;9.25
MT;Mato Grosso;Ambos;2018;Estrangulamento;19;0.54;0.5
MT;Mato Grosso;Ambos;2018;Força corporal;14;0.4;0.46
MT;Mato Grosso;Ambos;2018;Demais meios especificados;26;0.74;0.77
MT;Mato Grosso;Ambos;2018;Meios não especificados;23;0.66;0.68
MT;Mato Grosso;Ambos;2019;Arma de fogo;490;13.8;13.46
MT;Mato Grosso;Ambos;2019;Arma branca ou objeto contundente;329;9.26;9.18
MT;Mato Grosso;Ambos;2019;Estrangulamento;14;0.39;0.39
MT;Mato Grosso;Ambos;2019;Força corporal;14;0.39;0.42
MT;Mato Grosso;Ambos;2019;Demais meios especificados;19;0.53;0.57
MT;Mato Grosso;Ambos;2019;Meios não especificados;24;0.68;0.6
MT;Mato Grosso;Ambos;2020;Arma de fogo;584;16.17;15.62
MT;Mato Grosso;Ambos;2020;Arma branca ou objeto contundente;308;8.53;8.39
MT;Mato Grosso;Ambos;2020;Estrangulamento;27;0.75;0.77
MT;Mato Grosso;Ambos;2020;Força corporal;15;0.42;0.41
MT;Mato Grosso;Ambos;2020;Demais meios especificados;12;0.33;0.33
MT;Mato Grosso;Ambos;2020;Meios não especificados;17;0.47;0.47
MT;Mato Grosso;Ambos;2021;Arma de fogo;529;14.43;14.06
MT;Mato Grosso;Ambos;2021;Arma branca ou objeto contundente;274;7.47;7.56
MT;Mato Grosso;Ambos;2021;Estrangulamento;19;0.52;0.51
MT;Mato Grosso;Ambos;2021;Força corporal;14;0.38;0.39
MT;Mato Grosso;Ambos;2021;Demais meios especificados;22;0.6;0.62
MT;Mato Grosso;Ambos;2021;Meios não especificados;13;0.35;0.37
MT;Mato Grosso;Ambos;2022;Arma de fogo;662;17.79;17.27
MT;Mato Grosso;Ambos;2022;Arma branca ou objeto contundente;307;8.25;8.42
MT;Mato Grosso;Ambos;2022;Estrangulamento;28;0.75;0.74
MT;Mato Grosso;Ambos;2022;Força corporal;14;0.38;0.39
MT;Mato Grosso;Ambos;2022;Demais meios especificados;19;0.51;0.52
MT;Mato Grosso;Ambos;2022;Meios não especificados;17;0.46;0.45
MT;Mato Grosso;Ambos;2023;Arma de fogo;732;19.37;18.92
MT;Mato Grosso;Ambos;2023;Arma branca ou objeto contundente;267;7.07;7.18
MT;Mato Grosso;Ambos;2023;Estrangulamento;25;0.66;0.66
MT;Mato Grosso;Ambos;2023;Força corporal;9;0.24;0.25
MT;Mato Grosso;Ambos;2023;Demais meios especificados;21;0.56;0.52
MT;Mato Grosso;Ambos;2023;Meios não especificados;20;0.53;0.54
MT;Mato Grosso;Ambos;2024;Arma de fogo;639;16.66;16.45
MT;Mato Grosso;Ambos;2024;Arma branca ou objeto contundente;289;7.53;7.56
MT;Mato Grosso;Ambos;2024;Estrangulamento;32;0.83;0.83
MT;Mato Grosso;Ambos;2024;Força corporal;16;0.42;0.44
MT;Mato Grosso;Ambos;2024;Demais meios especificados;28;0.73;0.72
MT;Mato Grosso;Ambos;2024;Meios não especificados;34;0.89;0.85
MT;Mato Grosso;Ambos;2025;Arma de fogo;416;10.68;10.7
MT;Mato Grosso;Ambos;2025;Arma branca ou objeto contundente;271;6.96;7.13
MT;Mato Grosso;Ambos;2025;Estrangulamento;35;0.9;0.9
MT;Mato Grosso;Ambos;2025;Força corporal;12;0.31;0.31
MT;Mato Grosso;Ambos;2025;Demais meios especificados;10;0.26;0.26
MT;Mato Grosso;Ambos;2025;Meios não especificados;18;0.46;0.47
MT;Mato Grosso;Homens;2000;Arma de fogo;648;47.91;48.44
MT;Mato Grosso;Homens;2000;Arma branca ou objeto contundente;220;16.27;17.8
MT;Mato Grosso;Homens;2000;Estrangulamento;4;0.3;0.34
MT;Mato Grosso;Homens;2000;Força corporal;14;1.04;1.32
MT;Mato Grosso;Homens;2000;Demais meios especificados;4;0.3;0.43
MT;Mato Grosso;Homens;2000;Meios não especificados;19;1.4;2.07
MT;Mato Grosso;Homens;2001;Arma de fogo;539;39.08;40.67
MT;Mato Grosso;Homens;2001;Arma branca ou objeto contundente;296;21.46;23.93
MT;Mato Grosso;Homens;2001;Estrangulamento;6;0.44;0.48
MT;Mato Grosso;Homens;2001;Força corporal;3;0.22;0.23
MT;Mato Grosso;Homens;2001;Demais meios especificados;7;0.51;0.41
MT;Mato Grosso;Homens;2001;Meios não especificados;29;2.1;2.54
MT;Mato Grosso;Homens;2002;Arma de fogo;537;38.24;39.58
MT;Mato Grosso;Homens;2002;Arma branca ou objeto contundente;264;18.8;20.85
MT;Mato Grosso;Homens;2002;Estrangulamento;10;0.71;0.81
MT;Mato Grosso;Homens;2002;Força corporal;4;0.28;0.42
MT;Mato Grosso;Homens;2002;Demais meios especificados;9;0.64;0.7
MT;Mato Grosso;Homens;2002;Meios não especificados;32;2.28;2.9
MT;Mato Grosso;Homens;2003;Arma de fogo;515;36.06;35.38
MT;Mato Grosso;Homens;2003;Arma branca ou objeto contundente;259;18.14;18.87
MT;Mato Grosso;Homens;2003;Estrangulamento;4;0.28;0.35
MT;Mato Grosso;Homens;2003;Força corporal;7;0.49;0.76
MT;Mato Grosso;Homens;2003;Demais meios especificados;6;0.42;0.36
MT;Mato Grosso;Homens;2003;Meios não especificados;27;1.89;2.16
MT;Mato Grosso;Homens;2004;Arma de fogo;418;28.81;28.78
MT;Mato Grosso;Homens;2004;Arma branca ou objeto contundente;269;18.54;19.1
MT;Mato Grosso;Homens;2004;Estrangulamento;7;0.48;0.5
MT;Mato Grosso;Homens;2004;Força corporal;13;0.9;1.26
MT;Mato Grosso;Homens;2004;Demais meios especificados;7;0.48;0.49
MT;Mato Grosso;Homens;2004;Meios não especificados;40;2.76;3.26
MT;Mato Grosso;Homens;2005;Arma de fogo;454;30.82;29.91
MT;Mato Grosso;Homens;2005;Arma branca ou objeto contundente;297;20.16;21.32
MT;Mato Grosso;Homens;2005;Estrangulamento;11;0.75;0.71
MT;Mato Grosso;Homens;2005;Força corporal;5;0.34;0.48
MT;Mato Grosso;Homens;2005;Demais meios especificados;8;0.54;0.6
MT;Mato Grosso;Homens;2005;Meios não especificados;39;2.65;2.68
MT;Mato Grosso;Homens;2006;Arma de fogo;474;31.68;29.59
MT;Mato Grosso;Homens;2006;Arma branca ou objeto contundente;286;19.11;21.05
MT;Mato Grosso;Homens;2006;Estrangulamento;13;0.87;1.05
MT;Mato Grosso;Homens;2006;Força corporal;7;0.47;0.47
MT;Mato Grosso;Homens;2006;Demais meios especificados;13;0.87;0.99
MT;Mato Grosso;Homens;2006;Meios não especificados;31;2.07;2.23
MT;Mato Grosso;Homens;2007;Arma de fogo;507;33.41;32.48
MT;Mato Grosso;Homens;2007;Arma branca ou objeto contundente;242;15.95;17.66
MT;Mato Grosso;Homens;2007;Estrangulamento;9;0.59;0.59
MT;Mato Grosso;Homens;2007;Força corporal;4;0.26;0.37
MT;Mato Grosso;Homens;2007;Demais meios especificados;16;1.05;1.23
MT;Mato Grosso;Homens;2007;Meios não especificados;15;0.99;1.07
MT;Mato Grosso;Homens;2008;Arma de fogo;536;34.86;33.08
MT;Mato Grosso;Homens;2008;Arma branca ou objeto contundente;239;15.54;16.28
MT;Mato Grosso;Homens;2008;Estrangulamento;8;0.52;0.57
MT;Mato Grosso;Homens;2008;Força corporal;9;0.59;0.68
MT;Mato Grosso;Homens;2008;Demais meios especificados;30;1.95;2.19
MT;Mato Grosso;Homens;2008;Meios não especificados;28;1.82;1.8
MT;Mato Grosso;Homens;2009;Arma de fogo;528;33.88;31.44
MT;Mato Grosso;Homens;2009;Arma branca ou objeto contundente;307;19.7;20.59
MT;Mato Grosso;Homens;2009;Estrangulamento;11;0.71;0.78
MT;Mato Grosso;Homens;2009;Força corporal;7;0.45;0.56
MT;Mato Grosso;Homens;2009;Demais meios especificados;21;1.35;1.22
MT;Mato Grosso;Homens;2009;Meios não especificados;28;1.8;2.05
MT;Mato Grosso;Homens;2010;Arma de fogo;538;34.1;31.89
MT;Mato Grosso;Homens;2010;Arma branca ou objeto contundente;293;18.57;18.41
MT;Mato Grosso;Homens;2010;Estrangulamento;6;0.38;0.44
MT;Mato Grosso;Homens;2010;Força corporal;3;0.19;0.16
MT;Mato Grosso;Homens;2010;Demais meios especificados;29;1.84;1.98
MT;Mato Grosso;Homens;2010;Meios não especificados;20;1.27;1.56
MT;Mato Grosso;Homens;2011;Arma de fogo;568;35.58;33.48
MT;Mato Grosso;Homens;2011;Arma branca ou objeto contundente;265;16.6;16.7
MT;Mato Grosso;Homens;2011;Estrangulamento;8;0.5;0.55
MT;Mato Grosso;Homens;2011;Força corporal;7;0.44;0.56
MT;Mato Grosso;Homens;2011;Demais meios especificados;37;2.32;2.23
MT;Mato Grosso;Homens;2011;Meios não especificados;17;1.06;1.24
MT;Mato Grosso;Homens;2012;Arma de fogo;604;37.35;34.17
MT;Mato Grosso;Homens;2012;Arma branca ou objeto contundente;291;17.99;18.23
MT;Mato Grosso;Homens;2012;Estrangulamento;10;0.62;0.55
MT;Mato Grosso;Homens;2012;Força corporal;6;0.37;0.31
MT;Mato Grosso;Homens;2012;Demais meios especificados;27;1.67;1.71
MT;Mato Grosso;Homens;2012;Meios não especificados;21;1.3;1.3
MT;Mato Grosso;Homens;2013;Arma de fogo;711;43.36;40.62
MT;Mato Grosso;Homens;2013;Arma branca ou objeto contundente;286;17.44;17.54
MT;Mato Grosso;Homens;2013;Estrangulamento;9;0.55;0.61
MT;Mato Grosso;Homens;2013;Força corporal;1;0.06;0.07
MT;Mato Grosso;Homens;2013;Demais meios especificados;35;2.13;2.17
MT;Mato Grosso;Homens;2013;Meios não especificados;19;1.16;0.88
MT;Mato Grosso;Homens;2014;Arma de fogo;809;48.61;45.73
MT;Mato Grosso;Homens;2014;Arma branca ou objeto contundente;359;21.57;22.04
MT;Mato Grosso;Homens;2014;Estrangulamento;3;0.18;0.23
MT;Mato Grosso;Homens;2014;Força corporal;4;0.24;0.22
MT;Mato Grosso;Homens;2014;Demais meios especificados;41;2.46;2.69
MT;Mato Grosso;Homens;2014;Meios não especificados;29;1.74;1.76
MT;Mato Grosso;Homens;2015;Arma de fogo;718;42.49;40.19
MT;Mato Grosso;Homens;2015;Arma branca ou objeto contundente;300;17.75;17.86
MT;Mato Grosso;Homens;2015;Estrangulamento;10;0.59;0.61
MT;Mato Grosso;Homens;2015;Força corporal;5;0.3;0.26
MT;Mato Grosso;Homens;2015;Demais meios especificados;28;1.66;1.79
MT;Mato Grosso;Homens;2015;Meios não especificados;17;1.01;1.09
MT;Mato Grosso;Homens;2016;Arma de fogo;713;41.57;39.61
MT;Mato Grosso;Homens;2016;Arma branca ou objeto contundente;308;17.96;17.53
MT;Mato Grosso;Homens;2016;Estrangulamento;8;0.47;0.5
MT;Mato Grosso;Homens;2016;Força corporal;6;0.35;0.39
MT;Mato Grosso;Homens;2016;Demais meios especificados;16;0.93;0.9
MT;Mato Grosso;Homens;2016;Meios não especificados;22;1.28;1.23
MT;Mato Grosso;Homens;2017;Arma de fogo;629;36.14;34.55
MT;Mato Grosso;Homens;2017;Arma branca ou objeto contundente;311;17.87;17.73
MT;Mato Grosso;Homens;2017;Estrangulamento;9;0.52;0.49
MT;Mato Grosso;Homens;2017;Força corporal;6;0.34;0.29
MT;Mato Grosso;Homens;2017;Demais meios especificados;26;1.49;1.64
MT;Mato Grosso;Homens;2017;Meios não especificados;23;1.32;1.38
MT;Mato Grosso;Homens;2018;Arma de fogo;535;30.26;28.64
MT;Mato Grosso;Homens;2018;Arma branca ou objeto contundente;285;16.12;16.23
MT;Mato Grosso;Homens;2018;Estrangulamento;15;0.85;0.79
MT;Mato Grosso;Homens;2018;Força corporal;12;0.68;0.76
MT;Mato Grosso;Homens;2018;Demais meios especificados;18;1.02;1.06
MT;Mato Grosso;Homens;2018;Meios não especificados;18;1.02;1.07
MT;Mato Grosso;Homens;2019;Arma de fogo;457;25.42;24.8
MT;Mato Grosso;Homens;2019;Arma branca ou objeto contundente;295;16.41;16.45
MT;Mato Grosso;Homens;2019;Estrangulamento;8;0.44;0.42
MT;Mato Grosso;Homens;2019;Força corporal;12;0.67;0.73
MT;Mato Grosso;Homens;2019;Demais meios especificados;15;0.83;0.85
MT;Mato Grosso;Homens;2019;Meios não especificados;16;0.89;0.75
MT;Mato Grosso;Homens;2020;Arma de fogo;544;29.78;28.76
MT;Mato Grosso;Homens;2020;Arma branca ou objeto contundente;258;14.13;14.02
MT;Mato Grosso;Homens;2020;Estrangulamento;16;0.88;0.89
MT;Mato Grosso;Homens;2020;Força corporal;12;0.66;0.66
MT;Mato Grosso;Homens;2020;Demais meios especificados;9;0.49;0.48
MT;Mato Grosso;Homens;2020;Meios não especificados;15;0.82;0.87
MT;Mato Grosso;Homens;2021;Arma de fogo;498;26.89;26.23
MT;Mato Grosso;Homens;2021;Arma branca ou objeto contundente;231;12.47;12.67
MT;Mato Grosso;Homens;2021;Estrangulamento;16;0.86;0.84
MT;Mato Grosso;Homens;2021;Força corporal;13;0.7;0.72
MT;Mato Grosso;Homens;2021;Demais meios especificados;20;1.08;1.12
MT;Mato Grosso;Homens;2021;Meios não especificados;11;0.59;0.63
MT;Mato Grosso;Homens;2022;Arma de fogo;609;32.44;31.42
MT;Mato Grosso;Homens;2022;Arma branca ou objeto contundente;269;14.33;14.69
MT;Mato Grosso;Homens;2022;Estrangulamento;22;1.17;1.13
MT;Mato Grosso;Homens;2022;Força corporal;13;0.69;0.72
MT;Mato Grosso;Homens;2022;Demais meios especificados;14;0.75;0.77
MT;Mato Grosso;Homens;2022;Meios não especificados;13;0.69;0.69
MT;Mato Grosso;Homens;2023;Arma de fogo;677;35.55;34.78
MT;Mato Grosso;Homens;2023;Arma branca ou objeto contundente;230;12.08;12.35
MT;Mato Grosso;Homens;2023;Estrangulamento;22;1.16;1.16
MT;Mato Grosso;Homens;2023;Força corporal;8;0.42;0.41
MT;Mato Grosso;Homens;2023;Demais meios especificados;13;0.68;0.69
MT;Mato Grosso;Homens;2023;Meios não especificados;17;0.89;0.93
MT;Mato Grosso;Homens;2024;Arma de fogo;596;30.85;30.43
MT;Mato Grosso;Homens;2024;Arma branca ou objeto contundente;247;12.78;12.82
MT;Mato Grosso;Homens;2024;Estrangulamento;26;1.35;1.34
MT;Mato Grosso;Homens;2024;Força corporal;15;0.78;0.83
MT;Mato Grosso;Homens;2024;Demais meios especificados;25;1.29;1.28
MT;Mato Grosso;Homens;2024;Meios não especificados;29;1.5;1.46
MT;Mato Grosso;Homens;2025;Arma de fogo;385;19.65;19.61
MT;Mato Grosso;Homens;2025;Arma branca ou objeto contundente;233;11.89;12.23
MT;Mato Grosso;Homens;2025;Estrangulamento;26;1.33;1.32
MT;Mato Grosso;Homens;2025;Força corporal;11;0.56;0.57
MT;Mato Grosso;Homens;2025;Demais meios especificados;7;0.36;0.35
MT;Mato Grosso;Homens;2025;Meios não especificados;18;0.92;0.94
MT;Mato Grosso;Mulheres;2000;Arma de fogo;43;3.37;3.4
MT;Mato Grosso;Mulheres;2000;Arma branca ou objeto contundente;29;2.27;2.85
MT;Mato Grosso;Mulheres;2000;Estrangulamento;3;0.24;0.46
MT;Mato Grosso;Mulheres;2000;Demais meios especificados;5;0.39;0.37
MT;Mato Grosso;Mulheres;2000;Meios não especificados;1;0.08;0.17
MT;Mato Grosso;Mulheres;2001;Arma de fogo;42;3.22;2.99
MT;Mato Grosso;Mulheres;2001;Arma branca ou objeto contundente;41;3.15;3.46
MT;Mato Grosso;Mulheres;2001;Estrangulamento;4;0.31;0.26
MT;Mato Grosso;Mulheres;2001;Força corporal;1;0.08;0.05
MT;Mato Grosso;Mulheres;2001;Meios não especificados;4;0.31;0.5
MT;Mato Grosso;Mulheres;2002;Arma de fogo;45;3.39;3.34
MT;Mato Grosso;Mulheres;2002;Arma branca ou objeto contundente;38;2.86;2.9
MT;Mato Grosso;Mulheres;2002;Estrangulamento;2;0.15;0.22
MT;Mato Grosso;Mulheres;2002;Demais meios especificados;2;0.15;0.11
MT;Mato Grosso;Mulheres;2002;Meios não especificados;5;0.38;0.46
MT;Mato Grosso;Mulheres;2003;Arma de fogo;40;2.95;2.73
MT;Mato Grosso;Mulheres;2003;Arma branca ou objeto contundente;41;3.03;3.56
MT;Mato Grosso;Mulheres;2003;Estrangulamento;1;0.07;0.05
MT;Mato Grosso;Mulheres;2003;Força corporal;1;0.07;0.17
MT;Mato Grosso;Mulheres;2003;Demais meios especificados;3;0.22;0.19
MT;Mato Grosso;Mulheres;2003;Meios não especificados;4;0.3;0.37
MT;Mato Grosso;Mulheres;2004;Arma de fogo;36;2.61;2.56
MT;Mato Grosso;Mulheres;2004;Arma branca ou objeto contundente;45;3.26;3.29
MT;Mato Grosso;Mulheres;2004;Estrangulamento;7;0.51;0.39
MT;Mato Grosso;Mulheres;2004;Força corporal;4;0.29;0.42
MT;Mato Grosso;Mulheres;2004;Demais meios especificados;3;0.22;0.3
MT;Mato Grosso;Mulheres;2004;Meios não especificados;4;0.29;0.27
MT;Mato Grosso;Mulheres;2005;Arma de fogo;32;2.28;2.28
MT;Mato Grosso;Mulheres;2005;Arma branca ou objeto contundente;43;3.06;3.09
MT;Mato Grosso;Mulheres;2005;Estrangulamento;7;0.5;0.42
MT;Mato Grosso;Mulheres;2005;Demais meios especificados;4;0.29;0.25
MT;Mato Grosso;Mulheres;2005;Meios não especificados;3;0.21;0.2
MT;Mato Grosso;Mulheres;2006;Arma de fogo;22;1.54;1.37
MT;Mato Grosso;Mulheres;2006;Arma branca ou objeto contundente;39;2.73;2.81
MT;Mato Grosso;Mulheres;2006;Estrangulamento;3;0.21;0.31
MT;Mato Grosso;Mulheres;2006;Força corporal;1;0.07;0.09
MT;Mato Grosso;Mulheres;2006;Demais meios especificados;2;0.14;0.09
MT;Mato Grosso;Mulheres;2006;Meios não especificados;3;0.21;0.17
MT;Mato Grosso;Mulheres;2007;Arma de fogo;35;2.41;2.65
MT;Mato Grosso;Mulheres;2007;Arma branca ou objeto contundente;46;3.17;3.14
MT;Mato Grosso;Mulheres;2007;Estrangulamento;4;0.28;0.32
MT;Mato Grosso;Mulheres;2007;Força corporal;2;0.14;0.11
MT;Mato Grosso;Mulheres;2007;Demais meios especificados;2;0.14;0.14
MT;Mato Grosso;Mulheres;2007;Meios não especificados;6;0.41;0.41
MT;Mato Grosso;Mulheres;2008;Arma de fogo;36;2.45;2.44
MT;Mato Grosso;Mulheres;2008;Arma branca ou objeto contundente;36;2.45;2.57
MT;Mato Grosso;Mulheres;2008;Estrangulamento;8;0.54;0.53
MT;Mato Grosso;Mulheres;2008;Demais meios especificados;2;0.14;0.12
MT;Mato Grosso;Mulheres;2008;Meios não especificados;4;0.27;0.36
MT;Mato Grosso;Mulheres;2009;Arma de fogo;44;2.94;2.75
MT;Mato Grosso;Mulheres;2009;Arma branca ou objeto contundente;36;2.41;2.51
MT;Mato Grosso;Mulheres;2009;Estrangulamento;8;0.54;0.52
MT;Mato Grosso;Mulheres;2009;Demais meios especificados;3;0.2;0.24
MT;Mato Grosso;Mulheres;2009;Meios não especificados;3;0.2;0.35
MT;Mato Grosso;Mulheres;2010;Arma de fogo;27;1.78;1.89
MT;Mato Grosso;Mulheres;2010;Arma branca ou objeto contundente;41;2.7;2.78
MT;Mato Grosso;Mulheres;2010;Estrangulamento;4;0.26;0.32
MT;Mato Grosso;Mulheres;2010;Demais meios especificados;7;0.46;0.5
MT;Mato Grosso;Mulheres;2010;Meios não especificados;1;0.07;0.05
MT;Mato Grosso;Mulheres;2011;Arma de fogo;34;2.21;2.13
MT;Mato Grosso;Mulheres;2011;Arma branca ou objeto contundente;35;2.28;2.21
MT;Mato Grosso;Mulheres;2011;Estrangulamento;6;0.39;0.41
MT;Mato Grosso;Mulheres;2011;Força corporal;1;0.07;0.08
MT;Mato Grosso;Mulheres;2011;Demais meios especificados;3;0.2;0.17
MT;Mato Grosso;Mulheres;2011;Meios não especificados;7;0.46;0.37
MT;Mato Grosso;Mulheres;2012;Arma de fogo;37;2.37;2.21
MT;Mato Grosso;Mulheres;2012;Arma branca ou objeto contundente;54;3.46;3.44
MT;Mato Grosso;Mulheres;2012;Estrangulamento;3;0.19;0.16
MT;Mato Grosso;Mulheres;2012;Demais meios especificados;5;0.32;0.3
MT;Mato Grosso;Mulheres;2013;Arma de fogo;34;2.15;1.96
MT;Mato Grosso;Mulheres;2013;Arma branca ou objeto contundente;46;2.9;2.94
MT;Mato Grosso;Mulheres;2013;Estrangulamento;4;0.25;0.29
MT;Mato Grosso;Mulheres;2013;Demais meios especificados;5;0.32;0.32
MT;Mato Grosso;Mulheres;2013;Meios não especificados;1;0.06;0.05
MT;Mato Grosso;Mulheres;2014;Arma de fogo;45;2.8;2.62
MT;Mato Grosso;Mulheres;2014;Arma branca ou objeto contundente;45;2.8;2.68
MT;Mato Grosso;Mulheres;2014;Estrangulamento;7;0.43;0.4
MT;Mato Grosso;Mulheres;2014;Força corporal;1;0.06;0.05
MT;Mato Grosso;Mulheres;2014;Demais meios especificados;10;0.62;0.69
MT;Mato Grosso;Mulheres;2014;Meios não especificados;3;0.19;0.17
MT;Mato Grosso;Mulheres;2015;Arma de fogo;50;3.05;2.86
MT;Mato Grosso;Mulheres;2015;Arma branca ou objeto contundente;44;2.69;2.65
MT;Mato Grosso;Mulheres;2015;Estrangulamento;11;0.67;0.61
MT;Mato Grosso;Mulheres;2015;Demais meios especificados;10;0.61;0.63
MT;Mato Grosso;Mulheres;2015;Meios não especificados;3;0.18;0.16
MT;Mato Grosso;Mulheres;2016;Arma de fogo;38;2.28;2.21
MT;Mato Grosso;Mulheres;2016;Arma branca ou objeto contundente;48;2.88;2.91
MT;Mato Grosso;Mulheres;2016;Estrangulamento;5;0.3;0.3
MT;Mato Grosso;Mulheres;2016;Força corporal;1;0.06;0.1
MT;Mato Grosso;Mulheres;2016;Demais meios especificados;3;0.18;0.18
MT;Mato Grosso;Mulheres;2016;Meios não especificados;9;0.54;0.48
MT;Mato Grosso;Mulheres;2017;Arma de fogo;40;2.36;2.29
MT;Mato Grosso;Mulheres;2017;Arma branca ou objeto contundente;43;2.54;2.44
MT;Mato Grosso;Mulheres;2017;Estrangulamento;3;0.18;0.15
MT;Mato Grosso;Mulheres;2017;Demais meios especificados;3;0.18;0.17
MT;Mato Grosso;Mulheres;2017;Meios não especificados;3;0.18;0.16
MT;Mato Grosso;Mulheres;2018;Arma de fogo;31;1.8;1.69
MT;Mato Grosso;Mulheres;2018;Arma branca ou objeto contundente;38;2.21;2.12
MT;Mato Grosso;Mulheres;2018;Estrangulamento;4;0.23;0.21
MT;Mato Grosso;Mulheres;2018;Força corporal;2;0.12;0.15
MT;Mato Grosso;Mulheres;2018;Demais meios especificados;8;0.46;0.47
MT;Mato Grosso;Mulheres;2018;Meios não especificados;5;0.29;0.28
MT;Mato Grosso;Mulheres;2019;Arma de fogo;33;1.88;1.85
MT;Mato Grosso;Mulheres;2019;Arma branca ou objeto contundente;32;1.82;1.79
MT;Mato Grosso;Mulheres;2019;Estrangulamento;6;0.34;0.36
MT;Mato Grosso;Mulheres;2019;Força corporal;2;0.11;0.11
MT;Mato Grosso;Mulheres;2019;Demais meios especificados;4;0.23;0.28
MT;Mato Grosso;Mulheres;2019;Meios não especificados;7;0.4;0.4
MT;Mato Grosso;Mulheres;2020;Arma de fogo;40;2.24;2.15
MT;Mato Grosso;Mulheres;2020;Arma branca ou objeto contundente;47;2.63;2.66
MT;Mato Grosso;Mulheres;2020;Estrangulamento;11;0.62;0.65
MT;Mato Grosso;Mulheres;2020;Força corporal;3;0.17;0.16
MT;Mato Grosso;Mulheres;2020;Demais meios especificados;3;0.17;0.18
MT;Mato Grosso;Mulheres;2020;Meios não especificados;1;0.06;0.05
MT;Mato Grosso;Mulheres;2021;Arma de fogo;30;1.65;1.61
MT;Mato Grosso;Mulheres;2021;Arma branca ou objeto contundente;43;2.37;2.4
MT;Mato Grosso;Mulheres;2021;Estrangulamento;3;0.17;0.18
MT;Mato Grosso;Mulheres;2021;Força corporal;1;0.06;0.04
MT;Mato Grosso;Mulheres;2021;Demais meios especificados;2;0.11;0.1
MT;Mato Grosso;Mulheres;2021;Meios não especificados;2;0.11;0.1
MT;Mato Grosso;Mulheres;2022;Arma de fogo;53;2.87;2.8
MT;Mato Grosso;Mulheres;2022;Arma branca ou objeto contundente;38;2.06;2.09
MT;Mato Grosso;Mulheres;2022;Estrangulamento;6;0.33;0.34
MT;Mato Grosso;Mulheres;2022;Força corporal;1;0.05;0.05
MT;Mato Grosso;Mulheres;2022;Demais meios especificados;5;0.27;0.27
MT;Mato Grosso;Mulheres;2022;Meios não especificados;3;0.16;0.16
MT;Mato Grosso;Mulheres;2023;Arma de fogo;52;2.78;2.71
MT;Mato Grosso;Mulheres;2023;Arma branca ou objeto contundente;37;1.97;1.98
MT;Mato Grosso;Mulheres;2023;Estrangulamento;3;0.16;0.16
MT;Mato Grosso;Mulheres;2023;Força corporal;1;0.05;0.08
MT;Mato Grosso;Mulheres;2023;Demais meios especificados;7;0.37;0.35
MT;Mato Grosso;Mulheres;2023;Meios não especificados;3;0.16;0.15
MT;Mato Grosso;Mulheres;2024;Arma de fogo;42;2.21;2.18
MT;Mato Grosso;Mulheres;2024;Arma branca ou objeto contundente;42;2.21;2.23
MT;Mato Grosso;Mulheres;2024;Estrangulamento;6;0.32;0.31
MT;Mato Grosso;Mulheres;2024;Força corporal;1;0.05;0.05
MT;Mato Grosso;Mulheres;2024;Demais meios especificados;3;0.16;0.16
MT;Mato Grosso;Mulheres;2024;Meios não especificados;4;0.21;0.23
MT;Mato Grosso;Mulheres;2025;Arma de fogo;31;1.6;1.61
MT;Mato Grosso;Mulheres;2025;Arma branca ou objeto contundente;38;1.96;2.03
MT;Mato Grosso;Mulheres;2025;Estrangulamento;9;0.47;0.47
MT;Mato Grosso;Mulheres;2025;Força corporal;1;0.05;0.05
MT;Mato Grosso;Mulheres;2025;Demais meios especificados;3;0.16;0.17
PA;Pará;Ambos;2000;Arma de fogo;461;7.1;7.9
PA;Pará;Ambos;2000;Arma branca ou objeto contundente;244;3.76;4.3
PA;Pará;Ambos;2000;Estrangulamento;5;0.08;0.08
PA;Pará;Ambos;2000;Força corporal;18;0.28;0.31
PA;Pará;Ambos;2000;Demais meios especificados;15;0.23;0.3
PA;Pará;Ambos;2000;Meios não especificados;63;0.97;1.24
PA;Pará;Ambos;2001;Arma de fogo;543;8.2;9.25
PA;Pará;Ambos;2001;Arma branca ou objeto contundente;292;4.41;4.63
PA;Pará;Ambos;2001;Estrangulamento;20;0.3;0.37
PA;Pará;Ambos;2001;Força corporal;6;0.09;0.09
PA;Pará;Ambos;2001;Demais meios especificados;22;0.33;0.5
PA;Pará;Ambos;2001;Meios não especificados;82;1.24;1.36
PA;Pará;Ambos;2002;Arma de fogo;694;10.29;11.12
PA;Pará;Ambos;2002;Arma branca ou objeto contundente;373;5.53;6.27
PA;Pará;Ambos;2002;Estrangulamento;4;0.06;0.07
PA;Pará;Ambos;2002;Força corporal;15;0.22;0.28
PA;Pará;Ambos;2002;Demais meios especificados;17;0.25;0.17
PA;Pará;Ambos;2002;Meios não especificados;89;1.32;1.36
PA;Pará;Ambos;2003;Arma de fogo;871;12.67;13.8
PA;Pará;Ambos;2003;Arma branca ou objeto contundente;413;6.01;6.18
PA;Pará;Ambos;2003;Estrangulamento;21;0.31;0.34
PA;Pará;Ambos;2003;Força corporal;10;0.15;0.16
PA;Pará;Ambos;2003;Demais meios especificados;16;0.23;0.23
PA;Pará;Ambos;2003;Meios não especificados;73;1.06;1.24
PA;Pará;Ambos;2004;Arma de fogo;969;13.85;14.56
PA;Pará;Ambos;2004;Arma branca ou objeto contundente;421;6.02;6.48
PA;Pará;Ambos;2004;Estrangulamento;9;0.13;0.14
PA;Pará;Ambos;2004;Força corporal;10;0.14;0.17
PA;Pará;Ambos;2004;Demais meios especificados;26;0.37;0.42
PA;Pará;Ambos;2004;Meios não especificados;84;1.2;1.36
PA;Pará;Ambos;2005;Arma de fogo;1195;16.78;17.06
PA;Pará;Ambos;2005;Arma branca ou objeto contundente;562;7.89;8.23
PA;Pará;Ambos;2005;Estrangulamento;14;0.2;0.23
PA;Pará;Ambos;2005;Força corporal;18;0.25;0.29
PA;Pará;Ambos;2005;Demais meios especificados;27;0.38;0.42
PA;Pará;Ambos;2005;Meios não especificados;110;1.55;1.65
PA;Pará;Ambos;2006;Arma de fogo;1295;17.88;17.74
PA;Pará;Ambos;2006;Arma branca ou objeto contundente;603;8.32;8.54
PA;Pará;Ambos;2006;Estrangulamento;16;0.22;0.22
PA;Pará;Ambos;2006;Força corporal;24;0.33;0.31
PA;Pará;Ambos;2006;Demais meios especificados;48;0.66;0.73
PA;Pará;Ambos;2006;Meios não especificados;86;1.19;1.22
PA;Pará;Ambos;2007;Arma de fogo;1385;18.8;18.21
PA;Pará;Ambos;2007;Arma branca ou objeto contundente;684;9.29;9.52
PA;Pará;Ambos;2007;Estrangulamento;19;0.26;0.26
PA;Pará;Ambos;2007;Força corporal;16;0.22;0.26
PA;Pará;Ambos;2007;Demais meios especificados;26;0.35;0.31
PA;Pará;Ambos;2007;Meios não especificados;63;0.86;0.88
PA;Pará;Ambos;2008;Arma de fogo;1929;25.77;25.23
PA;Pará;Ambos;2008;Arma branca ou objeto contundente;748;9.99;10.15
PA;Pará;Ambos;2008;Estrangulamento;29;0.39;0.42
PA;Pará;Ambos;2008;Força corporal;20;0.27;0.26
PA;Pará;Ambos;2008;Demais meios especificados;45;0.6;0.62
PA;Pará;Ambos;2008;Meios não especificados;86;1.15;1.16
PA;Pará;Ambos;2009;Arma de fogo;2038;26.81;25.67
PA;Pará;Ambos;2009;Arma branca ou objeto contundente;808;10.63;10.45
PA;Pará;Ambos;2009;Estrangulamento;18;0.24;0.28
PA;Pará;Ambos;2009;Força corporal;17;0.22;0.19
PA;Pará;Ambos;2009;Demais meios especificados;36;0.47;0.52
PA;Pará;Ambos;2009;Meios não especificados;72;0.95;0.94
PA;Pará;Ambos;2010;Arma de fogo;2502;32.49;31.28
PA;Pará;Ambos;2010;Arma branca ou objeto contundente;856;11.12;11.51
PA;Pará;Ambos;2010;Estrangulamento;22;0.29;0.35
PA;Pará;Ambos;2010;Força corporal;51;0.66;0.67
PA;Pará;Ambos;2010;Demais meios especificados;26;0.34;0.4
PA;Pará;Ambos;2010;Meios não especificados;59;0.77;0.85
PA;Pará;Ambos;2011;Arma de fogo;2077;26.67;24.8
PA;Pará;Ambos;2011;Arma branca ou objeto contundente;836;10.73;10.85
PA;Pará;Ambos;2011;Estrangulamento;24;0.31;0.32
PA;Pará;Ambos;2011;Força corporal;26;0.33;0.34
PA;Pará;Ambos;2011;Demais meios especificados;30;0.39;0.47
PA;Pará;Ambos;2011;Meios não especificados;76;0.98;1.01
PA;Pará;Ambos;2012;Arma de fogo;2138;27.15;25.15
PA;Pará;Ambos;2012;Arma branca ou objeto contundente;891;11.31;11.08
PA;Pará;Ambos;2012;Estrangulamento;33;0.42;0.42
PA;Pará;Ambos;2012;Força corporal;25;0.32;0.3
PA;Pará;Ambos;2012;Demais meios especificados;61;0.77;0.81
PA;Pará;Ambos;2012;Meios não especificados;88;1.12;1.1
PA;Pará;Ambos;2013;Arma de fogo;2229;28;26.06
PA;Pará;Ambos;2013;Arma branca ou objeto contundente;987;12.4;11.89
PA;Pará;Ambos;2013;Estrangulamento;36;0.45;0.43
PA;Pará;Ambos;2013;Força corporal;37;0.46;0.5
PA;Pará;Ambos;2013;Demais meios especificados;61;0.77;0.84
PA;Pará;Ambos;2013;Meios não especificados;53;0.67;0.65
PA;Pará;Ambos;2014;Arma de fogo;2305;28.64;26.47
PA;Pará;Ambos;2014;Arma branca ou objeto contundente;912;11.33;10.8
PA;Pará;Ambos;2014;Estrangulamento;43;0.53;0.52
PA;Pará;Ambos;2014;Força corporal;50;0.62;0.59
PA;Pará;Ambos;2014;Demais meios especificados;53;0.66;0.65
PA;Pará;Ambos;2014;Meios não especificados;80;0.99;0.94
PA;Pará;Ambos;2015;Arma de fogo;2539;31.22;29.3
PA;Pará;Ambos;2015;Arma branca ou objeto contundente;956;11.76;11.62
PA;Pará;Ambos;2015;Estrangulamento;37;0.46;0.41
PA;Pará;Ambos;2015;Força corporal;84;1.03;1.08
PA;Pará;Ambos;2015;Demais meios especificados;23;0.28;0.28
PA;Pará;Ambos;2015;Meios não especificados;36;0.44;0.36
PA;Pará;Ambos;2016;Arma de fogo;3048;37.14;34.17
PA;Pará;Ambos;2016;Arma branca ou objeto contundente;940;11.45;11.15
PA;Pará;Ambos;2016;Estrangulamento;45;0.55;0.61
PA;Pará;Ambos;2016;Força corporal;86;1.05;0.99
PA;Pará;Ambos;2016;Demais meios especificados;41;0.5;0.56
PA;Pará;Ambos;2016;Meios não especificados;60;0.73;0.77
PA;Pará;Ambos;2017;Arma de fogo;3362;40.62;37.68
PA;Pará;Ambos;2017;Arma branca ou objeto contundente;979;11.83;11.21
PA;Pará;Ambos;2017;Estrangulamento;56;0.68;0.68
PA;Pará;Ambos;2017;Força corporal;65;0.79;0.82
PA;Pará;Ambos;2017;Demais meios especificados;29;0.35;0.33
PA;Pará;Ambos;2017;Meios não especificados;49;0.59;0.56
PA;Pará;Ambos;2018;Arma de fogo;3439;41.24;38.27
PA;Pará;Ambos;2018;Arma branca ou objeto contundente;885;10.61;10.31
PA;Pará;Ambos;2018;Estrangulamento;50;0.6;0.57
PA;Pará;Ambos;2018;Força corporal;70;0.84;0.86
PA;Pará;Ambos;2018;Demais meios especificados;22;0.26;0.24
PA;Pará;Ambos;2018;Meios não especificados;40;0.48;0.48
PA;Pará;Ambos;2019;Arma de fogo;2342;27.87;25.81
PA;Pará;Ambos;2019;Arma branca ou objeto contundente;800;9.52;9.18
PA;Pará;Ambos;2019;Estrangulamento;46;0.55;0.51
PA;Pará;Ambos;2019;Força corporal;52;0.62;0.57
PA;Pará;Ambos;2019;Demais meios especificados;61;0.73;0.62
PA;Pará;Ambos;2019;Meios não especificados;56;0.67;0.58
PA;Pará;Ambos;2020;Arma de fogo;1886;22.28;20.66
PA;Pará;Ambos;2020;Arma branca ou objeto contundente;723;8.54;8.3
PA;Pará;Ambos;2020;Estrangulamento;17;0.2;0.19
PA;Pará;Ambos;2020;Força corporal;87;1.03;1.1
PA;Pará;Ambos;2020;Demais meios especificados;18;0.21;0.22
PA;Pará;Ambos;2020;Meios não especificados;42;0.5;0.47
PA;Pará;Ambos;2021;Arma de fogo;1939;22.76;21.35
PA;Pará;Ambos;2021;Arma branca ou objeto contundente;671;7.88;7.71
PA;Pará;Ambos;2021;Estrangulamento;39;0.46;0.47
PA;Pará;Ambos;2021;Força corporal;57;0.67;0.69
PA;Pará;Ambos;2021;Demais meios especificados;24;0.28;0.27
PA;Pará;Ambos;2021;Meios não especificados;43;0.5;0.48
PA;Pará;Ambos;2022;Arma de fogo;2006;23.41;21.89
PA;Pará;Ambos;2022;Arma branca ou objeto contundente;660;7.7;7.48
PA;Pará;Ambos;2022;Estrangulamento;31;0.36;0.36
PA;Pará;Ambos;2022;Força corporal;55;0.64;0.67
PA;Pará;Ambos;2022;Demais meios especificados;15;0.18;0.15
PA;Pará;Ambos;2022;Meios não especificados;46;0.54;0.54
PA;Pará;Ambos;2023;Arma de fogo;1742;20.22;19.04
PA;Pará;Ambos;2023;Arma branca ou objeto contundente;598;6.94;6.87
PA;Pará;Ambos;2023;Estrangulamento;28;0.32;0.28
PA;Pará;Ambos;2023;Força corporal;84;0.97;0.96
PA;Pará;Ambos;2023;Demais meios especificados;14;0.16;0.14
PA;Pará;Ambos;2023;Meios não especificados;33;0.38;0.38
PA;Pará;Ambos;2024;Arma de fogo;1547;17.85;16.84
PA;Pará;Ambos;2024;Arma branca ou objeto contundente;549;6.34;6.17
PA;Pará;Ambos;2024;Estrangulamento;29;0.33;0.34
PA;Pará;Ambos;2024;Força corporal;60;0.69;0.73
PA;Pará;Ambos;2024;Demais meios especificados;20;0.23;0.25
PA;Pará;Ambos;2024;Meios não especificados;28;0.32;0.32
PA;Pará;Ambos;2025;Arma de fogo;1482;17.01;16.21
PA;Pará;Ambos;2025;Arma branca ou objeto contundente;558;6.41;6.17
PA;Pará;Ambos;2025;Estrangulamento;28;0.32;0.33
PA;Pará;Ambos;2025;Força corporal;44;0.51;0.49
PA;Pará;Ambos;2025;Demais meios especificados;11;0.13;0.12
PA;Pará;Ambos;2025;Meios não especificados;25;0.29;0.27
PA;Pará;Homens;2000;Arma de fogo;437;13.35;14.77
PA;Pará;Homens;2000;Arma branca ou objeto contundente;221;6.75;7.66
PA;Pará;Homens;2000;Estrangulamento;4;0.12;0.13
PA;Pará;Homens;2000;Força corporal;18;0.55;0.61
PA;Pará;Homens;2000;Demais meios especificados;12;0.37;0.53
PA;Pará;Homens;2000;Meios não especificados;51;1.56;2.01
PA;Pará;Homens;2001;Arma de fogo;497;14.9;16.59
PA;Pará;Homens;2001;Arma branca ou objeto contundente;261;7.82;8.12
PA;Pará;Homens;2001;Estrangulamento;12;0.36;0.48
PA;Pará;Homens;2001;Força corporal;6;0.18;0.18
PA;Pará;Homens;2001;Demais meios especificados;18;0.54;0.74
PA;Pará;Homens;2001;Meios não especificados;74;2.22;2.43
PA;Pará;Homens;2002;Arma de fogo;661;19.44;21.01
PA;Pará;Homens;2002;Arma branca ou objeto contundente;346;10.18;11.35
PA;Pará;Homens;2002;Estrangulamento;2;0.06;0.05
PA;Pará;Homens;2002;Força corporal;13;0.38;0.5
PA;Pará;Homens;2002;Demais meios especificados;15;0.44;0.31
PA;Pará;Homens;2002;Meios não especificados;82;2.41;2.46
PA;Pará;Homens;2003;Arma de fogo;826;23.86;25.92
PA;Pará;Homens;2003;Arma branca ou objeto contundente;378;10.92;11.25
PA;Pará;Homens;2003;Estrangulamento;13;0.38;0.4
PA;Pará;Homens;2003;Força corporal;9;0.26;0.29
PA;Pará;Homens;2003;Demais meios especificados;13;0.38;0.39
PA;Pará;Homens;2003;Meios não especificados;71;2.05;2.34
PA;Pará;Homens;2004;Arma de fogo;927;26.3;27.54
PA;Pará;Homens;2004;Arma branca ou objeto contundente;386;10.95;11.7
PA;Pará;Homens;2004;Estrangulamento;6;0.17;0.21
PA;Pará;Homens;2004;Força corporal;9;0.26;0.32
PA;Pará;Homens;2004;Demais meios especificados;19;0.54;0.62
PA;Pará;Homens;2004;Meios não especificados;79;2.24;2.52
PA;Pará;Homens;2005;Arma de fogo;1139;31.76;32.13
PA;Pará;Homens;2005;Arma branca ou objeto contundente;513;14.3;14.9
PA;Pará;Homens;2005;Estrangulamento;11;0.31;0.39
PA;Pará;Homens;2005;Força corporal;17;0.47;0.54
PA;Pará;Homens;2005;Demais meios especificados;18;0.5;0.59
PA;Pará;Homens;2005;Meios não especificados;99;2.76;2.95
PA;Pará;Homens;2006;Arma de fogo;1223;33.52;33.11
PA;Pará;Homens;2006;Arma branca ou objeto contundente;554;15.19;15.57
PA;Pará;Homens;2006;Estrangulamento;5;0.14;0.15
PA;Pará;Homens;2006;Força corporal;24;0.66;0.63
PA;Pará;Homens;2006;Demais meios especificados;45;1.23;1.41
PA;Pará;Homens;2006;Meios não especificados;78;2.14;2.14
PA;Pará;Homens;2007;Arma de fogo;1327;35.78;34.65
PA;Pará;Homens;2007;Arma branca ou objeto contundente;614;16.55;16.89
PA;Pará;Homens;2007;Estrangulamento;12;0.32;0.35
PA;Pará;Homens;2007;Força corporal;15;0.4;0.46
PA;Pará;Homens;2007;Demais meios especificados;21;0.57;0.53
PA;Pará;Homens;2007;Meios não especificados;59;1.59;1.68
PA;Pará;Homens;2008;Arma de fogo;1837;48.74;47.78
PA;Pará;Homens;2008;Arma branca ou objeto contundente;686;18.2;18.47
PA;Pará;Homens;2008;Estrangulamento;20;0.53;0.56
PA;Pará;Homens;2008;Força corporal;20;0.53;0.52
PA;Pará;Homens;2008;Demais meios especificados;40;1.06;1.12
PA;Pará;Homens;2008;Meios não especificados;83;2.2;2.23
PA;Pará;Homens;2009;Arma de fogo;1953;51.06;49.05
PA;Pará;Homens;2009;Arma branca ou objeto contundente;727;19.01;18.83
PA;Pará;Homens;2009;Estrangulamento;9;0.24;0.28
PA;Pará;Homens;2009;Força corporal;15;0.39;0.34
PA;Pará;Homens;2009;Demais meios especificados;32;0.84;0.95
PA;Pará;Homens;2009;Meios não especificados;66;1.73;1.76
PA;Pará;Homens;2010;Arma de fogo;2373;61.25;59.14
PA;Pará;Homens;2010;Arma branca ou objeto contundente;770;19.87;20.77
PA;Pará;Homens;2010;Estrangulamento;15;0.39;0.49
PA;Pará;Homens;2010;Força corporal;49;1.26;1.31
PA;Pará;Homens;2010;Demais meios especificados;19;0.49;0.67
PA;Pará;Homens;2010;Meios não especificados;56;1.45;1.59
PA;Pará;Homens;2011;Arma de fogo;1968;50.22;46.76
PA;Pará;Homens;2011;Arma branca ou objeto contundente;766;19.55;19.69
PA;Pará;Homens;2011;Estrangulamento;16;0.41;0.45
PA;Pará;Homens;2011;Força corporal;25;0.64;0.63
PA;Pará;Homens;2011;Demais meios especificados;30;0.77;0.95
PA;Pará;Homens;2011;Meios não especificados;72;1.84;1.89
PA;Pará;Homens;2012;Arma de fogo;2013;50.81;47.4
PA;Pará;Homens;2012;Arma branca ou objeto contundente;801;20.22;19.96
PA;Pará;Homens;2012;Estrangulamento;25;0.63;0.65
PA;Pará;Homens;2012;Força corporal;23;0.58;0.56
PA;Pará;Homens;2012;Demais meios especificados;52;1.31;1.43
PA;Pará;Homens;2012;Meios não especificados;79;1.99;1.97
PA;Pará;Homens;2013;Arma de fogo;2099;52.41;49.15
PA;Pará;Homens;2013;Arma branca ou objeto contundente;902;22.52;21.83
PA;Pará;Homens;2013;Estrangulamento;28;0.7;0.65
PA;Pará;Homens;2013;Força corporal;34;0.85;0.91
PA;Pará;Homens;2013;Demais meios especificados;52;1.3;1.43
PA;Pará;Homens;2013;Meios não especificados;41;1.02;1.03
PA;Pará;Homens;2014;Arma de fogo;2170;53.6;49.81
PA;Pará;Homens;2014;Arma branca ou objeto contundente;825;20.38;19.51
PA;Pará;Homens;2014;Estrangulamento;30;0.74;0.75
PA;Pará;Homens;2014;Força corporal;47;1.16;1.08
PA;Pará;Homens;2014;Demais meios especificados;40;0.99;1.01
PA;Pará;Homens;2014;Meios não especificados;74;1.83;1.72
PA;Pará;Homens;2015;Arma de fogo;2389;58.4;55.06
PA;Pará;Homens;2015;Arma branca ou objeto contundente;859;21;20.86
PA;Pará;Homens;2015;Estrangulamento;27;0.66;0.62
PA;Pará;Homens;2015;Força corporal;74;1.81;1.93
PA;Pará;Homens;2015;Demais meios especificados;21;0.51;0.54
PA;Pará;Homens;2015;Meios não especificados;31;0.76;0.64
PA;Pará;Homens;2016;Arma de fogo;2866;69.42;64.07
PA;Pará;Homens;2016;Arma branca ou objeto contundente;848;20.54;20.07
PA;Pará;Homens;2016;Estrangulamento;33;0.8;0.87
PA;Pará;Homens;2016;Força corporal;82;1.99;1.93
PA;Pará;Homens;2016;Demais meios especificados;33;0.8;0.93
PA;Pará;Homens;2016;Meios não especificados;56;1.36;1.45
PA;Pará;Homens;2017;Arma de fogo;3157;75.85;70.61
PA;Pará;Homens;2017;Arma branca ou objeto contundente;889;21.36;20.34
PA;Pará;Homens;2017;Estrangulamento;44;1.06;1.09
PA;Pará;Homens;2017;Força corporal;62;1.49;1.53
PA;Pará;Homens;2017;Demais meios especificados;26;0.62;0.59
PA;Pará;Homens;2017;Meios não especificados;43;1.03;0.97
PA;Pará;Homens;2018;Arma de fogo;3231;77.05;71.86
PA;Pará;Homens;2018;Arma branca ou objeto contundente;783;18.67;18.39
PA;Pará;Homens;2018;Estrangulamento;38;0.91;0.84
PA;Pará;Homens;2018;Força corporal;57;1.36;1.44
PA;Pará;Homens;2018;Demais meios especificados;18;0.43;0.39
PA;Pará;Homens;2018;Meios não especificados;36;0.86;0.88
PA;Pará;Homens;2019;Arma de fogo;2200;52.06;48.45
PA;Pará;Homens;2019;Arma branca ou objeto contundente;718;16.99;16.53
PA;Pará;Homens;2019;Estrangulamento;36;0.85;0.81
PA;Pará;Homens;2019;Força corporal;47;1.11;1.05
PA;Pará;Homens;2019;Demais meios especificados;56;1.33;1.21
PA;Pará;Homens;2019;Meios não especificados;50;1.18;1.05
PA;Pará;Homens;2020;Arma de fogo;1782;41.88;38.94
PA;Pará;Homens;2020;Arma branca ou objeto contundente;657;15.44;15.11
PA;Pará;Homens;2020;Estrangulamento;10;0.24;0.24
PA;Pará;Homens;2020;Força corporal;70;1.65;1.8
PA;Pará;Homens;2020;Demais meios especificados;15;0.35;0.36
PA;Pará;Homens;2020;Meios não especificados;36;0.85;0.85
PA;Pará;Homens;2021;Arma de fogo;1833;42.83;40.39
PA;Pará;Homens;2021;Arma branca ou objeto contundente;590;13.78;13.64
PA;Pará;Homens;2021;Estrangulamento;29;0.68;0.7
PA;Pará;Homens;2021;Força corporal;49;1.14;1.19
PA;Pará;Homens;2021;Demais meios especificados;18;0.42;0.38
PA;Pará;Homens;2021;Meios não especificados;36;0.84;0.83
PA;Pará;Homens;2022;Arma de fogo;1894;44;41.29
PA;Pará;Homens;2022;Arma branca ou objeto contundente;591;13.73;13.49
PA;Pará;Homens;2022;Estrangulamento;23;0.53;0.55
PA;Pará;Homens;2022;Força corporal;45;1.05;1.05
PA;Pará;Homens;2022;Demais meios especificados;9;0.21;0.2
PA;Pará;Homens;2022;Meios não especificados;38;0.88;0.92
PA;Pará;Homens;2023;Arma de fogo;1641;37.93;35.77
PA;Pará;Homens;2023;Arma branca ou objeto contundente;538;12.43;12.51
PA;Pará;Homens;2023;Estrangulamento;17;0.39;0.36
PA;Pará;Homens;2023;Força corporal;71;1.64;1.62
PA;Pará;Homens;2023;Demais meios especificados;7;0.16;0.14
PA;Pará;Homens;2023;Meios não especificados;26;0.6;0.6
PA;Pará;Homens;2024;Arma de fogo;1455;33.44;31.45
PA;Pará;Homens;2024;Arma branca ou objeto contundente;491;11.29;11.12
PA;Pará;Homens;2024;Estrangulamento;23;0.53;0.53
PA;Pará;Homens;2024;Força corporal;56;1.29;1.37
PA;Pará;Homens;2024;Demais meios especificados;12;0.28;0.32
PA;Pará;Homens;2024;Meios não especificados;24;0.55;0.58
PA;Pará;Homens;2025;Arma de fogo;1401;32.03;30.49
PA;Pará;Homens;2025;Arma branca ou objeto contundente;492;11.25;10.9
PA;Pará;Homens;2025;Estrangulamento;18;0.41;0.43
PA;Pará;Homens;2025;Força corporal;39;0.89;0.87
PA;Pará;Homens;2025;Demais meios especificados;9;0.21;0.21
PA;Pará;Homens;2025;Meios não especificados;17;0.39;0.4
PA;Pará;Mulheres;2000;Arma de fogo;24;0.75;0.81
PA;Pará;Mulheres;2000;Arma branca ou objeto contundente;23;0.71;0.86
PA;Pará;Mulheres;2000;Estrangulamento;1;0.03;0.03
PA;Pará;Mulheres;2000;Demais meios especificados;3;0.09;0.08
PA;Pará;Mulheres;2000;Meios não especificados;12;0.37;0.44
PA;Pará;Mulheres;2001;Arma de fogo;46;1.4;1.67
PA;Pará;Mulheres;2001;Arma branca ou objeto contundente;31;0.94;1.03
PA;Pará;Mulheres;2001;Estrangulamento;8;0.24;0.26
PA;Pará;Mulheres;2001;Demais meios especificados;4;0.12;0.22
PA;Pará;Mulheres;2001;Meios não especificados;8;0.24;0.26
PA;Pará;Mulheres;2002;Arma de fogo;33;0.99;0.95
PA;Pará;Mulheres;2002;Arma branca ou objeto contundente;27;0.81;1.06
PA;Pará;Mulheres;2002;Estrangulamento;2;0.06;0.09
PA;Pará;Mulheres;2002;Força corporal;2;0.06;0.05
PA;Pará;Mulheres;2002;Demais meios especificados;2;0.06;0.04
PA;Pará;Mulheres;2002;Meios não especificados;7;0.21;0.24
PA;Pará;Mulheres;2003;Arma de fogo;45;1.32;1.4
PA;Pará;Mulheres;2003;Arma branca ou objeto contundente;34;1;0.98
PA;Pará;Mulheres;2003;Estrangulamento;8;0.23;0.28
PA;Pará;Mulheres;2003;Força corporal;1;0.03;0.02
PA;Pará;Mulheres;2003;Demais meios especificados;3;0.09;0.06
PA;Pará;Mulheres;2003;Meios não especificados;2;0.06;0.1
PA;Pará;Mulheres;2004;Arma de fogo;42;1.21;1.28
PA;Pará;Mulheres;2004;Arma branca ou objeto contundente;35;1.01;1.12
PA;Pará;Mulheres;2004;Estrangulamento;3;0.09;0.07
PA;Pará;Mulheres;2004;Força corporal;1;0.03;0.02
PA;Pará;Mulheres;2004;Demais meios especificados;7;0.2;0.21
PA;Pará;Mulheres;2004;Meios não especificados;5;0.14;0.2
PA;Pará;Mulheres;2005;Arma de fogo;56;1.58;1.69
PA;Pará;Mulheres;2005;Arma branca ou objeto contundente;48;1.36;1.46
PA;Pará;Mulheres;2005;Estrangulamento;3;0.08;0.07
PA;Pará;Mulheres;2005;Força corporal;1;0.03;0.04
PA;Pará;Mulheres;2005;Demais meios especificados;9;0.25;0.24
PA;Pará;Mulheres;2005;Meios não especificados;10;0.28;0.31
PA;Pará;Mulheres;2006;Arma de fogo;71;1.97;2.12
PA;Pará;Mulheres;2006;Arma branca ou objeto contundente;47;1.31;1.42
PA;Pará;Mulheres;2006;Estrangulamento;11;0.31;0.29
PA;Pará;Mulheres;2006;Demais meios especificados;3;0.08;0.05
PA;Pará;Mulheres;2006;Meios não especificados;8;0.22;0.28
PA;Pará;Mulheres;2007;Arma de fogo;58;1.59;1.56
PA;Pará;Mulheres;2007;Arma branca ou objeto contundente;70;1.91;2.05
PA;Pará;Mulheres;2007;Estrangulamento;7;0.19;0.17
PA;Pará;Mulheres;2007;Força corporal;1;0.03;0.06
PA;Pará;Mulheres;2007;Demais meios especificados;5;0.14;0.1
PA;Pará;Mulheres;2007;Meios não especificados;3;0.08;0.07
PA;Pará;Mulheres;2008;Arma de fogo;89;2.39;2.45
PA;Pará;Mulheres;2008;Arma branca ou objeto contundente;61;1.64;1.72
PA;Pará;Mulheres;2008;Estrangulamento;9;0.24;0.3
PA;Pará;Mulheres;2008;Demais meios especificados;5;0.13;0.13
PA;Pará;Mulheres;2008;Meios não especificados;3;0.08;0.07
PA;Pará;Mulheres;2009;Arma de fogo;84;2.22;2.1
PA;Pará;Mulheres;2009;Arma branca ou objeto contundente;75;1.99;2.05
PA;Pará;Mulheres;2009;Estrangulamento;9;0.24;0.28
PA;Pará;Mulheres;2009;Força corporal;2;0.05;0.03
PA;Pará;Mulheres;2009;Demais meios especificados;4;0.11;0.09
PA;Pará;Mulheres;2009;Meios não especificados;6;0.16;0.12
PA;Pará;Mulheres;2010;Arma de fogo;126;3.29;3.25
PA;Pará;Mulheres;2010;Arma branca ou objeto contundente;85;2.22;2.18
PA;Pará;Mulheres;2010;Estrangulamento;7;0.18;0.22
PA;Pará;Mulheres;2010;Força corporal;2;0.05;0.04
PA;Pará;Mulheres;2010;Demais meios especificados;7;0.18;0.14
PA;Pará;Mulheres;2010;Meios não especificados;3;0.08;0.11
PA;Pará;Mulheres;2011;Arma de fogo;106;2.74;2.72
PA;Pará;Mulheres;2011;Arma branca ou objeto contundente;67;1.73;1.91
PA;Pará;Mulheres;2011;Estrangulamento;8;0.21;0.19
PA;Pará;Mulheres;2011;Força corporal;1;0.03;0.05
PA;Pará;Mulheres;2011;Meios não especificados;4;0.1;0.13
PA;Pará;Mulheres;2012;Arma de fogo;119;3.04;2.81
PA;Pará;Mulheres;2012;Arma branca ou objeto contundente;87;2.22;2.18
PA;Pará;Mulheres;2012;Estrangulamento;8;0.2;0.2
PA;Pará;Mulheres;2012;Força corporal;2;0.05;0.04
PA;Pará;Mulheres;2012;Demais meios especificados;8;0.2;0.19
PA;Pará;Mulheres;2012;Meios não especificados;8;0.2;0.22
PA;Pará;Mulheres;2013;Arma de fogo;121;3.06;2.92
PA;Pará;Mulheres;2013;Arma branca ou objeto contundente;77;1.95;1.91
PA;Pará;Mulheres;2013;Estrangulamento;8;0.2;0.21
PA;Pará;Mulheres;2013;Força corporal;3;0.08;0.1
PA;Pará;Mulheres;2013;Demais meios especificados;9;0.23;0.26
PA;Pará;Mulheres;2013;Meios não especificados;12;0.3;0.27
PA;Pará;Mulheres;2014;Arma de fogo;132;3.3;3.08
PA;Pará;Mulheres;2014;Arma branca ou objeto contundente;83;2.08;2.07
PA;Pará;Mulheres;2014;Estrangulamento;13;0.33;0.3
PA;Pará;Mulheres;2014;Força corporal;3;0.08;0.09
PA;Pará;Mulheres;2014;Demais meios especificados;12;0.3;0.29
PA;Pará;Mulheres;2014;Meios não especificados;6;0.15;0.16
PA;Pará;Mulheres;2015;Arma de fogo;144;3.56;3.5
PA;Pará;Mulheres;2015;Arma branca ou objeto contundente;92;2.28;2.36
PA;Pará;Mulheres;2015;Estrangulamento;10;0.25;0.21
PA;Pará;Mulheres;2015;Força corporal;10;0.25;0.25
PA;Pará;Mulheres;2015;Demais meios especificados;2;0.05;0.04
PA;Pará;Mulheres;2015;Meios não especificados;3;0.07;0.09
PA;Pará;Mulheres;2016;Arma de fogo;178;4.36;4.19
PA;Pará;Mulheres;2016;Arma branca ou objeto contundente;89;2.18;2.22
PA;Pará;Mulheres;2016;Estrangulamento;12;0.29;0.33
PA;Pará;Mulheres;2016;Força corporal;4;0.1;0.05
PA;Pará;Mulheres;2016;Demais meios especificados;8;0.2;0.2
PA;Pará;Mulheres;2016;Meios não especificados;3;0.07;0.09
PA;Pará;Mulheres;2017;Arma de fogo;202;4.91;4.65
PA;Pará;Mulheres;2017;Arma branca ou objeto contundente;85;2.07;2.13
PA;Pará;Mulheres;2017;Estrangulamento;12;0.29;0.28
PA;Pará;Mulheres;2017;Força corporal;3;0.07;0.11
PA;Pará;Mulheres;2017;Demais meios especificados;3;0.07;0.08
PA;Pará;Mulheres;2017;Meios não especificados;5;0.12;0.14
PA;Pará;Mulheres;2018;Arma de fogo;197;4.75;4.48
PA;Pará;Mulheres;2018;Arma branca ou objeto contundente;94;2.27;2.22
PA;Pará;Mulheres;2018;Estrangulamento;12;0.29;0.31
PA;Pará;Mulheres;2018;Força corporal;12;0.29;0.3
PA;Pará;Mulheres;2018;Demais meios especificados;4;0.1;0.08
PA;Pará;Mulheres;2018;Meios não especificados;4;0.1;0.09
PA;Pará;Mulheres;2019;Arma de fogo;135;3.23;3.07
PA;Pará;Mulheres;2019;Arma branca ou objeto contundente;75;1.79;1.81
PA;Pará;Mulheres;2019;Estrangulamento;10;0.24;0.21
PA;Pará;Mulheres;2019;Força corporal;4;0.1;0.1
PA;Pará;Mulheres;2019;Demais meios especificados;3;0.07;0.04
PA;Pará;Mulheres;2019;Meios não especificados;5;0.12;0.11
PA;Pará;Mulheres;2020;Arma de fogo;99;2.35;2.25
PA;Pará;Mulheres;2020;Arma branca ou objeto contundente;62;1.47;1.5
PA;Pará;Mulheres;2020;Estrangulamento;7;0.17;0.13
PA;Pará;Mulheres;2020;Força corporal;17;0.4;0.42
PA;Pará;Mulheres;2020;Demais meios especificados;3;0.07;0.08
PA;Pará;Mulheres;2020;Meios não especificados;4;0.09;0.08
PA;Pará;Mulheres;2021;Arma de fogo;100;2.36;2.23
PA;Pará;Mulheres;2021;Arma branca ou objeto contundente;78;1.84;1.83
PA;Pará;Mulheres;2021;Estrangulamento;10;0.24;0.24
PA;Pará;Mulheres;2021;Força corporal;8;0.19;0.2
PA;Pará;Mulheres;2021;Demais meios especificados;6;0.14;0.15
PA;Pará;Mulheres;2021;Meios não especificados;5;0.12;0.12
PA;Pará;Mulheres;2022;Arma de fogo;105;2.46;2.38
PA;Pará;Mulheres;2022;Arma branca ou objeto contundente;66;1.55;1.49
PA;Pará;Mulheres;2022;Estrangulamento;8;0.19;0.17
PA;Pará;Mulheres;2022;Força corporal;10;0.23;0.28
PA;Pará;Mulheres;2022;Demais meios especificados;6;0.14;0.11
PA;Pará;Mulheres;2022;Meios não especificados;7;0.16;0.16
PA;Pará;Mulheres;2023;Arma de fogo;100;2.33;2.2
PA;Pará;Mulheres;2023;Arma branca ou objeto contundente;57;1.33;1.29
PA;Pará;Mulheres;2023;Estrangulamento;10;0.23;0.22
PA;Pará;Mulheres;2023;Força corporal;13;0.3;0.31
PA;Pará;Mulheres;2023;Demais meios especificados;6;0.14;0.14
PA;Pará;Mulheres;2023;Meios não especificados;6;0.14;0.15
PA;Pará;Mulheres;2024;Arma de fogo;92;2.13;2.09
PA;Pará;Mulheres;2024;Arma branca ou objeto contundente;55;1.27;1.25
PA;Pará;Mulheres;2024;Estrangulamento;6;0.14;0.14
PA;Pará;Mulheres;2024;Força corporal;4;0.09;0.1
PA;Pará;Mulheres;2024;Demais meios especificados;8;0.19;0.18
PA;Pará;Mulheres;2024;Meios não especificados;4;0.09;0.07
PA;Pará;Mulheres;2025;Arma de fogo;81;1.87;1.82
PA;Pará;Mulheres;2025;Arma branca ou objeto contundente;64;1.48;1.47
PA;Pará;Mulheres;2025;Estrangulamento;10;0.23;0.23
PA;Pará;Mulheres;2025;Força corporal;5;0.12;0.11
PA;Pará;Mulheres;2025;Demais meios especificados;2;0.05;0.04
PA;Pará;Mulheres;2025;Meios não especificados;7;0.16;0.16
PB;Paraíba;Ambos;2000;Arma de fogo;372;10.63;10.66
PB;Paraíba;Ambos;2000;Arma branca ou objeto contundente;109;3.11;3.28
PB;Paraíba;Ambos;2000;Estrangulamento;7;0.2;0.24
PB;Paraíba;Ambos;2000;Demais meios especificados;6;0.17;0.18
PB;Paraíba;Ambos;2000;Meios não especificados;13;0.37;0.39
PB;Paraíba;Ambos;2001;Arma de fogo;346;9.79;9.95
PB;Paraíba;Ambos;2001;Arma branca ou objeto contundente;101;2.86;2.97
PB;Paraíba;Ambos;2001;Estrangulamento;10;0.28;0.32
PB;Paraíba;Ambos;2001;Força corporal;6;0.17;0.19
PB;Paraíba;Ambos;2001;Demais meios especificados;9;0.25;0.28
PB;Paraíba;Ambos;2001;Meios não especificados;12;0.34;0.36
PB;Paraíba;Ambos;2002;Arma de fogo;425;11.91;11.68
PB;Paraíba;Ambos;2002;Arma branca ou objeto contundente;146;4.09;4.07
PB;Paraíba;Ambos;2002;Estrangulamento;7;0.2;0.15
PB;Paraíba;Ambos;2002;Força corporal;5;0.14;0.17
PB;Paraíba;Ambos;2002;Demais meios especificados;11;0.31;0.26
PB;Paraíba;Ambos;2002;Meios não especificados;13;0.36;0.43
PB;Paraíba;Ambos;2003;Arma de fogo;459;12.74;12.81
PB;Paraíba;Ambos;2003;Arma branca ou objeto contundente;123;3.41;3.48
PB;Paraíba;Ambos;2003;Estrangulamento;4;0.11;0.12
PB;Paraíba;Ambos;2003;Força corporal;6;0.17;0.19
PB;Paraíba;Ambos;2003;Demais meios especificados;10;0.28;0.3
PB;Paraíba;Ambos;2003;Meios não especificados;13;0.36;0.41
PB;Paraíba;Ambos;2004;Arma de fogo;472;12.98;13.11
PB;Paraíba;Ambos;2004;Arma branca ou objeto contundente;161;4.43;4.55
PB;Paraíba;Ambos;2004;Estrangulamento;6;0.17;0.18
PB;Paraíba;Ambos;2004;Força corporal;8;0.22;0.25
PB;Paraíba;Ambos;2004;Demais meios especificados;14;0.39;0.28
PB;Paraíba;Ambos;2004;Meios não especificados;14;0.39;0.42
PB;Paraíba;Ambos;2005;Arma de fogo;543;14.8;14.43
PB;Paraíba;Ambos;2005;Arma branca ou objeto contundente;180;4.91;5.14
PB;Paraíba;Ambos;2005;Estrangulamento;7;0.19;0.23
PB;Paraíba;Ambos;2005;Força corporal;2;0.05;0.08
PB;Paraíba;Ambos;2005;Demais meios especificados;7;0.19;0.21
PB;Paraíba;Ambos;2005;Meios não especificados;6;0.16;0.16
PB;Paraíba;Ambos;2006;Arma de fogo;628;16.97;16.53
PB;Paraíba;Ambos;2006;Arma branca ou objeto contundente;148;4;4.1
PB;Paraíba;Ambos;2006;Estrangulamento;4;0.11;0.11
PB;Paraíba;Ambos;2006;Força corporal;6;0.16;0.18
PB;Paraíba;Ambos;2006;Demais meios especificados;16;0.43;0.47
PB;Paraíba;Ambos;2006;Meios não especificados;22;0.59;0.57
PB;Paraíba;Ambos;2007;Arma de fogo;656;17.59;17.01
PB;Paraíba;Ambos;2007;Arma branca ou objeto contundente;141;3.78;3.81
PB;Paraíba;Ambos;2007;Estrangulamento;6;0.16;0.19
PB;Paraíba;Ambos;2007;Força corporal;13;0.35;0.39
PB;Paraíba;Ambos;2007;Demais meios especificados;18;0.48;0.46
PB;Paraíba;Ambos;2007;Meios não especificados;27;0.72;0.67
PB;Paraíba;Ambos;2008;Arma de fogo;750;19.96;19.1
PB;Paraíba;Ambos;2008;Arma branca ou objeto contundente;208;5.54;5.77
PB;Paraíba;Ambos;2008;Estrangulamento;8;0.21;0.19
PB;Paraíba;Ambos;2008;Força corporal;31;0.83;0.91
PB;Paraíba;Ambos;2008;Demais meios especificados;14;0.37;0.42
PB;Paraíba;Ambos;2008;Meios não especificados;16;0.43;0.39
PB;Paraíba;Ambos;2009;Arma de fogo;1019;26.91;25.63
PB;Paraíba;Ambos;2009;Arma branca ou objeto contundente;178;4.7;4.66
PB;Paraíba;Ambos;2009;Estrangulamento;8;0.21;0.2
PB;Paraíba;Ambos;2009;Força corporal;30;0.79;0.82
PB;Paraíba;Ambos;2009;Demais meios especificados;24;0.63;0.69
PB;Paraíba;Ambos;2009;Meios não especificados;4;0.11;0.1
PB;Paraíba;Ambos;2010;Arma de fogo;1208;31.68;29.86
PB;Paraíba;Ambos;2010;Arma branca ou objeto contundente;178;4.67;4.7
PB;Paraíba;Ambos;2010;Estrangulamento;10;0.26;0.24
PB;Paraíba;Ambos;2010;Força corporal;44;1.15;1.22
PB;Paraíba;Ambos;2010;Demais meios especificados;12;0.31;0.32
PB;Paraíba;Ambos;2010;Meios não especificados;3;0.08;0.07
PB;Paraíba;Ambos;2011;Arma de fogo;1379;35.95;34.5
PB;Paraíba;Ambos;2011;Arma branca ou objeto contundente;174;4.54;4.56
PB;Paraíba;Ambos;2011;Estrangulamento;7;0.18;0.19
PB;Paraíba;Ambos;2011;Força corporal;25;0.65;0.68
PB;Paraíba;Ambos;2011;Demais meios especificados;20;0.52;0.58
PB;Paraíba;Ambos;2011;Meios não especificados;9;0.23;0.2
PB;Paraíba;Ambos;2012;Arma de fogo;1224;31.72;30.26
PB;Paraíba;Ambos;2012;Arma branca ou objeto contundente;221;5.73;5.69
PB;Paraíba;Ambos;2012;Estrangulamento;13;0.34;0.36
PB;Paraíba;Ambos;2012;Força corporal;30;0.78;0.81
PB;Paraíba;Ambos;2012;Demais meios especificados;32;0.83;0.87
PB;Paraíba;Ambos;2012;Meios não especificados;5;0.13;0.13
PB;Paraíba;Ambos;2013;Arma de fogo;1258;32.41;30.87
PB;Paraíba;Ambos;2013;Arma branca ou objeto contundente;208;5.36;5.4
PB;Paraíba;Ambos;2013;Estrangulamento;10;0.26;0.26
PB;Paraíba;Ambos;2013;Força corporal;26;0.67;0.69
PB;Paraíba;Ambos;2013;Demais meios especificados;29;0.75;0.76
PB;Paraíba;Ambos;2013;Meios não especificados;20;0.52;0.53
PB;Paraíba;Ambos;2014;Arma de fogo;1253;32.08;30.57
PB;Paraíba;Ambos;2014;Arma branca ou objeto contundente;222;5.68;5.71
PB;Paraíba;Ambos;2014;Estrangulamento;7;0.18;0.19
PB;Paraíba;Ambos;2014;Força corporal;42;1.08;1.13
PB;Paraíba;Ambos;2014;Demais meios especificados;13;0.33;0.34
PB;Paraíba;Ambos;2014;Meios não especificados;14;0.36;0.36
PB;Paraíba;Ambos;2015;Arma de fogo;1264;32.15;31.15
PB;Paraíba;Ambos;2015;Arma branca ou objeto contundente;201;5.11;5.06
PB;Paraíba;Ambos;2015;Estrangulamento;8;0.2;0.2
PB;Paraíba;Ambos;2015;Força corporal;28;0.71;0.75
PB;Paraíba;Ambos;2015;Demais meios especificados;14;0.36;0.36
PB;Paraíba;Ambos;2015;Meios não especificados;6;0.15;0.16
PB;Paraíba;Ambos;2016;Arma de fogo;1060;26.78;26.08
PB;Paraíba;Ambos;2016;Arma branca ou objeto contundente;234;5.91;6
PB;Paraíba;Ambos;2016;Estrangulamento;6;0.15;0.15
PB;Paraíba;Ambos;2016;Força corporal;34;0.86;0.9
PB;Paraíba;Ambos;2016;Demais meios especificados;17;0.43;0.45
PB;Paraíba;Ambos;2016;Meios não especificados;4;0.1;0.12
PB;Paraíba;Ambos;2017;Arma de fogo;1054;26.47;25.95
PB;Paraíba;Ambos;2017;Arma branca ou objeto contundente;226;5.68;5.69
PB;Paraíba;Ambos;2017;Estrangulamento;10;0.25;0.26
PB;Paraíba;Ambos;2017;Força corporal;27;0.68;0.7
PB;Paraíba;Ambos;2017;Demais meios especificados;19;0.48;0.47
PB;Paraíba;Ambos;2017;Meios não especificados;1;0.03;0.02
PB;Paraíba;Ambos;2018;Arma de fogo;1006;25.1;24.71
PB;Paraíba;Ambos;2018;Arma branca ou objeto contundente;185;4.62;4.64
PB;Paraíba;Ambos;2018;Estrangulamento;8;0.2;0.2
PB;Paraíba;Ambos;2018;Força corporal;24;0.6;0.61
PB;Paraíba;Ambos;2018;Demais meios especificados;11;0.27;0.27
PB;Paraíba;Ambos;2018;Meios não especificados;3;0.07;0.08
PB;Paraíba;Ambos;2019;Arma de fogo;722;17.88;17.52
PB;Paraíba;Ambos;2019;Arma branca ou objeto contundente;179;4.43;4.5
PB;Paraíba;Ambos;2019;Estrangulamento;5;0.12;0.12
PB;Paraíba;Ambos;2019;Força corporal;29;0.72;0.75
PB;Paraíba;Ambos;2019;Demais meios especificados;17;0.42;0.44
PB;Paraíba;Ambos;2019;Meios não especificados;1;0.02;0.02
PB;Paraíba;Ambos;2020;Arma de fogo;919;22.61;22.48
PB;Paraíba;Ambos;2020;Arma branca ou objeto contundente;180;4.43;4.49
PB;Paraíba;Ambos;2020;Estrangulamento;10;0.25;0.25
PB;Paraíba;Ambos;2020;Força corporal;22;0.54;0.55
PB;Paraíba;Ambos;2020;Demais meios especificados;10;0.25;0.25
PB;Paraíba;Ambos;2021;Arma de fogo;930;22.75;22.71
PB;Paraíba;Ambos;2021;Arma branca ou objeto contundente;152;3.72;3.73
PB;Paraíba;Ambos;2021;Estrangulamento;7;0.17;0.17
PB;Paraíba;Ambos;2021;Força corporal;33;0.81;0.82
PB;Paraíba;Ambos;2021;Demais meios especificados;16;0.39;0.4
PB;Paraíba;Ambos;2021;Meios não especificados;6;0.15;0.15
PB;Paraíba;Ambos;2022;Arma de fogo;918;22.36;22.37
PB;Paraíba;Ambos;2022;Arma branca ou objeto contundente;125;3.04;3.07
PB;Paraíba;Ambos;2022;Estrangulamento;9;0.22;0.22
PB;Paraíba;Ambos;2022;Força corporal;28;0.68;0.66
PB;Paraíba;Ambos;2022;Demais meios especificados;11;0.27;0.27
PB;Paraíba;Ambos;2022;Meios não especificados;14;0.34;0.32
PB;Paraíba;Ambos;2023;Arma de fogo;900;21.82;21.93
PB;Paraíba;Ambos;2023;Arma branca ou objeto contundente;119;2.89;2.91
PB;Paraíba;Ambos;2023;Estrangulamento;15;0.36;0.36
PB;Paraíba;Ambos;2023;Força corporal;24;0.58;0.55
PB;Paraíba;Ambos;2023;Demais meios especificados;11;0.27;0.27
PB;Paraíba;Ambos;2023;Meios não especificados;9;0.22;0.22
PB;Paraíba;Ambos;2024;Arma de fogo;885;21.35;21.58
PB;Paraíba;Ambos;2024;Arma branca ou objeto contundente;129;3.11;3.12
PB;Paraíba;Ambos;2024;Estrangulamento;2;0.05;0.05
PB;Paraíba;Ambos;2024;Força corporal;31;0.75;0.74
PB;Paraíba;Ambos;2024;Demais meios especificados;6;0.14;0.14
PB;Paraíba;Ambos;2024;Meios não especificados;2;0.05;0.05
PB;Paraíba;Ambos;2025;Arma de fogo;837;20.1;20.41
PB;Paraíba;Ambos;2025;Arma branca ou objeto contundente;121;2.91;2.94
PB;Paraíba;Ambos;2025;Estrangulamento;6;0.14;0.15
PB;Paraíba;Ambos;2025;Força corporal;22;0.53;0.53
PB;Paraíba;Ambos;2025;Demais meios especificados;7;0.17;0.17
PB;Paraíba;Ambos;2025;Meios não especificados;9;0.22;0.22
PB;Paraíba;Homens;2000;Arma de fogo;340;20.01;20.1
PB;Paraíba;Homens;2000;Arma branca ou objeto contundente;102;6;6.41
PB;Paraíba;Homens;2000;Estrangulamento;6;0.35;0.47
PB;Paraíba;Homens;2000;Demais meios especificados;3;0.18;0.26
PB;Paraíba;Homens;2000;Meios não especificados;12;0.71;0.76
PB;Paraíba;Homens;2001;Arma de fogo;323;18.82;19.31
PB;Paraíba;Homens;2001;Arma branca ou objeto contundente;86;5.01;5.25
PB;Paraíba;Homens;2001;Estrangulamento;8;0.47;0.53
PB;Paraíba;Homens;2001;Força corporal;6;0.35;0.39
PB;Paraíba;Homens;2001;Demais meios especificados;8;0.47;0.5
PB;Paraíba;Homens;2001;Meios não especificados;8;0.47;0.55
PB;Paraíba;Homens;2002;Arma de fogo;393;22.67;22.63
PB;Paraíba;Homens;2002;Arma branca ou objeto contundente;128;7.38;7.51
PB;Paraíba;Homens;2002;Estrangulamento;4;0.23;0.28
PB;Paraíba;Homens;2002;Força corporal;5;0.29;0.35
PB;Paraíba;Homens;2002;Demais meios especificados;9;0.52;0.48
PB;Paraíba;Homens;2002;Meios não especificados;12;0.69;0.86
PB;Paraíba;Homens;2003;Arma de fogo;436;24.92;25.22
PB;Paraíba;Homens;2003;Arma branca ou objeto contundente;113;6.46;6.61
PB;Paraíba;Homens;2003;Estrangulamento;3;0.17;0.21
PB;Paraíba;Homens;2003;Força corporal;5;0.29;0.35
PB;Paraíba;Homens;2003;Demais meios especificados;9;0.51;0.57
PB;Paraíba;Homens;2003;Meios não especificados;12;0.69;0.8
PB;Paraíba;Homens;2004;Arma de fogo;431;24.4;24.75
PB;Paraíba;Homens;2004;Arma branca ou objeto contundente;152;8.61;8.98
PB;Paraíba;Homens;2004;Estrangulamento;4;0.23;0.23
PB;Paraíba;Homens;2004;Força corporal;6;0.34;0.46
PB;Paraíba;Homens;2004;Demais meios especificados;6;0.34;0.37
PB;Paraíba;Homens;2004;Meios não especificados;12;0.68;0.81
PB;Paraíba;Homens;2005;Arma de fogo;507;28.45;27.82
PB;Paraíba;Homens;2005;Arma branca ou objeto contundente;159;8.92;9.39
PB;Paraíba;Homens;2005;Estrangulamento;3;0.17;0.2
PB;Paraíba;Homens;2005;Força corporal;2;0.11;0.16
PB;Paraíba;Homens;2005;Demais meios especificados;6;0.34;0.37
PB;Paraíba;Homens;2005;Meios não especificados;6;0.34;0.33
PB;Paraíba;Homens;2006;Arma de fogo;589;32.77;31.96
PB;Paraíba;Homens;2006;Arma branca ou objeto contundente;133;7.4;7.66
PB;Paraíba;Homens;2006;Estrangulamento;3;0.17;0.2
PB;Paraíba;Homens;2006;Força corporal;5;0.28;0.3
PB;Paraíba;Homens;2006;Demais meios especificados;12;0.67;0.72
PB;Paraíba;Homens;2006;Meios não especificados;19;1.06;1.13
PB;Paraíba;Homens;2007;Arma de fogo;613;33.85;32.85
PB;Paraíba;Homens;2007;Arma branca ou objeto contundente;126;6.96;6.98
PB;Paraíba;Homens;2007;Estrangulamento;2;0.11;0.13
PB;Paraíba;Homens;2007;Força corporal;12;0.66;0.78
PB;Paraíba;Homens;2007;Demais meios especificados;15;0.83;0.85
PB;Paraíba;Homens;2007;Meios não especificados;23;1.27;1.18
PB;Paraíba;Homens;2008;Arma de fogo;701;38.43;36.47
PB;Paraíba;Homens;2008;Arma branca ou objeto contundente;185;10.14;10.72
PB;Paraíba;Homens;2008;Estrangulamento;5;0.27;0.27
PB;Paraíba;Homens;2008;Força corporal;25;1.37;1.54
PB;Paraíba;Homens;2008;Demais meios especificados;9;0.49;0.6
PB;Paraíba;Homens;2008;Meios não especificados;15;0.82;0.76
PB;Paraíba;Homens;2009;Arma de fogo;951;51.75;49.13
PB;Paraíba;Homens;2009;Arma branca ou objeto contundente;160;8.71;8.73
PB;Paraíba;Homens;2009;Estrangulamento;7;0.38;0.38
PB;Paraíba;Homens;2009;Força corporal;23;1.25;1.37
PB;Paraíba;Homens;2009;Demais meios especificados;19;1.03;1.14
PB;Paraíba;Homens;2009;Meios não especificados;4;0.22;0.23
PB;Paraíba;Homens;2010;Arma de fogo;1129;61.04;57.09
PB;Paraíba;Homens;2010;Arma branca ou objeto contundente;155;8.38;8.48
PB;Paraíba;Homens;2010;Estrangulamento;7;0.38;0.34
PB;Paraíba;Homens;2010;Força corporal;33;1.78;1.89
PB;Paraíba;Homens;2010;Demais meios especificados;9;0.49;0.52
PB;Paraíba;Homens;2010;Meios não especificados;3;0.16;0.13
PB;Paraíba;Homens;2011;Arma de fogo;1271;68.33;65.27
PB;Paraíba;Homens;2011;Arma branca ou objeto contundente;155;8.33;8.46
PB;Paraíba;Homens;2011;Estrangulamento;6;0.32;0.36
PB;Paraíba;Homens;2011;Força corporal;19;1.02;1.08
PB;Paraíba;Homens;2011;Demais meios especificados;15;0.81;0.97
PB;Paraíba;Homens;2011;Meios não especificados;8;0.43;0.36
PB;Paraíba;Homens;2012;Arma de fogo;1135;60.68;57.49
PB;Paraíba;Homens;2012;Arma branca ou objeto contundente;188;10.05;10.05
PB;Paraíba;Homens;2012;Estrangulamento;9;0.48;0.56
PB;Paraíba;Homens;2012;Força corporal;24;1.28;1.32
PB;Paraíba;Homens;2012;Demais meios especificados;27;1.44;1.53
PB;Paraíba;Homens;2012;Meios não especificados;5;0.27;0.27
PB;Paraíba;Homens;2013;Arma de fogo;1174;62.41;58.95
PB;Paraíba;Homens;2013;Arma branca ou objeto contundente;183;9.73;9.96
PB;Paraíba;Homens;2013;Estrangulamento;6;0.32;0.3
PB;Paraíba;Homens;2013;Força corporal;21;1.12;1.22
PB;Paraíba;Homens;2013;Demais meios especificados;22;1.17;1.23
PB;Paraíba;Homens;2013;Meios não especificados;18;0.96;1
PB;Paraíba;Homens;2014;Arma de fogo;1171;61.88;58.52
PB;Paraíba;Homens;2014;Arma branca ou objeto contundente;196;10.36;10.44
PB;Paraíba;Homens;2014;Estrangulamento;6;0.32;0.33
PB;Paraíba;Homens;2014;Força corporal;40;2.11;2.25
PB;Paraíba;Homens;2014;Demais meios especificados;8;0.42;0.46
PB;Paraíba;Homens;2014;Meios não especificados;12;0.63;0.63
PB;Paraíba;Homens;2015;Arma de fogo;1190;62.47;60.27
PB;Paraíba;Homens;2015;Arma branca ou objeto contundente;170;8.92;9.1
PB;Paraíba;Homens;2015;Estrangulamento;6;0.31;0.29
PB;Paraíba;Homens;2015;Força corporal;25;1.31;1.4
PB;Paraíba;Homens;2015;Demais meios especificados;9;0.47;0.52
PB;Paraíba;Homens;2015;Meios não especificados;5;0.26;0.27
PB;Paraíba;Homens;2016;Arma de fogo;998;52.07;50.37
PB;Paraíba;Homens;2016;Arma branca ou objeto contundente;206;10.75;10.95
PB;Paraíba;Homens;2016;Estrangulamento;4;0.21;0.23
PB;Paraíba;Homens;2016;Força corporal;26;1.36;1.5
PB;Paraíba;Homens;2016;Demais meios especificados;11;0.57;0.65
PB;Paraíba;Homens;2016;Meios não especificados;3;0.16;0.2
PB;Paraíba;Homens;2017;Arma de fogo;1003;52.02;50.6
PB;Paraíba;Homens;2017;Arma branca ou objeto contundente;199;10.32;10.38
PB;Paraíba;Homens;2017;Estrangulamento;7;0.36;0.39
PB;Paraíba;Homens;2017;Força corporal;24;1.24;1.36
PB;Paraíba;Homens;2017;Demais meios especificados;15;0.78;0.76
PB;Paraíba;Homens;2017;Meios não especificados;1;0.05;0.04
PB;Paraíba;Homens;2018;Arma de fogo;949;48.89;47.73
PB;Paraíba;Homens;2018;Arma branca ou objeto contundente;167;8.6;8.68
PB;Paraíba;Homens;2018;Estrangulamento;7;0.36;0.37
PB;Paraíba;Homens;2018;Força corporal;21;1.08;1.13
PB;Paraíba;Homens;2018;Demais meios especificados;7;0.36;0.37
PB;Paraíba;Homens;2018;Meios não especificados;3;0.15;0.16
PB;Paraíba;Homens;2019;Arma de fogo;682;34.88;33.92
PB;Paraíba;Homens;2019;Arma branca ou objeto contundente;152;7.77;7.93
PB;Paraíba;Homens;2019;Estrangulamento;4;0.2;0.21
PB;Paraíba;Homens;2019;Força corporal;28;1.43;1.52
PB;Paraíba;Homens;2019;Demais meios especificados;13;0.66;0.69
PB;Paraíba;Homens;2019;Meios não especificados;1;0.05;0.05
PB;Paraíba;Homens;2020;Arma de fogo;863;43.84;43.21
PB;Paraíba;Homens;2020;Arma branca ou objeto contundente;151;7.67;7.84
PB;Paraíba;Homens;2020;Estrangulamento;5;0.25;0.26
PB;Paraíba;Homens;2020;Força corporal;20;1.02;1.04
PB;Paraíba;Homens;2020;Demais meios especificados;8;0.41;0.42
PB;Paraíba;Homens;2021;Arma de fogo;887;44.81;44.31
PB;Paraíba;Homens;2021;Arma branca ou objeto contundente;124;6.26;6.36
PB;Paraíba;Homens;2021;Estrangulamento;5;0.25;0.25
PB;Paraíba;Homens;2021;Força corporal;30;1.52;1.59
PB;Paraíba;Homens;2021;Demais meios especificados;11;0.56;0.6
PB;Paraíba;Homens;2021;Meios não especificados;4;0.2;0.2
PB;Paraíba;Homens;2022;Arma de fogo;854;42.96;42.51
PB;Paraíba;Homens;2022;Arma branca ou objeto contundente;110;5.53;5.62
PB;Paraíba;Homens;2022;Estrangulamento;7;0.35;0.35
PB;Paraíba;Homens;2022;Força corporal;25;1.26;1.22
PB;Paraíba;Homens;2022;Demais meios especificados;11;0.55;0.56
PB;Paraíba;Homens;2022;Meios não especificados;14;0.7;0.66
PB;Paraíba;Homens;2023;Arma de fogo;855;42.82;42.54
PB;Paraíba;Homens;2023;Arma branca ou objeto contundente;92;4.61;4.73
PB;Paraíba;Homens;2023;Estrangulamento;10;0.5;0.5
PB;Paraíba;Homens;2023;Força corporal;23;1.15;1.13
PB;Paraíba;Homens;2023;Demais meios especificados;8;0.4;0.42
PB;Paraíba;Homens;2023;Meios não especificados;9;0.45;0.46
PB;Paraíba;Homens;2024;Arma de fogo;835;41.61;41.38
PB;Paraíba;Homens;2024;Arma branca ou objeto contundente;112;5.58;5.64
PB;Paraíba;Homens;2024;Estrangulamento;1;0.05;0.05
PB;Paraíba;Homens;2024;Força corporal;29;1.45;1.47
PB;Paraíba;Homens;2024;Demais meios especificados;5;0.25;0.26
PB;Paraíba;Homens;2024;Meios não especificados;2;0.1;0.11
PB;Paraíba;Homens;2025;Arma de fogo;801;39.73;39.58
PB;Paraíba;Homens;2025;Arma branca ou objeto contundente;92;4.56;4.64
PB;Paraíba;Homens;2025;Estrangulamento;4;0.2;0.2
PB;Paraíba;Homens;2025;Força corporal;21;1.04;1.06
PB;Paraíba;Homens;2025;Demais meios especificados;7;0.35;0.35
PB;Paraíba;Homens;2025;Meios não especificados;9;0.45;0.45
PB;Paraíba;Mulheres;2000;Arma de fogo;32;1.78;1.86
PB;Paraíba;Mulheres;2000;Arma branca ou objeto contundente;7;0.39;0.39
PB;Paraíba;Mulheres;2000;Estrangulamento;1;0.06;0.04
PB;Paraíba;Mulheres;2000;Demais meios especificados;3;0.17;0.12
PB;Paraíba;Mulheres;2000;Meios não especificados;1;0.06;0.05
PB;Paraíba;Mulheres;2001;Arma de fogo;23;1.26;1.29
PB;Paraíba;Mulheres;2001;Arma branca ou objeto contundente;15;0.82;0.85
PB;Paraíba;Mulheres;2001;Estrangulamento;2;0.11;0.12
PB;Paraíba;Mulheres;2001;Demais meios especificados;1;0.05;0.08
PB;Paraíba;Mulheres;2001;Meios não especificados;4;0.22;0.2
PB;Paraíba;Mulheres;2002;Arma de fogo;25;1.36;1.26
PB;Paraíba;Mulheres;2002;Arma branca ou objeto contundente;18;0.98;0.95
PB;Paraíba;Mulheres;2002;Estrangulamento;1;0.05;0.04
PB;Paraíba;Mulheres;2002;Demais meios especificados;1;0.05;0.06
PB;Paraíba;Mulheres;2002;Meios não especificados;1;0.05;0.04
PB;Paraíba;Mulheres;2003;Arma de fogo;22;1.19;1.19
PB;Paraíba;Mulheres;2003;Arma branca ou objeto contundente;10;0.54;0.59
PB;Paraíba;Mulheres;2003;Estrangulamento;1;0.05;0.04
PB;Paraíba;Mulheres;2003;Força corporal;1;0.05;0.04
PB;Paraíba;Mulheres;2003;Meios não especificados;1;0.05;0.06
PB;Paraíba;Mulheres;2004;Arma de fogo;41;2.19;2.29
PB;Paraíba;Mulheres;2004;Arma branca ou objeto contundente;9;0.48;0.46
PB;Paraíba;Mulheres;2004;Estrangulamento;2;0.11;0.13
PB;Paraíba;Mulheres;2004;Força corporal;2;0.11;0.07
PB;Paraíba;Mulheres;2004;Demais meios especificados;4;0.21;0.2
PB;Paraíba;Mulheres;2004;Meios não especificados;2;0.11;0.08
PB;Paraíba;Mulheres;2005;Arma de fogo;36;1.91;1.86
PB;Paraíba;Mulheres;2005;Arma branca ou objeto contundente;21;1.11;1.21
PB;Paraíba;Mulheres;2005;Estrangulamento;4;0.21;0.26
PB;Paraíba;Mulheres;2005;Demais meios especificados;1;0.05;0.06
PB;Paraíba;Mulheres;2006;Arma de fogo;39;2.05;2.04
PB;Paraíba;Mulheres;2006;Arma branca ou objeto contundente;14;0.74;0.79
PB;Paraíba;Mulheres;2006;Estrangulamento;1;0.05;0.04
PB;Paraíba;Mulheres;2006;Força corporal;1;0.05;0.07
PB;Paraíba;Mulheres;2006;Demais meios especificados;4;0.21;0.24
PB;Paraíba;Mulheres;2006;Meios não especificados;3;0.16;0.08
PB;Paraíba;Mulheres;2007;Arma de fogo;42;2.19;2.1
PB;Paraíba;Mulheres;2007;Arma branca ou objeto contundente;15;0.78;0.86
PB;Paraíba;Mulheres;2007;Estrangulamento;4;0.21;0.24
PB;Paraíba;Mulheres;2007;Força corporal;1;0.05;0.04
PB;Paraíba;Mulheres;2007;Demais meios especificados;2;0.1;0.13
PB;Paraíba;Mulheres;2007;Meios não especificados;4;0.21;0.19
PB;Paraíba;Mulheres;2008;Arma de fogo;49;2.53;2.63
PB;Paraíba;Mulheres;2008;Arma branca ou objeto contundente;23;1.19;1.21
PB;Paraíba;Mulheres;2008;Estrangulamento;3;0.16;0.13
PB;Paraíba;Mulheres;2008;Força corporal;6;0.31;0.33
PB;Paraíba;Mulheres;2008;Demais meios especificados;5;0.26;0.27
PB;Paraíba;Mulheres;2008;Meios não especificados;1;0.05;0.05
PB;Paraíba;Mulheres;2009;Arma de fogo;67;3.44;3.37
PB;Paraíba;Mulheres;2009;Arma branca ou objeto contundente;18;0.92;0.91
PB;Paraíba;Mulheres;2009;Estrangulamento;1;0.05;0.04
PB;Paraíba;Mulheres;2009;Força corporal;7;0.36;0.35
PB;Paraíba;Mulheres;2009;Demais meios especificados;5;0.26;0.26
PB;Paraíba;Mulheres;2010;Arma de fogo;79;4.02;3.95
PB;Paraíba;Mulheres;2010;Arma branca ou objeto contundente;23;1.17;1.17
PB;Paraíba;Mulheres;2010;Estrangulamento;3;0.15;0.14
PB;Paraíba;Mulheres;2010;Força corporal;11;0.56;0.59
PB;Paraíba;Mulheres;2010;Demais meios especificados;3;0.15;0.14
PB;Paraíba;Mulheres;2011;Arma de fogo;108;5.47;5.34
PB;Paraíba;Mulheres;2011;Arma branca ou objeto contundente;19;0.96;0.95
PB;Paraíba;Mulheres;2011;Estrangulamento;1;0.05;0.04
PB;Paraíba;Mulheres;2011;Força corporal;6;0.3;0.31
PB;Paraíba;Mulheres;2011;Demais meios especificados;5;0.25;0.23
PB;Paraíba;Mulheres;2011;Meios não especificados;1;0.05;0.05
PB;Paraíba;Mulheres;2012;Arma de fogo;89;4.48;4.35
PB;Paraíba;Mulheres;2012;Arma branca ou objeto contundente;33;1.66;1.64
PB;Paraíba;Mulheres;2012;Estrangulamento;4;0.2;0.2
PB;Paraíba;Mulheres;2012;Força corporal;6;0.3;0.32
PB;Paraíba;Mulheres;2012;Demais meios especificados;5;0.25;0.26
PB;Paraíba;Mulheres;2013;Arma de fogo;84;4.2;4.07
PB;Paraíba;Mulheres;2013;Arma branca ou objeto contundente;25;1.25;1.2
PB;Paraíba;Mulheres;2013;Estrangulamento;4;0.2;0.21
PB;Paraíba;Mulheres;2013;Força corporal;4;0.2;0.21
PB;Paraíba;Mulheres;2013;Demais meios especificados;7;0.35;0.33
PB;Paraíba;Mulheres;2013;Meios não especificados;2;0.1;0.1
PB;Paraíba;Mulheres;2014;Arma de fogo;81;4.02;3.87
PB;Paraíba;Mulheres;2014;Arma branca ou objeto contundente;26;1.29;1.3
PB;Paraíba;Mulheres;2014;Estrangulamento;1;0.05;0.05
PB;Paraíba;Mulheres;2014;Força corporal;2;0.1;0.1
PB;Paraíba;Mulheres;2014;Demais meios especificados;5;0.25;0.23
PB;Paraíba;Mulheres;2014;Meios não especificados;2;0.1;0.11
PB;Paraíba;Mulheres;2015;Arma de fogo;73;3.6;3.5
PB;Paraíba;Mulheres;2015;Arma branca ou objeto contundente;27;1.33;1.34
PB;Paraíba;Mulheres;2015;Estrangulamento;2;0.1;0.11
PB;Paraíba;Mulheres;2015;Força corporal;3;0.15;0.16
PB;Paraíba;Mulheres;2015;Demais meios especificados;5;0.25;0.23
PB;Paraíba;Mulheres;2015;Meios não especificados;1;0.05;0.06
PB;Paraíba;Mulheres;2016;Arma de fogo;62;3.04;2.98
PB;Paraíba;Mulheres;2016;Arma branca ou objeto contundente;28;1.37;1.38
PB;Paraíba;Mulheres;2016;Estrangulamento;2;0.1;0.09
PB;Paraíba;Mulheres;2016;Força corporal;8;0.39;0.39
PB;Paraíba;Mulheres;2016;Demais meios especificados;6;0.29;0.28
PB;Paraíba;Mulheres;2016;Meios não especificados;1;0.05;0.05
PB;Paraíba;Mulheres;2017;Arma de fogo;51;2.48;2.45
PB;Paraíba;Mulheres;2017;Arma branca ou objeto contundente;27;1.31;1.31
PB;Paraíba;Mulheres;2017;Estrangulamento;3;0.15;0.16
PB;Paraíba;Mulheres;2017;Força corporal;3;0.15;0.14
PB;Paraíba;Mulheres;2017;Demais meios especificados;4;0.19;0.2
PB;Paraíba;Mulheres;2018;Arma de fogo;56;2.71;2.72
PB;Paraíba;Mulheres;2018;Arma branca ou objeto contundente;18;0.87;0.86
PB;Paraíba;Mulheres;2018;Estrangulamento;1;0.05;0.05
PB;Paraíba;Mulheres;2018;Força corporal;3;0.15;0.14
PB;Paraíba;Mulheres;2018;Demais meios especificados;4;0.19;0.17
PB;Paraíba;Mulheres;2019;Arma de fogo;39;1.87;1.88
PB;Paraíba;Mulheres;2019;Arma branca ou objeto contundente;27;1.3;1.3
PB;Paraíba;Mulheres;2019;Estrangulamento;1;0.05;0.05
PB;Paraíba;Mulheres;2019;Força corporal;1;0.05;0.05
PB;Paraíba;Mulheres;2019;Demais meios especificados;4;0.19;0.2
PB;Paraíba;Mulheres;2020;Arma de fogo;56;2.67;2.68
PB;Paraíba;Mulheres;2020;Arma branca ou objeto contundente;29;1.38;1.41
PB;Paraíba;Mulheres;2020;Estrangulamento;5;0.24;0.24
PB;Paraíba;Mulheres;2020;Força corporal;2;0.1;0.1
PB;Paraíba;Mulheres;2020;Demais meios especificados;2;0.1;0.1
PB;Paraíba;Mulheres;2021;Arma de fogo;43;2.04;2.05
PB;Paraíba;Mulheres;2021;Arma branca ou objeto contundente;28;1.33;1.33
PB;Paraíba;Mulheres;2021;Estrangulamento;2;0.09;0.1
PB;Paraíba;Mulheres;2021;Força corporal;3;0.14;0.14
PB;Paraíba;Mulheres;2021;Demais meios especificados;5;0.24;0.23
PB;Paraíba;Mulheres;2021;Meios não especificados;2;0.09;0.1
PB;Paraíba;Mulheres;2022;Arma de fogo;64;3.02;3.05
PB;Paraíba;Mulheres;2022;Arma branca ou objeto contundente;15;0.71;0.72
PB;Paraíba;Mulheres;2022;Estrangulamento;2;0.09;0.1
PB;Paraíba;Mulheres;2022;Força corporal;3;0.14;0.13
PB;Paraíba;Mulheres;2023;Arma de fogo;44;2.07;2.07
PB;Paraíba;Mulheres;2023;Arma branca ou objeto contundente;26;1.22;1.24
PB;Paraíba;Mulheres;2023;Estrangulamento;5;0.23;0.24
PB;Paraíba;Mulheres;2023;Força corporal;1;0.05;0.05
PB;Paraíba;Mulheres;2023;Demais meios especificados;3;0.14;0.14
PB;Paraíba;Mulheres;2024;Arma de fogo;50;2.34;2.39
PB;Paraíba;Mulheres;2024;Arma branca ou objeto contundente;16;0.75;0.76
PB;Paraíba;Mulheres;2024;Estrangulamento;1;0.05;0.05
PB;Paraíba;Mulheres;2024;Força corporal;2;0.09;0.08
PB;Paraíba;Mulheres;2024;Demais meios especificados;1;0.05;0.05
PB;Paraíba;Mulheres;2025;Arma de fogo;36;1.68;1.75
PB;Paraíba;Mulheres;2025;Arma branca ou objeto contundente;29;1.35;1.39
PB;Paraíba;Mulheres;2025;Estrangulamento;2;0.09;0.1
PB;Paraíba;Mulheres;2025;Força corporal;1;0.05;0.05
PE;Pernambuco;Ambos;2000;Arma de fogo;3617;44.38;43.6
PE;Pernambuco;Ambos;2000;Arma branca ou objeto contundente;580;7.12;7.91
PE;Pernambuco;Ambos;2000;Estrangulamento;30;0.37;0.39
PE;Pernambuco;Ambos;2000;Força corporal;11;0.13;0.13
PE;Pernambuco;Ambos;2000;Demais meios especificados;34;0.42;0.45
PE;Pernambuco;Ambos;2000;Meios não especificados;18;0.22;0.24
PE;Pernambuco;Ambos;2001;Arma de fogo;3949;47.95;46.23
PE;Pernambuco;Ambos;2001;Arma branca ou objeto contundente;666;8.09;8.9
PE;Pernambuco;Ambos;2001;Estrangulamento;26;0.32;0.31
PE;Pernambuco;Ambos;2001;Força corporal;8;0.1;0.12
PE;Pernambuco;Ambos;2001;Demais meios especificados;42;0.51;0.5
PE;Pernambuco;Ambos;2001;Meios não especificados;18;0.22;0.23
PE;Pernambuco;Ambos;2002;Arma de fogo;3639;43.73;42.13
PE;Pernambuco;Ambos;2002;Arma branca ou objeto contundente;640;7.69;8.2
PE;Pernambuco;Ambos;2002;Estrangulamento;25;0.3;0.28
PE;Pernambuco;Ambos;2002;Força corporal;9;0.11;0.12
PE;Pernambuco;Ambos;2002;Demais meios especificados;29;0.35;0.31
PE;Pernambuco;Ambos;2002;Meios não especificados;54;0.65;0.63
PE;Pernambuco;Ambos;2003;Arma de fogo;3766;44.81;43.27
PE;Pernambuco;Ambos;2003;Arma branca ou objeto contundente;634;7.54;7.94
PE;Pernambuco;Ambos;2003;Estrangulamento;32;0.38;0.42
PE;Pernambuco;Ambos;2003;Força corporal;4;0.05;0.07
PE;Pernambuco;Ambos;2003;Demais meios especificados;36;0.43;0.41
PE;Pernambuco;Ambos;2003;Meios não especificados;45;0.54;0.52
PE;Pernambuco;Ambos;2004;Arma de fogo;3344;39.4;37.21
PE;Pernambuco;Ambos;2004;Arma branca ou objeto contundente;700;8.25;8.55
PE;Pernambuco;Ambos;2004;Estrangulamento;42;0.49;0.51
PE;Pernambuco;Ambos;2004;Força corporal;2;0.02;0.03
PE;Pernambuco;Ambos;2004;Demais meios especificados;49;0.58;0.64
PE;Pernambuco;Ambos;2004;Meios não especificados;37;0.44;0.49
PE;Pernambuco;Ambos;2005;Arma de fogo;3509;40.96;38.49
PE;Pernambuco;Ambos;2005;Arma branca ou objeto contundente;712;8.31;8.74
PE;Pernambuco;Ambos;2005;Estrangulamento;30;0.35;0.34
PE;Pernambuco;Ambos;2005;Força corporal;8;0.09;0.09
PE;Pernambuco;Ambos;2005;Demais meios especificados;51;0.6;0.57
PE;Pernambuco;Ambos;2005;Meios não especificados;19;0.22;0.22
PE;Pernambuco;Ambos;2006;Arma de fogo;3592;41.55;39.37
PE;Pernambuco;Ambos;2006;Arma branca ou objeto contundente;743;8.59;8.92
PE;Pernambuco;Ambos;2006;Estrangulamento;43;0.5;0.5
PE;Pernambuco;Ambos;2006;Força corporal;9;0.1;0.11
PE;Pernambuco;Ambos;2006;Demais meios especificados;66;0.76;0.76
PE;Pernambuco;Ambos;2006;Meios não especificados;17;0.2;0.18
PE;Pernambuco;Ambos;2007;Arma de fogo;3706;42.49;39.81
PE;Pernambuco;Ambos;2007;Arma branca ou objeto contundente;751;8.61;8.71
PE;Pernambuco;Ambos;2007;Estrangulamento;41;0.47;0.48
PE;Pernambuco;Ambos;2007;Força corporal;7;0.08;0.09
PE;Pernambuco;Ambos;2007;Demais meios especificados;32;0.37;0.36
PE;Pernambuco;Ambos;2007;Meios não especificados;19;0.22;0.22
PE;Pernambuco;Ambos;2008;Arma de fogo;3449;39.21;36.68
PE;Pernambuco;Ambos;2008;Arma branca ou objeto contundente;903;10.27;10.34
PE;Pernambuco;Ambos;2008;Estrangulamento;36;0.41;0.4
PE;Pernambuco;Ambos;2008;Força corporal;15;0.17;0.18
PE;Pernambuco;Ambos;2008;Demais meios especificados;22;0.25;0.23
PE;Pernambuco;Ambos;2008;Meios não especificados;19;0.22;0.22
PE;Pernambuco;Ambos;2009;Arma de fogo;3117;35.15;33
PE;Pernambuco;Ambos;2009;Arma branca ou objeto contundente;738;8.32;8.5
PE;Pernambuco;Ambos;2009;Estrangulamento;37;0.42;0.42
PE;Pernambuco;Ambos;2009;Força corporal;16;0.18;0.19
PE;Pernambuco;Ambos;2009;Demais meios especificados;30;0.34;0.34
PE;Pernambuco;Ambos;2009;Meios não especificados;23;0.26;0.27
PE;Pernambuco;Ambos;2010;Arma de fogo;2649;29.67;28.01
PE;Pernambuco;Ambos;2010;Arma branca ou objeto contundente;715;8.01;8.08
PE;Pernambuco;Ambos;2010;Estrangulamento;45;0.5;0.5
PE;Pernambuco;Ambos;2010;Força corporal;5;0.06;0.05
PE;Pernambuco;Ambos;2010;Demais meios especificados;33;0.37;0.38
PE;Pernambuco;Ambos;2010;Meios não especificados;23;0.26;0.26
PE;Pernambuco;Ambos;2011;Arma de fogo;2541;28.29;26.76
PE;Pernambuco;Ambos;2011;Arma branca ou objeto contundente;827;9.21;9.29
PE;Pernambuco;Ambos;2011;Estrangulamento;32;0.36;0.34
PE;Pernambuco;Ambos;2011;Força corporal;9;0.1;0.11
PE;Pernambuco;Ambos;2011;Demais meios especificados;27;0.3;0.28
PE;Pernambuco;Ambos;2011;Meios não especificados;30;0.33;0.3
PE;Pernambuco;Ambos;2012;Arma de fogo;2475;27.38;25.94
PE;Pernambuco;Ambos;2012;Arma branca ou objeto contundente;749;8.29;8.14
PE;Pernambuco;Ambos;2012;Estrangulamento;35;0.39;0.4
PE;Pernambuco;Ambos;2012;Força corporal;15;0.17;0.15
PE;Pernambuco;Ambos;2012;Demais meios especificados;32;0.35;0.33
PE;Pernambuco;Ambos;2012;Meios não especificados;20;0.22;0.2
PE;Pernambuco;Ambos;2013;Arma de fogo;2299;25.27;23.96
PE;Pernambuco;Ambos;2013;Arma branca ou objeto contundente;726;7.98;7.88
PE;Pernambuco;Ambos;2013;Estrangulamento;42;0.46;0.45
PE;Pernambuco;Ambos;2013;Força corporal;9;0.1;0.1
PE;Pernambuco;Ambos;2013;Demais meios especificados;31;0.34;0.35
PE;Pernambuco;Ambos;2013;Meios não especificados;17;0.19;0.19
PE;Pernambuco;Ambos;2014;Arma de fogo;2543;27.78;26.25
PE;Pernambuco;Ambos;2014;Arma branca ou objeto contundente;723;7.9;7.85
PE;Pernambuco;Ambos;2014;Estrangulamento;39;0.43;0.44
PE;Pernambuco;Ambos;2014;Força corporal;16;0.17;0.17
PE;Pernambuco;Ambos;2014;Demais meios especificados;27;0.29;0.31
PE;Pernambuco;Ambos;2014;Meios não especificados;10;0.11;0.11
PE;Pernambuco;Ambos;2015;Arma de fogo;3065;33.27;31.36
PE;Pernambuco;Ambos;2015;Arma branca ou objeto contundente;695;7.54;7.39
PE;Pernambuco;Ambos;2015;Estrangulamento;28;0.3;0.31
PE;Pernambuco;Ambos;2015;Força corporal;25;0.27;0.27
PE;Pernambuco;Ambos;2015;Demais meios especificados;18;0.2;0.19
PE;Pernambuco;Ambos;2015;Meios não especificados;16;0.17;0.17
PE;Pernambuco;Ambos;2016;Arma de fogo;3475;37.52;35.48
PE;Pernambuco;Ambos;2016;Arma branca ou objeto contundente;869;9.38;9.11
PE;Pernambuco;Ambos;2016;Estrangulamento;23;0.25;0.25
PE;Pernambuco;Ambos;2016;Força corporal;34;0.37;0.37
PE;Pernambuco;Ambos;2016;Demais meios especificados;23;0.25;0.17
PE;Pernambuco;Ambos;2016;Meios não especificados;16;0.17;0.14
PE;Pernambuco;Ambos;2017;Arma de fogo;4478;48.13;45.7
PE;Pernambuco;Ambos;2017;Arma branca ou objeto contundente;810;8.71;8.49
PE;Pernambuco;Ambos;2017;Estrangulamento;28;0.3;0.29
PE;Pernambuco;Ambos;2017;Força corporal;44;0.47;0.45
PE;Pernambuco;Ambos;2017;Demais meios especificados;29;0.31;0.27
PE;Pernambuco;Ambos;2017;Meios não especificados;26;0.28;0.26
PE;Pernambuco;Ambos;2018;Arma de fogo;3369;36.04;34.49
PE;Pernambuco;Ambos;2018;Arma branca ou objeto contundente;714;7.64;7.43
PE;Pernambuco;Ambos;2018;Estrangulamento;20;0.21;0.21
PE;Pernambuco;Ambos;2018;Força corporal;44;0.47;0.47
PE;Pernambuco;Ambos;2018;Demais meios especificados;28;0.3;0.28
PE;Pernambuco;Ambos;2018;Meios não especificados;13;0.14;0.14
PE;Pernambuco;Ambos;2019;Arma de fogo;2713;28.87;27.58
PE;Pernambuco;Ambos;2019;Arma branca ou objeto contundente;648;6.9;6.51
PE;Pernambuco;Ambos;2019;Estrangulamento;30;0.32;0.3
PE;Pernambuco;Ambos;2019;Força corporal;50;0.53;0.49
PE;Pernambuco;Ambos;2019;Demais meios especificados;22;0.23;0.22
PE;Pernambuco;Ambos;2019;Meios não especificados;11;0.12;0.11
PE;Pernambuco;Ambos;2020;Arma de fogo;3079;32.62;31.15
PE;Pernambuco;Ambos;2020;Arma branca ou objeto contundente;587;6.22;5.92
PE;Pernambuco;Ambos;2020;Estrangulamento;20;0.21;0.2
PE;Pernambuco;Ambos;2020;Força corporal;52;0.55;0.54
PE;Pernambuco;Ambos;2020;Demais meios especificados;30;0.32;0.29
PE;Pernambuco;Ambos;2020;Meios não especificados;14;0.15;0.12
PE;Pernambuco;Ambos;2021;Arma de fogo;2801;29.58;28.55
PE;Pernambuco;Ambos;2021;Arma branca ou objeto contundente;518;5.47;5.32
PE;Pernambuco;Ambos;2021;Estrangulamento;28;0.3;0.29
PE;Pernambuco;Ambos;2021;Força corporal;56;0.59;0.55
PE;Pernambuco;Ambos;2021;Demais meios especificados;18;0.19;0.16
PE;Pernambuco;Ambos;2021;Meios não especificados;14;0.15;0.15
PE;Pernambuco;Ambos;2022;Arma de fogo;2737;28.83;27.83
PE;Pernambuco;Ambos;2022;Arma branca ou objeto contundente;587;6.18;5.89
PE;Pernambuco;Ambos;2022;Estrangulamento;18;0.19;0.18
PE;Pernambuco;Ambos;2022;Força corporal;32;0.34;0.31
PE;Pernambuco;Ambos;2022;Demais meios especificados;15;0.16;0.16
PE;Pernambuco;Ambos;2022;Meios não especificados;20;0.21;0.19
PE;Pernambuco;Ambos;2023;Arma de fogo;2984;31.36;30.73
PE;Pernambuco;Ambos;2023;Arma branca ou objeto contundente;562;5.91;5.71
PE;Pernambuco;Ambos;2023;Estrangulamento;27;0.28;0.26
PE;Pernambuco;Ambos;2023;Força corporal;69;0.73;0.72
PE;Pernambuco;Ambos;2023;Demais meios especificados;26;0.27;0.27
PE;Pernambuco;Ambos;2023;Meios não especificados;17;0.18;0.14
PE;Pernambuco;Ambos;2024;Arma de fogo;2770;29.04;28.59
PE;Pernambuco;Ambos;2024;Arma branca ou objeto contundente;562;5.89;5.72
PE;Pernambuco;Ambos;2024;Estrangulamento;31;0.32;0.3
PE;Pernambuco;Ambos;2024;Força corporal;95;1;0.94
PE;Pernambuco;Ambos;2024;Demais meios especificados;39;0.41;0.39
PE;Pernambuco;Ambos;2024;Meios não especificados;11;0.12;0.09
PE;Pernambuco;Ambos;2025;Arma de fogo;2412;25.22;25.1
PE;Pernambuco;Ambos;2025;Arma branca ou objeto contundente;547;5.72;5.68
PE;Pernambuco;Ambos;2025;Estrangulamento;26;0.27;0.25
PE;Pernambuco;Ambos;2025;Força corporal;85;0.89;0.86
PE;Pernambuco;Ambos;2025;Demais meios especificados;28;0.29;0.26
PE;Pernambuco;Ambos;2025;Meios não especificados;9;0.09;0.07
PE;Pernambuco;Homens;2000;Arma de fogo;3405;86.84;85.64
PE;Pernambuco;Homens;2000;Arma branca ou objeto contundente;509;12.98;14.83
PE;Pernambuco;Homens;2000;Estrangulamento;17;0.43;0.5
PE;Pernambuco;Homens;2000;Força corporal;11;0.28;0.27
PE;Pernambuco;Homens;2000;Demais meios especificados;25;0.64;0.73
PE;Pernambuco;Homens;2000;Meios não especificados;13;0.33;0.36
PE;Pernambuco;Homens;2001;Arma de fogo;3748;94.6;91.46
PE;Pernambuco;Homens;2001;Arma branca ou objeto contundente;598;15.09;17.01
PE;Pernambuco;Homens;2001;Estrangulamento;12;0.3;0.32
PE;Pernambuco;Homens;2001;Força corporal;6;0.15;0.21
PE;Pernambuco;Homens;2001;Demais meios especificados;29;0.73;0.77
PE;Pernambuco;Homens;2001;Meios não especificados;15;0.38;0.47
PE;Pernambuco;Homens;2002;Arma de fogo;3453;86.27;83.3
PE;Pernambuco;Homens;2002;Arma branca ou objeto contundente;568;14.19;15.44
PE;Pernambuco;Homens;2002;Estrangulamento;12;0.3;0.29
PE;Pernambuco;Homens;2002;Força corporal;7;0.17;0.2
PE;Pernambuco;Homens;2002;Demais meios especificados;27;0.67;0.61
PE;Pernambuco;Homens;2002;Meios não especificados;51;1.27;1.22
PE;Pernambuco;Homens;2003;Arma de fogo;3580;88.56;85.9
PE;Pernambuco;Homens;2003;Arma branca ou objeto contundente;571;14.13;15.07
PE;Pernambuco;Homens;2003;Estrangulamento;20;0.49;0.57
PE;Pernambuco;Homens;2003;Força corporal;3;0.07;0.11
PE;Pernambuco;Homens;2003;Demais meios especificados;27;0.67;0.64
PE;Pernambuco;Homens;2003;Meios não especificados;42;1.04;1.04
PE;Pernambuco;Homens;2004;Arma de fogo;3155;77.3;73.06
PE;Pernambuco;Homens;2004;Arma branca ou objeto contundente;641;15.7;16.59
PE;Pernambuco;Homens;2004;Estrangulamento;26;0.64;0.72
PE;Pernambuco;Homens;2004;Força corporal;2;0.05;0.07
PE;Pernambuco;Homens;2004;Demais meios especificados;39;0.96;1.07
PE;Pernambuco;Homens;2004;Meios não especificados;35;0.86;0.98
PE;Pernambuco;Homens;2005;Arma de fogo;3312;80.39;75.4
PE;Pernambuco;Homens;2005;Arma branca ou objeto contundente;645;15.66;16.69
PE;Pernambuco;Homens;2005;Estrangulamento;22;0.53;0.53
PE;Pernambuco;Homens;2005;Força corporal;8;0.19;0.19
PE;Pernambuco;Homens;2005;Demais meios especificados;43;1.04;1.03
PE;Pernambuco;Homens;2005;Meios não especificados;17;0.41;0.43
PE;Pernambuco;Homens;2006;Arma de fogo;3395;81.66;77.4
PE;Pernambuco;Homens;2006;Arma branca ou objeto contundente;665;16;16.73
PE;Pernambuco;Homens;2006;Estrangulamento;23;0.55;0.58
PE;Pernambuco;Homens;2006;Força corporal;7;0.17;0.18
PE;Pernambuco;Homens;2006;Demais meios especificados;56;1.35;1.4
PE;Pernambuco;Homens;2006;Meios não especificados;14;0.34;0.32
PE;Pernambuco;Homens;2007;Arma de fogo;3511;83.75;78.25
PE;Pernambuco;Homens;2007;Arma branca ou objeto contundente;674;16.08;16.41
PE;Pernambuco;Homens;2007;Estrangulamento;24;0.57;0.6
PE;Pernambuco;Homens;2007;Força corporal;6;0.14;0.18
PE;Pernambuco;Homens;2007;Demais meios especificados;29;0.69;0.68
PE;Pernambuco;Homens;2007;Meios não especificados;17;0.41;0.43
PE;Pernambuco;Homens;2008;Arma de fogo;3277;77.53;72.38
PE;Pernambuco;Homens;2008;Arma branca ou objeto contundente;788;18.64;18.93
PE;Pernambuco;Homens;2008;Estrangulamento;26;0.62;0.57
PE;Pernambuco;Homens;2008;Força corporal;13;0.31;0.33
PE;Pernambuco;Homens;2008;Demais meios especificados;17;0.4;0.36
PE;Pernambuco;Homens;2008;Meios não especificados;17;0.4;0.43
PE;Pernambuco;Homens;2009;Arma de fogo;2931;68.79;64.51
PE;Pernambuco;Homens;2009;Arma branca ou objeto contundente;644;15.11;15.69
PE;Pernambuco;Homens;2009;Estrangulamento;25;0.59;0.58
PE;Pernambuco;Homens;2009;Força corporal;14;0.33;0.35
PE;Pernambuco;Homens;2009;Demais meios especificados;24;0.56;0.58
PE;Pernambuco;Homens;2009;Meios não especificados;16;0.38;0.37
PE;Pernambuco;Homens;2010;Arma de fogo;2497;58.21;54.99
PE;Pernambuco;Homens;2010;Arma branca ou objeto contundente;645;15.04;15.35
PE;Pernambuco;Homens;2010;Estrangulamento;30;0.7;0.67
PE;Pernambuco;Homens;2010;Força corporal;5;0.12;0.11
PE;Pernambuco;Homens;2010;Demais meios especificados;26;0.61;0.65
PE;Pernambuco;Homens;2010;Meios não especificados;21;0.49;0.5
PE;Pernambuco;Homens;2011;Arma de fogo;2393;55.46;52.47
PE;Pernambuco;Homens;2011;Arma branca ou objeto contundente;728;16.87;17.37
PE;Pernambuco;Homens;2011;Estrangulamento;21;0.49;0.5
PE;Pernambuco;Homens;2011;Força corporal;8;0.19;0.22
PE;Pernambuco;Homens;2011;Demais meios especificados;20;0.46;0.46
PE;Pernambuco;Homens;2011;Meios não especificados;27;0.63;0.57
PE;Pernambuco;Homens;2012;Arma de fogo;2358;54.3;51.33
PE;Pernambuco;Homens;2012;Arma branca ou objeto contundente;667;15.36;15.39
PE;Pernambuco;Homens;2012;Estrangulamento;25;0.58;0.64
PE;Pernambuco;Homens;2012;Força corporal;11;0.25;0.23
PE;Pernambuco;Homens;2012;Demais meios especificados;26;0.6;0.57
PE;Pernambuco;Homens;2012;Meios não especificados;19;0.44;0.41
PE;Pernambuco;Homens;2013;Arma de fogo;2159;49.4;46.69
PE;Pernambuco;Homens;2013;Arma branca ou objeto contundente;631;14.44;14.35
PE;Pernambuco;Homens;2013;Estrangulamento;33;0.76;0.74
PE;Pernambuco;Homens;2013;Força corporal;8;0.18;0.19
PE;Pernambuco;Homens;2013;Demais meios especificados;21;0.48;0.5
PE;Pernambuco;Homens;2013;Meios não especificados;15;0.34;0.35
PE;Pernambuco;Homens;2014;Arma de fogo;2403;54.63;51.36
PE;Pernambuco;Homens;2014;Arma branca ou objeto contundente;642;14.59;14.74
PE;Pernambuco;Homens;2014;Estrangulamento;25;0.57;0.63
PE;Pernambuco;Homens;2014;Força corporal;14;0.32;0.32
PE;Pernambuco;Homens;2014;Demais meios especificados;20;0.45;0.5
PE;Pernambuco;Homens;2014;Meios não especificados;9;0.2;0.22
PE;Pernambuco;Homens;2015;Arma de fogo;2930;66.18;62.04
PE;Pernambuco;Homens;2015;Arma branca ou objeto contundente;603;13.62;13.47
PE;Pernambuco;Homens;2015;Estrangulamento;21;0.47;0.52
PE;Pernambuco;Homens;2015;Força corporal;23;0.52;0.56
PE;Pernambuco;Homens;2015;Demais meios especificados;16;0.36;0.38
PE;Pernambuco;Homens;2015;Meios não especificados;13;0.29;0.33
PE;Pernambuco;Homens;2016;Arma de fogo;3328;74.77;70.24
PE;Pernambuco;Homens;2016;Arma branca ou objeto contundente;756;16.98;16.62
PE;Pernambuco;Homens;2016;Estrangulamento;12;0.27;0.27
PE;Pernambuco;Homens;2016;Força corporal;28;0.63;0.66
PE;Pernambuco;Homens;2016;Demais meios especificados;17;0.38;0.28
PE;Pernambuco;Homens;2016;Meios não especificados;12;0.27;0.24
PE;Pernambuco;Homens;2017;Arma de fogo;4287;95.88;90
PE;Pernambuco;Homens;2017;Arma branca ou objeto contundente;712;15.92;15.53
PE;Pernambuco;Homens;2017;Estrangulamento;16;0.36;0.34
PE;Pernambuco;Homens;2017;Força corporal;42;0.94;0.93
PE;Pernambuco;Homens;2017;Demais meios especificados;22;0.49;0.45
PE;Pernambuco;Homens;2017;Meios não especificados;22;0.49;0.45
PE;Pernambuco;Homens;2018;Arma de fogo;3227;71.83;68.04
PE;Pernambuco;Homens;2018;Arma branca ou objeto contundente;633;14.09;13.86
PE;Pernambuco;Homens;2018;Estrangulamento;12;0.27;0.26
PE;Pernambuco;Homens;2018;Força corporal;36;0.8;0.82
PE;Pernambuco;Homens;2018;Demais meios especificados;21;0.47;0.46
PE;Pernambuco;Homens;2018;Meios não especificados;11;0.24;0.24
PE;Pernambuco;Homens;2019;Arma de fogo;2584;57.22;53.96
PE;Pernambuco;Homens;2019;Arma branca ou objeto contundente;589;13.04;12.37
PE;Pernambuco;Homens;2019;Estrangulamento;19;0.42;0.4
PE;Pernambuco;Homens;2019;Força corporal;50;1.11;1.04
PE;Pernambuco;Homens;2019;Demais meios especificados;13;0.29;0.27
PE;Pernambuco;Homens;2019;Meios não especificados;10;0.22;0.2
PE;Pernambuco;Homens;2020;Arma de fogo;2943;64.88;61.06
PE;Pernambuco;Homens;2020;Arma branca ou objeto contundente;518;11.42;10.89
PE;Pernambuco;Homens;2020;Estrangulamento;10;0.22;0.2
PE;Pernambuco;Homens;2020;Força corporal;49;1.08;1.05
PE;Pernambuco;Homens;2020;Demais meios especificados;22;0.48;0.46
PE;Pernambuco;Homens;2020;Meios não especificados;12;0.26;0.2
PE;Pernambuco;Homens;2021;Arma de fogo;2646;58.15;55.29
PE;Pernambuco;Homens;2021;Arma branca ou objeto contundente;449;9.87;9.63
PE;Pernambuco;Homens;2021;Estrangulamento;17;0.37;0.37
PE;Pernambuco;Homens;2021;Força corporal;50;1.1;1.03
PE;Pernambuco;Homens;2021;Demais meios especificados;14;0.31;0.27
PE;Pernambuco;Homens;2021;Meios não especificados;11;0.24;0.23
PE;Pernambuco;Homens;2022;Arma de fogo;2596;56.92;54.08
PE;Pernambuco;Homens;2022;Arma branca ou objeto contundente;511;11.2;10.73
PE;Pernambuco;Homens;2022;Estrangulamento;10;0.22;0.2
PE;Pernambuco;Homens;2022;Força corporal;27;0.59;0.56
PE;Pernambuco;Homens;2022;Demais meios especificados;12;0.26;0.27
PE;Pernambuco;Homens;2022;Meios não especificados;17;0.37;0.32
PE;Pernambuco;Homens;2023;Arma de fogo;2799;61.24;59.02
PE;Pernambuco;Homens;2023;Arma branca ou objeto contundente;488;10.68;10.33
PE;Pernambuco;Homens;2023;Estrangulamento;11;0.24;0.24
PE;Pernambuco;Homens;2023;Força corporal;62;1.36;1.37
PE;Pernambuco;Homens;2023;Demais meios especificados;16;0.35;0.36
PE;Pernambuco;Homens;2023;Meios não especificados;13;0.28;0.25
PE;Pernambuco;Homens;2024;Arma de fogo;2603;56.8;54.7
PE;Pernambuco;Homens;2024;Arma branca ou objeto contundente;491;10.71;10.36
PE;Pernambuco;Homens;2024;Estrangulamento;18;0.39;0.37
PE;Pernambuco;Homens;2024;Força corporal;87;1.9;1.8
PE;Pernambuco;Homens;2024;Demais meios especificados;23;0.5;0.48
PE;Pernambuco;Homens;2024;Meios não especificados;11;0.24;0.2
PE;Pernambuco;Homens;2025;Arma de fogo;2284;49.72;48.45
PE;Pernambuco;Homens;2025;Arma branca ou objeto contundente;470;10.23;10.18
PE;Pernambuco;Homens;2025;Estrangulamento;14;0.3;0.26
PE;Pernambuco;Homens;2025;Força corporal;79;1.72;1.68
PE;Pernambuco;Homens;2025;Demais meios especificados;19;0.41;0.35
PE;Pernambuco;Homens;2025;Meios não especificados;8;0.17;0.15
PE;Pernambuco;Mulheres;2000;Arma de fogo;212;5.01;5
PE;Pernambuco;Mulheres;2000;Arma branca ou objeto contundente;71;1.68;1.79
PE;Pernambuco;Mulheres;2000;Estrangulamento;13;0.31;0.3
PE;Pernambuco;Mulheres;2000;Demais meios especificados;9;0.21;0.2
PE;Pernambuco;Mulheres;2000;Meios não especificados;5;0.12;0.13
PE;Pernambuco;Mulheres;2001;Arma de fogo;194;4.54;4.51
PE;Pernambuco;Mulheres;2001;Arma branca ou objeto contundente;68;1.59;1.69
PE;Pernambuco;Mulheres;2001;Estrangulamento;14;0.33;0.31
PE;Pernambuco;Mulheres;2001;Força corporal;2;0.05;0.05
PE;Pernambuco;Mulheres;2001;Demais meios especificados;13;0.3;0.26
PE;Pernambuco;Mulheres;2001;Meios não especificados;3;0.07;0.03
PE;Pernambuco;Mulheres;2002;Arma de fogo;182;4.21;4.22
PE;Pernambuco;Mulheres;2002;Arma branca ou objeto contundente;72;1.67;1.75
PE;Pernambuco;Mulheres;2002;Estrangulamento;13;0.3;0.28
PE;Pernambuco;Mulheres;2002;Força corporal;2;0.05;0.05
PE;Pernambuco;Mulheres;2002;Demais meios especificados;2;0.05;0.04
PE;Pernambuco;Mulheres;2002;Meios não especificados;3;0.07;0.08
PE;Pernambuco;Mulheres;2003;Arma de fogo;186;4.26;4.11
PE;Pernambuco;Mulheres;2003;Arma branca ou objeto contundente;63;1.44;1.53
PE;Pernambuco;Mulheres;2003;Estrangulamento;12;0.28;0.28
PE;Pernambuco;Mulheres;2003;Força corporal;1;0.02;0.03
PE;Pernambuco;Mulheres;2003;Demais meios especificados;9;0.21;0.2
PE;Pernambuco;Mulheres;2003;Meios não especificados;3;0.07;0.05
PE;Pernambuco;Mulheres;2004;Arma de fogo;189;4.29;4.16
PE;Pernambuco;Mulheres;2004;Arma branca ou objeto contundente;59;1.34;1.36
PE;Pernambuco;Mulheres;2004;Estrangulamento;16;0.36;0.34
PE;Pernambuco;Mulheres;2004;Demais meios especificados;10;0.23;0.25
PE;Pernambuco;Mulheres;2004;Meios não especificados;2;0.05;0.06
PE;Pernambuco;Mulheres;2005;Arma de fogo;197;4.43;4.34
PE;Pernambuco;Mulheres;2005;Arma branca ou objeto contundente;67;1.51;1.63
PE;Pernambuco;Mulheres;2005;Estrangulamento;8;0.18;0.18
PE;Pernambuco;Mulheres;2005;Demais meios especificados;8;0.18;0.16
PE;Pernambuco;Mulheres;2005;Meios não especificados;2;0.04;0.04
PE;Pernambuco;Mulheres;2006;Arma de fogo;197;4.39;4.31
PE;Pernambuco;Mulheres;2006;Arma branca ou objeto contundente;78;1.74;1.89
PE;Pernambuco;Mulheres;2006;Estrangulamento;20;0.45;0.44
PE;Pernambuco;Mulheres;2006;Força corporal;2;0.04;0.05
PE;Pernambuco;Mulheres;2006;Demais meios especificados;10;0.22;0.19
PE;Pernambuco;Mulheres;2006;Meios não especificados;3;0.07;0.06
PE;Pernambuco;Mulheres;2007;Arma de fogo;192;4.24;4.15
PE;Pernambuco;Mulheres;2007;Arma branca ou objeto contundente;76;1.68;1.71
PE;Pernambuco;Mulheres;2007;Estrangulamento;17;0.38;0.38
PE;Pernambuco;Mulheres;2007;Força corporal;1;0.02;0.02
PE;Pernambuco;Mulheres;2007;Demais meios especificados;3;0.07;0.07
PE;Pernambuco;Mulheres;2007;Meios não especificados;1;0.02;0.03
PE;Pernambuco;Mulheres;2008;Arma de fogo;166;3.63;3.52
PE;Pernambuco;Mulheres;2008;Arma branca ou objeto contundente;114;2.5;2.53
PE;Pernambuco;Mulheres;2008;Estrangulamento;10;0.22;0.24
PE;Pernambuco;Mulheres;2008;Força corporal;2;0.04;0.04
PE;Pernambuco;Mulheres;2008;Demais meios especificados;5;0.11;0.1
PE;Pernambuco;Mulheres;2008;Meios não especificados;1;0.02;0.02
PE;Pernambuco;Mulheres;2009;Arma de fogo;186;4.04;3.88
PE;Pernambuco;Mulheres;2009;Arma branca ou objeto contundente;92;2;2.03
PE;Pernambuco;Mulheres;2009;Estrangulamento;12;0.26;0.26
PE;Pernambuco;Mulheres;2009;Força corporal;2;0.04;0.05
PE;Pernambuco;Mulheres;2009;Demais meios especificados;6;0.13;0.13
PE;Pernambuco;Mulheres;2009;Meios não especificados;6;0.13;0.17
PE;Pernambuco;Mulheres;2010;Arma de fogo;152;3.28;3.13
PE;Pernambuco;Mulheres;2010;Arma branca ou objeto contundente;70;1.51;1.54
PE;Pernambuco;Mulheres;2010;Estrangulamento;15;0.32;0.34
PE;Pernambuco;Mulheres;2010;Demais meios especificados;7;0.15;0.14
PE;Pernambuco;Mulheres;2010;Meios não especificados;2;0.04;0.04
PE;Pernambuco;Mulheres;2011;Arma de fogo;143;3.06;2.96
PE;Pernambuco;Mulheres;2011;Arma branca ou objeto contundente;97;2.08;2.06
PE;Pernambuco;Mulheres;2011;Estrangulamento;10;0.21;0.2
PE;Pernambuco;Mulheres;2011;Força corporal;1;0.02;0.02
PE;Pernambuco;Mulheres;2011;Demais meios especificados;7;0.15;0.13
PE;Pernambuco;Mulheres;2011;Meios não especificados;3;0.06;0.06
PE;Pernambuco;Mulheres;2012;Arma de fogo;116;2.47;2.41
PE;Pernambuco;Mulheres;2012;Arma branca ou objeto contundente;78;1.66;1.59
PE;Pernambuco;Mulheres;2012;Estrangulamento;10;0.21;0.2
PE;Pernambuco;Mulheres;2012;Força corporal;4;0.09;0.09
PE;Pernambuco;Mulheres;2012;Demais meios especificados;6;0.13;0.12
PE;Pernambuco;Mulheres;2012;Meios não especificados;1;0.02;0.02
PE;Pernambuco;Mulheres;2013;Arma de fogo;139;2.94;2.86
PE;Pernambuco;Mulheres;2013;Arma branca ou objeto contundente;95;2.01;2.03
PE;Pernambuco;Mulheres;2013;Estrangulamento;9;0.19;0.19
PE;Pernambuco;Mulheres;2013;Força corporal;1;0.02;0.02
PE;Pernambuco;Mulheres;2013;Demais meios especificados;10;0.21;0.22
PE;Pernambuco;Mulheres;2013;Meios não especificados;2;0.04;0.04
PE;Pernambuco;Mulheres;2014;Arma de fogo;138;2.9;2.83
PE;Pernambuco;Mulheres;2014;Arma branca ou objeto contundente;79;1.66;1.6
PE;Pernambuco;Mulheres;2014;Estrangulamento;13;0.27;0.27
PE;Pernambuco;Mulheres;2014;Força corporal;2;0.04;0.04
PE;Pernambuco;Mulheres;2014;Demais meios especificados;6;0.13;0.13
PE;Pernambuco;Mulheres;2014;Meios não especificados;1;0.02;0.02
PE;Pernambuco;Mulheres;2015;Arma de fogo;128;2.67;2.58
PE;Pernambuco;Mulheres;2015;Arma branca ou objeto contundente;91;1.9;1.82
PE;Pernambuco;Mulheres;2015;Estrangulamento;7;0.15;0.14
PE;Pernambuco;Mulheres;2015;Força corporal;2;0.04;0.02
PE;Pernambuco;Mulheres;2015;Demais meios especificados;2;0.04;0.04
PE;Pernambuco;Mulheres;2015;Meios não especificados;3;0.06;0.05
PE;Pernambuco;Mulheres;2016;Arma de fogo;146;3.03;2.9
PE;Pernambuco;Mulheres;2016;Arma branca ou objeto contundente;111;2.31;2.28
PE;Pernambuco;Mulheres;2016;Estrangulamento;11;0.23;0.23
PE;Pernambuco;Mulheres;2016;Força corporal;6;0.12;0.13
PE;Pernambuco;Mulheres;2016;Demais meios especificados;6;0.12;0.08
PE;Pernambuco;Mulheres;2016;Meios não especificados;2;0.04;0.04
PE;Pernambuco;Mulheres;2017;Arma de fogo;189;3.91;3.8
PE;Pernambuco;Mulheres;2017;Arma branca ou objeto contundente;97;2.01;2.01
PE;Pernambuco;Mulheres;2017;Estrangulamento;12;0.25;0.24
PE;Pernambuco;Mulheres;2017;Força corporal;1;0.02;0.02
PE;Pernambuco;Mulheres;2017;Demais meios especificados;6;0.12;0.1
PE;Pernambuco;Mulheres;2017;Meios não especificados;4;0.08;0.08
PE;Pernambuco;Mulheres;2018;Arma de fogo;137;2.82;2.78
PE;Pernambuco;Mulheres;2018;Arma branca ou objeto contundente;80;1.65;1.61
PE;Pernambuco;Mulheres;2018;Estrangulamento;7;0.14;0.14
PE;Pernambuco;Mulheres;2018;Força corporal;8;0.16;0.16
PE;Pernambuco;Mulheres;2018;Demais meios especificados;6;0.12;0.12
PE;Pernambuco;Mulheres;2018;Meios não especificados;2;0.04;0.04
PE;Pernambuco;Mulheres;2019;Arma de fogo;127;2.6;2.53
PE;Pernambuco;Mulheres;2019;Arma branca ou objeto contundente;57;1.17;1.12
PE;Pernambuco;Mulheres;2019;Estrangulamento;11;0.23;0.21
PE;Pernambuco;Mulheres;2019;Demais meios especificados;8;0.16;0.16
PE;Pernambuco;Mulheres;2019;Meios não especificados;1;0.02;0.02
PE;Pernambuco;Mulheres;2020;Arma de fogo;134;2.73;2.7
PE;Pernambuco;Mulheres;2020;Arma branca ou objeto contundente;67;1.37;1.37
PE;Pernambuco;Mulheres;2020;Estrangulamento;10;0.2;0.2
PE;Pernambuco;Mulheres;2020;Força corporal;3;0.06;0.06
PE;Pernambuco;Mulheres;2020;Demais meios especificados;8;0.16;0.14
PE;Pernambuco;Mulheres;2020;Meios não especificados;1;0.02;0.02
PE;Pernambuco;Mulheres;2021;Arma de fogo;153;3.11;3.09
PE;Pernambuco;Mulheres;2021;Arma branca ou objeto contundente;68;1.38;1.39
PE;Pernambuco;Mulheres;2021;Estrangulamento;11;0.22;0.22
PE;Pernambuco;Mulheres;2021;Força corporal;6;0.12;0.12
PE;Pernambuco;Mulheres;2021;Demais meios especificados;4;0.08;0.06
PE;Pernambuco;Mulheres;2021;Meios não especificados;3;0.06;0.06
PE;Pernambuco;Mulheres;2022;Arma de fogo;135;2.74;2.72
PE;Pernambuco;Mulheres;2022;Arma branca ou objeto contundente;75;1.52;1.47
PE;Pernambuco;Mulheres;2022;Estrangulamento;8;0.16;0.16
PE;Pernambuco;Mulheres;2022;Força corporal;5;0.1;0.08
PE;Pernambuco;Mulheres;2022;Demais meios especificados;3;0.06;0.06
PE;Pernambuco;Mulheres;2022;Meios não especificados;3;0.06;0.06
PE;Pernambuco;Mulheres;2023;Arma de fogo;181;3.66;3.65
PE;Pernambuco;Mulheres;2023;Arma branca ou objeto contundente;74;1.5;1.48
PE;Pernambuco;Mulheres;2023;Estrangulamento;15;0.3;0.29
PE;Pernambuco;Mulheres;2023;Força corporal;7;0.14;0.14
PE;Pernambuco;Mulheres;2023;Demais meios especificados;9;0.18;0.19
PE;Pernambuco;Mulheres;2023;Meios não especificados;4;0.08;0.04
PE;Pernambuco;Mulheres;2024;Arma de fogo;165;3.33;3.4
PE;Pernambuco;Mulheres;2024;Arma branca ou objeto contundente;70;1.41;1.41
PE;Pernambuco;Mulheres;2024;Estrangulamento;13;0.26;0.24
PE;Pernambuco;Mulheres;2024;Força corporal;8;0.16;0.15
PE;Pernambuco;Mulheres;2024;Demais meios especificados;15;0.3;0.31
PE;Pernambuco;Mulheres;2025;Arma de fogo;128;2.58;2.65
PE;Pernambuco;Mulheres;2025;Arma branca ou objeto contundente;75;1.51;1.54
PE;Pernambuco;Mulheres;2025;Estrangulamento;11;0.22;0.23
PE;Pernambuco;Mulheres;2025;Força corporal;6;0.12;0.12
PE;Pernambuco;Mulheres;2025;Demais meios especificados;9;0.18;0.18
PI;Piauí;Ambos;2000;Arma de fogo;98;3.34;3.48
PI;Piauí;Ambos;2000;Arma branca ou objeto contundente;103;3.51;3.66
PI;Piauí;Ambos;2000;Estrangulamento;4;0.14;0.12
PI;Piauí;Ambos;2000;Força corporal;2;0.07;0.08
PI;Piauí;Ambos;2000;Demais meios especificados;2;0.07;0.1
PI;Piauí;Ambos;2000;Meios não especificados;21;0.72;0.81
PI;Piauí;Ambos;2001;Arma de fogo;102;3.44;3.55
PI;Piauí;Ambos;2001;Arma branca ou objeto contundente;130;4.39;4.74
PI;Piauí;Ambos;2001;Estrangulamento;5;0.17;0.15
PI;Piauí;Ambos;2001;Força corporal;3;0.1;0.15
PI;Piauí;Ambos;2001;Demais meios especificados;1;0.03;0.06
PI;Piauí;Ambos;2001;Meios não especificados;21;0.71;0.82
PI;Piauí;Ambos;2002;Arma de fogo;120;4.01;4.22
PI;Piauí;Ambos;2002;Arma branca ou objeto contundente;157;5.25;5.54
PI;Piauí;Ambos;2002;Estrangulamento;6;0.2;0.21
PI;Piauí;Ambos;2002;Força corporal;3;0.1;0.12
PI;Piauí;Ambos;2002;Demais meios especificados;3;0.1;0.04
PI;Piauí;Ambos;2002;Meios não especificados;19;0.63;0.65
PI;Piauí;Ambos;2003;Arma de fogo;143;4.73;4.74
PI;Piauí;Ambos;2003;Arma branca ou objeto contundente;123;4.07;4.41
PI;Piauí;Ambos;2003;Estrangulamento;5;0.17;0.22
PI;Piauí;Ambos;2003;Força corporal;9;0.3;0.31
PI;Piauí;Ambos;2003;Demais meios especificados;2;0.07;0.09
PI;Piauí;Ambos;2003;Meios não especificados;16;0.53;0.58
PI;Piauí;Ambos;2004;Arma de fogo;131;4.3;4.18
PI;Piauí;Ambos;2004;Arma branca ou objeto contundente;163;5.35;5.72
PI;Piauí;Ambos;2004;Estrangulamento;4;0.13;0.14
PI;Piauí;Ambos;2004;Força corporal;12;0.39;0.43
PI;Piauí;Ambos;2004;Demais meios especificados;7;0.23;0.26
PI;Piauí;Ambos;2004;Meios não especificados;10;0.33;0.39
PI;Piauí;Ambos;2005;Arma de fogo;151;4.91;4.78
PI;Piauí;Ambos;2005;Arma branca ou objeto contundente;182;5.92;6.06
PI;Piauí;Ambos;2005;Estrangulamento;5;0.16;0.19
PI;Piauí;Ambos;2005;Força corporal;3;0.1;0.11
PI;Piauí;Ambos;2005;Demais meios especificados;12;0.39;0.44
PI;Piauí;Ambos;2005;Meios não especificados;15;0.49;0.56
PI;Piauí;Ambos;2006;Arma de fogo;192;6.19;6.17
PI;Piauí;Ambos;2006;Arma branca ou objeto contundente;192;6.19;6.21
PI;Piauí;Ambos;2006;Estrangulamento;7;0.23;0.24
PI;Piauí;Ambos;2006;Força corporal;11;0.35;0.41
PI;Piauí;Ambos;2006;Demais meios especificados;3;0.1;0.08
PI;Piauí;Ambos;2006;Meios não especificados;13;0.42;0.44
PI;Piauí;Ambos;2007;Arma de fogo;184;5.89;5.87
PI;Piauí;Ambos;2007;Arma branca ou objeto contundente;171;5.47;5.63
PI;Piauí;Ambos;2007;Estrangulamento;4;0.13;0.13
PI;Piauí;Ambos;2007;Força corporal;4;0.13;0.16
PI;Piauí;Ambos;2007;Demais meios especificados;6;0.19;0.22
PI;Piauí;Ambos;2007;Meios não especificados;14;0.45;0.56
PI;Piauí;Ambos;2008;Arma de fogo;159;5.06;4.86
PI;Piauí;Ambos;2008;Arma branca ou objeto contundente;162;5.15;5.3
PI;Piauí;Ambos;2008;Estrangulamento;8;0.25;0.25
PI;Piauí;Ambos;2008;Força corporal;1;0.03;0.05
PI;Piauí;Ambos;2008;Demais meios especificados;9;0.29;0.31
PI;Piauí;Ambos;2008;Meios não especificados;21;0.67;0.68
PI;Piauí;Ambos;2009;Arma de fogo;184;5.81;5.54
PI;Piauí;Ambos;2009;Arma branca ou objeto contundente;170;5.37;5.55
PI;Piauí;Ambos;2009;Estrangulamento;5;0.16;0.21
PI;Piauí;Ambos;2009;Força corporal;2;0.06;0.09
PI;Piauí;Ambos;2009;Demais meios especificados;9;0.28;0.25
PI;Piauí;Ambos;2009;Meios não especificados;15;0.47;0.49
PI;Piauí;Ambos;2010;Arma de fogo;207;6.51;6.23
PI;Piauí;Ambos;2010;Arma branca ou objeto contundente;179;5.63;5.77
PI;Piauí;Ambos;2010;Estrangulamento;4;0.13;0.13
PI;Piauí;Ambos;2010;Demais meios especificados;5;0.16;0.13
PI;Piauí;Ambos;2010;Meios não especificados;16;0.5;0.57
PI;Piauí;Ambos;2011;Arma de fogo;251;7.85;7.5
PI;Piauí;Ambos;2011;Arma branca ou objeto contundente;161;5.04;5.21
PI;Piauí;Ambos;2011;Estrangulamento;4;0.13;0.12
PI;Piauí;Ambos;2011;Força corporal;1;0.03;0.04
PI;Piauí;Ambos;2011;Demais meios especificados;4;0.13;0.15
PI;Piauí;Ambos;2011;Meios não especificados;15;0.47;0.47
PI;Piauí;Ambos;2012;Arma de fogo;311;9.68;9.19
PI;Piauí;Ambos;2012;Arma branca ou objeto contundente;182;5.67;5.78
PI;Piauí;Ambos;2012;Estrangulamento;6;0.19;0.19
PI;Piauí;Ambos;2012;Força corporal;1;0.03;0.04
PI;Piauí;Ambos;2012;Demais meios especificados;6;0.19;0.18
PI;Piauí;Ambos;2012;Meios não especificados;19;0.59;0.64
PI;Piauí;Ambos;2013;Arma de fogo;365;11.32;10.56
PI;Piauí;Ambos;2013;Arma branca ou objeto contundente;199;6.17;6.23
PI;Piauí;Ambos;2013;Estrangulamento;7;0.22;0.22
PI;Piauí;Ambos;2013;Força corporal;1;0.03;0.04
PI;Piauí;Ambos;2013;Demais meios especificados;6;0.19;0.18
PI;Piauí;Ambos;2013;Meios não especificados;17;0.53;0.55
PI;Piauí;Ambos;2014;Arma de fogo;455;14.04;13.13
PI;Piauí;Ambos;2014;Arma branca ou objeto contundente;220;6.79;6.9
PI;Piauí;Ambos;2014;Estrangulamento;5;0.15;0.14
PI;Piauí;Ambos;2014;Força corporal;3;0.09;0.11
PI;Piauí;Ambos;2014;Demais meios especificados;8;0.25;0.26
PI;Piauí;Ambos;2014;Meios não especificados;25;0.77;0.83
PI;Piauí;Ambos;2015;Arma de fogo;400;12.29;11.61
PI;Piauí;Ambos;2015;Arma branca ou objeto contundente;217;6.67;6.65
PI;Piauí;Ambos;2015;Estrangulamento;10;0.31;0.31
PI;Piauí;Ambos;2015;Força corporal;2;0.06;0.08
PI;Piauí;Ambos;2015;Demais meios especificados;6;0.18;0.19
PI;Piauí;Ambos;2015;Meios não especificados;14;0.43;0.43
PI;Piauí;Ambos;2016;Arma de fogo;440;13.45;12.79
PI;Piauí;Ambos;2016;Arma branca ou objeto contundente;233;7.12;7.12
PI;Piauí;Ambos;2016;Estrangulamento;12;0.37;0.38
PI;Piauí;Ambos;2016;Força corporal;2;0.06;0.07
PI;Piauí;Ambos;2016;Demais meios especificados;8;0.24;0.27
PI;Piauí;Ambos;2016;Meios não especificados;6;0.18;0.19
PI;Piauí;Ambos;2017;Arma de fogo;376;11.44;10.96
PI;Piauí;Ambos;2017;Arma branca ou objeto contundente;214;6.51;6.4
PI;Piauí;Ambos;2017;Estrangulamento;15;0.46;0.47
PI;Piauí;Ambos;2017;Força corporal;3;0.09;0.1
PI;Piauí;Ambos;2017;Demais meios especificados;6;0.18;0.2
PI;Piauí;Ambos;2017;Meios não especificados;10;0.3;0.33
PI;Piauí;Ambos;2018;Arma de fogo;373;11.3;10.9
PI;Piauí;Ambos;2018;Arma branca ou objeto contundente;219;6.63;6.47
PI;Piauí;Ambos;2018;Estrangulamento;8;0.24;0.25
PI;Piauí;Ambos;2018;Força corporal;3;0.09;0.1
PI;Piauí;Ambos;2018;Demais meios especificados;3;0.09;0.09
PI;Piauí;Ambos;2018;Meios não especificados;11;0.33;0.29
PI;Piauí;Ambos;2019;Arma de fogo;350;10.54;10.12
PI;Piauí;Ambos;2019;Arma branca ou objeto contundente;189;5.69;5.73
PI;Piauí;Ambos;2019;Estrangulamento;7;0.21;0.21
PI;Piauí;Ambos;2019;Força corporal;8;0.24;0.24
PI;Piauí;Ambos;2019;Demais meios especificados;3;0.09;0.09
PI;Piauí;Ambos;2019;Meios não especificados;12;0.36;0.32
PI;Piauí;Ambos;2020;Arma de fogo;437;13.1;12.52
PI;Piauí;Ambos;2020;Arma branca ou objeto contundente;209;6.27;6.15
PI;Piauí;Ambos;2020;Estrangulamento;7;0.21;0.22
PI;Piauí;Ambos;2020;Força corporal;9;0.27;0.29
PI;Piauí;Ambos;2020;Demais meios especificados;4;0.12;0.12
PI;Piauí;Ambos;2020;Meios não especificados;7;0.21;0.15
PI;Piauí;Ambos;2021;Arma de fogo;558;16.67;16.13
PI;Piauí;Ambos;2021;Arma branca ou objeto contundente;182;5.44;5.31
PI;Piauí;Ambos;2021;Estrangulamento;1;0.03;0.03
PI;Piauí;Ambos;2021;Força corporal;12;0.36;0.36
PI;Piauí;Ambos;2021;Demais meios especificados;7;0.21;0.18
PI;Piauí;Ambos;2021;Meios não especificados;5;0.15;0.15
PI;Piauí;Ambos;2022;Arma de fogo;608;18.11;17.67
PI;Piauí;Ambos;2022;Arma branca ou objeto contundente;145;4.32;4.18
PI;Piauí;Ambos;2022;Estrangulamento;8;0.24;0.24
PI;Piauí;Ambos;2022;Força corporal;23;0.69;0.68
PI;Piauí;Ambos;2022;Demais meios especificados;1;0.03;0.03
PI;Piauí;Ambos;2022;Meios não especificados;8;0.24;0.25
PI;Piauí;Ambos;2023;Arma de fogo;502;14.91;14.69
PI;Piauí;Ambos;2023;Arma branca ou objeto contundente;182;5.41;5.35
PI;Piauí;Ambos;2023;Estrangulamento;3;0.09;0.09
PI;Piauí;Ambos;2023;Força corporal;19;0.56;0.54
PI;Piauí;Ambos;2023;Demais meios especificados;10;0.3;0.29
PI;Piauí;Ambos;2023;Meios não especificados;8;0.24;0.21
PI;Piauí;Ambos;2024;Arma de fogo;487;14.43;14.41
PI;Piauí;Ambos;2024;Arma branca ou objeto contundente;145;4.3;4.3
PI;Piauí;Ambos;2024;Estrangulamento;13;0.39;0.36
PI;Piauí;Ambos;2024;Força corporal;27;0.8;0.76
PI;Piauí;Ambos;2024;Demais meios especificados;15;0.44;0.44
PI;Piauí;Ambos;2024;Meios não especificados;4;0.12;0.12
PI;Piauí;Ambos;2025;Arma de fogo;364;10.75;10.83
PI;Piauí;Ambos;2025;Arma branca ou objeto contundente;143;4.23;4.25
PI;Piauí;Ambos;2025;Estrangulamento;6;0.18;0.18
PI;Piauí;Ambos;2025;Força corporal;9;0.27;0.27
PI;Piauí;Ambos;2025;Demais meios especificados;12;0.35;0.36
PI;Piauí;Ambos;2025;Meios não especificados;6;0.18;0.18
PI;Piauí;Homens;2000;Arma de fogo;96;6.64;6.99
PI;Piauí;Homens;2000;Arma branca ou objeto contundente;93;6.43;6.63
PI;Piauí;Homens;2000;Estrangulamento;3;0.21;0.19
PI;Piauí;Homens;2000;Força corporal;2;0.14;0.17
PI;Piauí;Homens;2000;Demais meios especificados;1;0.07;0.13
PI;Piauí;Homens;2000;Meios não especificados;19;1.31;1.52
PI;Piauí;Homens;2001;Arma de fogo;95;6.5;6.79
PI;Piauí;Homens;2001;Arma branca ou objeto contundente;110;7.53;8.29
PI;Piauí;Homens;2001;Estrangulamento;1;0.07;0.08
PI;Piauí;Homens;2001;Força corporal;2;0.14;0.19
PI;Piauí;Homens;2001;Demais meios especificados;1;0.07;0.13
PI;Piauí;Homens;2001;Meios não especificados;17;1.16;1.35
PI;Piauí;Homens;2002;Arma de fogo;110;7.45;7.79
PI;Piauí;Homens;2002;Arma branca ou objeto contundente;147;9.96;10.53
PI;Piauí;Homens;2002;Estrangulamento;5;0.34;0.34
PI;Piauí;Homens;2002;Força corporal;2;0.14;0.18
PI;Piauí;Homens;2002;Meios não especificados;15;1.02;1.16
PI;Piauí;Homens;2003;Arma de fogo;133;8.92;9.13
PI;Piauí;Homens;2003;Arma branca ou objeto contundente;109;7.31;8.07
PI;Piauí;Homens;2003;Estrangulamento;3;0.2;0.27
PI;Piauí;Homens;2003;Força corporal;8;0.54;0.55
PI;Piauí;Homens;2003;Demais meios especificados;2;0.13;0.18
PI;Piauí;Homens;2003;Meios não especificados;10;0.67;0.77
PI;Piauí;Homens;2004;Arma de fogo;123;8.18;8.04
PI;Piauí;Homens;2004;Arma branca ou objeto contundente;149;9.91;10.87
PI;Piauí;Homens;2004;Estrangulamento;2;0.13;0.12
PI;Piauí;Homens;2004;Força corporal;10;0.67;0.79
PI;Piauí;Homens;2004;Demais meios especificados;7;0.47;0.54
PI;Piauí;Homens;2004;Meios não especificados;10;0.67;0.8
PI;Piauí;Homens;2005;Arma de fogo;140;9.23;8.96
PI;Piauí;Homens;2005;Arma branca ou objeto contundente;160;10.55;10.96
PI;Piauí;Homens;2005;Estrangulamento;3;0.2;0.25
PI;Piauí;Homens;2005;Força corporal;3;0.2;0.22
PI;Piauí;Homens;2005;Demais meios especificados;10;0.66;0.79
PI;Piauí;Homens;2005;Meios não especificados;12;0.79;0.85
PI;Piauí;Homens;2006;Arma de fogo;181;11.85;11.85
PI;Piauí;Homens;2006;Arma branca ou objeto contundente;179;11.72;11.85
PI;Piauí;Homens;2006;Estrangulamento;2;0.13;0.19
PI;Piauí;Homens;2006;Força corporal;10;0.65;0.81
PI;Piauí;Homens;2006;Demais meios especificados;2;0.13;0.06
PI;Piauí;Homens;2006;Meios não especificados;12;0.79;0.83
PI;Piauí;Homens;2007;Arma de fogo;169;10.99;11.11
PI;Piauí;Homens;2007;Arma branca ou objeto contundente;154;10.01;10.27
PI;Piauí;Homens;2007;Estrangulamento;4;0.26;0.26
PI;Piauí;Homens;2007;Força corporal;3;0.2;0.23
PI;Piauí;Homens;2007;Demais meios especificados;3;0.2;0.25
PI;Piauí;Homens;2007;Meios não especificados;13;0.85;1.17
PI;Piauí;Homens;2008;Arma de fogo;151;9.76;9.5
PI;Piauí;Homens;2008;Arma branca ou objeto contundente;144;9.31;9.69
PI;Piauí;Homens;2008;Estrangulamento;1;0.06;0.1
PI;Piauí;Homens;2008;Força corporal;1;0.06;0.11
PI;Piauí;Homens;2008;Demais meios especificados;8;0.52;0.54
PI;Piauí;Homens;2008;Meios não especificados;17;1.1;1.08
PI;Piauí;Homens;2009;Arma de fogo;170;10.92;10.5
PI;Piauí;Homens;2009;Arma branca ou objeto contundente;158;10.15;10.56
PI;Piauí;Homens;2009;Estrangulamento;5;0.32;0.46
PI;Piauí;Homens;2009;Força corporal;1;0.06;0.08
PI;Piauí;Homens;2009;Demais meios especificados;7;0.45;0.35
PI;Piauí;Homens;2009;Meios não especificados;13;0.84;0.84
PI;Piauí;Homens;2010;Arma de fogo;191;12.21;11.73
PI;Piauí;Homens;2010;Arma branca ou objeto contundente;161;10.29;10.59
PI;Piauí;Homens;2010;Estrangulamento;1;0.06;0.06
PI;Piauí;Homens;2010;Demais meios especificados;4;0.26;0.22
PI;Piauí;Homens;2010;Meios não especificados;14;0.9;1.04
PI;Piauí;Homens;2011;Arma de fogo;241;15.35;14.64
PI;Piauí;Homens;2011;Arma branca ou objeto contundente;146;9.3;9.65
PI;Piauí;Homens;2011;Estrangulamento;2;0.13;0.1
PI;Piauí;Homens;2011;Força corporal;1;0.06;0.09
PI;Piauí;Homens;2011;Demais meios especificados;2;0.13;0.16
PI;Piauí;Homens;2011;Meios não especificados;12;0.76;0.8
PI;Piauí;Homens;2012;Arma de fogo;293;18.58;17.66
PI;Piauí;Homens;2012;Arma branca ou objeto contundente;161;10.21;10.52
PI;Piauí;Homens;2012;Estrangulamento;5;0.32;0.33
PI;Piauí;Homens;2012;Força corporal;1;0.06;0.09
PI;Piauí;Homens;2012;Demais meios especificados;3;0.19;0.18
PI;Piauí;Homens;2012;Meios não especificados;16;1.01;1.08
PI;Piauí;Homens;2013;Arma de fogo;342;21.61;20.17
PI;Piauí;Homens;2013;Arma branca ou objeto contundente;179;11.31;11.52
PI;Piauí;Homens;2013;Estrangulamento;5;0.32;0.36
PI;Piauí;Homens;2013;Força corporal;1;0.06;0.09
PI;Piauí;Homens;2013;Demais meios especificados;3;0.19;0.19
PI;Piauí;Homens;2013;Meios não especificados;16;1.01;1.09
PI;Piauí;Homens;2014;Arma de fogo;430;27.06;25.18
PI;Piauí;Homens;2014;Arma branca ou objeto contundente;191;12.02;12.34
PI;Piauí;Homens;2014;Estrangulamento;2;0.13;0.13
PI;Piauí;Homens;2014;Força corporal;2;0.13;0.14
PI;Piauí;Homens;2014;Demais meios especificados;4;0.25;0.29
PI;Piauí;Homens;2014;Meios não especificados;24;1.51;1.62
PI;Piauí;Homens;2015;Arma de fogo;367;22.99;21.66
PI;Piauí;Homens;2015;Arma branca ou objeto contundente;188;11.78;11.84
PI;Piauí;Homens;2015;Estrangulamento;8;0.5;0.52
PI;Piauí;Homens;2015;Força corporal;2;0.13;0.16
PI;Piauí;Homens;2015;Demais meios especificados;3;0.19;0.18
PI;Piauí;Homens;2015;Meios não especificados;13;0.81;0.8
PI;Piauí;Homens;2016;Arma de fogo;417;26.01;24.62
PI;Piauí;Homens;2016;Arma branca ou objeto contundente;215;13.41;13.4
PI;Piauí;Homens;2016;Estrangulamento;6;0.37;0.38
PI;Piauí;Homens;2016;Força corporal;2;0.12;0.14
PI;Piauí;Homens;2016;Demais meios especificados;4;0.25;0.29
PI;Piauí;Homens;2016;Meios não especificados;6;0.37;0.39
PI;Piauí;Homens;2017;Arma de fogo;351;21.8;20.79
PI;Piauí;Homens;2017;Arma branca ou objeto contundente;194;12.05;11.93
PI;Piauí;Homens;2017;Estrangulamento;12;0.75;0.76
PI;Piauí;Homens;2017;Força corporal;1;0.06;0.06
PI;Piauí;Homens;2017;Demais meios especificados;6;0.37;0.43
PI;Piauí;Homens;2017;Meios não especificados;7;0.43;0.48
PI;Piauí;Homens;2018;Arma de fogo;358;22.13;21.27
PI;Piauí;Homens;2018;Arma branca ou objeto contundente;188;11.62;11.47
PI;Piauí;Homens;2018;Estrangulamento;4;0.25;0.25
PI;Piauí;Homens;2018;Força corporal;3;0.19;0.22
PI;Piauí;Homens;2018;Demais meios especificados;1;0.06;0.07
PI;Piauí;Homens;2018;Meios não especificados;9;0.56;0.48
PI;Piauí;Homens;2019;Arma de fogo;331;20.35;19.49
PI;Piauí;Homens;2019;Arma branca ou objeto contundente;165;10.14;10.35
PI;Piauí;Homens;2019;Estrangulamento;4;0.25;0.25
PI;Piauí;Homens;2019;Força corporal;6;0.37;0.38
PI;Piauí;Homens;2019;Demais meios especificados;2;0.12;0.12
PI;Piauí;Homens;2019;Meios não especificados;12;0.74;0.67
PI;Piauí;Homens;2020;Arma de fogo;411;25.15;23.97
PI;Piauí;Homens;2020;Arma branca ou objeto contundente;184;11.26;11.19
PI;Piauí;Homens;2020;Estrangulamento;6;0.37;0.41
PI;Piauí;Homens;2020;Força corporal;5;0.31;0.33
PI;Piauí;Homens;2020;Demais meios especificados;3;0.18;0.2
PI;Piauí;Homens;2020;Meios não especificados;5;0.31;0.19
PI;Piauí;Homens;2021;Arma de fogo;519;31.66;30.43
PI;Piauí;Homens;2021;Arma branca ou objeto contundente;155;9.46;9.4
PI;Piauí;Homens;2021;Força corporal;12;0.73;0.77
PI;Piauí;Homens;2021;Demais meios especificados;3;0.18;0.17
PI;Piauí;Homens;2021;Meios não especificados;5;0.31;0.32
PI;Piauí;Homens;2022;Arma de fogo;567;34.51;33.32
PI;Piauí;Homens;2022;Arma branca ou objeto contundente;120;7.3;7.2
PI;Piauí;Homens;2022;Estrangulamento;4;0.24;0.24
PI;Piauí;Homens;2022;Força corporal;23;1.4;1.4
PI;Piauí;Homens;2022;Meios não especificados;8;0.49;0.52
PI;Piauí;Homens;2023;Arma de fogo;459;27.87;27.42
PI;Piauí;Homens;2023;Arma branca ou objeto contundente;163;9.9;9.83
PI;Piauí;Homens;2023;Estrangulamento;3;0.18;0.18
PI;Piauí;Homens;2023;Força corporal;17;1.03;1
PI;Piauí;Homens;2023;Demais meios especificados;5;0.3;0.3
PI;Piauí;Homens;2023;Meios não especificados;7;0.43;0.37
PI;Piauí;Homens;2024;Arma de fogo;459;27.8;27.58
PI;Piauí;Homens;2024;Arma branca ou objeto contundente;120;7.27;7.41
PI;Piauí;Homens;2024;Estrangulamento;3;0.18;0.12
PI;Piauí;Homens;2024;Força corporal;20;1.21;1.22
PI;Piauí;Homens;2024;Demais meios especificados;9;0.55;0.53
PI;Piauí;Homens;2024;Meios não especificados;4;0.24;0.25
PI;Piauí;Homens;2025;Arma de fogo;340;20.54;20.41
PI;Piauí;Homens;2025;Arma branca ou objeto contundente;122;7.37;7.44
PI;Piauí;Homens;2025;Estrangulamento;3;0.18;0.19
PI;Piauí;Homens;2025;Força corporal;9;0.54;0.55
PI;Piauí;Homens;2025;Demais meios especificados;8;0.48;0.48
PI;Piauí;Homens;2025;Meios não especificados;4;0.24;0.24
PI;Piauí;Mulheres;2000;Arma de fogo;2;0.13;0.12
PI;Piauí;Mulheres;2000;Arma branca ou objeto contundente;9;0.61;0.74
PI;Piauí;Mulheres;2000;Estrangulamento;1;0.07;0.06
PI;Piauí;Mulheres;2000;Meios não especificados;2;0.13;0.14
PI;Piauí;Mulheres;2001;Arma de fogo;7;0.47;0.44
PI;Piauí;Mulheres;2001;Arma branca ou objeto contundente;19;1.27;1.27
PI;Piauí;Mulheres;2001;Estrangulamento;4;0.27;0.22
PI;Piauí;Mulheres;2001;Força corporal;1;0.07;0.12
PI;Piauí;Mulheres;2001;Meios não especificados;4;0.27;0.31
PI;Piauí;Mulheres;2002;Arma de fogo;10;0.66;0.79
PI;Piauí;Mulheres;2002;Arma branca ou objeto contundente;10;0.66;0.75
PI;Piauí;Mulheres;2002;Estrangulamento;1;0.07;0.08
PI;Piauí;Mulheres;2002;Força corporal;1;0.07;0.07
PI;Piauí;Mulheres;2002;Demais meios especificados;2;0.13;0.09
PI;Piauí;Mulheres;2002;Meios não especificados;3;0.2;0.16
PI;Piauí;Mulheres;2003;Arma de fogo;10;0.65;0.54
PI;Piauí;Mulheres;2003;Arma branca ou objeto contundente;13;0.85;0.93
PI;Piauí;Mulheres;2003;Estrangulamento;2;0.13;0.16
PI;Piauí;Mulheres;2003;Força corporal;1;0.07;0.07
PI;Piauí;Mulheres;2003;Meios não especificados;6;0.39;0.4
PI;Piauí;Mulheres;2004;Arma de fogo;8;0.52;0.47
PI;Piauí;Mulheres;2004;Arma branca ou objeto contundente;14;0.91;0.85
PI;Piauí;Mulheres;2004;Estrangulamento;2;0.13;0.15
PI;Piauí;Mulheres;2004;Força corporal;2;0.13;0.1
PI;Piauí;Mulheres;2005;Arma de fogo;11;0.71;0.73
PI;Piauí;Mulheres;2005;Arma branca ou objeto contundente;22;1.41;1.4
PI;Piauí;Mulheres;2005;Estrangulamento;2;0.13;0.13
PI;Piauí;Mulheres;2005;Demais meios especificados;2;0.13;0.12
PI;Piauí;Mulheres;2005;Meios não especificados;3;0.19;0.28
PI;Piauí;Mulheres;2006;Arma de fogo;11;0.7;0.72
PI;Piauí;Mulheres;2006;Arma branca ou objeto contundente;13;0.83;0.82
PI;Piauí;Mulheres;2006;Estrangulamento;5;0.32;0.3
PI;Piauí;Mulheres;2006;Força corporal;1;0.06;0.05
PI;Piauí;Mulheres;2006;Demais meios especificados;1;0.06;0.1
PI;Piauí;Mulheres;2006;Meios não especificados;1;0.06;0.07
PI;Piauí;Mulheres;2007;Arma de fogo;15;0.95;0.85
PI;Piauí;Mulheres;2007;Arma branca ou objeto contundente;16;1.01;1.19
PI;Piauí;Mulheres;2007;Força corporal;1;0.06;0.08
PI;Piauí;Mulheres;2007;Demais meios especificados;3;0.19;0.21
PI;Piauí;Mulheres;2008;Arma de fogo;8;0.5;0.4
PI;Piauí;Mulheres;2008;Arma branca ou objeto contundente;18;1.13;1.14
PI;Piauí;Mulheres;2008;Estrangulamento;7;0.44;0.39
PI;Piauí;Mulheres;2008;Demais meios especificados;1;0.06;0.1
PI;Piauí;Mulheres;2008;Meios não especificados;4;0.25;0.29
PI;Piauí;Mulheres;2009;Arma de fogo;14;0.87;0.78
PI;Piauí;Mulheres;2009;Arma branca ou objeto contundente;12;0.75;0.81
PI;Piauí;Mulheres;2009;Força corporal;1;0.06;0.09
PI;Piauí;Mulheres;2009;Demais meios especificados;2;0.12;0.14
PI;Piauí;Mulheres;2009;Meios não especificados;2;0.12;0.15
PI;Piauí;Mulheres;2010;Arma de fogo;16;0.99;0.96
PI;Piauí;Mulheres;2010;Arma branca ou objeto contundente;18;1.11;1.2
PI;Piauí;Mulheres;2010;Estrangulamento;3;0.19;0.2
PI;Piauí;Mulheres;2010;Demais meios especificados;1;0.06;0.05
PI;Piauí;Mulheres;2010;Meios não especificados;2;0.12;0.13
PI;Piauí;Mulheres;2011;Arma de fogo;10;0.61;0.63
PI;Piauí;Mulheres;2011;Arma branca ou objeto contundente;15;0.92;1.01
PI;Piauí;Mulheres;2011;Estrangulamento;2;0.12;0.14
PI;Piauí;Mulheres;2011;Demais meios especificados;2;0.12;0.14
PI;Piauí;Mulheres;2011;Meios não especificados;3;0.18;0.17
PI;Piauí;Mulheres;2012;Arma de fogo;18;1.1;1.03
PI;Piauí;Mulheres;2012;Arma branca ou objeto contundente;21;1.28;1.31
PI;Piauí;Mulheres;2012;Estrangulamento;1;0.06;0.05
PI;Piauí;Mulheres;2012;Demais meios especificados;3;0.18;0.18
PI;Piauí;Mulheres;2012;Meios não especificados;3;0.18;0.21
PI;Piauí;Mulheres;2013;Arma de fogo;22;1.34;1.3
PI;Piauí;Mulheres;2013;Arma branca ou objeto contundente;20;1.22;1.23
PI;Piauí;Mulheres;2013;Estrangulamento;1;0.06;0.05
PI;Piauí;Mulheres;2013;Demais meios especificados;3;0.18;0.17
PI;Piauí;Mulheres;2013;Meios não especificados;1;0.06;0.05
PI;Piauí;Mulheres;2014;Arma de fogo;25;1.51;1.47
PI;Piauí;Mulheres;2014;Arma branca ou objeto contundente;29;1.76;1.77
PI;Piauí;Mulheres;2014;Estrangulamento;3;0.18;0.16
PI;Piauí;Mulheres;2014;Força corporal;1;0.06;0.07
PI;Piauí;Mulheres;2014;Demais meios especificados;4;0.24;0.24
PI;Piauí;Mulheres;2014;Meios não especificados;1;0.06;0.08
PI;Piauí;Mulheres;2015;Arma de fogo;33;1.99;1.91
PI;Piauí;Mulheres;2015;Arma branca ou objeto contundente;28;1.69;1.68
PI;Piauí;Mulheres;2015;Estrangulamento;2;0.12;0.12
PI;Piauí;Mulheres;2015;Demais meios especificados;3;0.18;0.2
PI;Piauí;Mulheres;2015;Meios não especificados;1;0.06;0.07
PI;Piauí;Mulheres;2016;Arma de fogo;22;1.32;1.33
PI;Piauí;Mulheres;2016;Arma branca ou objeto contundente;18;1.08;1.13
PI;Piauí;Mulheres;2016;Estrangulamento;6;0.36;0.38
PI;Piauí;Mulheres;2016;Demais meios especificados;4;0.24;0.26
PI;Piauí;Mulheres;2017;Arma de fogo;25;1.49;1.46
PI;Piauí;Mulheres;2017;Arma branca ou objeto contundente;19;1.13;1.13
PI;Piauí;Mulheres;2017;Estrangulamento;3;0.18;0.19
PI;Piauí;Mulheres;2017;Força corporal;2;0.12;0.14
PI;Piauí;Mulheres;2017;Meios não especificados;3;0.18;0.19
PI;Piauí;Mulheres;2018;Arma de fogo;14;0.83;0.82
PI;Piauí;Mulheres;2018;Arma branca ou objeto contundente;30;1.78;1.77
PI;Piauí;Mulheres;2018;Estrangulamento;4;0.24;0.24
PI;Piauí;Mulheres;2018;Demais meios especificados;2;0.12;0.11
PI;Piauí;Mulheres;2018;Meios não especificados;2;0.12;0.11
PI;Piauí;Mulheres;2019;Arma de fogo;17;1;1.03
PI;Piauí;Mulheres;2019;Arma branca ou objeto contundente;24;1.42;1.44
PI;Piauí;Mulheres;2019;Estrangulamento;3;0.18;0.17
PI;Piauí;Mulheres;2019;Força corporal;2;0.12;0.12
PI;Piauí;Mulheres;2019;Demais meios especificados;1;0.06;0.06
PI;Piauí;Mulheres;2020;Arma de fogo;23;1.35;1.35
PI;Piauí;Mulheres;2020;Arma branca ou objeto contundente;23;1.35;1.36
PI;Piauí;Mulheres;2020;Estrangulamento;1;0.06;0.06
PI;Piauí;Mulheres;2020;Força corporal;4;0.24;0.24
PI;Piauí;Mulheres;2020;Demais meios especificados;1;0.06;0.06
PI;Piauí;Mulheres;2020;Meios não especificados;2;0.12;0.12
PI;Piauí;Mulheres;2021;Arma de fogo;38;2.22;2.2
PI;Piauí;Mulheres;2021;Arma branca ou objeto contundente;26;1.52;1.47
PI;Piauí;Mulheres;2021;Estrangulamento;1;0.06;0.06
PI;Piauí;Mulheres;2021;Demais meios especificados;3;0.18;0.18
PI;Piauí;Mulheres;2022;Arma de fogo;40;2.33;2.33
PI;Piauí;Mulheres;2022;Arma branca ou objeto contundente;22;1.28;1.24
PI;Piauí;Mulheres;2022;Estrangulamento;4;0.23;0.23
PI;Piauí;Mulheres;2022;Demais meios especificados;1;0.06;0.06
PI;Piauí;Mulheres;2023;Arma de fogo;40;2.33;2.29
PI;Piauí;Mulheres;2023;Arma branca ou objeto contundente;18;1.05;1.07
PI;Piauí;Mulheres;2023;Força corporal;2;0.12;0.12
PI;Piauí;Mulheres;2023;Demais meios especificados;5;0.29;0.29
PI;Piauí;Mulheres;2023;Meios não especificados;1;0.06;0.06
PI;Piauí;Mulheres;2024;Arma de fogo;26;1.51;1.53
PI;Piauí;Mulheres;2024;Arma branca ou objeto contundente;24;1.39;1.41
PI;Piauí;Mulheres;2024;Estrangulamento;10;0.58;0.58
PI;Piauí;Mulheres;2024;Força corporal;6;0.35;0.34
PI;Piauí;Mulheres;2024;Demais meios especificados;6;0.35;0.35
PI;Piauí;Mulheres;2025;Arma de fogo;23;1.33;1.36
PI;Piauí;Mulheres;2025;Arma branca ou objeto contundente;21;1.21;1.2
PI;Piauí;Mulheres;2025;Estrangulamento;3;0.17;0.18
PI;Piauí;Mulheres;2025;Demais meios especificados;4;0.23;0.25
PI;Piauí;Mulheres;2025;Meios não especificados;2;0.12;0.12
PR;Paraná;Ambos;2000;Arma de fogo;1093;11.25;10.72
PR;Paraná;Ambos;2000;Arma branca ou objeto contundente;521;5.36;5.53
PR;Paraná;Ambos;2000;Estrangulamento;24;0.25;0.26
PR;Paraná;Ambos;2000;Força corporal;70;0.72;0.7
PR;Paraná;Ambos;2000;Demais meios especificados;15;0.15;0.15
PR;Paraná;Ambos;2000;Meios não especificados;56;0.58;0.57
PR;Paraná;Ambos;2001;Arma de fogo;1269;12.92;12.28
PR;Paraná;Ambos;2001;Arma branca ou objeto contundente;571;5.82;5.94
PR;Paraná;Ambos;2001;Estrangulamento;40;0.41;0.43
PR;Paraná;Ambos;2001;Força corporal;101;1.03;1.07
PR;Paraná;Ambos;2001;Demais meios especificados;11;0.11;0.12
PR;Paraná;Ambos;2001;Meios não especificados;42;0.43;0.47
PR;Paraná;Ambos;2002;Arma de fogo;1494;15.06;14.11
PR;Paraná;Ambos;2002;Arma branca ou objeto contundente;560;5.64;5.85
PR;Paraná;Ambos;2002;Estrangulamento;33;0.33;0.31
PR;Paraná;Ambos;2002;Força corporal;92;0.93;1
PR;Paraná;Ambos;2002;Demais meios especificados;22;0.22;0.23
PR;Paraná;Ambos;2002;Meios não especificados;37;0.37;0.41
PR;Paraná;Ambos;2003;Arma de fogo;1748;17.44;16.34
PR;Paraná;Ambos;2003;Arma branca ou objeto contundente;585;5.84;6
PR;Paraná;Ambos;2003;Estrangulamento;29;0.29;0.3
PR;Paraná;Ambos;2003;Força corporal;97;0.97;1.01
PR;Paraná;Ambos;2003;Demais meios especificados;26;0.26;0.28
PR;Paraná;Ambos;2003;Meios não especificados;46;0.46;0.48
PR;Paraná;Ambos;2004;Arma de fogo;1912;18.89;17.45
PR;Paraná;Ambos;2004;Arma branca ou objeto contundente;663;6.55;6.59
PR;Paraná;Ambos;2004;Estrangulamento;54;0.53;0.54
PR;Paraná;Ambos;2004;Força corporal;120;1.19;1.19
PR;Paraná;Ambos;2004;Demais meios especificados;19;0.19;0.2
PR;Paraná;Ambos;2004;Meios não especificados;37;0.37;0.37
PR;Paraná;Ambos;2005;Arma de fogo;2027;19.83;18.06
PR;Paraná;Ambos;2005;Arma branca ou objeto contundente;696;6.81;6.79
PR;Paraná;Ambos;2005;Estrangulamento;61;0.6;0.61
PR;Paraná;Ambos;2005;Força corporal;137;1.34;1.37
PR;Paraná;Ambos;2005;Demais meios especificados;11;0.11;0.11
PR;Paraná;Ambos;2005;Meios não especificados;33;0.32;0.32
PR;Paraná;Ambos;2006;Arma de fogo;2229;21.61;19.96
PR;Paraná;Ambos;2006;Arma branca ou objeto contundente;666;6.46;6.41
PR;Paraná;Ambos;2006;Estrangulamento;28;0.27;0.28
PR;Paraná;Ambos;2006;Força corporal;124;1.2;1.18
PR;Paraná;Ambos;2006;Demais meios especificados;11;0.11;0.11
PR;Paraná;Ambos;2006;Meios não especificados;34;0.33;0.35
PR;Paraná;Ambos;2007;Arma de fogo;2285;21.95;20.04
PR;Paraná;Ambos;2007;Arma branca ou objeto contundente;635;6.1;6.09
PR;Paraná;Ambos;2007;Estrangulamento;46;0.44;0.45
PR;Paraná;Ambos;2007;Força corporal;98;0.94;0.9
PR;Paraná;Ambos;2007;Demais meios especificados;11;0.11;0.11
PR;Paraná;Ambos;2007;Meios não especificados;23;0.22;0.25
PR;Paraná;Ambos;2008;Arma de fogo;2540;24.19;22.05
PR;Paraná;Ambos;2008;Arma branca ou objeto contundente;668;6.36;6.25
PR;Paraná;Ambos;2008;Estrangulamento;51;0.49;0.47
PR;Paraná;Ambos;2008;Força corporal;124;1.18;1.16
PR;Paraná;Ambos;2008;Demais meios especificados;23;0.22;0.22
PR;Paraná;Ambos;2008;Meios não especificados;34;0.32;0.35
PR;Paraná;Ambos;2009;Arma de fogo;2673;25.24;23.07
PR;Paraná;Ambos;2009;Arma branca ou objeto contundente;758;7.16;7.05
PR;Paraná;Ambos;2009;Estrangulamento;51;0.48;0.44
PR;Paraná;Ambos;2009;Força corporal;138;1.3;1.3
PR;Paraná;Ambos;2009;Demais meios especificados;25;0.24;0.22
PR;Paraná;Ambos;2009;Meios não especificados;35;0.33;0.33
PR;Paraná;Ambos;2010;Arma de fogo;2630;24.66;22.83
PR;Paraná;Ambos;2010;Arma branca ou objeto contundente;682;6.39;6.18
PR;Paraná;Ambos;2010;Estrangulamento;51;0.48;0.45
PR;Paraná;Ambos;2010;Força corporal;146;1.37;1.32
PR;Paraná;Ambos;2010;Demais meios especificados;37;0.35;0.33
PR;Paraná;Ambos;2010;Meios não especificados;29;0.27;0.25
PR;Paraná;Ambos;2011;Arma de fogo;2365;22.03;20.38
PR;Paraná;Ambos;2011;Arma branca ou objeto contundente;716;6.67;6.48
PR;Paraná;Ambos;2011;Estrangulamento;39;0.36;0.35
PR;Paraná;Ambos;2011;Força corporal;135;1.26;1.16
PR;Paraná;Ambos;2011;Demais meios especificados;36;0.34;0.3
PR;Paraná;Ambos;2011;Meios não especificados;30;0.28;0.26
PR;Paraná;Ambos;2012;Arma de fogo;2433;22.49;20.87
PR;Paraná;Ambos;2012;Arma branca ou objeto contundente;792;7.32;7.06
PR;Paraná;Ambos;2012;Estrangulamento;40;0.37;0.33
PR;Paraná;Ambos;2012;Força corporal;130;1.2;1.17
PR;Paraná;Ambos;2012;Demais meios especificados;27;0.25;0.25
PR;Paraná;Ambos;2012;Meios não especificados;33;0.31;0.3
PR;Paraná;Ambos;2013;Arma de fogo;2025;18.57;17.4
PR;Paraná;Ambos;2013;Arma branca ou objeto contundente;675;6.19;6
PR;Paraná;Ambos;2013;Estrangulamento;51;0.47;0.46
PR;Paraná;Ambos;2013;Força corporal;87;0.8;0.79
PR;Paraná;Ambos;2013;Demais meios especificados;36;0.33;0.29
PR;Paraná;Ambos;2013;Meios não especificados;36;0.33;0.32
PR;Paraná;Ambos;2014;Arma de fogo;2071;18.82;17.94
PR;Paraná;Ambos;2014;Arma branca ou objeto contundente;668;6.07;5.93
PR;Paraná;Ambos;2014;Estrangulamento;40;0.36;0.37
PR;Paraná;Ambos;2014;Força corporal;118;1.07;1.07
PR;Paraná;Ambos;2014;Demais meios especificados;28;0.25;0.21
PR;Paraná;Ambos;2014;Meios não especificados;32;0.29;0.28
PR;Paraná;Ambos;2015;Arma de fogo;1972;17.76;16.93
PR;Paraná;Ambos;2015;Arma branca ou objeto contundente;675;6.08;5.96
PR;Paraná;Ambos;2015;Estrangulamento;45;0.41;0.41
PR;Paraná;Ambos;2015;Força corporal;103;0.93;0.94
PR;Paraná;Ambos;2015;Demais meios especificados;30;0.27;0.25
PR;Paraná;Ambos;2015;Meios não especificados;36;0.32;0.33
PR;Paraná;Ambos;2016;Arma de fogo;2125;18.98;18.41
PR;Paraná;Ambos;2016;Arma branca ou objeto contundente;641;5.73;5.56
PR;Paraná;Ambos;2016;Estrangulamento;47;0.42;0.42
PR;Paraná;Ambos;2016;Força corporal;96;0.86;0.85
PR;Paraná;Ambos;2016;Demais meios especificados;38;0.34;0.33
PR;Paraná;Ambos;2016;Meios não especificados;45;0.4;0.39
PR;Paraná;Ambos;2017;Arma de fogo;1832;16.23;15.85
PR;Paraná;Ambos;2017;Arma branca ou objeto contundente;597;5.29;5.25
PR;Paraná;Ambos;2017;Estrangulamento;52;0.46;0.46
PR;Paraná;Ambos;2017;Força corporal;112;0.99;0.99
PR;Paraná;Ambos;2017;Demais meios especificados;34;0.3;0.28
PR;Paraná;Ambos;2017;Meios não especificados;36;0.32;0.32
PR;Paraná;Ambos;2018;Arma de fogo;1520;13.36;13.11
PR;Paraná;Ambos;2018;Arma branca ou objeto contundente;558;4.91;4.86
PR;Paraná;Ambos;2018;Estrangulamento;64;0.56;0.55
PR;Paraná;Ambos;2018;Força corporal;105;0.92;0.92
PR;Paraná;Ambos;2018;Demais meios especificados;33;0.29;0.28
PR;Paraná;Ambos;2018;Meios não especificados;28;0.25;0.25
PR;Paraná;Ambos;2019;Arma de fogo;1190;10.38;10.21
PR;Paraná;Ambos;2019;Arma branca ou objeto contundente;513;4.47;4.45
PR;Paraná;Ambos;2019;Estrangulamento;57;0.5;0.5
PR;Paraná;Ambos;2019;Força corporal;79;0.69;0.67
PR;Paraná;Ambos;2019;Demais meios especificados;34;0.3;0.3
PR;Paraná;Ambos;2019;Meios não especificados;27;0.24;0.24
PR;Paraná;Ambos;2020;Arma de fogo;1411;12.2;12.22
PR;Paraná;Ambos;2020;Arma branca ou objeto contundente;451;3.9;3.87
PR;Paraná;Ambos;2020;Estrangulamento;34;0.29;0.29
PR;Paraná;Ambos;2020;Força corporal;88;0.76;0.75
PR;Paraná;Ambos;2020;Demais meios especificados;17;0.15;0.13
PR;Paraná;Ambos;2020;Meios não especificados;59;0.51;0.49
PR;Paraná;Ambos;2021;Arma de fogo;1373;11.81;11.89
PR;Paraná;Ambos;2021;Arma branca ou objeto contundente;502;4.32;4.28
PR;Paraná;Ambos;2021;Estrangulamento;40;0.34;0.35
PR;Paraná;Ambos;2021;Força corporal;75;0.64;0.64
PR;Paraná;Ambos;2021;Demais meios especificados;34;0.29;0.28
PR;Paraná;Ambos;2021;Meios não especificados;47;0.4;0.4
PR;Paraná;Ambos;2022;Arma de fogo;1497;12.81;12.92
PR;Paraná;Ambos;2022;Arma branca ou objeto contundente;521;4.46;4.46
PR;Paraná;Ambos;2022;Estrangulamento;34;0.29;0.29
PR;Paraná;Ambos;2022;Força corporal;85;0.73;0.71
PR;Paraná;Ambos;2022;Demais meios especificados;38;0.33;0.33
PR;Paraná;Ambos;2022;Meios não especificados;63;0.54;0.52
PR;Paraná;Ambos;2023;Arma de fogo;1265;10.76;10.99
PR;Paraná;Ambos;2023;Arma branca ou objeto contundente;489;4.16;4.17
PR;Paraná;Ambos;2023;Estrangulamento;46;0.39;0.38
PR;Paraná;Ambos;2023;Força corporal;76;0.65;0.64
PR;Paraná;Ambos;2023;Demais meios especificados;42;0.36;0.36
PR;Paraná;Ambos;2023;Meios não especificados;61;0.52;0.51
PR;Paraná;Ambos;2024;Arma de fogo;1091;9.23;9.47
PR;Paraná;Ambos;2024;Arma branca ou objeto contundente;503;4.25;4.25
PR;Paraná;Ambos;2024;Estrangulamento;50;0.42;0.41
PR;Paraná;Ambos;2024;Força corporal;116;0.98;0.95
PR;Paraná;Ambos;2024;Demais meios especificados;38;0.32;0.33
PR;Paraná;Ambos;2024;Meios não especificados;60;0.51;0.47
PR;Paraná;Ambos;2025;Arma de fogo;816;6.86;7.06
PR;Paraná;Ambos;2025;Arma branca ou objeto contundente;409;3.44;3.46
PR;Paraná;Ambos;2025;Estrangulamento;26;0.22;0.22
PR;Paraná;Ambos;2025;Força corporal;95;0.8;0.78
PR;Paraná;Ambos;2025;Demais meios especificados;35;0.29;0.29
PR;Paraná;Ambos;2025;Meios não especificados;59;0.5;0.47
PR;Paraná;Homens;2000;Arma de fogo;1015;21.11;20.19
PR;Paraná;Homens;2000;Arma branca ou objeto contundente;462;9.61;10
PR;Paraná;Homens;2000;Estrangulamento;13;0.27;0.33
PR;Paraná;Homens;2000;Força corporal;63;1.31;1.24
PR;Paraná;Homens;2000;Demais meios especificados;10;0.21;0.23
PR;Paraná;Homens;2000;Meios não especificados;50;1.04;1.02
PR;Paraná;Homens;2001;Arma de fogo;1165;23.98;22.95
PR;Paraná;Homens;2001;Arma branca ou objeto contundente;505;10.4;10.72
PR;Paraná;Homens;2001;Estrangulamento;25;0.51;0.57
PR;Paraná;Homens;2001;Força corporal;92;1.89;1.94
PR;Paraná;Homens;2001;Demais meios especificados;10;0.21;0.23
PR;Paraná;Homens;2001;Meios não especificados;37;0.76;0.88
PR;Paraná;Homens;2002;Arma de fogo;1402;28.58;26.8
PR;Paraná;Homens;2002;Arma branca ou objeto contundente;489;9.97;10.46
PR;Paraná;Homens;2002;Estrangulamento;14;0.29;0.24
PR;Paraná;Homens;2002;Força corporal;80;1.63;1.78
PR;Paraná;Homens;2002;Demais meios especificados;17;0.35;0.36
PR;Paraná;Homens;2002;Meios não especificados;31;0.63;0.7
PR;Paraná;Homens;2003;Arma de fogo;1627;32.85;30.89
PR;Paraná;Homens;2003;Arma branca ou objeto contundente;506;10.22;10.64
PR;Paraná;Homens;2003;Estrangulamento;16;0.32;0.34
PR;Paraná;Homens;2003;Força corporal;89;1.8;1.92
PR;Paraná;Homens;2003;Demais meios especificados;23;0.46;0.52
PR;Paraná;Homens;2003;Meios não especificados;41;0.83;0.86
PR;Paraná;Homens;2004;Arma de fogo;1776;35.53;32.88
PR;Paraná;Homens;2004;Arma branca ou objeto contundente;594;11.88;12.11
PR;Paraná;Homens;2004;Estrangulamento;25;0.5;0.49
PR;Paraná;Homens;2004;Força corporal;108;2.16;2.15
PR;Paraná;Homens;2004;Demais meios especificados;13;0.26;0.26
PR;Paraná;Homens;2004;Meios não especificados;36;0.72;0.73
PR;Paraná;Homens;2005;Arma de fogo;1906;37.79;34.27
PR;Paraná;Homens;2005;Arma branca ou objeto contundente;620;12.29;12.37
PR;Paraná;Homens;2005;Estrangulamento;38;0.75;0.78
PR;Paraná;Homens;2005;Força corporal;127;2.52;2.61
PR;Paraná;Homens;2005;Demais meios especificados;6;0.12;0.11
PR;Paraná;Homens;2005;Meios não especificados;29;0.58;0.58
PR;Paraná;Homens;2006;Arma de fogo;2085;40.98;37.82
PR;Paraná;Homens;2006;Arma branca ou objeto contundente;591;11.62;11.69
PR;Paraná;Homens;2006;Estrangulamento;15;0.29;0.33
PR;Paraná;Homens;2006;Força corporal;106;2.08;2.09
PR;Paraná;Homens;2006;Demais meios especificados;8;0.16;0.17
PR;Paraná;Homens;2006;Meios não especificados;28;0.55;0.59
PR;Paraná;Homens;2007;Arma de fogo;2150;41.91;38.22
PR;Paraná;Homens;2007;Arma branca ou objeto contundente;562;10.95;11.06
PR;Paraná;Homens;2007;Estrangulamento;26;0.51;0.55
PR;Paraná;Homens;2007;Força corporal;86;1.68;1.6
PR;Paraná;Homens;2007;Demais meios especificados;8;0.16;0.19
PR;Paraná;Homens;2007;Meios não especificados;21;0.41;0.48
PR;Paraná;Homens;2008;Arma de fogo;2366;45.75;41.65
PR;Paraná;Homens;2008;Arma branca ou objeto contundente;575;11.12;10.98
PR;Paraná;Homens;2008;Estrangulamento;33;0.64;0.64
PR;Paraná;Homens;2008;Força corporal;111;2.15;2.1
PR;Paraná;Homens;2008;Demais meios especificados;15;0.29;0.32
PR;Paraná;Homens;2008;Meios não especificados;27;0.52;0.57
PR;Paraná;Homens;2009;Arma de fogo;2470;47.39;43.13
PR;Paraná;Homens;2009;Arma branca ou objeto contundente;661;12.68;12.6
PR;Paraná;Homens;2009;Estrangulamento;33;0.63;0.56
PR;Paraná;Homens;2009;Força corporal;128;2.46;2.46
PR;Paraná;Homens;2009;Demais meios especificados;22;0.42;0.4
PR;Paraná;Homens;2009;Meios não especificados;29;0.56;0.57
PR;Paraná;Homens;2010;Arma de fogo;2441;46.53;42.83
PR;Paraná;Homens;2010;Arma branca ou objeto contundente;579;11.04;10.71
PR;Paraná;Homens;2010;Estrangulamento;30;0.57;0.55
PR;Paraná;Homens;2010;Força corporal;129;2.46;2.36
PR;Paraná;Homens;2010;Demais meios especificados;32;0.61;0.59
PR;Paraná;Homens;2010;Meios não especificados;26;0.5;0.47
PR;Paraná;Homens;2011;Arma de fogo;2222;42.11;38.84
PR;Paraná;Homens;2011;Arma branca ou objeto contundente;617;11.69;11.41
PR;Paraná;Homens;2011;Estrangulamento;20;0.38;0.35
PR;Paraná;Homens;2011;Força corporal;122;2.31;2.17
PR;Paraná;Homens;2011;Demais meios especificados;27;0.51;0.47
PR;Paraná;Homens;2011;Meios não especificados;23;0.44;0.44
PR;Paraná;Homens;2012;Arma de fogo;2262;42.57;39.25
PR;Paraná;Homens;2012;Arma branca ou objeto contundente;679;12.78;12.42
PR;Paraná;Homens;2012;Estrangulamento;22;0.41;0.36
PR;Paraná;Homens;2012;Força corporal;117;2.2;2.16
PR;Paraná;Homens;2012;Demais meios especificados;18;0.34;0.35
PR;Paraná;Homens;2012;Meios não especificados;30;0.56;0.55
PR;Paraná;Homens;2013;Arma de fogo;1901;35.49;33.07
PR;Paraná;Homens;2013;Arma branca ou objeto contundente;569;10.62;10.31
PR;Paraná;Homens;2013;Estrangulamento;27;0.5;0.51
PR;Paraná;Homens;2013;Força corporal;77;1.44;1.44
PR;Paraná;Homens;2013;Demais meios especificados;24;0.45;0.4
PR;Paraná;Homens;2013;Meios não especificados;29;0.54;0.53
PR;Paraná;Homens;2014;Arma de fogo;1932;35.77;33.78
PR;Paraná;Homens;2014;Arma branca ou objeto contundente;568;10.52;10.31
PR;Paraná;Homens;2014;Estrangulamento;23;0.43;0.43
PR;Paraná;Homens;2014;Força corporal;103;1.91;1.94
PR;Paraná;Homens;2014;Demais meios especificados;19;0.35;0.28
PR;Paraná;Homens;2014;Meios não especificados;27;0.5;0.51
PR;Paraná;Homens;2015;Arma de fogo;1877;34.45;32.52
PR;Paraná;Homens;2015;Arma branca ou objeto contundente;574;10.54;10.41
PR;Paraná;Homens;2015;Estrangulamento;20;0.37;0.4
PR;Paraná;Homens;2015;Força corporal;92;1.69;1.74
PR;Paraná;Homens;2015;Demais meios especificados;23;0.42;0.39
PR;Paraná;Homens;2015;Meios não especificados;30;0.55;0.58
PR;Paraná;Homens;2016;Arma de fogo;2020;36.78;35.27
PR;Paraná;Homens;2016;Arma branca ou objeto contundente;555;10.1;9.84
PR;Paraná;Homens;2016;Estrangulamento;30;0.55;0.55
PR;Paraná;Homens;2016;Força corporal;82;1.49;1.5
PR;Paraná;Homens;2016;Demais meios especificados;26;0.47;0.46
PR;Paraná;Homens;2016;Meios não especificados;40;0.73;0.74
PR;Paraná;Homens;2017;Arma de fogo;1722;31.11;30.04
PR;Paraná;Homens;2017;Arma branca ou objeto contundente;510;9.21;9.19
PR;Paraná;Homens;2017;Estrangulamento;27;0.49;0.48
PR;Paraná;Homens;2017;Força corporal;105;1.9;1.92
PR;Paraná;Homens;2017;Demais meios especificados;20;0.36;0.34
PR;Paraná;Homens;2017;Meios não especificados;32;0.58;0.59
PR;Paraná;Homens;2018;Arma de fogo;1431;25.66;24.89
PR;Paraná;Homens;2018;Arma branca ou objeto contundente;474;8.5;8.41
PR;Paraná;Homens;2018;Estrangulamento;41;0.74;0.71
PR;Paraná;Homens;2018;Força corporal;101;1.81;1.82
PR;Paraná;Homens;2018;Demais meios especificados;27;0.48;0.46
PR;Paraná;Homens;2018;Meios não especificados;23;0.41;0.42
PR;Paraná;Homens;2019;Arma de fogo;1104;19.64;19.09
PR;Paraná;Homens;2019;Arma branca ou objeto contundente;436;7.76;7.73
PR;Paraná;Homens;2019;Estrangulamento;43;0.77;0.76
PR;Paraná;Homens;2019;Força corporal;73;1.3;1.28
PR;Paraná;Homens;2019;Demais meios especificados;18;0.32;0.32
PR;Paraná;Homens;2019;Meios não especificados;22;0.39;0.4
PR;Paraná;Homens;2020;Arma de fogo;1318;23.27;23
PR;Paraná;Homens;2020;Arma branca ou objeto contundente;382;6.74;6.69
PR;Paraná;Homens;2020;Estrangulamento;28;0.49;0.5
PR;Paraná;Homens;2020;Força corporal;78;1.38;1.36
PR;Paraná;Homens;2020;Demais meios especificados;11;0.19;0.18
PR;Paraná;Homens;2020;Meios não especificados;45;0.79;0.77
PR;Paraná;Homens;2021;Arma de fogo;1290;22.66;22.47
PR;Paraná;Homens;2021;Arma branca ou objeto contundente;435;7.64;7.56
PR;Paraná;Homens;2021;Estrangulamento;26;0.46;0.45
PR;Paraná;Homens;2021;Força corporal;69;1.21;1.22
PR;Paraná;Homens;2021;Demais meios especificados;19;0.33;0.33
PR;Paraná;Homens;2021;Meios não especificados;36;0.63;0.64
PR;Paraná;Homens;2022;Arma de fogo;1370;23.97;23.82
PR;Paraná;Homens;2022;Arma branca ou objeto contundente;449;7.85;7.87
PR;Paraná;Homens;2022;Estrangulamento;19;0.33;0.33
PR;Paraná;Homens;2022;Força corporal;79;1.38;1.39
PR;Paraná;Homens;2022;Demais meios especificados;26;0.45;0.47
PR;Paraná;Homens;2022;Meios não especificados;57;1;0.97
PR;Paraná;Homens;2023;Arma de fogo;1154;20.08;20.2
PR;Paraná;Homens;2023;Arma branca ou objeto contundente;423;7.36;7.36
PR;Paraná;Homens;2023;Estrangulamento;25;0.44;0.41
PR;Paraná;Homens;2023;Força corporal;65;1.13;1.13
PR;Paraná;Homens;2023;Demais meios especificados;29;0.5;0.51
PR;Paraná;Homens;2023;Meios não especificados;52;0.9;0.89
PR;Paraná;Homens;2024;Arma de fogo;1006;17.41;17.6
PR;Paraná;Homens;2024;Arma branca ou objeto contundente;410;7.1;7.07
PR;Paraná;Homens;2024;Estrangulamento;26;0.45;0.44
PR;Paraná;Homens;2024;Força corporal;105;1.82;1.79
PR;Paraná;Homens;2024;Demais meios especificados;24;0.42;0.42
PR;Paraná;Homens;2024;Meios não especificados;51;0.88;0.82
PR;Paraná;Homens;2025;Arma de fogo;745;12.83;13.01
PR;Paraná;Homens;2025;Arma branca ou objeto contundente;346;5.96;5.97
PR;Paraná;Homens;2025;Estrangulamento;13;0.22;0.22
PR;Paraná;Homens;2025;Força corporal;79;1.36;1.33
PR;Paraná;Homens;2025;Demais meios especificados;22;0.38;0.37
PR;Paraná;Homens;2025;Meios não especificados;54;0.93;0.9
PR;Paraná;Mulheres;2000;Arma de fogo;76;1.55;1.5
PR;Paraná;Mulheres;2000;Arma branca ou objeto contundente;59;1.2;1.24
PR;Paraná;Mulheres;2000;Estrangulamento;11;0.22;0.21
PR;Paraná;Mulheres;2000;Força corporal;7;0.14;0.18
PR;Paraná;Mulheres;2000;Demais meios especificados;5;0.1;0.09
PR;Paraná;Mulheres;2000;Meios não especificados;6;0.12;0.13
PR;Paraná;Mulheres;2001;Arma de fogo;101;2.04;1.93
PR;Paraná;Mulheres;2001;Arma branca ou objeto contundente;66;1.33;1.35
PR;Paraná;Mulheres;2001;Estrangulamento;15;0.3;0.31
PR;Paraná;Mulheres;2001;Força corporal;9;0.18;0.23
PR;Paraná;Mulheres;2001;Demais meios especificados;1;0.02;0.01
PR;Paraná;Mulheres;2001;Meios não especificados;5;0.1;0.09
PR;Paraná;Mulheres;2002;Arma de fogo;92;1.83;1.76
PR;Paraná;Mulheres;2002;Arma branca ou objeto contundente;70;1.4;1.45
PR;Paraná;Mulheres;2002;Estrangulamento;19;0.38;0.37
PR;Paraná;Mulheres;2002;Força corporal;12;0.24;0.26
PR;Paraná;Mulheres;2002;Demais meios especificados;5;0.1;0.1
PR;Paraná;Mulheres;2002;Meios não especificados;6;0.12;0.13
PR;Paraná;Mulheres;2003;Arma de fogo;119;2.35;2.18
PR;Paraná;Mulheres;2003;Arma branca ou objeto contundente;79;1.56;1.57
PR;Paraná;Mulheres;2003;Estrangulamento;13;0.26;0.26
PR;Paraná;Mulheres;2003;Força corporal;8;0.16;0.15
PR;Paraná;Mulheres;2003;Demais meios especificados;3;0.06;0.05
PR;Paraná;Mulheres;2003;Meios não especificados;5;0.1;0.13
PR;Paraná;Mulheres;2004;Arma de fogo;132;2.58;2.44
PR;Paraná;Mulheres;2004;Arma branca ou objeto contundente;69;1.35;1.35
PR;Paraná;Mulheres;2004;Estrangulamento;29;0.57;0.59
PR;Paraná;Mulheres;2004;Força corporal;12;0.23;0.27
PR;Paraná;Mulheres;2004;Demais meios especificados;6;0.12;0.14
PR;Paraná;Mulheres;2004;Meios não especificados;1;0.02;0.02
PR;Paraná;Mulheres;2005;Arma de fogo;121;2.34;2.2
PR;Paraná;Mulheres;2005;Arma branca ou objeto contundente;76;1.47;1.46
PR;Paraná;Mulheres;2005;Estrangulamento;23;0.44;0.44
PR;Paraná;Mulheres;2005;Força corporal;10;0.19;0.19
PR;Paraná;Mulheres;2005;Demais meios especificados;5;0.1;0.1
PR;Paraná;Mulheres;2005;Meios não especificados;4;0.08;0.07
PR;Paraná;Mulheres;2006;Arma de fogo;140;2.68;2.53
PR;Paraná;Mulheres;2006;Arma branca ou objeto contundente;71;1.36;1.37
PR;Paraná;Mulheres;2006;Estrangulamento;13;0.25;0.25
PR;Paraná;Mulheres;2006;Força corporal;16;0.31;0.32
PR;Paraná;Mulheres;2006;Demais meios especificados;3;0.06;0.05
PR;Paraná;Mulheres;2006;Meios não especificados;6;0.11;0.12
PR;Paraná;Mulheres;2007;Arma de fogo;134;2.54;2.29
PR;Paraná;Mulheres;2007;Arma branca ou objeto contundente;70;1.33;1.34
PR;Paraná;Mulheres;2007;Estrangulamento;20;0.38;0.36
PR;Paraná;Mulheres;2007;Força corporal;12;0.23;0.23
PR;Paraná;Mulheres;2007;Demais meios especificados;3;0.06;0.05
PR;Paraná;Mulheres;2007;Meios não especificados;2;0.04;0.04
PR;Paraná;Mulheres;2008;Arma de fogo;168;3.15;2.85
PR;Paraná;Mulheres;2008;Arma branca ou objeto contundente;93;1.75;1.73
PR;Paraná;Mulheres;2008;Estrangulamento;17;0.32;0.3
PR;Paraná;Mulheres;2008;Força corporal;13;0.24;0.26
PR;Paraná;Mulheres;2008;Demais meios especificados;8;0.15;0.14
PR;Paraná;Mulheres;2008;Meios não especificados;7;0.13;0.15
PR;Paraná;Mulheres;2009;Arma de fogo;199;3.7;3.44
PR;Paraná;Mulheres;2009;Arma branca ou objeto contundente;95;1.77;1.77
PR;Paraná;Mulheres;2009;Estrangulamento;18;0.33;0.32
PR;Paraná;Mulheres;2009;Força corporal;10;0.19;0.2
PR;Paraná;Mulheres;2009;Demais meios especificados;3;0.06;0.05
PR;Paraná;Mulheres;2009;Meios não especificados;6;0.11;0.11
PR;Paraná;Mulheres;2010;Arma de fogo;189;3.49;3.27
PR;Paraná;Mulheres;2010;Arma branca ou objeto contundente;103;1.9;1.85
PR;Paraná;Mulheres;2010;Estrangulamento;21;0.39;0.36
PR;Paraná;Mulheres;2010;Força corporal;17;0.31;0.33
PR;Paraná;Mulheres;2010;Demais meios especificados;5;0.09;0.09
PR;Paraná;Mulheres;2010;Meios não especificados;3;0.06;0.05
PR;Paraná;Mulheres;2011;Arma de fogo;139;2.55;2.35
PR;Paraná;Mulheres;2011;Arma branca ou objeto contundente;99;1.81;1.78
PR;Paraná;Mulheres;2011;Estrangulamento;19;0.35;0.34
PR;Paraná;Mulheres;2011;Força corporal;13;0.24;0.22
PR;Paraná;Mulheres;2011;Demais meios especificados;7;0.13;0.14
PR;Paraná;Mulheres;2011;Meios não especificados;6;0.11;0.09
PR;Paraná;Mulheres;2012;Arma de fogo;166;3.02;2.84
PR;Paraná;Mulheres;2012;Arma branca ou objeto contundente;112;2.04;1.97
PR;Paraná;Mulheres;2012;Estrangulamento;18;0.33;0.31
PR;Paraná;Mulheres;2012;Força corporal;13;0.24;0.23
PR;Paraná;Mulheres;2012;Demais meios especificados;9;0.16;0.16
PR;Paraná;Mulheres;2012;Meios não especificados;3;0.05;0.06
PR;Paraná;Mulheres;2013;Arma de fogo;124;2.23;2.05
PR;Paraná;Mulheres;2013;Arma branca ou objeto contundente;106;1.91;1.86
PR;Paraná;Mulheres;2013;Estrangulamento;24;0.43;0.42
PR;Paraná;Mulheres;2013;Força corporal;10;0.18;0.18
PR;Paraná;Mulheres;2013;Demais meios especificados;12;0.22;0.19
PR;Paraná;Mulheres;2013;Meios não especificados;7;0.13;0.13
PR;Paraná;Mulheres;2014;Arma de fogo;138;2.46;2.41
PR;Paraná;Mulheres;2014;Arma branca ou objeto contundente;100;1.79;1.78
PR;Paraná;Mulheres;2014;Estrangulamento;17;0.3;0.31
PR;Paraná;Mulheres;2014;Força corporal;15;0.27;0.27
PR;Paraná;Mulheres;2014;Demais meios especificados;8;0.14;0.14
PR;Paraná;Mulheres;2014;Meios não especificados;5;0.09;0.07
PR;Paraná;Mulheres;2015;Arma de fogo;94;1.66;1.63
PR;Paraná;Mulheres;2015;Arma branca ou objeto contundente;101;1.79;1.75
PR;Paraná;Mulheres;2015;Estrangulamento;25;0.44;0.42
PR;Paraná;Mulheres;2015;Força corporal;11;0.19;0.19
PR;Paraná;Mulheres;2015;Demais meios especificados;7;0.12;0.12
PR;Paraná;Mulheres;2015;Meios não especificados;6;0.11;0.1
PR;Paraná;Mulheres;2016;Arma de fogo;105;1.84;1.82
PR;Paraná;Mulheres;2016;Arma branca ou objeto contundente;85;1.49;1.46
PR;Paraná;Mulheres;2016;Estrangulamento;17;0.3;0.3
PR;Paraná;Mulheres;2016;Força corporal;14;0.25;0.25
PR;Paraná;Mulheres;2016;Demais meios especificados;12;0.21;0.2
PR;Paraná;Mulheres;2016;Meios não especificados;5;0.09;0.07
PR;Paraná;Mulheres;2017;Arma de fogo;110;1.91;1.9
PR;Paraná;Mulheres;2017;Arma branca ou objeto contundente;87;1.51;1.51
PR;Paraná;Mulheres;2017;Estrangulamento;25;0.43;0.43
PR;Paraná;Mulheres;2017;Força corporal;7;0.12;0.12
PR;Paraná;Mulheres;2017;Demais meios especificados;13;0.23;0.23
PR;Paraná;Mulheres;2017;Meios não especificados;4;0.07;0.07
PR;Paraná;Mulheres;2018;Arma de fogo;89;1.54;1.53
PR;Paraná;Mulheres;2018;Arma branca ou objeto contundente;84;1.45;1.45
PR;Paraná;Mulheres;2018;Estrangulamento;23;0.4;0.4
PR;Paraná;Mulheres;2018;Força corporal;4;0.07;0.07
PR;Paraná;Mulheres;2018;Demais meios especificados;6;0.1;0.1
PR;Paraná;Mulheres;2018;Meios não especificados;5;0.09;0.09
PR;Paraná;Mulheres;2019;Arma de fogo;86;1.47;1.48
PR;Paraná;Mulheres;2019;Arma branca ou objeto contundente;77;1.32;1.32
PR;Paraná;Mulheres;2019;Estrangulamento;14;0.24;0.24
PR;Paraná;Mulheres;2019;Força corporal;6;0.1;0.1
PR;Paraná;Mulheres;2019;Demais meios especificados;16;0.27;0.28
PR;Paraná;Mulheres;2019;Meios não especificados;5;0.09;0.08
PR;Paraná;Mulheres;2020;Arma de fogo;93;1.58;1.58
PR;Paraná;Mulheres;2020;Arma branca ou objeto contundente;69;1.17;1.16
PR;Paraná;Mulheres;2020;Estrangulamento;6;0.1;0.1
PR;Paraná;Mulheres;2020;Força corporal;10;0.17;0.17
PR;Paraná;Mulheres;2020;Demais meios especificados;5;0.08;0.09
PR;Paraná;Mulheres;2020;Meios não especificados;14;0.24;0.23
PR;Paraná;Mulheres;2021;Arma de fogo;82;1.38;1.41
PR;Paraná;Mulheres;2021;Arma branca ou objeto contundente;66;1.11;1.12
PR;Paraná;Mulheres;2021;Estrangulamento;14;0.24;0.24
PR;Paraná;Mulheres;2021;Força corporal;6;0.1;0.1
PR;Paraná;Mulheres;2021;Demais meios especificados;15;0.25;0.22
PR;Paraná;Mulheres;2021;Meios não especificados;11;0.19;0.19
PR;Paraná;Mulheres;2022;Arma de fogo;125;2.09;2.14
PR;Paraná;Mulheres;2022;Arma branca ou objeto contundente;72;1.21;1.2
PR;Paraná;Mulheres;2022;Estrangulamento;15;0.25;0.25
PR;Paraná;Mulheres;2022;Força corporal;5;0.08;0.08
PR;Paraná;Mulheres;2022;Demais meios especificados;12;0.2;0.2
PR;Paraná;Mulheres;2022;Meios não especificados;6;0.1;0.1
PR;Paraná;Mulheres;2023;Arma de fogo;109;1.81;1.88
PR;Paraná;Mulheres;2023;Arma branca ou objeto contundente;66;1.1;1.11
PR;Paraná;Mulheres;2023;Estrangulamento;21;0.35;0.35
PR;Paraná;Mulheres;2023;Força corporal;11;0.18;0.17
PR;Paraná;Mulheres;2023;Demais meios especificados;13;0.22;0.22
PR;Paraná;Mulheres;2023;Meios não especificados;9;0.15;0.14
PR;Paraná;Mulheres;2024;Arma de fogo;82;1.36;1.39
PR;Paraná;Mulheres;2024;Arma branca ou objeto contundente;93;1.54;1.56
PR;Paraná;Mulheres;2024;Estrangulamento;24;0.4;0.39
PR;Paraná;Mulheres;2024;Força corporal;11;0.18;0.17
PR;Paraná;Mulheres;2024;Demais meios especificados;14;0.23;0.24
PR;Paraná;Mulheres;2024;Meios não especificados;9;0.15;0.15
PR;Paraná;Mulheres;2025;Arma de fogo;68;1.12;1.17
PR;Paraná;Mulheres;2025;Arma branca ou objeto contundente;63;1.04;1.06
PR;Paraná;Mulheres;2025;Estrangulamento;13;0.21;0.22
PR;Paraná;Mulheres;2025;Força corporal;16;0.26;0.26
PR;Paraná;Mulheres;2025;Demais meios especificados;13;0.21;0.23
PR;Paraná;Mulheres;2025;Meios não especificados;5;0.08;0.08
RJ;Rio de Janeiro;Ambos;2000;Arma de fogo;6126;39.9;35.55
RJ;Rio de Janeiro;Ambos;2000;Arma branca ou objeto contundente;419;2.73;2.59
RJ;Rio de Janeiro;Ambos;2000;Estrangulamento;74;0.48;0.44
RJ;Rio de Janeiro;Ambos;2000;Força corporal;7;0.05;0.05
RJ;Rio de Janeiro;Ambos;2000;Demais meios especificados;362;2.36;2.01
RJ;Rio de Janeiro;Ambos;2000;Meios não especificados;340;2.21;2.06
RJ;Rio de Janeiro;Ambos;2001;Arma de fogo;6134;39.52;34.38
RJ;Rio de Janeiro;Ambos;2001;Arma branca ou objeto contundente;410;2.64;2.48
RJ;Rio de Janeiro;Ambos;2001;Estrangulamento;90;0.58;0.5
RJ;Rio de Janeiro;Ambos;2001;Força corporal;34;0.22;0.21
RJ;Rio de Janeiro;Ambos;2001;Demais meios especificados;219;1.41;1
RJ;Rio de Janeiro;Ambos;2001;Meios não especificados;462;2.98;2.77
RJ;Rio de Janeiro;Ambos;2002;Arma de fogo;6678;42.6;37.29
RJ;Rio de Janeiro;Ambos;2002;Arma branca ou objeto contundente;343;2.19;2.12
RJ;Rio de Janeiro;Ambos;2002;Estrangulamento;109;0.7;0.54
RJ;Rio de Janeiro;Ambos;2002;Força corporal;26;0.17;0.17
RJ;Rio de Janeiro;Ambos;2002;Demais meios especificados;117;0.75;0.44
RJ;Rio de Janeiro;Ambos;2002;Meios não especificados;1025;6.54;5.57
RJ;Rio de Janeiro;Ambos;2003;Arma de fogo;6365;40.24;35.32
RJ;Rio de Janeiro;Ambos;2003;Arma branca ou objeto contundente;411;2.6;2.44
RJ;Rio de Janeiro;Ambos;2003;Estrangulamento;96;0.61;0.49
RJ;Rio de Janeiro;Ambos;2003;Força corporal;27;0.17;0.16
RJ;Rio de Janeiro;Ambos;2003;Demais meios especificados;84;0.53;0.38
RJ;Rio de Janeiro;Ambos;2003;Meios não especificados;836;5.29;4.64
RJ;Rio de Janeiro;Ambos;2004;Arma de fogo;6193;38.83;34.41
RJ;Rio de Janeiro;Ambos;2004;Arma branca ou objeto contundente;426;2.67;2.51
RJ;Rio de Janeiro;Ambos;2004;Estrangulamento;101;0.63;0.55
RJ;Rio de Janeiro;Ambos;2004;Força corporal;15;0.09;0.09
RJ;Rio de Janeiro;Ambos;2004;Demais meios especificados;121;0.76;0.57
RJ;Rio de Janeiro;Ambos;2004;Meios não especificados;518;3.25;2.76
RJ;Rio de Janeiro;Ambos;2005;Arma de fogo;5978;37.19;33.7
RJ;Rio de Janeiro;Ambos;2005;Arma branca ou objeto contundente;448;2.79;2.69
RJ;Rio de Janeiro;Ambos;2005;Estrangulamento;85;0.53;0.47
RJ;Rio de Janeiro;Ambos;2005;Força corporal;24;0.15;0.15
RJ;Rio de Janeiro;Ambos;2005;Demais meios especificados;151;0.94;0.75
RJ;Rio de Janeiro;Ambos;2005;Meios não especificados;398;2.48;2.09
RJ;Rio de Janeiro;Ambos;2006;Arma de fogo;5790;35.76;32.34
RJ;Rio de Janeiro;Ambos;2006;Arma branca ou objeto contundente;417;2.58;2.45
RJ;Rio de Janeiro;Ambos;2006;Estrangulamento;82;0.51;0.45
RJ;Rio de Janeiro;Ambos;2006;Força corporal;41;0.25;0.26
RJ;Rio de Janeiro;Ambos;2006;Demais meios especificados;165;1.02;0.62
RJ;Rio de Janeiro;Ambos;2006;Meios não especificados;604;3.73;3.25
RJ;Rio de Janeiro;Ambos;2007;Arma de fogo;5102;31.3;28.2
RJ;Rio de Janeiro;Ambos;2007;Arma branca ou objeto contundente;351;2.15;2.01
RJ;Rio de Janeiro;Ambos;2007;Estrangulamento;78;0.48;0.39
RJ;Rio de Janeiro;Ambos;2007;Força corporal;19;0.12;0.12
RJ;Rio de Janeiro;Ambos;2007;Demais meios especificados;115;0.71;0.38
RJ;Rio de Janeiro;Ambos;2007;Meios não especificados;639;3.92;3.39
RJ;Rio de Janeiro;Ambos;2008;Arma de fogo;4336;26.44;23.77
RJ;Rio de Janeiro;Ambos;2008;Arma branca ou objeto contundente;305;1.86;1.83
RJ;Rio de Janeiro;Ambos;2008;Estrangulamento;73;0.45;0.35
RJ;Rio de Janeiro;Ambos;2008;Força corporal;33;0.2;0.2
RJ;Rio de Janeiro;Ambos;2008;Demais meios especificados;61;0.37;0.22
RJ;Rio de Janeiro;Ambos;2008;Meios não especificados;575;3.51;2.94
RJ;Rio de Janeiro;Ambos;2009;Arma de fogo;4009;24.3;22.15
RJ;Rio de Janeiro;Ambos;2009;Arma branca ou objeto contundente;317;1.92;1.89
RJ;Rio de Janeiro;Ambos;2009;Estrangulamento;86;0.52;0.45
RJ;Rio de Janeiro;Ambos;2009;Força corporal;27;0.16;0.16
RJ;Rio de Janeiro;Ambos;2009;Demais meios especificados;52;0.32;0.21
RJ;Rio de Janeiro;Ambos;2009;Meios não especificados;573;3.47;2.89
RJ;Rio de Janeiro;Ambos;2010;Arma de fogo;4111;24.8;22.44
RJ;Rio de Janeiro;Ambos;2010;Arma branca ou objeto contundente;345;2.08;1.97
RJ;Rio de Janeiro;Ambos;2010;Estrangulamento;73;0.44;0.39
RJ;Rio de Janeiro;Ambos;2010;Força corporal;13;0.08;0.08
RJ;Rio de Janeiro;Ambos;2010;Demais meios especificados;80;0.48;0.3
RJ;Rio de Janeiro;Ambos;2010;Meios não especificados;631;3.81;3.36
RJ;Rio de Janeiro;Ambos;2011;Arma de fogo;3411;20.5;18.87
RJ;Rio de Janeiro;Ambos;2011;Arma branca ou objeto contundente;361;2.17;2.05
RJ;Rio de Janeiro;Ambos;2011;Estrangulamento;81;0.49;0.46
RJ;Rio de Janeiro;Ambos;2011;Força corporal;23;0.14;0.14
RJ;Rio de Janeiro;Ambos;2011;Demais meios especificados;59;0.35;0.27
RJ;Rio de Janeiro;Ambos;2011;Meios não especificados;627;3.77;3.4
RJ;Rio de Janeiro;Ambos;2012;Arma de fogo;3472;20.77;19.24
RJ;Rio de Janeiro;Ambos;2012;Arma branca ou objeto contundente;329;1.97;1.88
RJ;Rio de Janeiro;Ambos;2012;Estrangulamento;92;0.55;0.48
RJ;Rio de Janeiro;Ambos;2012;Força corporal;20;0.12;0.1
RJ;Rio de Janeiro;Ambos;2012;Demais meios especificados;78;0.47;0.29
RJ;Rio de Janeiro;Ambos;2012;Meios não especificados;595;3.56;3.02
RJ;Rio de Janeiro;Ambos;2013;Arma de fogo;3555;21.16;19.62
RJ;Rio de Janeiro;Ambos;2013;Arma branca ou objeto contundente;360;2.14;2.02
RJ;Rio de Janeiro;Ambos;2013;Estrangulamento;82;0.49;0.4
RJ;Rio de Janeiro;Ambos;2013;Força corporal;25;0.15;0.15
RJ;Rio de Janeiro;Ambos;2013;Demais meios especificados;108;0.64;0.29
RJ;Rio de Janeiro;Ambos;2013;Meios não especificados;756;4.5;4.02
RJ;Rio de Janeiro;Ambos;2014;Arma de fogo;3642;21.57;20.1
RJ;Rio de Janeiro;Ambos;2014;Arma branca ou objeto contundente;384;2.27;2.22
RJ;Rio de Janeiro;Ambos;2014;Estrangulamento;101;0.6;0.53
RJ;Rio de Janeiro;Ambos;2014;Força corporal;41;0.24;0.24
RJ;Rio de Janeiro;Ambos;2014;Demais meios especificados;138;0.82;0.44
RJ;Rio de Janeiro;Ambos;2014;Meios não especificados;1091;6.46;5.78
RJ;Rio de Janeiro;Ambos;2015;Arma de fogo;3182;18.75;17.77
RJ;Rio de Janeiro;Ambos;2015;Arma branca ou objeto contundente;309;1.82;1.71
RJ;Rio de Janeiro;Ambos;2015;Estrangulamento;82;0.48;0.45
RJ;Rio de Janeiro;Ambos;2015;Força corporal;30;0.18;0.17
RJ;Rio de Janeiro;Ambos;2015;Demais meios especificados;85;0.5;0.36
RJ;Rio de Janeiro;Ambos;2015;Meios não especificados;1098;6.47;5.82
RJ;Rio de Janeiro;Ambos;2016;Arma de fogo;4019;23.58;22.24
RJ;Rio de Janeiro;Ambos;2016;Arma branca ou objeto contundente;325;1.91;1.82
RJ;Rio de Janeiro;Ambos;2016;Estrangulamento;70;0.41;0.39
RJ;Rio de Janeiro;Ambos;2016;Força corporal;56;0.33;0.32
RJ;Rio de Janeiro;Ambos;2016;Demais meios especificados;132;0.77;0.38
RJ;Rio de Janeiro;Ambos;2016;Meios não especificados;913;5.36;4.74
RJ;Rio de Janeiro;Ambos;2017;Arma de fogo;4411;25.79;24.41
RJ;Rio de Janeiro;Ambos;2017;Arma branca ou objeto contundente;317;1.85;1.78
RJ;Rio de Janeiro;Ambos;2017;Estrangulamento;64;0.37;0.36
RJ;Rio de Janeiro;Ambos;2017;Força corporal;61;0.36;0.34
RJ;Rio de Janeiro;Ambos;2017;Demais meios especificados;135;0.79;0.26
RJ;Rio de Janeiro;Ambos;2017;Meios não especificados;884;5.17;4.74
RJ;Rio de Janeiro;Ambos;2018;Arma de fogo;4261;24.85;24.09
RJ;Rio de Janeiro;Ambos;2018;Arma branca ou objeto contundente;278;1.62;1.53
RJ;Rio de Janeiro;Ambos;2018;Estrangulamento;65;0.38;0.36
RJ;Rio de Janeiro;Ambos;2018;Força corporal;68;0.4;0.39
RJ;Rio de Janeiro;Ambos;2018;Demais meios especificados;134;0.78;0.28
RJ;Rio de Janeiro;Ambos;2018;Meios não especificados;813;4.74;4.11
RJ;Rio de Janeiro;Ambos;2019;Arma de fogo;2321;13.5;13.42
RJ;Rio de Janeiro;Ambos;2019;Arma branca ou objeto contundente;192;1.12;1.08
RJ;Rio de Janeiro;Ambos;2019;Estrangulamento;35;0.2;0.2
RJ;Rio de Janeiro;Ambos;2019;Força corporal;45;0.26;0.26
RJ;Rio de Janeiro;Ambos;2019;Demais meios especificados;57;0.33;0.22
RJ;Rio de Janeiro;Ambos;2019;Meios não especificados;594;3.45;3.12
RJ;Rio de Janeiro;Ambos;2020;Arma de fogo;2740;15.91;15.85
RJ;Rio de Janeiro;Ambos;2020;Arma branca ou objeto contundente;209;1.21;1.13
RJ;Rio de Janeiro;Ambos;2020;Estrangulamento;60;0.35;0.31
RJ;Rio de Janeiro;Ambos;2020;Força corporal;45;0.26;0.26
RJ;Rio de Janeiro;Ambos;2020;Demais meios especificados;73;0.42;0.22
RJ;Rio de Janeiro;Ambos;2020;Meios não especificados;1110;6.45;5.94
RJ;Rio de Janeiro;Ambos;2021;Arma de fogo;2999;17.42;17.67
RJ;Rio de Janeiro;Ambos;2021;Arma branca ou objeto contundente;274;1.59;1.55
RJ;Rio de Janeiro;Ambos;2021;Estrangulamento;54;0.31;0.3
RJ;Rio de Janeiro;Ambos;2021;Força corporal;71;0.41;0.41
RJ;Rio de Janeiro;Ambos;2021;Demais meios especificados;64;0.37;0.23
RJ;Rio de Janeiro;Ambos;2021;Meios não especificados;592;3.44;3.28
RJ;Rio de Janeiro;Ambos;2022;Arma de fogo;2442;14.19;14.44
RJ;Rio de Janeiro;Ambos;2022;Arma branca ou objeto contundente;263;1.53;1.48
RJ;Rio de Janeiro;Ambos;2022;Estrangulamento;65;0.38;0.37
RJ;Rio de Janeiro;Ambos;2022;Força corporal;59;0.34;0.33
RJ;Rio de Janeiro;Ambos;2022;Demais meios especificados;41;0.24;0.19
RJ;Rio de Janeiro;Ambos;2022;Meios não especificados;561;3.26;3.25
RJ;Rio de Janeiro;Ambos;2023;Arma de fogo;2584;15.01;15.33
RJ;Rio de Janeiro;Ambos;2023;Arma branca ou objeto contundente;303;1.76;1.68
RJ;Rio de Janeiro;Ambos;2023;Estrangulamento;88;0.51;0.48
RJ;Rio de Janeiro;Ambos;2023;Força corporal;55;0.32;0.31
RJ;Rio de Janeiro;Ambos;2023;Demais meios especificados;78;0.45;0.37
RJ;Rio de Janeiro;Ambos;2023;Meios não especificados;718;4.17;3.9
RJ;Rio de Janeiro;Ambos;2024;Arma de fogo;2036;11.82;12.32
RJ;Rio de Janeiro;Ambos;2024;Arma branca ou objeto contundente;344;2;1.95
RJ;Rio de Janeiro;Ambos;2024;Estrangulamento;58;0.34;0.32
RJ;Rio de Janeiro;Ambos;2024;Força corporal;58;0.34;0.33
RJ;Rio de Janeiro;Ambos;2024;Demais meios especificados;63;0.37;0.31
RJ;Rio de Janeiro;Ambos;2024;Meios não especificados;711;4.13;4.08
RJ;Rio de Janeiro;Ambos;2025;Arma de fogo;1330;7.72;8.11
RJ;Rio de Janeiro;Ambos;2025;Arma branca ou objeto contundente;291;1.69;1.71
RJ;Rio de Janeiro;Ambos;2025;Estrangulamento;52;0.3;0.31
RJ;Rio de Janeiro;Ambos;2025;Força corporal;80;0.46;0.46
RJ;Rio de Janeiro;Ambos;2025;Demais meios especificados;43;0.25;0.24
RJ;Rio de Janeiro;Ambos;2025;Meios não especificados;362;2.1;2.13
RJ;Rio de Janeiro;Homens;2000;Arma de fogo;5744;78.3;69.23
RJ;Rio de Janeiro;Homens;2000;Arma branca ou objeto contundente;368;5.02;4.83
RJ;Rio de Janeiro;Homens;2000;Estrangulamento;55;0.75;0.71
RJ;Rio de Janeiro;Homens;2000;Força corporal;7;0.1;0.11
RJ;Rio de Janeiro;Homens;2000;Demais meios especificados;313;4.27;3.59
RJ;Rio de Janeiro;Homens;2000;Meios não especificados;286;3.9;3.71
RJ;Rio de Janeiro;Homens;2001;Arma de fogo;5740;77.43;66.86
RJ;Rio de Janeiro;Homens;2001;Arma branca ou objeto contundente;339;4.57;4.38
RJ;Rio de Janeiro;Homens;2001;Estrangulamento;64;0.86;0.76
RJ;Rio de Janeiro;Homens;2001;Força corporal;27;0.36;0.37
RJ;Rio de Janeiro;Homens;2001;Demais meios especificados;178;2.4;1.83
RJ;Rio de Janeiro;Homens;2001;Meios não especificados;406;5.48;5.1
RJ;Rio de Janeiro;Homens;2002;Arma de fogo;6308;84.29;73.23
RJ;Rio de Janeiro;Homens;2002;Arma branca ou objeto contundente;284;3.79;3.75
RJ;Rio de Janeiro;Homens;2002;Estrangulamento;86;1.15;0.89
RJ;Rio de Janeiro;Homens;2002;Força corporal;18;0.24;0.28
RJ;Rio de Janeiro;Homens;2002;Demais meios especificados;95;1.27;0.79
RJ;Rio de Janeiro;Homens;2002;Meios não especificados;920;12.29;10.62
RJ;Rio de Janeiro;Homens;2003;Arma de fogo;6024;79.81;69.34
RJ;Rio de Janeiro;Homens;2003;Arma branca ou objeto contundente;341;4.52;4.34
RJ;Rio de Janeiro;Homens;2003;Estrangulamento;71;0.94;0.75
RJ;Rio de Janeiro;Homens;2003;Força corporal;22;0.29;0.28
RJ;Rio de Janeiro;Homens;2003;Demais meios especificados;68;0.9;0.66
RJ;Rio de Janeiro;Homens;2003;Meios não especificados;760;10.07;8.79
RJ;Rio de Janeiro;Homens;2004;Arma de fogo;5852;76.92;67.38
RJ;Rio de Janeiro;Homens;2004;Arma branca ou objeto contundente;359;4.72;4.48
RJ;Rio de Janeiro;Homens;2004;Estrangulamento;79;1.04;0.89
RJ;Rio de Janeiro;Homens;2004;Força corporal;12;0.16;0.15
RJ;Rio de Janeiro;Homens;2004;Demais meios especificados;99;1.3;0.98
RJ;Rio de Janeiro;Homens;2004;Meios não especificados;464;6.1;5.14
RJ;Rio de Janeiro;Homens;2005;Arma de fogo;5639;73.57;66.09
RJ;Rio de Janeiro;Homens;2005;Arma branca ou objeto contundente;383;5;4.92
RJ;Rio de Janeiro;Homens;2005;Estrangulamento;47;0.61;0.53
RJ;Rio de Janeiro;Homens;2005;Força corporal;18;0.23;0.24
RJ;Rio de Janeiro;Homens;2005;Demais meios especificados;120;1.57;1.27
RJ;Rio de Janeiro;Homens;2005;Meios não especificados;356;4.64;3.95
RJ;Rio de Janeiro;Homens;2006;Arma de fogo;5460;70.75;63.34
RJ;Rio de Janeiro;Homens;2006;Arma branca ou objeto contundente;334;4.33;4.14
RJ;Rio de Janeiro;Homens;2006;Estrangulamento;65;0.84;0.76
RJ;Rio de Janeiro;Homens;2006;Força corporal;35;0.45;0.48
RJ;Rio de Janeiro;Homens;2006;Demais meios especificados;127;1.65;0.98
RJ;Rio de Janeiro;Homens;2006;Meios não especificados;548;7.1;6.21
RJ;Rio de Janeiro;Homens;2007;Arma de fogo;4824;62.12;55.32
RJ;Rio de Janeiro;Homens;2007;Arma branca ou objeto contundente;283;3.64;3.41
RJ;Rio de Janeiro;Homens;2007;Estrangulamento;62;0.8;0.63
RJ;Rio de Janeiro;Homens;2007;Força corporal;19;0.24;0.26
RJ;Rio de Janeiro;Homens;2007;Demais meios especificados;88;1.13;0.57
RJ;Rio de Janeiro;Homens;2007;Meios não especificados;598;7.7;6.64
RJ;Rio de Janeiro;Homens;2008;Arma de fogo;4108;52.59;46.81
RJ;Rio de Janeiro;Homens;2008;Arma branca ou objeto contundente;241;3.09;3.08
RJ;Rio de Janeiro;Homens;2008;Estrangulamento;47;0.6;0.45
RJ;Rio de Janeiro;Homens;2008;Força corporal;26;0.33;0.35
RJ;Rio de Janeiro;Homens;2008;Demais meios especificados;47;0.6;0.34
RJ;Rio de Janeiro;Homens;2008;Meios não especificados;526;6.73;5.63
RJ;Rio de Janeiro;Homens;2009;Arma de fogo;3805;48.43;43.69
RJ;Rio de Janeiro;Homens;2009;Arma branca ou objeto contundente;253;3.22;3.23
RJ;Rio de Janeiro;Homens;2009;Estrangulamento;62;0.79;0.69
RJ;Rio de Janeiro;Homens;2009;Força corporal;25;0.32;0.33
RJ;Rio de Janeiro;Homens;2009;Demais meios especificados;36;0.46;0.3
RJ;Rio de Janeiro;Homens;2009;Meios não especificados;519;6.61;5.52
RJ;Rio de Janeiro;Homens;2010;Arma de fogo;3912;49.57;44.34
RJ;Rio de Janeiro;Homens;2010;Arma branca ou objeto contundente;283;3.59;3.41
RJ;Rio de Janeiro;Homens;2010;Estrangulamento;57;0.72;0.65
RJ;Rio de Janeiro;Homens;2010;Força corporal;10;0.13;0.14
RJ;Rio de Janeiro;Homens;2010;Demais meios especificados;61;0.77;0.55
RJ;Rio de Janeiro;Homens;2010;Meios não especificados;576;7.3;6.43
RJ;Rio de Janeiro;Homens;2011;Arma de fogo;3228;40.74;37.05
RJ;Rio de Janeiro;Homens;2011;Arma branca ou objeto contundente;290;3.66;3.5
RJ;Rio de Janeiro;Homens;2011;Estrangulamento;57;0.72;0.67
RJ;Rio de Janeiro;Homens;2011;Força corporal;15;0.19;0.19
RJ;Rio de Janeiro;Homens;2011;Demais meios especificados;42;0.53;0.43
RJ;Rio de Janeiro;Homens;2011;Meios não especificados;552;6.97;6.35
RJ;Rio de Janeiro;Homens;2012;Arma de fogo;3281;41.22;37.75
RJ;Rio de Janeiro;Homens;2012;Arma branca ou objeto contundente;260;3.27;3.11
RJ;Rio de Janeiro;Homens;2012;Estrangulamento;58;0.73;0.64
RJ;Rio de Janeiro;Homens;2012;Força corporal;18;0.23;0.2
RJ;Rio de Janeiro;Homens;2012;Demais meios especificados;51;0.64;0.41
RJ;Rio de Janeiro;Homens;2012;Meios não especificados;533;6.7;5.75
RJ;Rio de Janeiro;Homens;2013;Arma de fogo;3365;42.07;38.4
RJ;Rio de Janeiro;Homens;2013;Arma branca ou objeto contundente;280;3.5;3.35
RJ;Rio de Janeiro;Homens;2013;Estrangulamento;49;0.61;0.5
RJ;Rio de Janeiro;Homens;2013;Força corporal;18;0.23;0.22
RJ;Rio de Janeiro;Homens;2013;Demais meios especificados;67;0.84;0.42
RJ;Rio de Janeiro;Homens;2013;Meios não especificados;684;8.55;7.62
RJ;Rio de Janeiro;Homens;2014;Arma de fogo;3415;42.47;38.94
RJ;Rio de Janeiro;Homens;2014;Arma branca ou objeto contundente;305;3.79;3.73
RJ;Rio de Janeiro;Homens;2014;Estrangulamento;65;0.81;0.71
RJ;Rio de Janeiro;Homens;2014;Força corporal;37;0.46;0.45
RJ;Rio de Janeiro;Homens;2014;Demais meios especificados;85;1.06;0.67
RJ;Rio de Janeiro;Homens;2014;Meios não especificados;971;12.08;10.81
RJ;Rio de Janeiro;Homens;2015;Arma de fogo;2978;36.85;34.39
RJ;Rio de Janeiro;Homens;2015;Arma branca ou objeto contundente;248;3.07;2.92
RJ;Rio de Janeiro;Homens;2015;Estrangulamento;44;0.54;0.48
RJ;Rio de Janeiro;Homens;2015;Força corporal;26;0.32;0.31
RJ;Rio de Janeiro;Homens;2015;Demais meios especificados;50;0.62;0.48
RJ;Rio de Janeiro;Homens;2015;Meios não especificados;1026;12.7;11.33
RJ;Rio de Janeiro;Homens;2016;Arma de fogo;3801;46.83;43.36
RJ;Rio de Janeiro;Homens;2016;Arma branca ou objeto contundente;254;3.13;3
RJ;Rio de Janeiro;Homens;2016;Estrangulamento;38;0.47;0.43
RJ;Rio de Janeiro;Homens;2016;Força corporal;44;0.54;0.54
RJ;Rio de Janeiro;Homens;2016;Demais meios especificados;83;1.02;0.52
RJ;Rio de Janeiro;Homens;2016;Meios não especificados;815;10.04;8.92
RJ;Rio de Janeiro;Homens;2017;Arma de fogo;4174;51.26;47.58
RJ;Rio de Janeiro;Homens;2017;Arma branca ou objeto contundente;251;3.08;2.94
RJ;Rio de Janeiro;Homens;2017;Estrangulamento;47;0.58;0.55
RJ;Rio de Janeiro;Homens;2017;Força corporal;43;0.53;0.49
RJ;Rio de Janeiro;Homens;2017;Demais meios especificados;87;1.07;0.44
RJ;Rio de Janeiro;Homens;2017;Meios não especificados;811;9.96;9.02
RJ;Rio de Janeiro;Homens;2018;Arma de fogo;4056;49.68;47.07
RJ;Rio de Janeiro;Homens;2018;Arma branca ou objeto contundente;227;2.78;2.64
RJ;Rio de Janeiro;Homens;2018;Estrangulamento;42;0.51;0.5
RJ;Rio de Janeiro;Homens;2018;Força corporal;56;0.69;0.68
RJ;Rio de Janeiro;Homens;2018;Demais meios especificados;84;1.03;0.43
RJ;Rio de Janeiro;Homens;2018;Meios não especificados;719;8.81;7.73
RJ;Rio de Janeiro;Homens;2019;Arma de fogo;2210;27;26.25
RJ;Rio de Janeiro;Homens;2019;Arma branca ou objeto contundente;150;1.83;1.77
RJ;Rio de Janeiro;Homens;2019;Estrangulamento;19;0.23;0.23
RJ;Rio de Janeiro;Homens;2019;Força corporal;38;0.46;0.46
RJ;Rio de Janeiro;Homens;2019;Demais meios especificados;35;0.43;0.29
RJ;Rio de Janeiro;Homens;2019;Meios não especificados;559;6.83;6.13
RJ;Rio de Janeiro;Homens;2020;Arma de fogo;2606;31.8;30.99
RJ;Rio de Janeiro;Homens;2020;Arma branca ou objeto contundente;167;2.04;1.9
RJ;Rio de Janeiro;Homens;2020;Estrangulamento;38;0.46;0.39
RJ;Rio de Janeiro;Homens;2020;Força corporal;39;0.48;0.47
RJ;Rio de Janeiro;Homens;2020;Demais meios especificados;43;0.52;0.3
RJ;Rio de Janeiro;Homens;2020;Meios não especificados;1004;12.25;11.42
RJ;Rio de Janeiro;Homens;2021;Arma de fogo;2881;35.18;34.82
RJ;Rio de Janeiro;Homens;2021;Arma branca ou objeto contundente;214;2.61;2.55
RJ;Rio de Janeiro;Homens;2021;Estrangulamento;37;0.45;0.43
RJ;Rio de Janeiro;Homens;2021;Força corporal;63;0.77;0.76
RJ;Rio de Janeiro;Homens;2021;Demais meios especificados;33;0.4;0.25
RJ;Rio de Janeiro;Homens;2021;Meios não especificados;518;6.32;6.05
RJ;Rio de Janeiro;Homens;2022;Arma de fogo;2330;28.47;28.24
RJ;Rio de Janeiro;Homens;2022;Arma branca ou objeto contundente;210;2.57;2.51
RJ;Rio de Janeiro;Homens;2022;Estrangulamento;37;0.45;0.44
RJ;Rio de Janeiro;Homens;2022;Força corporal;52;0.64;0.61
RJ;Rio de Janeiro;Homens;2022;Demais meios especificados;26;0.32;0.27
RJ;Rio de Janeiro;Homens;2022;Meios não especificados;515;6.29;6.17
RJ;Rio de Janeiro;Homens;2023;Arma de fogo;2426;29.65;29.64
RJ;Rio de Janeiro;Homens;2023;Arma branca ou objeto contundente;245;2.99;2.9
RJ;Rio de Janeiro;Homens;2023;Estrangulamento;63;0.77;0.72
RJ;Rio de Janeiro;Homens;2023;Força corporal;43;0.53;0.52
RJ;Rio de Janeiro;Homens;2023;Demais meios especificados;47;0.57;0.47
RJ;Rio de Janeiro;Homens;2023;Meios não especificados;624;7.63;7.17
RJ;Rio de Janeiro;Homens;2024;Arma de fogo;1926;23.53;23.95
RJ;Rio de Janeiro;Homens;2024;Arma branca ou objeto contundente;290;3.54;3.47
RJ;Rio de Janeiro;Homens;2024;Estrangulamento;35;0.43;0.41
RJ;Rio de Janeiro;Homens;2024;Força corporal;51;0.62;0.62
RJ;Rio de Janeiro;Homens;2024;Demais meios especificados;45;0.55;0.5
RJ;Rio de Janeiro;Homens;2024;Meios não especificados;642;7.84;7.7
RJ;Rio de Janeiro;Homens;2025;Arma de fogo;1246;15.22;15.56
RJ;Rio de Janeiro;Homens;2025;Arma branca ou objeto contundente;242;2.96;2.96
RJ;Rio de Janeiro;Homens;2025;Estrangulamento;30;0.37;0.36
RJ;Rio de Janeiro;Homens;2025;Força corporal;70;0.86;0.84
RJ;Rio de Janeiro;Homens;2025;Demais meios especificados;31;0.38;0.35
RJ;Rio de Janeiro;Homens;2025;Meios não especificados;337;4.12;4.08
RJ;Rio de Janeiro;Mulheres;2000;Arma de fogo;375;4.68;4.28
RJ;Rio de Janeiro;Mulheres;2000;Arma branca ou objeto contundente;49;0.61;0.56
RJ;Rio de Janeiro;Mulheres;2000;Estrangulamento;19;0.24;0.21
RJ;Rio de Janeiro;Mulheres;2000;Demais meios especificados;46;0.57;0.53
RJ;Rio de Janeiro;Mulheres;2000;Meios não especificados;51;0.64;0.6
RJ;Rio de Janeiro;Mulheres;2001;Arma de fogo;384;4.74;4.17
RJ;Rio de Janeiro;Mulheres;2001;Arma branca ou objeto contundente;70;0.86;0.78
RJ;Rio de Janeiro;Mulheres;2001;Estrangulamento;26;0.32;0.28
RJ;Rio de Janeiro;Mulheres;2001;Força corporal;7;0.09;0.07
RJ;Rio de Janeiro;Mulheres;2001;Demais meios especificados;25;0.31;0.23
RJ;Rio de Janeiro;Mulheres;2001;Meios não especificados;54;0.67;0.66
RJ;Rio de Janeiro;Mulheres;2002;Arma de fogo;362;4.42;3.81
RJ;Rio de Janeiro;Mulheres;2002;Arma branca ou objeto contundente;57;0.7;0.67
RJ;Rio de Janeiro;Mulheres;2002;Estrangulamento;21;0.26;0.22
RJ;Rio de Janeiro;Mulheres;2002;Força corporal;8;0.1;0.09
RJ;Rio de Janeiro;Mulheres;2002;Demais meios especificados;12;0.15;0.12
RJ;Rio de Janeiro;Mulheres;2002;Meios não especificados;100;1.22;0.96
RJ;Rio de Janeiro;Mulheres;2003;Arma de fogo;336;4.06;3.68
RJ;Rio de Janeiro;Mulheres;2003;Arma branca ou objeto contundente;70;0.85;0.77
RJ;Rio de Janeiro;Mulheres;2003;Estrangulamento;25;0.3;0.25
RJ;Rio de Janeiro;Mulheres;2003;Força corporal;5;0.06;0.06
RJ;Rio de Janeiro;Mulheres;2003;Demais meios especificados;13;0.16;0.11
RJ;Rio de Janeiro;Mulheres;2003;Meios não especificados;75;0.91;0.84
RJ;Rio de Janeiro;Mulheres;2004;Arma de fogo;338;4.05;3.76
RJ;Rio de Janeiro;Mulheres;2004;Arma branca ou objeto contundente;67;0.8;0.76
RJ;Rio de Janeiro;Mulheres;2004;Estrangulamento;22;0.26;0.26
RJ;Rio de Janeiro;Mulheres;2004;Força corporal;3;0.04;0.04
RJ;Rio de Janeiro;Mulheres;2004;Demais meios especificados;21;0.25;0.21
RJ;Rio de Janeiro;Mulheres;2004;Meios não especificados;54;0.65;0.57
RJ;Rio de Janeiro;Mulheres;2005;Arma de fogo;329;3.91;3.6
RJ;Rio de Janeiro;Mulheres;2005;Arma branca ou objeto contundente;65;0.77;0.72
RJ;Rio de Janeiro;Mulheres;2005;Estrangulamento;38;0.45;0.41
RJ;Rio de Janeiro;Mulheres;2005;Força corporal;6;0.07;0.07
RJ;Rio de Janeiro;Mulheres;2005;Demais meios especificados;27;0.32;0.26
RJ;Rio de Janeiro;Mulheres;2005;Meios não especificados;40;0.48;0.4
RJ;Rio de Janeiro;Mulheres;2006;Arma de fogo;319;3.76;3.51
RJ;Rio de Janeiro;Mulheres;2006;Arma branca ou objeto contundente;81;0.96;0.97
RJ;Rio de Janeiro;Mulheres;2006;Estrangulamento;16;0.19;0.16
RJ;Rio de Janeiro;Mulheres;2006;Força corporal;5;0.06;0.06
RJ;Rio de Janeiro;Mulheres;2006;Demais meios especificados;32;0.38;0.29
RJ;Rio de Janeiro;Mulheres;2006;Meios não especificados;50;0.59;0.52
RJ;Rio de Janeiro;Mulheres;2007;Arma de fogo;272;3.19;2.94
RJ;Rio de Janeiro;Mulheres;2007;Arma branca ou objeto contundente;67;0.79;0.76
RJ;Rio de Janeiro;Mulheres;2007;Estrangulamento;16;0.19;0.18
RJ;Rio de Janeiro;Mulheres;2007;Demais meios especificados;23;0.27;0.22
RJ;Rio de Janeiro;Mulheres;2007;Meios não especificados;38;0.45;0.41
RJ;Rio de Janeiro;Mulheres;2008;Arma de fogo;219;2.55;2.33
RJ;Rio de Janeiro;Mulheres;2008;Arma branca ou objeto contundente;64;0.75;0.74
RJ;Rio de Janeiro;Mulheres;2008;Estrangulamento;26;0.3;0.27
RJ;Rio de Janeiro;Mulheres;2008;Força corporal;7;0.08;0.08
RJ;Rio de Janeiro;Mulheres;2008;Demais meios especificados;14;0.16;0.13
RJ;Rio de Janeiro;Mulheres;2008;Meios não especificados;43;0.5;0.45
RJ;Rio de Janeiro;Mulheres;2009;Arma de fogo;199;2.3;2.14
RJ;Rio de Janeiro;Mulheres;2009;Arma branca ou objeto contundente;64;0.74;0.7
RJ;Rio de Janeiro;Mulheres;2009;Estrangulamento;24;0.28;0.25
RJ;Rio de Janeiro;Mulheres;2009;Força corporal;2;0.02;0.02
RJ;Rio de Janeiro;Mulheres;2009;Demais meios especificados;12;0.14;0.13
RJ;Rio de Janeiro;Mulheres;2009;Meios não especificados;48;0.56;0.46
RJ;Rio de Janeiro;Mulheres;2010;Arma de fogo;191;2.2;2.04
RJ;Rio de Janeiro;Mulheres;2010;Arma branca ou objeto contundente;61;0.7;0.68
RJ;Rio de Janeiro;Mulheres;2010;Estrangulamento;16;0.18;0.17
RJ;Rio de Janeiro;Mulheres;2010;Força corporal;3;0.03;0.03
RJ;Rio de Janeiro;Mulheres;2010;Demais meios especificados;12;0.14;0.09
RJ;Rio de Janeiro;Mulheres;2010;Meios não especificados;53;0.61;0.57
RJ;Rio de Janeiro;Mulheres;2011;Arma de fogo;177;2.03;1.95
RJ;Rio de Janeiro;Mulheres;2011;Arma branca ou objeto contundente;71;0.81;0.76
RJ;Rio de Janeiro;Mulheres;2011;Estrangulamento;24;0.28;0.26
RJ;Rio de Janeiro;Mulheres;2011;Força corporal;8;0.09;0.09
RJ;Rio de Janeiro;Mulheres;2011;Demais meios especificados;15;0.17;0.14
RJ;Rio de Janeiro;Mulheres;2011;Meios não especificados;71;0.81;0.7
RJ;Rio de Janeiro;Mulheres;2012;Arma de fogo;184;2.1;1.93
RJ;Rio de Janeiro;Mulheres;2012;Arma branca ou objeto contundente;69;0.79;0.78
RJ;Rio de Janeiro;Mulheres;2012;Estrangulamento;34;0.39;0.34
RJ;Rio de Janeiro;Mulheres;2012;Força corporal;2;0.02;0.02
RJ;Rio de Janeiro;Mulheres;2012;Demais meios especificados;19;0.22;0.17
RJ;Rio de Janeiro;Mulheres;2012;Meios não especificados;56;0.64;0.56
RJ;Rio de Janeiro;Mulheres;2013;Arma de fogo;185;2.1;1.98
RJ;Rio de Janeiro;Mulheres;2013;Arma branca ou objeto contundente;78;0.89;0.84
RJ;Rio de Janeiro;Mulheres;2013;Estrangulamento;32;0.36;0.33
RJ;Rio de Janeiro;Mulheres;2013;Força corporal;7;0.08;0.08
RJ;Rio de Janeiro;Mulheres;2013;Demais meios especificados;17;0.19;0.16
RJ;Rio de Janeiro;Mulheres;2013;Meios não especificados;67;0.76;0.69
RJ;Rio de Janeiro;Mulheres;2014;Arma de fogo;215;2.43;2.36
RJ;Rio de Janeiro;Mulheres;2014;Arma branca ou objeto contundente;78;0.88;0.86
RJ;Rio de Janeiro;Mulheres;2014;Estrangulamento;35;0.4;0.37
RJ;Rio de Janeiro;Mulheres;2014;Força corporal;4;0.05;0.04
RJ;Rio de Janeiro;Mulheres;2014;Demais meios especificados;21;0.24;0.21
RJ;Rio de Janeiro;Mulheres;2014;Meios não especificados;108;1.22;1.06
RJ;Rio de Janeiro;Mulheres;2015;Arma de fogo;196;2.2;2.1
RJ;Rio de Janeiro;Mulheres;2015;Arma branca ou objeto contundente;61;0.69;0.67
RJ;Rio de Janeiro;Mulheres;2015;Estrangulamento;38;0.43;0.43
RJ;Rio de Janeiro;Mulheres;2015;Força corporal;4;0.04;0.04
RJ;Rio de Janeiro;Mulheres;2015;Demais meios especificados;24;0.27;0.24
RJ;Rio de Janeiro;Mulheres;2015;Meios não especificados;62;0.7;0.67
RJ;Rio de Janeiro;Mulheres;2016;Arma de fogo;202;2.26;2.23
RJ;Rio de Janeiro;Mulheres;2016;Arma branca ou objeto contundente;70;0.78;0.77
RJ;Rio de Janeiro;Mulheres;2016;Estrangulamento;32;0.36;0.35
RJ;Rio de Janeiro;Mulheres;2016;Força corporal;12;0.13;0.13
RJ;Rio de Janeiro;Mulheres;2016;Demais meios especificados;28;0.31;0.26
RJ;Rio de Janeiro;Mulheres;2016;Meios não especificados;80;0.9;0.84
RJ;Rio de Janeiro;Mulheres;2017;Arma de fogo;219;2.44;2.38
RJ;Rio de Janeiro;Mulheres;2017;Arma branca ou objeto contundente;66;0.74;0.73
RJ;Rio de Janeiro;Mulheres;2017;Estrangulamento;17;0.19;0.19
RJ;Rio de Janeiro;Mulheres;2017;Força corporal;18;0.2;0.2
RJ;Rio de Janeiro;Mulheres;2017;Demais meios especificados;11;0.12;0.11
RJ;Rio de Janeiro;Mulheres;2017;Meios não especificados;69;0.77;0.73
RJ;Rio de Janeiro;Mulheres;2018;Arma de fogo;198;2.2;2.18
RJ;Rio de Janeiro;Mulheres;2018;Arma branca ou objeto contundente;49;0.55;0.53
RJ;Rio de Janeiro;Mulheres;2018;Estrangulamento;22;0.24;0.24
RJ;Rio de Janeiro;Mulheres;2018;Força corporal;12;0.13;0.13
RJ;Rio de Janeiro;Mulheres;2018;Demais meios especificados;21;0.23;0.17
RJ;Rio de Janeiro;Mulheres;2018;Meios não especificados;71;0.79;0.72
RJ;Rio de Janeiro;Mulheres;2019;Arma de fogo;107;1.19;1.15
RJ;Rio de Janeiro;Mulheres;2019;Arma branca ou objeto contundente;41;0.46;0.45
RJ;Rio de Janeiro;Mulheres;2019;Estrangulamento;16;0.18;0.18
RJ;Rio de Janeiro;Mulheres;2019;Força corporal;7;0.08;0.08
RJ;Rio de Janeiro;Mulheres;2019;Demais meios especificados;14;0.16;0.16
RJ;Rio de Janeiro;Mulheres;2019;Meios não especificados;29;0.32;0.3
RJ;Rio de Janeiro;Mulheres;2020;Arma de fogo;123;1.36;1.37
RJ;Rio de Janeiro;Mulheres;2020;Arma branca ou objeto contundente;42;0.47;0.45
RJ;Rio de Janeiro;Mulheres;2020;Estrangulamento;22;0.24;0.25
RJ;Rio de Janeiro;Mulheres;2020;Força corporal;6;0.07;0.07
RJ;Rio de Janeiro;Mulheres;2020;Demais meios especificados;13;0.14;0.13
RJ;Rio de Janeiro;Mulheres;2020;Meios não especificados;75;0.83;0.8
RJ;Rio de Janeiro;Mulheres;2021;Arma de fogo;112;1.24;1.29
RJ;Rio de Janeiro;Mulheres;2021;Arma branca ou objeto contundente;59;0.65;0.65
RJ;Rio de Janeiro;Mulheres;2021;Estrangulamento;17;0.19;0.17
RJ;Rio de Janeiro;Mulheres;2021;Força corporal;8;0.09;0.09
RJ;Rio de Janeiro;Mulheres;2021;Demais meios especificados;19;0.21;0.2
RJ;Rio de Janeiro;Mulheres;2021;Meios não especificados;66;0.73;0.69
RJ;Rio de Janeiro;Mulheres;2022;Arma de fogo;106;1.17;1.22
RJ;Rio de Janeiro;Mulheres;2022;Arma branca ou objeto contundente;51;0.56;0.55
RJ;Rio de Janeiro;Mulheres;2022;Estrangulamento;28;0.31;0.32
RJ;Rio de Janeiro;Mulheres;2022;Força corporal;7;0.08;0.08
RJ;Rio de Janeiro;Mulheres;2022;Demais meios especificados;10;0.11;0.12
RJ;Rio de Janeiro;Mulheres;2022;Meios não especificados;46;0.51;0.51
RJ;Rio de Janeiro;Mulheres;2023;Arma de fogo;143;1.58;1.65
RJ;Rio de Janeiro;Mulheres;2023;Arma branca ou objeto contundente;52;0.58;0.58
RJ;Rio de Janeiro;Mulheres;2023;Estrangulamento;23;0.25;0.25
RJ;Rio de Janeiro;Mulheres;2023;Força corporal;12;0.13;0.13
RJ;Rio de Janeiro;Mulheres;2023;Demais meios especificados;25;0.28;0.27
RJ;Rio de Janeiro;Mulheres;2023;Meios não especificados;75;0.83;0.84
RJ;Rio de Janeiro;Mulheres;2024;Arma de fogo;103;1.14;1.15
RJ;Rio de Janeiro;Mulheres;2024;Arma branca ou objeto contundente;52;0.58;0.53
RJ;Rio de Janeiro;Mulheres;2024;Estrangulamento;22;0.24;0.24
RJ;Rio de Janeiro;Mulheres;2024;Força corporal;7;0.08;0.08
RJ;Rio de Janeiro;Mulheres;2024;Demais meios especificados;12;0.13;0.14
RJ;Rio de Janeiro;Mulheres;2024;Meios não especificados;66;0.73;0.67
RJ;Rio de Janeiro;Mulheres;2025;Arma de fogo;79;0.87;0.94
RJ;Rio de Janeiro;Mulheres;2025;Arma branca ou objeto contundente;48;0.53;0.54
RJ;Rio de Janeiro;Mulheres;2025;Estrangulamento;22;0.24;0.26
RJ;Rio de Janeiro;Mulheres;2025;Força corporal;10;0.11;0.11
RJ;Rio de Janeiro;Mulheres;2025;Demais meios especificados;12;0.13;0.13
RJ;Rio de Janeiro;Mulheres;2025;Meios não especificados;25;0.28;0.27
RN;Rio Grande do Norte;Ambos;2000;Arma de fogo;147;5.16;5.42
RN;Rio Grande do Norte;Ambos;2000;Arma branca ou objeto contundente;87;3.06;3.47
RN;Rio Grande do Norte;Ambos;2000;Estrangulamento;4;0.14;0.13
RN;Rio Grande do Norte;Ambos;2000;Força corporal;1;0.04;0.04
RN;Rio Grande do Norte;Ambos;2000;Demais meios especificados;6;0.21;0.21
RN;Rio Grande do Norte;Ambos;2000;Meios não especificados;12;0.42;0.42
RN;Rio Grande do Norte;Ambos;2001;Arma de fogo;216;7.48;7.94
RN;Rio Grande do Norte;Ambos;2001;Arma branca ou objeto contundente;88;3.05;3.38
RN;Rio Grande do Norte;Ambos;2001;Estrangulamento;3;0.1;0.15
RN;Rio Grande do Norte;Ambos;2001;Força corporal;1;0.03;0.03
RN;Rio Grande do Norte;Ambos;2001;Demais meios especificados;7;0.24;0.27
RN;Rio Grande do Norte;Ambos;2001;Meios não especificados;7;0.24;0.29
RN;Rio Grande do Norte;Ambos;2002;Arma de fogo;193;6.6;6.84
RN;Rio Grande do Norte;Ambos;2002;Arma branca ou objeto contundente;91;3.11;3.32
RN;Rio Grande do Norte;Ambos;2002;Estrangulamento;1;0.03;0.02
RN;Rio Grande do Norte;Ambos;2002;Demais meios especificados;3;0.1;0.11
RN;Rio Grande do Norte;Ambos;2002;Meios não especificados;11;0.38;0.44
RN;Rio Grande do Norte;Ambos;2003;Arma de fogo;289;9.76;9.97
RN;Rio Grande do Norte;Ambos;2003;Arma branca ou objeto contundente;90;3.04;3.26
RN;Rio Grande do Norte;Ambos;2003;Estrangulamento;6;0.2;0.24
RN;Rio Grande do Norte;Ambos;2003;Força corporal;2;0.07;0.1
RN;Rio Grande do Norte;Ambos;2003;Demais meios especificados;8;0.27;0.28
RN;Rio Grande do Norte;Ambos;2003;Meios não especificados;10;0.34;0.47
RN;Rio Grande do Norte;Ambos;2004;Arma de fogo;237;7.9;7.86
RN;Rio Grande do Norte;Ambos;2004;Arma branca ou objeto contundente;92;3.07;3.22
RN;Rio Grande do Norte;Ambos;2004;Estrangulamento;6;0.2;0.2
RN;Rio Grande do Norte;Ambos;2004;Força corporal;1;0.03;0.05
RN;Rio Grande do Norte;Ambos;2004;Demais meios especificados;3;0.1;0.09
RN;Rio Grande do Norte;Ambos;2004;Meios não especificados;5;0.17;0.13
RN;Rio Grande do Norte;Ambos;2005;Arma de fogo;268;8.83;8.44
RN;Rio Grande do Norte;Ambos;2005;Arma branca ou objeto contundente;118;3.89;4.11
RN;Rio Grande do Norte;Ambos;2005;Estrangulamento;2;0.07;0.07
RN;Rio Grande do Norte;Ambos;2005;Força corporal;3;0.1;0.1
RN;Rio Grande do Norte;Ambos;2005;Demais meios especificados;4;0.13;0.18
RN;Rio Grande do Norte;Ambos;2005;Meios não especificados;11;0.36;0.35
RN;Rio Grande do Norte;Ambos;2006;Arma de fogo;306;9.96;9.68
RN;Rio Grande do Norte;Ambos;2006;Arma branca ou objeto contundente;117;3.81;4.07
RN;Rio Grande do Norte;Ambos;2006;Estrangulamento;6;0.2;0.19
RN;Rio Grande do Norte;Ambos;2006;Força corporal;2;0.07;0.08
RN;Rio Grande do Norte;Ambos;2006;Demais meios especificados;11;0.36;0.37
RN;Rio Grande do Norte;Ambos;2006;Meios não especificados;13;0.42;0.45
RN;Rio Grande do Norte;Ambos;2007;Arma de fogo;438;14.1;13.57
RN;Rio Grande do Norte;Ambos;2007;Arma branca ou objeto contundente;121;3.89;4.09
RN;Rio Grande do Norte;Ambos;2007;Estrangulamento;4;0.13;0.11
RN;Rio Grande do Norte;Ambos;2007;Força corporal;5;0.16;0.19
RN;Rio Grande do Norte;Ambos;2007;Demais meios especificados;4;0.13;0.17
RN;Rio Grande do Norte;Ambos;2007;Meios não especificados;17;0.55;0.54
RN;Rio Grande do Norte;Ambos;2008;Arma de fogo;536;17.06;15.97
RN;Rio Grande do Norte;Ambos;2008;Arma branca ou objeto contundente;149;4.74;4.81
RN;Rio Grande do Norte;Ambos;2008;Estrangulamento;2;0.06;0.1
RN;Rio Grande do Norte;Ambos;2008;Força corporal;3;0.1;0.1
RN;Rio Grande do Norte;Ambos;2008;Demais meios especificados;7;0.22;0.28
RN;Rio Grande do Norte;Ambos;2008;Meios não especificados;17;0.54;0.55
RN;Rio Grande do Norte;Ambos;2009;Arma de fogo;620;19.53;18.29
RN;Rio Grande do Norte;Ambos;2009;Arma branca ou objeto contundente;137;4.32;4.32
RN;Rio Grande do Norte;Ambos;2009;Estrangulamento;6;0.19;0.21
RN;Rio Grande do Norte;Ambos;2009;Força corporal;2;0.06;0.06
RN;Rio Grande do Norte;Ambos;2009;Demais meios especificados;7;0.22;0.24
RN;Rio Grande do Norte;Ambos;2009;Meios não especificados;28;0.88;0.86
RN;Rio Grande do Norte;Ambos;2010;Arma de fogo;611;19.08;18.12
RN;Rio Grande do Norte;Ambos;2010;Arma branca ou objeto contundente;159;4.96;4.94
RN;Rio Grande do Norte;Ambos;2010;Estrangulamento;7;0.22;0.23
RN;Rio Grande do Norte;Ambos;2010;Força corporal;9;0.28;0.3
RN;Rio Grande do Norte;Ambos;2010;Demais meios especificados;9;0.28;0.27
RN;Rio Grande do Norte;Ambos;2010;Meios não especificados;15;0.47;0.52
RN;Rio Grande do Norte;Ambos;2011;Arma de fogo;788;24.42;22.65
RN;Rio Grande do Norte;Ambos;2011;Arma branca ou objeto contundente;187;5.79;5.74
RN;Rio Grande do Norte;Ambos;2011;Estrangulamento;9;0.28;0.28
RN;Rio Grande do Norte;Ambos;2011;Força corporal;8;0.25;0.29
RN;Rio Grande do Norte;Ambos;2011;Demais meios especificados;12;0.37;0.4
RN;Rio Grande do Norte;Ambos;2011;Meios não especificados;50;1.55;1.54
RN;Rio Grande do Norte;Ambos;2012;Arma de fogo;856;26.32;24.32
RN;Rio Grande do Norte;Ambos;2012;Arma branca ou objeto contundente;191;5.87;5.87
RN;Rio Grande do Norte;Ambos;2012;Estrangulamento;10;0.31;0.33
RN;Rio Grande do Norte;Ambos;2012;Força corporal;3;0.09;0.09
RN;Rio Grande do Norte;Ambos;2012;Demais meios especificados;16;0.49;0.5
RN;Rio Grande do Norte;Ambos;2012;Meios não especificados;47;1.45;1.44
RN;Rio Grande do Norte;Ambos;2013;Arma de fogo;1149;35.08;32.44
RN;Rio Grande do Norte;Ambos;2013;Arma branca ou objeto contundente;206;6.29;6.22
RN;Rio Grande do Norte;Ambos;2013;Estrangulamento;13;0.4;0.4
RN;Rio Grande do Norte;Ambos;2013;Força corporal;4;0.12;0.13
RN;Rio Grande do Norte;Ambos;2013;Demais meios especificados;12;0.37;0.34
RN;Rio Grande do Norte;Ambos;2013;Meios não especificados;62;1.89;1.77
RN;Rio Grande do Norte;Ambos;2014;Arma de fogo;1314;39.83;36.56
RN;Rio Grande do Norte;Ambos;2014;Arma branca ou objeto contundente;206;6.24;6.18
RN;Rio Grande do Norte;Ambos;2014;Estrangulamento;8;0.24;0.22
RN;Rio Grande do Norte;Ambos;2014;Força corporal;8;0.24;0.27
RN;Rio Grande do Norte;Ambos;2014;Demais meios especificados;12;0.36;0.36
RN;Rio Grande do Norte;Ambos;2014;Meios não especificados;54;1.64;1.58
RN;Rio Grande do Norte;Ambos;2015;Arma de fogo;1238;37.27;34.73
RN;Rio Grande do Norte;Ambos;2015;Arma branca ou objeto contundente;234;7.04;6.94
RN;Rio Grande do Norte;Ambos;2015;Estrangulamento;10;0.3;0.3
RN;Rio Grande do Norte;Ambos;2015;Força corporal;6;0.18;0.18
RN;Rio Grande do Norte;Ambos;2015;Demais meios especificados;13;0.39;0.43
RN;Rio Grande do Norte;Ambos;2015;Meios não especificados;43;1.29;1.29
RN;Rio Grande do Norte;Ambos;2016;Arma de fogo;1569;46.94;44.09
RN;Rio Grande do Norte;Ambos;2016;Arma branca ou objeto contundente;227;6.79;6.62
RN;Rio Grande do Norte;Ambos;2016;Estrangulamento;23;0.69;0.66
RN;Rio Grande do Norte;Ambos;2016;Força corporal;10;0.3;0.3
RN;Rio Grande do Norte;Ambos;2016;Demais meios especificados;7;0.21;0.22
RN;Rio Grande do Norte;Ambos;2016;Meios não especificados;16;0.48;0.45
RN;Rio Grande do Norte;Ambos;2017;Arma de fogo;1927;57.36;54.06
RN;Rio Grande do Norte;Ambos;2017;Arma branca ou objeto contundente;207;6.16;6.09
RN;Rio Grande do Norte;Ambos;2017;Estrangulamento;18;0.54;0.52
RN;Rio Grande do Norte;Ambos;2017;Força corporal;5;0.15;0.15
RN;Rio Grande do Norte;Ambos;2017;Demais meios especificados;10;0.3;0.27
RN;Rio Grande do Norte;Ambos;2017;Meios não especificados;33;0.98;0.97
RN;Rio Grande do Norte;Ambos;2018;Arma de fogo;1639;48.56;46.39
RN;Rio Grande do Norte;Ambos;2018;Arma branca ou objeto contundente;140;4.15;4.13
RN;Rio Grande do Norte;Ambos;2018;Estrangulamento;17;0.5;0.48
RN;Rio Grande do Norte;Ambos;2018;Força corporal;6;0.18;0.19
RN;Rio Grande do Norte;Ambos;2018;Demais meios especificados;7;0.21;0.21
RN;Rio Grande do Norte;Ambos;2018;Meios não especificados;15;0.44;0.45
RN;Rio Grande do Norte;Ambos;2019;Arma de fogo;1181;34.81;33.63
RN;Rio Grande do Norte;Ambos;2019;Arma branca ou objeto contundente;121;3.57;3.53
RN;Rio Grande do Norte;Ambos;2019;Estrangulamento;13;0.38;0.37
RN;Rio Grande do Norte;Ambos;2019;Força corporal;9;0.27;0.27
RN;Rio Grande do Norte;Ambos;2019;Demais meios especificados;10;0.29;0.3
RN;Rio Grande do Norte;Ambos;2019;Meios não especificados;11;0.32;0.34
RN;Rio Grande do Norte;Ambos;2020;Arma de fogo;1222;35.86;34.96
RN;Rio Grande do Norte;Ambos;2020;Arma branca ou objeto contundente;141;4.14;4.14
RN;Rio Grande do Norte;Ambos;2020;Estrangulamento;9;0.26;0.23
RN;Rio Grande do Norte;Ambos;2020;Força corporal;12;0.35;0.35
RN;Rio Grande do Norte;Ambos;2020;Demais meios especificados;10;0.29;0.29
RN;Rio Grande do Norte;Ambos;2020;Meios não especificados;9;0.26;0.26
RN;Rio Grande do Norte;Ambos;2021;Arma de fogo;1023;29.92;29.36
RN;Rio Grande do Norte;Ambos;2021;Arma branca ou objeto contundente;123;3.6;3.55
RN;Rio Grande do Norte;Ambos;2021;Estrangulamento;7;0.2;0.21
RN;Rio Grande do Norte;Ambos;2021;Força corporal;4;0.12;0.12
RN;Rio Grande do Norte;Ambos;2021;Demais meios especificados;13;0.38;0.38
RN;Rio Grande do Norte;Ambos;2021;Meios não especificados;6;0.18;0.17
RN;Rio Grande do Norte;Ambos;2022;Arma de fogo;966;28.18;27.66
RN;Rio Grande do Norte;Ambos;2022;Arma branca ou objeto contundente;158;4.61;4.58
RN;Rio Grande do Norte;Ambos;2022;Estrangulamento;9;0.26;0.26
RN;Rio Grande do Norte;Ambos;2022;Força corporal;7;0.2;0.21
RN;Rio Grande do Norte;Ambos;2022;Demais meios especificados;9;0.26;0.23
RN;Rio Grande do Norte;Ambos;2022;Meios não especificados;18;0.53;0.52
RN;Rio Grande do Norte;Ambos;2023;Arma de fogo;711;20.69;20.56
RN;Rio Grande do Norte;Ambos;2023;Arma branca ou objeto contundente;161;4.69;4.63
RN;Rio Grande do Norte;Ambos;2023;Estrangulamento;8;0.23;0.23
RN;Rio Grande do Norte;Ambos;2023;Força corporal;11;0.32;0.32
RN;Rio Grande do Norte;Ambos;2023;Demais meios especificados;8;0.23;0.23
RN;Rio Grande do Norte;Ambos;2023;Meios não especificados;15;0.44;0.44
RN;Rio Grande do Norte;Ambos;2024;Arma de fogo;624;18.11;18.07
RN;Rio Grande do Norte;Ambos;2024;Arma branca ou objeto contundente;130;3.77;3.74
RN;Rio Grande do Norte;Ambos;2024;Estrangulamento;8;0.23;0.23
RN;Rio Grande do Norte;Ambos;2024;Força corporal;8;0.23;0.23
RN;Rio Grande do Norte;Ambos;2024;Demais meios especificados;12;0.35;0.34
RN;Rio Grande do Norte;Ambos;2024;Meios não especificados;15;0.44;0.41
RN;Rio Grande do Norte;Ambos;2025;Arma de fogo;677;19.59;19.79
RN;Rio Grande do Norte;Ambos;2025;Arma branca ou objeto contundente;137;3.96;3.94
RN;Rio Grande do Norte;Ambos;2025;Estrangulamento;9;0.26;0.26
RN;Rio Grande do Norte;Ambos;2025;Força corporal;6;0.17;0.17
RN;Rio Grande do Norte;Ambos;2025;Demais meios especificados;9;0.26;0.26
RN;Rio Grande do Norte;Ambos;2025;Meios não especificados;5;0.14;0.15
RN;Rio Grande do Norte;Homens;2000;Arma de fogo;138;9.92;10.58
RN;Rio Grande do Norte;Homens;2000;Arma branca ou objeto contundente;79;5.68;6.62
RN;Rio Grande do Norte;Homens;2000;Estrangulamento;4;0.29;0.27
RN;Rio Grande do Norte;Homens;2000;Força corporal;1;0.07;0.07
RN;Rio Grande do Norte;Homens;2000;Demais meios especificados;6;0.43;0.43
RN;Rio Grande do Norte;Homens;2000;Meios não especificados;7;0.5;0.57
RN;Rio Grande do Norte;Homens;2001;Arma de fogo;202;14.32;15.46
RN;Rio Grande do Norte;Homens;2001;Arma branca ou objeto contundente;80;5.67;6.49
RN;Rio Grande do Norte;Homens;2001;Estrangulamento;3;0.21;0.31
RN;Rio Grande do Norte;Homens;2001;Força corporal;1;0.07;0.07
RN;Rio Grande do Norte;Homens;2001;Demais meios especificados;6;0.43;0.58
RN;Rio Grande do Norte;Homens;2001;Meios não especificados;5;0.35;0.45
RN;Rio Grande do Norte;Homens;2002;Arma de fogo;186;13.02;13.6
RN;Rio Grande do Norte;Homens;2002;Arma branca ou objeto contundente;80;5.6;6.17
RN;Rio Grande do Norte;Homens;2002;Demais meios especificados;2;0.14;0.18
RN;Rio Grande do Norte;Homens;2002;Meios não especificados;8;0.56;0.65
RN;Rio Grande do Norte;Homens;2003;Arma de fogo;272;18.79;19.31
RN;Rio Grande do Norte;Homens;2003;Arma branca ou objeto contundente;78;5.39;5.86
RN;Rio Grande do Norte;Homens;2003;Estrangulamento;4;0.28;0.34
RN;Rio Grande do Norte;Homens;2003;Força corporal;2;0.14;0.22
RN;Rio Grande do Norte;Homens;2003;Demais meios especificados;8;0.55;0.58
RN;Rio Grande do Norte;Homens;2003;Meios não especificados;9;0.62;0.9
RN;Rio Grande do Norte;Homens;2004;Arma de fogo;228;15.56;15.53
RN;Rio Grande do Norte;Homens;2004;Arma branca ou objeto contundente;82;5.6;5.95
RN;Rio Grande do Norte;Homens;2004;Estrangulamento;5;0.34;0.36
RN;Rio Grande do Norte;Homens;2004;Força corporal;1;0.07;0.11
RN;Rio Grande do Norte;Homens;2004;Demais meios especificados;2;0.14;0.14
RN;Rio Grande do Norte;Homens;2004;Meios não especificados;5;0.34;0.26
RN;Rio Grande do Norte;Homens;2005;Arma de fogo;256;17.27;16.36
RN;Rio Grande do Norte;Homens;2005;Arma branca ou objeto contundente;92;6.21;6.78
RN;Rio Grande do Norte;Homens;2005;Estrangulamento;1;0.07;0.09
RN;Rio Grande do Norte;Homens;2005;Força corporal;3;0.2;0.21
RN;Rio Grande do Norte;Homens;2005;Demais meios especificados;4;0.27;0.38
RN;Rio Grande do Norte;Homens;2005;Meios não especificados;8;0.54;0.57
RN;Rio Grande do Norte;Homens;2006;Arma de fogo;285;18.99;18.51
RN;Rio Grande do Norte;Homens;2006;Arma branca ou objeto contundente;103;6.86;7.44
RN;Rio Grande do Norte;Homens;2006;Estrangulamento;5;0.33;0.33
RN;Rio Grande do Norte;Homens;2006;Força corporal;2;0.13;0.18
RN;Rio Grande do Norte;Homens;2006;Demais meios especificados;8;0.53;0.61
RN;Rio Grande do Norte;Homens;2006;Meios não especificados;10;0.67;0.73
RN;Rio Grande do Norte;Homens;2007;Arma de fogo;415;27.35;26.46
RN;Rio Grande do Norte;Homens;2007;Arma branca ou objeto contundente;108;7.12;7.57
RN;Rio Grande do Norte;Homens;2007;Estrangulamento;3;0.2;0.18
RN;Rio Grande do Norte;Homens;2007;Força corporal;4;0.26;0.32
RN;Rio Grande do Norte;Homens;2007;Demais meios especificados;3;0.2;0.27
RN;Rio Grande do Norte;Homens;2007;Meios não especificados;14;0.92;0.89
RN;Rio Grande do Norte;Homens;2008;Arma de fogo;500;32.61;30.47
RN;Rio Grande do Norte;Homens;2008;Arma branca ou objeto contundente;130;8.48;8.75
RN;Rio Grande do Norte;Homens;2008;Estrangulamento;2;0.13;0.21
RN;Rio Grande do Norte;Homens;2008;Força corporal;2;0.13;0.15
RN;Rio Grande do Norte;Homens;2008;Demais meios especificados;6;0.39;0.49
RN;Rio Grande do Norte;Homens;2008;Meios não especificados;15;0.98;1.03
RN;Rio Grande do Norte;Homens;2009;Arma de fogo;590;38.08;35.55
RN;Rio Grande do Norte;Homens;2009;Arma branca ou objeto contundente;119;7.68;7.84
RN;Rio Grande do Norte;Homens;2009;Estrangulamento;5;0.32;0.37
RN;Rio Grande do Norte;Homens;2009;Força corporal;1;0.06;0.05
RN;Rio Grande do Norte;Homens;2009;Demais meios especificados;4;0.26;0.26
RN;Rio Grande do Norte;Homens;2009;Meios não especificados;24;1.55;1.53
RN;Rio Grande do Norte;Homens;2010;Arma de fogo;578;36.98;35.03
RN;Rio Grande do Norte;Homens;2010;Arma branca ou objeto contundente;130;8.32;8.35
RN;Rio Grande do Norte;Homens;2010;Estrangulamento;5;0.32;0.37
RN;Rio Grande do Norte;Homens;2010;Força corporal;7;0.45;0.46
RN;Rio Grande do Norte;Homens;2010;Demais meios especificados;7;0.45;0.44
RN;Rio Grande do Norte;Homens;2010;Meios não especificados;12;0.77;0.86
RN;Rio Grande do Norte;Homens;2011;Arma de fogo;744;47.25;43.62
RN;Rio Grande do Norte;Homens;2011;Arma branca ou objeto contundente;162;10.29;10.19
RN;Rio Grande do Norte;Homens;2011;Estrangulamento;7;0.44;0.5
RN;Rio Grande do Norte;Homens;2011;Força corporal;8;0.51;0.61
RN;Rio Grande do Norte;Homens;2011;Demais meios especificados;10;0.64;0.7
RN;Rio Grande do Norte;Homens;2011;Meios não especificados;47;2.98;2.98
RN;Rio Grande do Norte;Homens;2012;Arma de fogo;824;51.94;47.6
RN;Rio Grande do Norte;Homens;2012;Arma branca ou objeto contundente;169;10.65;10.62
RN;Rio Grande do Norte;Homens;2012;Estrangulamento;4;0.25;0.25
RN;Rio Grande do Norte;Homens;2012;Força corporal;3;0.19;0.18
RN;Rio Grande do Norte;Homens;2012;Demais meios especificados;13;0.82;0.85
RN;Rio Grande do Norte;Homens;2012;Meios não especificados;46;2.9;2.86
RN;Rio Grande do Norte;Homens;2013;Arma de fogo;1094;68.46;62.75
RN;Rio Grande do Norte;Homens;2013;Arma branca ou objeto contundente;183;11.45;11.41
RN;Rio Grande do Norte;Homens;2013;Estrangulamento;8;0.5;0.51
RN;Rio Grande do Norte;Homens;2013;Força corporal;4;0.25;0.28
RN;Rio Grande do Norte;Homens;2013;Demais meios especificados;10;0.63;0.55
RN;Rio Grande do Norte;Homens;2013;Meios não especificados;57;3.57;3.34
RN;Rio Grande do Norte;Homens;2014;Arma de fogo;1246;77.43;70.28
RN;Rio Grande do Norte;Homens;2014;Arma branca ou objeto contundente;184;11.43;11.33
RN;Rio Grande do Norte;Homens;2014;Estrangulamento;4;0.25;0.23
RN;Rio Grande do Norte;Homens;2014;Força corporal;6;0.37;0.44
RN;Rio Grande do Norte;Homens;2014;Demais meios especificados;11;0.68;0.69
RN;Rio Grande do Norte;Homens;2014;Meios não especificados;49;3.04;2.91
RN;Rio Grande do Norte;Homens;2015;Arma de fogo;1181;72.88;67.2
RN;Rio Grande do Norte;Homens;2015;Arma branca ou objeto contundente;209;12.9;12.68
RN;Rio Grande do Norte;Homens;2015;Estrangulamento;6;0.37;0.38
RN;Rio Grande do Norte;Homens;2015;Força corporal;6;0.37;0.36
RN;Rio Grande do Norte;Homens;2015;Demais meios especificados;11;0.68;0.74
RN;Rio Grande do Norte;Homens;2015;Meios não especificados;40;2.47;2.48
RN;Rio Grande do Norte;Homens;2016;Arma de fogo;1493;91.59;84.99
RN;Rio Grande do Norte;Homens;2016;Arma branca ou objeto contundente;206;12.64;12.28
RN;Rio Grande do Norte;Homens;2016;Estrangulamento;22;1.35;1.28
RN;Rio Grande do Norte;Homens;2016;Força corporal;10;0.61;0.65
RN;Rio Grande do Norte;Homens;2016;Demais meios especificados;6;0.37;0.39
RN;Rio Grande do Norte;Homens;2016;Meios não especificados;15;0.92;0.87
RN;Rio Grande do Norte;Homens;2017;Arma de fogo;1804;110.14;102.41
RN;Rio Grande do Norte;Homens;2017;Arma branca ou objeto contundente;193;11.78;11.67
RN;Rio Grande do Norte;Homens;2017;Estrangulamento;11;0.67;0.66
RN;Rio Grande do Norte;Homens;2017;Força corporal;5;0.31;0.31
RN;Rio Grande do Norte;Homens;2017;Demais meios especificados;9;0.55;0.5
RN;Rio Grande do Norte;Homens;2017;Meios não especificados;29;1.77;1.74
RN;Rio Grande do Norte;Homens;2018;Arma de fogo;1561;94.86;89.4
RN;Rio Grande do Norte;Homens;2018;Arma branca ou objeto contundente;117;7.11;7.1
RN;Rio Grande do Norte;Homens;2018;Estrangulamento;16;0.97;0.92
RN;Rio Grande do Norte;Homens;2018;Força corporal;6;0.36;0.4
RN;Rio Grande do Norte;Homens;2018;Demais meios especificados;7;0.43;0.43
RN;Rio Grande do Norte;Homens;2018;Meios não especificados;15;0.91;0.92
RN;Rio Grande do Norte;Homens;2019;Arma de fogo;1106;66.88;63.7
RN;Rio Grande do Norte;Homens;2019;Arma branca ou objeto contundente;108;6.53;6.46
RN;Rio Grande do Norte;Homens;2019;Estrangulamento;8;0.48;0.5
RN;Rio Grande do Norte;Homens;2019;Força corporal;7;0.42;0.43
RN;Rio Grande do Norte;Homens;2019;Demais meios especificados;8;0.48;0.51
RN;Rio Grande do Norte;Homens;2019;Meios não especificados;10;0.6;0.65
RN;Rio Grande do Norte;Homens;2020;Arma de fogo;1157;69.67;66.92
RN;Rio Grande do Norte;Homens;2020;Arma branca ou objeto contundente;126;7.59;7.57
RN;Rio Grande do Norte;Homens;2020;Estrangulamento;7;0.42;0.42
RN;Rio Grande do Norte;Homens;2020;Força corporal;12;0.72;0.73
RN;Rio Grande do Norte;Homens;2020;Demais meios especificados;10;0.6;0.58
RN;Rio Grande do Norte;Homens;2020;Meios não especificados;9;0.54;0.54
RN;Rio Grande do Norte;Homens;2021;Arma de fogo;975;58.53;56.73
RN;Rio Grande do Norte;Homens;2021;Arma branca ou objeto contundente;106;6.36;6.22
RN;Rio Grande do Norte;Homens;2021;Estrangulamento;4;0.24;0.26
RN;Rio Grande do Norte;Homens;2021;Força corporal;3;0.18;0.18
RN;Rio Grande do Norte;Homens;2021;Demais meios especificados;13;0.78;0.78
RN;Rio Grande do Norte;Homens;2021;Meios não especificados;5;0.3;0.3
RN;Rio Grande do Norte;Homens;2022;Arma de fogo;914;54.75;53.15
RN;Rio Grande do Norte;Homens;2022;Arma branca ou objeto contundente;141;8.45;8.4
RN;Rio Grande do Norte;Homens;2022;Estrangulamento;8;0.48;0.47
RN;Rio Grande do Norte;Homens;2022;Força corporal;5;0.3;0.3
RN;Rio Grande do Norte;Homens;2022;Demais meios especificados;9;0.54;0.47
RN;Rio Grande do Norte;Homens;2022;Meios não especificados;15;0.9;0.91
RN;Rio Grande do Norte;Homens;2023;Arma de fogo;677;40.46;39.69
RN;Rio Grande do Norte;Homens;2023;Arma branca ou objeto contundente;140;8.37;8.25
RN;Rio Grande do Norte;Homens;2023;Estrangulamento;4;0.24;0.23
RN;Rio Grande do Norte;Homens;2023;Força corporal;10;0.6;0.6
RN;Rio Grande do Norte;Homens;2023;Demais meios especificados;6;0.36;0.35
RN;Rio Grande do Norte;Homens;2023;Meios não especificados;14;0.84;0.85
RN;Rio Grande do Norte;Homens;2024;Arma de fogo;598;35.64;35.12
RN;Rio Grande do Norte;Homens;2024;Arma branca ou objeto contundente;115;6.85;6.79
RN;Rio Grande do Norte;Homens;2024;Estrangulamento;5;0.3;0.3
RN;Rio Grande do Norte;Homens;2024;Força corporal;8;0.48;0.48
RN;Rio Grande do Norte;Homens;2024;Demais meios especificados;7;0.42;0.41
RN;Rio Grande do Norte;Homens;2024;Meios não especificados;13;0.77;0.72
RN;Rio Grande do Norte;Homens;2025;Arma de fogo;632;37.57;37.14
RN;Rio Grande do Norte;Homens;2025;Arma branca ou objeto contundente;120;7.13;7.07
RN;Rio Grande do Norte;Homens;2025;Estrangulamento;9;0.53;0.53
RN;Rio Grande do Norte;Homens;2025;Força corporal;6;0.36;0.35
RN;Rio Grande do Norte;Homens;2025;Demais meios especificados;8;0.48;0.48
RN;Rio Grande do Norte;Homens;2025;Meios não especificados;4;0.24;0.23
RN;Rio Grande do Norte;Mulheres;2000;Arma de fogo;9;0.62;0.6
RN;Rio Grande do Norte;Mulheres;2000;Arma branca ou objeto contundente;8;0.55;0.57
RN;Rio Grande do Norte;Mulheres;2000;Meios não especificados;5;0.34;0.29
RN;Rio Grande do Norte;Mulheres;2001;Arma de fogo;14;0.95;0.93
RN;Rio Grande do Norte;Mulheres;2001;Arma branca ou objeto contundente;8;0.54;0.52
RN;Rio Grande do Norte;Mulheres;2001;Meios não especificados;2;0.14;0.15
RN;Rio Grande do Norte;Mulheres;2002;Arma de fogo;7;0.47;0.5
RN;Rio Grande do Norte;Mulheres;2002;Arma branca ou objeto contundente;11;0.74;0.69
RN;Rio Grande do Norte;Mulheres;2002;Estrangulamento;1;0.07;0.05
RN;Rio Grande do Norte;Mulheres;2002;Demais meios especificados;1;0.07;0.05
RN;Rio Grande do Norte;Mulheres;2002;Meios não especificados;3;0.2;0.24
RN;Rio Grande do Norte;Mulheres;2003;Arma de fogo;17;1.12;1.17
RN;Rio Grande do Norte;Mulheres;2003;Arma branca ou objeto contundente;12;0.79;0.84
RN;Rio Grande do Norte;Mulheres;2003;Estrangulamento;2;0.13;0.15
RN;Rio Grande do Norte;Mulheres;2003;Meios não especificados;1;0.07;0.1
RN;Rio Grande do Norte;Mulheres;2004;Arma de fogo;9;0.59;0.61
RN;Rio Grande do Norte;Mulheres;2004;Arma branca ou objeto contundente;10;0.65;0.68
RN;Rio Grande do Norte;Mulheres;2004;Estrangulamento;1;0.07;0.05
RN;Rio Grande do Norte;Mulheres;2004;Demais meios especificados;1;0.07;0.05
RN;Rio Grande do Norte;Mulheres;2005;Arma de fogo;12;0.77;0.88
RN;Rio Grande do Norte;Mulheres;2005;Arma branca ou objeto contundente;26;1.67;1.69
RN;Rio Grande do Norte;Mulheres;2005;Estrangulamento;1;0.06;0.05
RN;Rio Grande do Norte;Mulheres;2005;Meios não especificados;2;0.13;0.1
RN;Rio Grande do Norte;Mulheres;2006;Arma de fogo;21;1.34;1.32
RN;Rio Grande do Norte;Mulheres;2006;Arma branca ou objeto contundente;14;0.89;0.93
RN;Rio Grande do Norte;Mulheres;2006;Estrangulamento;1;0.06;0.05
RN;Rio Grande do Norte;Mulheres;2006;Demais meios especificados;3;0.19;0.16
RN;Rio Grande do Norte;Mulheres;2006;Meios não especificados;3;0.19;0.19
RN;Rio Grande do Norte;Mulheres;2007;Arma de fogo;23;1.45;1.36
RN;Rio Grande do Norte;Mulheres;2007;Arma branca ou objeto contundente;13;0.82;0.85
RN;Rio Grande do Norte;Mulheres;2007;Estrangulamento;1;0.06;0.05
RN;Rio Grande do Norte;Mulheres;2007;Força corporal;1;0.06;0.07
RN;Rio Grande do Norte;Mulheres;2007;Demais meios especificados;1;0.06;0.08
RN;Rio Grande do Norte;Mulheres;2007;Meios não especificados;3;0.19;0.21
RN;Rio Grande do Norte;Mulheres;2008;Arma de fogo;36;2.24;2.11
RN;Rio Grande do Norte;Mulheres;2008;Arma branca ou objeto contundente;19;1.18;1.15
RN;Rio Grande do Norte;Mulheres;2008;Força corporal;1;0.06;0.05
RN;Rio Grande do Norte;Mulheres;2008;Demais meios especificados;1;0.06;0.08
RN;Rio Grande do Norte;Mulheres;2008;Meios não especificados;2;0.12;0.11
RN;Rio Grande do Norte;Mulheres;2009;Arma de fogo;30;1.85;1.79
RN;Rio Grande do Norte;Mulheres;2009;Arma branca ou objeto contundente;18;1.11;1.03
RN;Rio Grande do Norte;Mulheres;2009;Estrangulamento;1;0.06;0.06
RN;Rio Grande do Norte;Mulheres;2009;Força corporal;1;0.06;0.07
RN;Rio Grande do Norte;Mulheres;2009;Demais meios especificados;3;0.18;0.22
RN;Rio Grande do Norte;Mulheres;2009;Meios não especificados;4;0.25;0.23
RN;Rio Grande do Norte;Mulheres;2010;Arma de fogo;33;2.01;1.97
RN;Rio Grande do Norte;Mulheres;2010;Arma branca ou objeto contundente;29;1.77;1.74
RN;Rio Grande do Norte;Mulheres;2010;Estrangulamento;2;0.12;0.1
RN;Rio Grande do Norte;Mulheres;2010;Força corporal;2;0.12;0.14
RN;Rio Grande do Norte;Mulheres;2010;Demais meios especificados;2;0.12;0.11
RN;Rio Grande do Norte;Mulheres;2010;Meios não especificados;3;0.18;0.2
RN;Rio Grande do Norte;Mulheres;2011;Arma de fogo;44;2.66;2.5
RN;Rio Grande do Norte;Mulheres;2011;Arma branca ou objeto contundente;25;1.51;1.55
RN;Rio Grande do Norte;Mulheres;2011;Estrangulamento;2;0.12;0.1
RN;Rio Grande do Norte;Mulheres;2011;Demais meios especificados;2;0.12;0.12
RN;Rio Grande do Norte;Mulheres;2011;Meios não especificados;3;0.18;0.18
RN;Rio Grande do Norte;Mulheres;2012;Arma de fogo;32;1.92;1.86
RN;Rio Grande do Norte;Mulheres;2012;Arma branca ou objeto contundente;22;1.32;1.37
RN;Rio Grande do Norte;Mulheres;2012;Estrangulamento;6;0.36;0.39
RN;Rio Grande do Norte;Mulheres;2012;Demais meios especificados;3;0.18;0.18
RN;Rio Grande do Norte;Mulheres;2012;Meios não especificados;1;0.06;0.08
RN;Rio Grande do Norte;Mulheres;2013;Arma de fogo;54;3.22;3.08
RN;Rio Grande do Norte;Mulheres;2013;Arma branca ou objeto contundente;23;1.37;1.34
RN;Rio Grande do Norte;Mulheres;2013;Estrangulamento;5;0.3;0.31
RN;Rio Grande do Norte;Mulheres;2013;Demais meios especificados;2;0.12;0.12
RN;Rio Grande do Norte;Mulheres;2013;Meios não especificados;5;0.3;0.28
RN;Rio Grande do Norte;Mulheres;2014;Arma de fogo;68;4.02;3.75
RN;Rio Grande do Norte;Mulheres;2014;Arma branca ou objeto contundente;22;1.3;1.3
RN;Rio Grande do Norte;Mulheres;2014;Estrangulamento;4;0.24;0.21
RN;Rio Grande do Norte;Mulheres;2014;Força corporal;2;0.12;0.13
RN;Rio Grande do Norte;Mulheres;2014;Demais meios especificados;1;0.06;0.05
RN;Rio Grande do Norte;Mulheres;2014;Meios não especificados;5;0.3;0.31
RN;Rio Grande do Norte;Mulheres;2015;Arma de fogo;57;3.35;3.2
RN;Rio Grande do Norte;Mulheres;2015;Arma branca ou objeto contundente;25;1.47;1.47
RN;Rio Grande do Norte;Mulheres;2015;Estrangulamento;4;0.24;0.23
RN;Rio Grande do Norte;Mulheres;2015;Demais meios especificados;2;0.12;0.14
RN;Rio Grande do Norte;Mulheres;2015;Meios não especificados;3;0.18;0.17
RN;Rio Grande do Norte;Mulheres;2016;Arma de fogo;76;4.44;4.28
RN;Rio Grande do Norte;Mulheres;2016;Arma branca ou objeto contundente;21;1.23;1.21
RN;Rio Grande do Norte;Mulheres;2016;Estrangulamento;1;0.06;0.05
RN;Rio Grande do Norte;Mulheres;2016;Demais meios especificados;1;0.06;0.07
RN;Rio Grande do Norte;Mulheres;2016;Meios não especificados;1;0.06;0.06
RN;Rio Grande do Norte;Mulheres;2017;Arma de fogo;122;7.09;6.82
RN;Rio Grande do Norte;Mulheres;2017;Arma branca ou objeto contundente;14;0.81;0.81
RN;Rio Grande do Norte;Mulheres;2017;Estrangulamento;7;0.41;0.4
RN;Rio Grande do Norte;Mulheres;2017;Demais meios especificados;1;0.06;0.05
RN;Rio Grande do Norte;Mulheres;2017;Meios não especificados;4;0.23;0.25
RN;Rio Grande do Norte;Mulheres;2018;Arma de fogo;78;4.51;4.41
RN;Rio Grande do Norte;Mulheres;2018;Arma branca ou objeto contundente;23;1.33;1.31
RN;Rio Grande do Norte;Mulheres;2018;Estrangulamento;1;0.06;0.06
RN;Rio Grande do Norte;Mulheres;2019;Arma de fogo;75;4.31;4.24
RN;Rio Grande do Norte;Mulheres;2019;Arma branca ou objeto contundente;13;0.75;0.74
RN;Rio Grande do Norte;Mulheres;2019;Estrangulamento;5;0.29;0.27
RN;Rio Grande do Norte;Mulheres;2019;Força corporal;2;0.12;0.12
RN;Rio Grande do Norte;Mulheres;2019;Demais meios especificados;2;0.12;0.11
RN;Rio Grande do Norte;Mulheres;2019;Meios não especificados;1;0.06;0.07
RN;Rio Grande do Norte;Mulheres;2020;Arma de fogo;65;3.72;3.72
RN;Rio Grande do Norte;Mulheres;2020;Arma branca ou objeto contundente;15;0.86;0.87
RN;Rio Grande do Norte;Mulheres;2020;Estrangulamento;1;0.06;0.06
RN;Rio Grande do Norte;Mulheres;2021;Arma de fogo;48;2.74;2.73
RN;Rio Grande do Norte;Mulheres;2021;Arma branca ou objeto contundente;17;0.97;0.97
RN;Rio Grande do Norte;Mulheres;2021;Estrangulamento;3;0.17;0.17
RN;Rio Grande do Norte;Mulheres;2021;Força corporal;1;0.06;0.06
RN;Rio Grande do Norte;Mulheres;2021;Meios não especificados;1;0.06;0.06
RN;Rio Grande do Norte;Mulheres;2022;Arma de fogo;48;2.73;2.73
RN;Rio Grande do Norte;Mulheres;2022;Arma branca ou objeto contundente;17;0.97;0.97
RN;Rio Grande do Norte;Mulheres;2022;Estrangulamento;1;0.06;0.06
RN;Rio Grande do Norte;Mulheres;2022;Força corporal;2;0.11;0.12
RN;Rio Grande do Norte;Mulheres;2022;Meios não especificados;3;0.17;0.17
RN;Rio Grande do Norte;Mulheres;2023;Arma de fogo;34;1.93;1.94
RN;Rio Grande do Norte;Mulheres;2023;Arma branca ou objeto contundente;21;1.19;1.19
RN;Rio Grande do Norte;Mulheres;2023;Estrangulamento;4;0.23;0.23
RN;Rio Grande do Norte;Mulheres;2023;Força corporal;1;0.06;0.04
RN;Rio Grande do Norte;Mulheres;2023;Demais meios especificados;2;0.11;0.1
RN;Rio Grande do Norte;Mulheres;2023;Meios não especificados;1;0.06;0.05
RN;Rio Grande do Norte;Mulheres;2024;Arma de fogo;25;1.41;1.43
RN;Rio Grande do Norte;Mulheres;2024;Arma branca ou objeto contundente;15;0.85;0.85
RN;Rio Grande do Norte;Mulheres;2024;Estrangulamento;3;0.17;0.18
RN;Rio Grande do Norte;Mulheres;2024;Demais meios especificados;5;0.28;0.28
RN;Rio Grande do Norte;Mulheres;2024;Meios não especificados;2;0.11;0.12
RN;Rio Grande do Norte;Mulheres;2025;Arma de fogo;45;2.54;2.65
RN;Rio Grande do Norte;Mulheres;2025;Arma branca ou objeto contundente;17;0.96;0.97
RN;Rio Grande do Norte;Mulheres;2025;Demais meios especificados;1;0.06;0.06
RN;Rio Grande do Norte;Mulheres;2025;Meios não especificados;1;0.06;0.05
RO;Rondônia;Ambos;2000;Arma de fogo;277;20.12;21.68
RO;Rondônia;Ambos;2000;Arma branca ou objeto contundente;132;9.59;10.29
RO;Rondônia;Ambos;2000;Estrangulamento;4;0.29;0.34
RO;Rondônia;Ambos;2000;Força corporal;6;0.44;0.37
RO;Rondônia;Ambos;2000;Demais meios especificados;7;0.51;0.63
RO;Rondônia;Ambos;2000;Meios não especificados;40;2.91;3.64
RO;Rondônia;Ambos;2001;Arma de fogo;377;26.98;30.04
RO;Rondônia;Ambos;2001;Arma branca ou objeto contundente;148;10.59;11.03
RO;Rondônia;Ambos;2001;Estrangulamento;4;0.29;0.3
RO;Rondônia;Ambos;2001;Força corporal;7;0.5;0.64
RO;Rondônia;Ambos;2001;Demais meios especificados;3;0.21;0.17
RO;Rondônia;Ambos;2001;Meios não especificados;34;2.43;3.14
RO;Rondônia;Ambos;2002;Arma de fogo;393;27.71;29.14
RO;Rondônia;Ambos;2002;Arma branca ou objeto contundente;180;12.69;13.27
RO;Rondônia;Ambos;2002;Estrangulamento;10;0.71;0.57
RO;Rondônia;Ambos;2002;Força corporal;5;0.35;0.32
RO;Rondônia;Ambos;2002;Demais meios especificados;1;0.07;0.06
RO;Rondônia;Ambos;2002;Meios não especificados;26;1.83;2.1
RO;Rondônia;Ambos;2003;Arma de fogo;381;26.47;28.34
RO;Rondônia;Ambos;2003;Arma branca ou objeto contundente;134;9.31;9.68
RO;Rondônia;Ambos;2003;Estrangulamento;10;0.69;0.69
RO;Rondônia;Ambos;2003;Força corporal;5;0.35;0.44
RO;Rondônia;Ambos;2003;Demais meios especificados;5;0.35;0.28
RO;Rondônia;Ambos;2003;Meios não especificados;31;2.15;2.47
RO;Rondônia;Ambos;2004;Arma de fogo;334;22.86;22.58
RO;Rondônia;Ambos;2004;Arma branca ou objeto contundente;151;10.34;10.14
RO;Rondônia;Ambos;2004;Estrangulamento;7;0.48;0.5
RO;Rondônia;Ambos;2004;Força corporal;10;0.68;1.09
RO;Rondônia;Ambos;2004;Demais meios especificados;4;0.27;0.44
RO;Rondônia;Ambos;2004;Meios não especificados;57;3.9;4.51
RO;Rondônia;Ambos;2005;Arma de fogo;367;24.75;24.7
RO;Rondônia;Ambos;2005;Arma branca ou objeto contundente;153;10.32;10.65
RO;Rondônia;Ambos;2005;Estrangulamento;6;0.4;0.41
RO;Rondônia;Ambos;2005;Força corporal;3;0.2;0.25
RO;Rondônia;Ambos;2005;Demais meios especificados;2;0.13;0.19
RO;Rondônia;Ambos;2005;Meios não especificados;24;1.62;1.92
RO;Rondônia;Ambos;2006;Arma de fogo;383;25.46;25.31
RO;Rondônia;Ambos;2006;Arma branca ou objeto contundente;156;10.37;11.63
RO;Rondônia;Ambos;2006;Estrangulamento;5;0.33;0.47
RO;Rondônia;Ambos;2006;Força corporal;9;0.6;0.72
RO;Rondônia;Ambos;2006;Demais meios especificados;8;0.53;0.89
RO;Rondônia;Ambos;2006;Meios não especificados;23;1.53;1.51
RO;Rondônia;Ambos;2007;Arma de fogo;321;21.03;20.97
RO;Rondônia;Ambos;2007;Arma branca ou objeto contundente;93;6.09;6.1
RO;Rondônia;Ambos;2007;Estrangulamento;6;0.39;0.36
RO;Rondônia;Ambos;2007;Força corporal;1;0.07;0.12
RO;Rondônia;Ambos;2007;Demais meios especificados;6;0.39;0.5
RO;Rondônia;Ambos;2007;Meios não especificados;5;0.33;0.37
RO;Rondônia;Ambos;2008;Arma de fogo;286;18.47;18.48
RO;Rondônia;Ambos;2008;Arma branca ou objeto contundente;151;9.75;10.8
RO;Rondônia;Ambos;2008;Estrangulamento;11;0.71;0.86
RO;Rondônia;Ambos;2008;Força corporal;4;0.26;0.3
RO;Rondônia;Ambos;2008;Demais meios especificados;13;0.84;0.98
RO;Rondônia;Ambos;2008;Meios não especificados;15;0.97;0.8
RO;Rondônia;Ambos;2009;Arma de fogo;353;22.49;21.97
RO;Rondônia;Ambos;2009;Arma branca ou objeto contundente;149;9.49;10.78
RO;Rondônia;Ambos;2009;Estrangulamento;10;0.64;0.56
RO;Rondônia;Ambos;2009;Demais meios especificados;7;0.45;0.46
RO;Rondônia;Ambos;2009;Meios não especificados;19;1.21;1.17
RO;Rondônia;Ambos;2010;Arma de fogo;351;22.11;21.57
RO;Rondônia;Ambos;2010;Arma branca ou objeto contundente;143;9.01;9.7
RO;Rondônia;Ambos;2010;Estrangulamento;5;0.31;0.32
RO;Rondônia;Ambos;2010;Força corporal;3;0.19;0.21
RO;Rondônia;Ambos;2010;Demais meios especificados;7;0.44;0.55
RO;Rondônia;Ambos;2010;Meios não especificados;36;2.27;2.42
RO;Rondônia;Ambos;2011;Arma de fogo;286;17.84;17.69
RO;Rondônia;Ambos;2011;Arma branca ou objeto contundente;118;7.36;7.59
RO;Rondônia;Ambos;2011;Estrangulamento;11;0.69;0.64
RO;Rondônia;Ambos;2011;Força corporal;2;0.12;0.12
RO;Rondônia;Ambos;2011;Demais meios especificados;14;0.87;1
RO;Rondônia;Ambos;2011;Meios não especificados;17;1.06;1.04
RO;Rondônia;Ambos;2012;Arma de fogo;338;20.87;20.12
RO;Rondônia;Ambos;2012;Arma branca ou objeto contundente;132;8.15;8.01
RO;Rondônia;Ambos;2012;Estrangulamento;9;0.56;0.49
RO;Rondônia;Ambos;2012;Força corporal;1;0.06;0.06
RO;Rondônia;Ambos;2012;Demais meios especificados;9;0.56;0.68
RO;Rondônia;Ambos;2012;Meios não especificados;35;2.16;2.4
RO;Rondônia;Ambos;2013;Arma de fogo;300;18.34;17.56
RO;Rondônia;Ambos;2013;Arma branca ou objeto contundente;114;6.97;7.3
RO;Rondônia;Ambos;2013;Estrangulamento;20;1.22;1.18
RO;Rondônia;Ambos;2013;Demais meios especificados;8;0.49;0.57
RO;Rondônia;Ambos;2013;Meios não especificados;39;2.38;2.45
RO;Rondônia;Ambos;2014;Arma de fogo;402;24.34;23.43
RO;Rondônia;Ambos;2014;Arma branca ou objeto contundente;127;7.69;7.7
RO;Rondônia;Ambos;2014;Estrangulamento;17;1.03;1.27
RO;Rondônia;Ambos;2014;Força corporal;3;0.18;0.16
RO;Rondônia;Ambos;2014;Demais meios especificados;8;0.48;0.52
RO;Rondônia;Ambos;2014;Meios não especificados;20;1.21;1.5
RO;Rondônia;Ambos;2015;Arma de fogo;383;22.98;22.15
RO;Rondônia;Ambos;2015;Arma branca ou objeto contundente;165;9.9;9.89
RO;Rondônia;Ambos;2015;Estrangulamento;14;0.84;0.77
RO;Rondônia;Ambos;2015;Força corporal;4;0.24;0.26
RO;Rondônia;Ambos;2015;Demais meios especificados;10;0.6;0.49
RO;Rondônia;Ambos;2015;Meios não especificados;24;1.44;1.41
RO;Rondônia;Ambos;2016;Arma de fogo;465;27.68;26.83
RO;Rondônia;Ambos;2016;Arma branca ou objeto contundente;179;10.65;10.61
RO;Rondônia;Ambos;2016;Estrangulamento;20;1.19;1.14
RO;Rondônia;Ambos;2016;Força corporal;5;0.3;0.18
RO;Rondônia;Ambos;2016;Demais meios especificados;18;1.07;1.06
RO;Rondônia;Ambos;2016;Meios não especificados;13;0.77;0.78
RO;Rondônia;Ambos;2017;Arma de fogo;373;22.05;21.05
RO;Rondônia;Ambos;2017;Arma branca ou objeto contundente;137;8.1;8.31
RO;Rondônia;Ambos;2017;Estrangulamento;14;0.83;0.84
RO;Rondônia;Ambos;2017;Força corporal;5;0.3;0.34
RO;Rondônia;Ambos;2017;Demais meios especificados;14;0.83;0.69
RO;Rondônia;Ambos;2017;Meios não especificados;11;0.65;0.57
RO;Rondônia;Ambos;2018;Arma de fogo;300;17.63;17.05
RO;Rondônia;Ambos;2018;Arma branca ou objeto contundente;137;8.05;8.03
RO;Rondônia;Ambos;2018;Estrangulamento;14;0.82;0.8
RO;Rondônia;Ambos;2018;Força corporal;7;0.41;0.48
RO;Rondônia;Ambos;2018;Demais meios especificados;9;0.53;0.6
RO;Rondônia;Ambos;2018;Meios não especificados;8;0.47;0.47
RO;Rondônia;Ambos;2019;Arma de fogo;264;15.42;15.11
RO;Rondônia;Ambos;2019;Arma branca ou objeto contundente;159;9.28;9.44
RO;Rondônia;Ambos;2019;Estrangulamento;13;0.76;0.75
RO;Rondônia;Ambos;2019;Força corporal;4;0.23;0.26
RO;Rondônia;Ambos;2019;Demais meios especificados;2;0.12;0.1
RO;Rondônia;Ambos;2019;Meios não especificados;5;0.29;0.35
RO;Rondônia;Ambos;2020;Arma de fogo;256;14.86;14.5
RO;Rondônia;Ambos;2020;Arma branca ou objeto contundente;169;9.81;9.7
RO;Rondônia;Ambos;2020;Estrangulamento;8;0.46;0.54
RO;Rondônia;Ambos;2020;Força corporal;9;0.52;0.52
RO;Rondônia;Ambos;2020;Demais meios especificados;10;0.58;0.62
RO;Rondônia;Ambos;2020;Meios não especificados;4;0.23;0.25
RO;Rondônia;Ambos;2021;Arma de fogo;347;20.06;19.72
RO;Rondônia;Ambos;2021;Arma branca ou objeto contundente;159;9.19;9.21
RO;Rondônia;Ambos;2021;Estrangulamento;10;0.58;0.6
RO;Rondônia;Ambos;2021;Força corporal;9;0.52;0.54
RO;Rondônia;Ambos;2021;Demais meios especificados;3;0.17;0.21
RO;Rondônia;Ambos;2021;Meios não especificados;7;0.4;0.36
RO;Rondônia;Ambos;2022;Arma de fogo;392;22.6;22.3
RO;Rondônia;Ambos;2022;Arma branca ou objeto contundente;167;9.63;9.62
RO;Rondônia;Ambos;2022;Estrangulamento;13;0.75;0.8
RO;Rondônia;Ambos;2022;Força corporal;12;0.69;0.67
RO;Rondônia;Ambos;2022;Demais meios especificados;11;0.63;0.67
RO;Rondônia;Ambos;2022;Meios não especificados;3;0.17;0.18
RO;Rondônia;Ambos;2023;Arma de fogo;343;19.71;19.25
RO;Rondônia;Ambos;2023;Arma branca ou objeto contundente;179;10.29;10.4
RO;Rondônia;Ambos;2023;Estrangulamento;4;0.23;0.22
RO;Rondônia;Ambos;2023;Força corporal;14;0.8;0.8
RO;Rondônia;Ambos;2023;Demais meios especificados;2;0.11;0.11
RO;Rondônia;Ambos;2023;Meios não especificados;5;0.29;0.24
RO;Rondônia;Ambos;2024;Arma de fogo;350;20.04;19.6
RO;Rondônia;Ambos;2024;Arma branca ou objeto contundente;143;8.19;8.15
RO;Rondônia;Ambos;2024;Estrangulamento;7;0.4;0.42
RO;Rondônia;Ambos;2024;Força corporal;10;0.57;0.61
RO;Rondônia;Ambos;2024;Demais meios especificados;6;0.34;0.22
RO;Rondônia;Ambos;2024;Meios não especificados;4;0.23;0.23
RO;Rondônia;Ambos;2025;Arma de fogo;305;17.41;17.28
RO;Rondônia;Ambos;2025;Arma branca ou objeto contundente;166;9.48;9.47
RO;Rondônia;Ambos;2025;Estrangulamento;12;0.68;0.68
RO;Rondônia;Ambos;2025;Força corporal;5;0.29;0.31
RO;Rondônia;Ambos;2025;Demais meios especificados;10;0.57;0.58
RO;Rondônia;Ambos;2025;Meios não especificados;5;0.29;0.28
RO;Rondônia;Homens;2000;Arma de fogo;259;36.9;39.58
RO;Rondônia;Homens;2000;Arma branca ou objeto contundente;112;15.96;16.83
RO;Rondônia;Homens;2000;Estrangulamento;2;0.28;0.27
RO;Rondônia;Homens;2000;Força corporal;6;0.85;0.73
RO;Rondônia;Homens;2000;Demais meios especificados;6;0.85;1.03
RO;Rondônia;Homens;2000;Meios não especificados;34;4.84;5.89
RO;Rondônia;Homens;2001;Arma de fogo;343;48.19;53.8
RO;Rondônia;Homens;2001;Arma branca ou objeto contundente;123;17.28;18.26
RO;Rondônia;Homens;2001;Estrangulamento;2;0.28;0.34
RO;Rondônia;Homens;2001;Força corporal;5;0.7;0.93
RO;Rondônia;Homens;2001;Demais meios especificados;3;0.42;0.33
RO;Rondônia;Homens;2001;Meios não especificados;32;4.5;5.82
RO;Rondônia;Homens;2002;Arma de fogo;371;51.4;53.82
RO;Rondônia;Homens;2002;Arma branca ou objeto contundente;165;22.86;23.45
RO;Rondônia;Homens;2002;Estrangulamento;4;0.55;0.38
RO;Rondônia;Homens;2002;Força corporal;4;0.55;0.51
RO;Rondônia;Homens;2002;Demais meios especificados;1;0.14;0.13
RO;Rondônia;Homens;2002;Meios não especificados;24;3.33;3.78
RO;Rondônia;Homens;2003;Arma de fogo;348;47.54;50.85
RO;Rondônia;Homens;2003;Arma branca ou objeto contundente;120;16.39;17.09
RO;Rondônia;Homens;2003;Estrangulamento;8;1.09;1.07
RO;Rondônia;Homens;2003;Força corporal;5;0.68;0.85
RO;Rondônia;Homens;2003;Demais meios especificados;5;0.68;0.56
RO;Rondônia;Homens;2003;Meios não especificados;28;3.83;4.44
RO;Rondônia;Homens;2004;Arma de fogo;313;42.16;41.66
RO;Rondônia;Homens;2004;Arma branca ou objeto contundente;143;19.26;18.74
RO;Rondônia;Homens;2004;Estrangulamento;5;0.67;0.78
RO;Rondônia;Homens;2004;Força corporal;10;1.35;2.06
RO;Rondônia;Homens;2004;Demais meios especificados;3;0.4;0.69
RO;Rondônia;Homens;2004;Meios não especificados;55;7.41;8.47
RO;Rondônia;Homens;2005;Arma de fogo;342;45.42;45.45
RO;Rondônia;Homens;2005;Arma branca ou objeto contundente;131;17.4;17.68
RO;Rondônia;Homens;2005;Estrangulamento;6;0.8;0.8
RO;Rondônia;Homens;2005;Força corporal;3;0.4;0.48
RO;Rondônia;Homens;2005;Demais meios especificados;2;0.27;0.37
RO;Rondônia;Homens;2005;Meios não especificados;22;2.92;3.44
RO;Rondônia;Homens;2006;Arma de fogo;356;46.62;46.53
RO;Rondônia;Homens;2006;Arma branca ou objeto contundente;135;17.68;20.13
RO;Rondônia;Homens;2006;Estrangulamento;5;0.65;0.92
RO;Rondônia;Homens;2006;Força corporal;7;0.92;0.91
RO;Rondônia;Homens;2006;Demais meios especificados;8;1.05;1.71
RO;Rondônia;Homens;2006;Meios não especificados;19;2.49;2.37
RO;Rondônia;Homens;2007;Arma de fogo;312;40.3;40.2
RO;Rondônia;Homens;2007;Arma branca ou objeto contundente;77;9.94;9.78
RO;Rondônia;Homens;2007;Estrangulamento;6;0.77;0.71
RO;Rondônia;Homens;2007;Força corporal;1;0.13;0.22
RO;Rondônia;Homens;2007;Demais meios especificados;3;0.39;0.41
RO;Rondônia;Homens;2007;Meios não especificados;5;0.65;0.73
RO;Rondônia;Homens;2008;Arma de fogo;269;34.27;34.16
RO;Rondônia;Homens;2008;Arma branca ou objeto contundente;137;17.45;19.14
RO;Rondônia;Homens;2008;Estrangulamento;9;1.15;1.46
RO;Rondônia;Homens;2008;Força corporal;3;0.38;0.41
RO;Rondônia;Homens;2008;Demais meios especificados;7;0.89;1.05
RO;Rondônia;Homens;2008;Meios não especificados;15;1.91;1.58
RO;Rondônia;Homens;2009;Arma de fogo;325;40.85;40.16
RO;Rondônia;Homens;2009;Arma branca ou objeto contundente;133;16.72;18.83
RO;Rondônia;Homens;2009;Estrangulamento;7;0.88;0.82
RO;Rondônia;Homens;2009;Demais meios especificados;4;0.5;0.5
RO;Rondônia;Homens;2009;Meios não especificados;17;2.14;2.04
RO;Rondônia;Homens;2010;Arma de fogo;333;41.41;40.53
RO;Rondônia;Homens;2010;Arma branca ou objeto contundente;129;16.04;17.33
RO;Rondônia;Homens;2010;Estrangulamento;5;0.62;0.62
RO;Rondônia;Homens;2010;Força corporal;3;0.37;0.41
RO;Rondônia;Homens;2010;Demais meios especificados;5;0.62;0.81
RO;Rondônia;Homens;2010;Meios não especificados;32;3.98;4.08
RO;Rondônia;Homens;2011;Arma de fogo;263;32.4;32.42
RO;Rondônia;Homens;2011;Arma branca ou objeto contundente;99;12.2;12.64
RO;Rondônia;Homens;2011;Estrangulamento;7;0.86;0.83
RO;Rondônia;Homens;2011;Força corporal;2;0.25;0.24
RO;Rondônia;Homens;2011;Demais meios especificados;13;1.6;1.81
RO;Rondônia;Homens;2011;Meios não especificados;15;1.85;1.94
RO;Rondônia;Homens;2012;Arma de fogo;312;38.06;36.97
RO;Rondônia;Homens;2012;Arma branca ou objeto contundente;118;14.39;14.3
RO;Rondônia;Homens;2012;Estrangulamento;5;0.61;0.53
RO;Rondônia;Homens;2012;Força corporal;1;0.12;0.11
RO;Rondônia;Homens;2012;Demais meios especificados;7;0.85;1.14
RO;Rondônia;Homens;2012;Meios não especificados;31;3.78;4.14
RO;Rondônia;Homens;2013;Arma de fogo;282;34.07;32.89
RO;Rondônia;Homens;2013;Arma branca ou objeto contundente;97;11.72;12.13
RO;Rondônia;Homens;2013;Estrangulamento;11;1.33;1.35
RO;Rondônia;Homens;2013;Demais meios especificados;6;0.72;0.71
RO;Rondônia;Homens;2013;Meios não especificados;35;4.23;4.42
RO;Rondônia;Homens;2014;Arma de fogo;373;44.63;43.46
RO;Rondônia;Homens;2014;Arma branca ou objeto contundente;111;13.28;13.37
RO;Rondônia;Homens;2014;Estrangulamento;11;1.32;1.86
RO;Rondônia;Homens;2014;Força corporal;1;0.12;0.11
RO;Rondônia;Homens;2014;Demais meios especificados;6;0.72;0.76
RO;Rondônia;Homens;2014;Meios não especificados;18;2.15;2.72
RO;Rondônia;Homens;2015;Arma de fogo;348;41.28;39.97
RO;Rondônia;Homens;2015;Arma branca ou objeto contundente;146;17.32;17.4
RO;Rondônia;Homens;2015;Estrangulamento;10;1.19;1.09
RO;Rondônia;Homens;2015;Força corporal;2;0.24;0.29
RO;Rondônia;Homens;2015;Demais meios especificados;8;0.95;0.77
RO;Rondônia;Homens;2015;Meios não especificados;23;2.73;2.68
RO;Rondônia;Homens;2016;Arma de fogo;438;51.57;50.4
RO;Rondônia;Homens;2016;Arma branca ou objeto contundente;163;19.19;19.03
RO;Rondônia;Homens;2016;Estrangulamento;16;1.88;1.79
RO;Rondônia;Homens;2016;Força corporal;5;0.59;0.35
RO;Rondônia;Homens;2016;Demais meios especificados;15;1.77;1.79
RO;Rondônia;Homens;2016;Meios não especificados;9;1.06;1.1
RO;Rondônia;Homens;2017;Arma de fogo;342;40.01;38.38
RO;Rondônia;Homens;2017;Arma branca ou objeto contundente;118;13.8;14.34
RO;Rondônia;Homens;2017;Estrangulamento;7;0.82;0.72
RO;Rondônia;Homens;2017;Força corporal;4;0.47;0.56
RO;Rondônia;Homens;2017;Demais meios especificados;13;1.52;1.28
RO;Rondônia;Homens;2017;Meios não especificados;7;0.82;0.69
RO;Rondônia;Homens;2018;Arma de fogo;279;32.45;31.76
RO;Rondônia;Homens;2018;Arma branca ou objeto contundente;122;14.19;14.36
RO;Rondônia;Homens;2018;Estrangulamento;9;1.05;1.05
RO;Rondônia;Homens;2018;Força corporal;5;0.58;0.67
RO;Rondônia;Homens;2018;Demais meios especificados;8;0.93;1.07
RO;Rondônia;Homens;2018;Meios não especificados;8;0.93;0.93
RO;Rondônia;Homens;2019;Arma de fogo;250;28.91;28.7
RO;Rondônia;Homens;2019;Arma branca ou objeto contundente;134;15.5;15.83
RO;Rondônia;Homens;2019;Estrangulamento;10;1.16;1.18
RO;Rondônia;Homens;2019;Força corporal;3;0.35;0.4
RO;Rondônia;Homens;2019;Demais meios especificados;1;0.12;0.1
RO;Rondônia;Homens;2019;Meios não especificados;3;0.35;0.38
RO;Rondônia;Homens;2020;Arma de fogo;239;27.49;26.9
RO;Rondônia;Homens;2020;Arma branca ou objeto contundente;142;16.34;16.31
RO;Rondônia;Homens;2020;Estrangulamento;4;0.46;0.58
RO;Rondônia;Homens;2020;Força corporal;6;0.69;0.7
RO;Rondônia;Homens;2020;Demais meios especificados;7;0.81;0.8
RO;Rondônia;Homens;2020;Meios não especificados;4;0.46;0.5
RO;Rondônia;Homens;2021;Arma de fogo;320;36.7;36.23
RO;Rondônia;Homens;2021;Arma branca ou objeto contundente;138;15.83;15.86
RO;Rondônia;Homens;2021;Estrangulamento;7;0.8;0.79
RO;Rondônia;Homens;2021;Força corporal;7;0.8;0.81
RO;Rondônia;Homens;2021;Demais meios especificados;3;0.34;0.43
RO;Rondônia;Homens;2021;Meios não especificados;6;0.69;0.57
RO;Rondônia;Homens;2022;Arma de fogo;361;41.33;41.03
RO;Rondônia;Homens;2022;Arma branca ou objeto contundente;142;16.26;16.38
RO;Rondônia;Homens;2022;Estrangulamento;6;0.69;0.71
RO;Rondônia;Homens;2022;Força corporal;12;1.37;1.33
RO;Rondônia;Homens;2022;Demais meios especificados;9;1.03;1.11
RO;Rondônia;Homens;2022;Meios não especificados;3;0.34;0.35
RO;Rondônia;Homens;2023;Arma de fogo;318;36.31;35.56
RO;Rondônia;Homens;2023;Arma branca ou objeto contundente;154;17.59;17.83
RO;Rondônia;Homens;2023;Estrangulamento;2;0.23;0.22
RO;Rondônia;Homens;2023;Força corporal;13;1.48;1.51
RO;Rondônia;Homens;2023;Demais meios especificados;1;0.11;0.1
RO;Rondônia;Homens;2023;Meios não especificados;5;0.57;0.49
RO;Rondônia;Homens;2024;Arma de fogo;330;37.58;36.94
RO;Rondônia;Homens;2024;Arma branca ou objeto contundente;117;13.32;13.38
RO;Rondônia;Homens;2024;Estrangulamento;5;0.57;0.61
RO;Rondônia;Homens;2024;Força corporal;9;1.02;1.09
RO;Rondônia;Homens;2024;Demais meios especificados;5;0.57;0.45
RO;Rondônia;Homens;2024;Meios não especificados;3;0.34;0.34
RO;Rondônia;Homens;2025;Arma de fogo;283;32.14;31.99
RO;Rondônia;Homens;2025;Arma branca ou objeto contundente;147;16.7;16.76
RO;Rondônia;Homens;2025;Estrangulamento;7;0.8;0.78
RO;Rondônia;Homens;2025;Força corporal;4;0.45;0.51
RO;Rondônia;Homens;2025;Demais meios especificados;6;0.68;0.68
RO;Rondônia;Homens;2025;Meios não especificados;4;0.45;0.45
RO;Rondônia;Mulheres;2000;Arma de fogo;18;2.67;2.58
RO;Rondônia;Mulheres;2000;Arma branca ou objeto contundente;20;2.96;3.26
RO;Rondônia;Mulheres;2000;Estrangulamento;2;0.3;0.44
RO;Rondônia;Mulheres;2000;Demais meios especificados;1;0.15;0.18
RO;Rondônia;Mulheres;2000;Meios não especificados;5;0.74;1.02
RO;Rondônia;Mulheres;2001;Arma de fogo;34;4.96;4.61
RO;Rondônia;Mulheres;2001;Arma branca ou objeto contundente;25;3.65;3.42
RO;Rondônia;Mulheres;2001;Estrangulamento;2;0.29;0.24
RO;Rondônia;Mulheres;2001;Força corporal;2;0.29;0.31
RO;Rondônia;Mulheres;2001;Meios não especificados;2;0.29;0.27
RO;Rondônia;Mulheres;2002;Arma de fogo;21;3.02;2.93
RO;Rondônia;Mulheres;2002;Arma branca ou objeto contundente;14;2.01;2.53
RO;Rondônia;Mulheres;2002;Estrangulamento;6;0.86;0.77
RO;Rondônia;Mulheres;2002;Força corporal;1;0.14;0.12
RO;Rondônia;Mulheres;2002;Meios não especificados;2;0.29;0.2
RO;Rondônia;Mulheres;2003;Arma de fogo;33;4.67;4.58
RO;Rondônia;Mulheres;2003;Arma branca ou objeto contundente;13;1.84;1.82
RO;Rondônia;Mulheres;2003;Estrangulamento;2;0.28;0.31
RO;Rondônia;Mulheres;2003;Meios não especificados;3;0.42;0.34
RO;Rondônia;Mulheres;2004;Arma de fogo;20;2.78;2.83
RO;Rondônia;Mulheres;2004;Arma branca ou objeto contundente;8;1.11;1.24
RO;Rondônia;Mulheres;2004;Estrangulamento;2;0.28;0.19
RO;Rondônia;Mulheres;2004;Demais meios especificados;1;0.14;0.18
RO;Rondônia;Mulheres;2004;Meios não especificados;2;0.28;0.25
RO;Rondônia;Mulheres;2005;Arma de fogo;25;3.43;3.02
RO;Rondônia;Mulheres;2005;Arma branca ou objeto contundente;22;3.01;3.31
RO;Rondônia;Mulheres;2005;Meios não especificados;2;0.27;0.32
RO;Rondônia;Mulheres;2006;Arma de fogo;25;3.37;3.16
RO;Rondônia;Mulheres;2006;Arma branca ou objeto contundente;20;2.7;2.72
RO;Rondônia;Mulheres;2006;Força corporal;2;0.27;0.54
RO;Rondônia;Mulheres;2006;Meios não especificados;4;0.54;0.6
RO;Rondônia;Mulheres;2007;Arma de fogo;9;1.2;1.15
RO;Rondônia;Mulheres;2007;Arma branca ou objeto contundente;16;2.13;2.31
RO;Rondônia;Mulheres;2007;Demais meios especificados;3;0.4;0.61
RO;Rondônia;Mulheres;2008;Arma de fogo;17;2.23;2.41
RO;Rondônia;Mulheres;2008;Arma branca ou objeto contundente;14;1.83;2.08
RO;Rondônia;Mulheres;2008;Estrangulamento;2;0.26;0.21
RO;Rondônia;Mulheres;2008;Força corporal;1;0.13;0.19
RO;Rondônia;Mulheres;2008;Demais meios especificados;5;0.66;0.81
RO;Rondônia;Mulheres;2009;Arma de fogo;28;3.62;3.43
RO;Rondônia;Mulheres;2009;Arma branca ou objeto contundente;15;1.94;2.4
RO;Rondônia;Mulheres;2009;Estrangulamento;3;0.39;0.3
RO;Rondônia;Mulheres;2009;Demais meios especificados;3;0.39;0.42
RO;Rondônia;Mulheres;2009;Meios não especificados;2;0.26;0.29
RO;Rondônia;Mulheres;2010;Arma de fogo;17;2.17;2.23
RO;Rondônia;Mulheres;2010;Arma branca ou objeto contundente;14;1.79;1.77
RO;Rondônia;Mulheres;2010;Demais meios especificados;2;0.26;0.25
RO;Rondônia;Mulheres;2010;Meios não especificados;4;0.51;0.73
RO;Rondônia;Mulheres;2011;Arma de fogo;22;2.78;2.7
RO;Rondônia;Mulheres;2011;Arma branca ou objeto contundente;19;2.4;2.43
RO;Rondônia;Mulheres;2011;Estrangulamento;4;0.51;0.45
RO;Rondônia;Mulheres;2011;Demais meios especificados;1;0.13;0.15
RO;Rondônia;Mulheres;2011;Meios não especificados;2;0.25;0.11
RO;Rondônia;Mulheres;2012;Arma de fogo;26;3.25;3.04
RO;Rondônia;Mulheres;2012;Arma branca ou objeto contundente;14;1.75;1.59
RO;Rondônia;Mulheres;2012;Estrangulamento;4;0.5;0.45
RO;Rondônia;Mulheres;2012;Demais meios especificados;2;0.25;0.18
RO;Rondônia;Mulheres;2012;Meios não especificados;4;0.5;0.59
RO;Rondônia;Mulheres;2013;Arma de fogo;18;2.23;2.04
RO;Rondônia;Mulheres;2013;Arma branca ou objeto contundente;17;2.1;2.38
RO;Rondônia;Mulheres;2013;Estrangulamento;9;1.11;1.01
RO;Rondônia;Mulheres;2013;Demais meios especificados;2;0.25;0.44
RO;Rondônia;Mulheres;2013;Meios não especificados;4;0.49;0.42
RO;Rondônia;Mulheres;2014;Arma de fogo;28;3.43;3.19
RO;Rondônia;Mulheres;2014;Arma branca ou objeto contundente;16;1.96;1.9
RO;Rondônia;Mulheres;2014;Estrangulamento;6;0.74;0.66
RO;Rondônia;Mulheres;2014;Força corporal;2;0.25;0.21
RO;Rondônia;Mulheres;2014;Demais meios especificados;2;0.25;0.27
RO;Rondônia;Mulheres;2014;Meios não especificados;2;0.25;0.23
RO;Rondônia;Mulheres;2015;Arma de fogo;35;4.25;4.13
RO;Rondônia;Mulheres;2015;Arma branca ou objeto contundente;19;2.31;2.27
RO;Rondônia;Mulheres;2015;Estrangulamento;4;0.49;0.44
RO;Rondônia;Mulheres;2015;Força corporal;2;0.24;0.23
RO;Rondônia;Mulheres;2015;Demais meios especificados;2;0.24;0.21
RO;Rondônia;Mulheres;2015;Meios não especificados;1;0.12;0.1
RO;Rondônia;Mulheres;2016;Arma de fogo;27;3.25;3.05
RO;Rondônia;Mulheres;2016;Arma branca ou objeto contundente;16;1.93;2.08
RO;Rondônia;Mulheres;2016;Estrangulamento;4;0.48;0.47
RO;Rondônia;Mulheres;2016;Demais meios especificados;3;0.36;0.32
RO;Rondônia;Mulheres;2016;Meios não especificados;4;0.48;0.46
RO;Rondônia;Mulheres;2017;Arma de fogo;30;3.59;3.6
RO;Rondônia;Mulheres;2017;Arma branca ou objeto contundente;19;2.27;2.22
RO;Rondônia;Mulheres;2017;Estrangulamento;7;0.84;0.95
RO;Rondônia;Mulheres;2017;Força corporal;1;0.12;0.12
RO;Rondônia;Mulheres;2017;Demais meios especificados;1;0.12;0.11
RO;Rondônia;Mulheres;2017;Meios não especificados;4;0.48;0.46
RO;Rondônia;Mulheres;2018;Arma de fogo;20;2.37;2.24
RO;Rondônia;Mulheres;2018;Arma branca ou objeto contundente;14;1.66;1.64
RO;Rondônia;Mulheres;2018;Estrangulamento;5;0.59;0.55
RO;Rondônia;Mulheres;2018;Força corporal;2;0.24;0.29
RO;Rondônia;Mulheres;2018;Demais meios especificados;1;0.12;0.12
RO;Rondônia;Mulheres;2019;Arma de fogo;13;1.53;1.45
RO;Rondônia;Mulheres;2019;Arma branca ou objeto contundente;23;2.71;2.88
RO;Rondônia;Mulheres;2019;Estrangulamento;3;0.35;0.32
RO;Rondônia;Mulheres;2019;Força corporal;1;0.12;0.12
RO;Rondônia;Mulheres;2019;Demais meios especificados;1;0.12;0.1
RO;Rondônia;Mulheres;2019;Meios não especificados;2;0.24;0.33
RO;Rondônia;Mulheres;2020;Arma de fogo;17;1.99;2.04
RO;Rondônia;Mulheres;2020;Arma branca ou objeto contundente;27;3.16;3.08
RO;Rondônia;Mulheres;2020;Estrangulamento;4;0.47;0.5
RO;Rondônia;Mulheres;2020;Força corporal;3;0.35;0.35
RO;Rondônia;Mulheres;2020;Demais meios especificados;3;0.35;0.42
RO;Rondônia;Mulheres;2021;Arma de fogo;27;3.15;3.12
RO;Rondônia;Mulheres;2021;Arma branca ou objeto contundente;21;2.45;2.52
RO;Rondônia;Mulheres;2021;Estrangulamento;3;0.35;0.4
RO;Rondônia;Mulheres;2021;Força corporal;2;0.23;0.27
RO;Rondônia;Mulheres;2021;Meios não especificados;1;0.12;0.15
RO;Rondônia;Mulheres;2022;Arma de fogo;31;3.6;3.52
RO;Rondônia;Mulheres;2022;Arma branca ou objeto contundente;25;2.9;2.88
RO;Rondônia;Mulheres;2022;Estrangulamento;7;0.81;0.88
RO;Rondônia;Mulheres;2022;Demais meios especificados;2;0.23;0.23
RO;Rondônia;Mulheres;2023;Arma de fogo;25;2.89;2.85
RO;Rondônia;Mulheres;2023;Arma branca ou objeto contundente;25;2.89;3
RO;Rondônia;Mulheres;2023;Estrangulamento;2;0.23;0.22
RO;Rondônia;Mulheres;2023;Força corporal;1;0.12;0.11
RO;Rondônia;Mulheres;2023;Demais meios especificados;1;0.12;0.11
RO;Rondônia;Mulheres;2024;Arma de fogo;19;2.19;2.19
RO;Rondônia;Mulheres;2024;Arma branca ou objeto contundente;26;2.99;2.96
RO;Rondônia;Mulheres;2024;Estrangulamento;2;0.23;0.23
RO;Rondônia;Mulheres;2024;Força corporal;1;0.12;0.14
RO;Rondônia;Mulheres;2024;Meios não especificados;1;0.12;0.11
RO;Rondônia;Mulheres;2025;Arma de fogo;22;2.52;2.48
RO;Rondônia;Mulheres;2025;Arma branca ou objeto contundente;19;2.18;2.23
RO;Rondônia;Mulheres;2025;Estrangulamento;5;0.57;0.57
RO;Rondônia;Mulheres;2025;Força corporal;1;0.11;0.12
RO;Rondônia;Mulheres;2025;Demais meios especificados;4;0.46;0.48
RO;Rondônia;Mulheres;2025;Meios não especificados;1;0.11;0.11
RR;Roraima;Ambos;2000;Arma de fogo;47;13.83;16.15
RR;Roraima;Ambos;2000;Arma branca ou objeto contundente;71;20.89;22.69
RR;Roraima;Ambos;2000;Estrangulamento;4;1.18;1.48
RR;Roraima;Ambos;2000;Força corporal;1;0.29;0.46
RR;Roraima;Ambos;2000;Meios não especificados;7;2.06;3.69
RR;Roraima;Ambos;2001;Arma de fogo;42;11.85;14.57
RR;Roraima;Ambos;2001;Arma branca ou objeto contundente;61;17.21;19.95
RR;Roraima;Ambos;2001;Estrangulamento;2;0.56;0.36
RR;Roraima;Ambos;2001;Força corporal;1;0.28;0.22
RR;Roraima;Ambos;2001;Meios não especificados;2;0.56;0.8
RR;Roraima;Ambos;2002;Arma de fogo;48;13.01;17.36
RR;Roraima;Ambos;2002;Arma branca ou objeto contundente;68;18.44;17.15
RR;Roraima;Ambos;2002;Estrangulamento;2;0.54;0.73
RR;Roraima;Ambos;2002;Demais meios especificados;1;0.27;0.14
RR;Roraima;Ambos;2002;Meios não especificados;3;0.81;1.02
RR;Roraima;Ambos;2003;Arma de fogo;41;10.71;13.99
RR;Roraima;Ambos;2003;Arma branca ou objeto contundente;61;15.93;18.65
RR;Roraima;Ambos;2003;Estrangulamento;2;0.52;0.49
RR;Roraima;Ambos;2003;Demais meios especificados;1;0.26;0.24
RR;Roraima;Ambos;2003;Meios não especificados;1;0.26;0.24
RR;Roraima;Ambos;2004;Arma de fogo;31;7.82;7.98
RR;Roraima;Ambos;2004;Arma branca ou objeto contundente;48;12.1;13.18
RR;Roraima;Ambos;2004;Meios não especificados;6;1.51;2.2
RR;Roraima;Ambos;2005;Arma de fogo;28;6.83;8.94
RR;Roraima;Ambos;2005;Arma branca ou objeto contundente;54;13.18;15.21
RR;Roraima;Ambos;2005;Estrangulamento;3;0.73;0.74
RR;Roraima;Ambos;2005;Força corporal;2;0.49;0.65
RR;Roraima;Ambos;2005;Demais meios especificados;3;0.73;0.65
RR;Roraima;Ambos;2005;Meios não especificados;3;0.73;1.25
RR;Roraima;Ambos;2006;Arma de fogo;38;8.99;11.23
RR;Roraima;Ambos;2006;Arma branca ou objeto contundente;53;12.54;15.53
RR;Roraima;Ambos;2006;Estrangulamento;4;0.95;1.56
RR;Roraima;Ambos;2006;Força corporal;1;0.24;0.71
RR;Roraima;Ambos;2006;Demais meios especificados;1;0.24;0.78
RR;Roraima;Ambos;2006;Meios não especificados;14;3.31;2.34
RR;Roraima;Ambos;2007;Arma de fogo;28;6.44;8.16
RR;Roraima;Ambos;2007;Arma branca ou objeto contundente;63;14.49;17.96
RR;Roraima;Ambos;2007;Estrangulamento;4;0.92;0.86
RR;Roraima;Ambos;2007;Força corporal;3;0.69;1.22
RR;Roraima;Ambos;2007;Demais meios especificados;6;1.38;0.96
RR;Roraima;Ambos;2007;Meios não especificados;12;2.76;1.31
RR;Roraima;Ambos;2008;Arma de fogo;29;6.49;7.06
RR;Roraima;Ambos;2008;Arma branca ou objeto contundente;62;13.87;16.48
RR;Roraima;Ambos;2008;Força corporal;1;0.22;0.29
RR;Roraima;Ambos;2008;Demais meios especificados;3;0.67;1.28
RR;Roraima;Ambos;2008;Meios não especificados;9;2.01;0.98
RR;Roraima;Ambos;2009;Arma de fogo;27;5.89;7.09
RR;Roraima;Ambos;2009;Arma branca ou objeto contundente;67;14.61;15.5
RR;Roraima;Ambos;2009;Estrangulamento;5;1.09;1.24
RR;Roraima;Ambos;2009;Força corporal;2;0.44;0.44
RR;Roraima;Ambos;2009;Demais meios especificados;4;0.87;1.59
RR;Roraima;Ambos;2009;Meios não especificados;12;2.62;1.41
RR;Roraima;Ambos;2010;Arma de fogo;29;6.17;6.23
RR;Roraima;Ambos;2010;Arma branca ou objeto contundente;83;17.66;18.61
RR;Roraima;Ambos;2010;Estrangulamento;4;0.85;0.93
RR;Roraima;Ambos;2010;Força corporal;1;0.21;0.31
RR;Roraima;Ambos;2010;Demais meios especificados;2;0.43;0.45
RR;Roraima;Ambos;2010;Meios não especificados;2;0.43;0.54
RR;Roraima;Ambos;2011;Arma de fogo;25;5.19;5.83
RR;Roraima;Ambos;2011;Arma branca ou objeto contundente;61;12.67;13.68
RR;Roraima;Ambos;2011;Estrangulamento;3;0.62;0.88
RR;Roraima;Ambos;2011;Força corporal;3;0.62;0.79
RR;Roraima;Ambos;2011;Demais meios especificados;1;0.21;0.17
RR;Roraima;Ambos;2011;Meios não especificados;2;0.42;0.29
RR;Roraima;Ambos;2012;Arma de fogo;32;6.48;7.96
RR;Roraima;Ambos;2012;Arma branca ou objeto contundente;83;16.81;17.64
RR;Roraima;Ambos;2012;Estrangulamento;3;0.61;1.03
RR;Roraima;Ambos;2012;Força corporal;1;0.2;0.39
RR;Roraima;Ambos;2012;Demais meios especificados;3;0.61;0.93
RR;Roraima;Ambos;2012;Meios não especificados;21;4.25;2.42
RR;Roraima;Ambos;2013;Arma de fogo;70;13.81;15.82
RR;Roraima;Ambos;2013;Arma branca ou objeto contundente;85;16.76;18.55
RR;Roraima;Ambos;2013;Estrangulamento;9;1.78;1.58
RR;Roraima;Ambos;2013;Força corporal;4;0.79;0.64
RR;Roraima;Ambos;2013;Demais meios especificados;5;0.99;1.6
RR;Roraima;Ambos;2013;Meios não especificados;41;8.09;5.35
RR;Roraima;Ambos;2014;Arma de fogo;47;9.03;9.88
RR;Roraima;Ambos;2014;Arma branca ou objeto contundente;73;14.02;16.78
RR;Roraima;Ambos;2014;Estrangulamento;2;0.38;0.53
RR;Roraima;Ambos;2014;Força corporal;7;1.34;1.55
RR;Roraima;Ambos;2014;Meios não especificados;29;5.57;3.24
RR;Roraima;Ambos;2015;Arma de fogo;57;10.67;10.81
RR;Roraima;Ambos;2015;Arma branca ou objeto contundente;106;19.84;23.21
RR;Roraima;Ambos;2015;Estrangulamento;6;1.12;1.78
RR;Roraima;Ambos;2015;Força corporal;5;0.94;1.3
RR;Roraima;Ambos;2015;Demais meios especificados;6;1.12;1.12
RR;Roraima;Ambos;2015;Meios não especificados;23;4.3;2.73
RR;Roraima;Ambos;2016;Arma de fogo;72;13.13;13.9
RR;Roraima;Ambos;2016;Arma branca ou objeto contundente;92;16.78;18.81
RR;Roraima;Ambos;2016;Estrangulamento;2;0.36;0.44
RR;Roraima;Ambos;2016;Força corporal;3;0.55;0.66
RR;Roraima;Ambos;2016;Demais meios especificados;5;0.91;0.95
RR;Roraima;Ambos;2016;Meios não especificados;29;5.29;4.29
RR;Roraima;Ambos;2017;Arma de fogo;93;16.49;17.21
RR;Roraima;Ambos;2017;Arma branca ou objeto contundente;120;21.28;22.95
RR;Roraima;Ambos;2017;Estrangulamento;7;1.24;1.18
RR;Roraima;Ambos;2017;Força corporal;2;0.35;0.64
RR;Roraima;Ambos;2017;Demais meios especificados;11;1.95;2.35
RR;Roraima;Ambos;2017;Meios não especificados;15;2.66;1.79
RR;Roraima;Ambos;2018;Arma de fogo;181;30.81;28.58
RR;Roraima;Ambos;2018;Arma branca ou objeto contundente;179;30.47;31.17
RR;Roraima;Ambos;2018;Estrangulamento;13;2.21;2.15
RR;Roraima;Ambos;2018;Força corporal;1;0.17;0.21
RR;Roraima;Ambos;2018;Demais meios especificados;2;0.34;0.21
RR;Roraima;Ambos;2018;Meios não especificados;37;6.3;4.16
RR;Roraima;Ambos;2019;Arma de fogo;83;13.43;13.05
RR;Roraima;Ambos;2019;Arma branca ou objeto contundente;117;18.93;20.49
RR;Roraima;Ambos;2019;Estrangulamento;3;0.49;0.5
RR;Roraima;Ambos;2019;Força corporal;2;0.32;0.23
RR;Roraima;Ambos;2019;Demais meios especificados;3;0.49;0.75
RR;Roraima;Ambos;2019;Meios não especificados;25;4.04;2.22
RR;Roraima;Ambos;2020;Arma de fogo;102;15.91;15.23
RR;Roraima;Ambos;2020;Arma branca ou objeto contundente;102;15.91;17.82
RR;Roraima;Ambos;2020;Estrangulamento;2;0.31;0.27
RR;Roraima;Ambos;2020;Força corporal;3;0.47;0.81
RR;Roraima;Ambos;2020;Demais meios especificados;6;0.94;1.07
RR;Roraima;Ambos;2020;Meios não especificados;21;3.28;2.21
RR;Roraima;Ambos;2021;Arma de fogo;105;16.03;15.86
RR;Roraima;Ambos;2021;Arma branca ou objeto contundente;126;19.24;21.06
RR;Roraima;Ambos;2021;Estrangulamento;4;0.61;0.69
RR;Roraima;Ambos;2021;Força corporal;1;0.15;0.13
RR;Roraima;Ambos;2021;Demais meios especificados;2;0.31;0.41
RR;Roraima;Ambos;2021;Meios não especificados;19;2.9;2.28
RR;Roraima;Ambos;2022;Arma de fogo;104;15.44;15.71
RR;Roraima;Ambos;2022;Arma branca ou objeto contundente;99;14.7;15.34
RR;Roraima;Ambos;2022;Estrangulamento;6;0.89;0.97
RR;Roraima;Ambos;2022;Força corporal;2;0.3;0.33
RR;Roraima;Ambos;2022;Demais meios especificados;4;0.59;0.53
RR;Roraima;Ambos;2022;Meios não especificados;14;2.08;1.56
RR;Roraima;Ambos;2023;Arma de fogo;105;15.1;15.3
RR;Roraima;Ambos;2023;Arma branca ou objeto contundente;76;10.93;13.66
RR;Roraima;Ambos;2023;Estrangulamento;3;0.43;0.45
RR;Roraima;Ambos;2023;Força corporal;8;1.15;1.37
RR;Roraima;Ambos;2023;Demais meios especificados;2;0.29;0.28
RR;Roraima;Ambos;2023;Meios não especificados;14;2.01;1.69
RR;Roraima;Ambos;2024;Arma de fogo;71;9.91;10.45
RR;Roraima;Ambos;2024;Arma branca ou objeto contundente;63;8.79;10.24
RR;Roraima;Ambos;2024;Estrangulamento;2;0.28;0.28
RR;Roraima;Ambos;2024;Força corporal;7;0.98;0.91
RR;Roraima;Ambos;2024;Demais meios especificados;2;0.28;0.29
RR;Roraima;Ambos;2024;Meios não especificados;24;3.35;2.91
RR;Roraima;Ambos;2025;Arma de fogo;99;13.4;12.99
RR;Roraima;Ambos;2025;Arma branca ou objeto contundente;67;9.07;10.43
RR;Roraima;Ambos;2025;Estrangulamento;5;0.68;0.72
RR;Roraima;Ambos;2025;Força corporal;5;0.68;0.65
RR;Roraima;Ambos;2025;Demais meios especificados;7;0.95;1.32
RR;Roraima;Ambos;2025;Meios não especificados;18;2.44;1.87
RR;Roraima;Homens;2000;Arma de fogo;43;24.93;29.19
RR;Roraima;Homens;2000;Arma branca ou objeto contundente;57;33.05;36.22
RR;Roraima;Homens;2000;Estrangulamento;3;1.74;2.54
RR;Roraima;Homens;2000;Força corporal;1;0.58;0.87
RR;Roraima;Homens;2000;Meios não especificados;4;2.32;2.48
RR;Roraima;Homens;2001;Arma de fogo;41;22.8;27.56
RR;Roraima;Homens;2001;Arma branca ou objeto contundente;56;31.14;35.79
RR;Roraima;Homens;2001;Estrangulamento;1;0.56;0.38
RR;Roraima;Homens;2001;Força corporal;1;0.56;0.45
RR;Roraima;Homens;2001;Meios não especificados;2;1.11;1.46
RR;Roraima;Homens;2002;Arma de fogo;43;22.99;31.16
RR;Roraima;Homens;2002;Arma branca ou objeto contundente;61;32.61;30.79
RR;Roraima;Homens;2002;Estrangulamento;2;1.07;1.34
RR;Roraima;Homens;2002;Demais meios especificados;1;0.53;0.28
RR;Roraima;Homens;2002;Meios não especificados;3;1.6;1.97
RR;Roraima;Homens;2003;Arma de fogo;38;19.58;25.5
RR;Roraima;Homens;2003;Arma branca ou objeto contundente;59;30.4;34.94
RR;Roraima;Homens;2003;Estrangulamento;1;0.52;0.41
RR;Roraima;Homens;2003;Demais meios especificados;1;0.52;0.5
RR;Roraima;Homens;2003;Meios não especificados;1;0.52;0.5
RR;Roraima;Homens;2004;Arma de fogo;30;14.93;15.54
RR;Roraima;Homens;2004;Arma branca ou objeto contundente;44;21.89;24.16
RR;Roraima;Homens;2004;Meios não especificados;4;1.99;3.52
RR;Roraima;Homens;2005;Arma de fogo;26;12.52;16.18
RR;Roraima;Homens;2005;Arma branca ou objeto contundente;50;24.08;27.65
RR;Roraima;Homens;2005;Força corporal;2;0.96;1.24
RR;Roraima;Homens;2005;Demais meios especificados;1;0.48;0.22
RR;Roraima;Homens;2005;Meios não especificados;3;1.44;2.6
RR;Roraima;Homens;2006;Arma de fogo;35;16.35;20.6
RR;Roraima;Homens;2006;Arma branca ou objeto contundente;49;22.9;28.35
RR;Roraima;Homens;2006;Estrangulamento;3;1.4;2.68
RR;Roraima;Homens;2006;Força corporal;1;0.47;1.26
RR;Roraima;Homens;2006;Demais meios especificados;1;0.47;1.42
RR;Roraima;Homens;2006;Meios não especificados;7;3.27;2.95
RR;Roraima;Homens;2007;Arma de fogo;26;11.81;14.31
RR;Roraima;Homens;2007;Arma branca ou objeto contundente;55;24.99;30.59
RR;Roraima;Homens;2007;Estrangulamento;3;1.36;1.05
RR;Roraima;Homens;2007;Força corporal;3;1.36;2.31
RR;Roraima;Homens;2007;Demais meios especificados;4;1.82;1.42
RR;Roraima;Homens;2007;Meios não especificados;6;2.73;1.68
RR;Roraima;Homens;2008;Arma de fogo;27;11.94;13.07
RR;Roraima;Homens;2008;Arma branca ou objeto contundente;56;24.76;29.14
RR;Roraima;Homens;2008;Força corporal;1;0.44;0.57
RR;Roraima;Homens;2008;Demais meios especificados;2;0.88;1.01
RR;Roraima;Homens;2008;Meios não especificados;3;1.33;0.8
RR;Roraima;Homens;2009;Arma de fogo;23;9.91;11.96
RR;Roraima;Homens;2009;Arma branca ou objeto contundente;59;25.43;27.26
RR;Roraima;Homens;2009;Força corporal;1;0.43;0.63
RR;Roraima;Homens;2009;Demais meios especificados;4;1.72;3.02
RR;Roraima;Homens;2009;Meios não especificados;6;2.59;1.42
RR;Roraima;Homens;2010;Arma de fogo;27;11.36;11.25
RR;Roraima;Homens;2010;Arma branca ou objeto contundente;79;33.25;35.37
RR;Roraima;Homens;2010;Estrangulamento;2;0.84;1.12
RR;Roraima;Homens;2010;Força corporal;1;0.42;0.6
RR;Roraima;Homens;2010;Demais meios especificados;1;0.42;0.3
RR;Roraima;Homens;2011;Arma de fogo;25;10.27;11.58
RR;Roraima;Homens;2011;Arma branca ou objeto contundente;54;22.19;24.37
RR;Roraima;Homens;2011;Estrangulamento;3;1.23;1.75
RR;Roraima;Homens;2011;Demais meios especificados;1;0.41;0.34
RR;Roraima;Homens;2011;Meios não especificados;1;0.41;0.23
RR;Roraima;Homens;2012;Arma de fogo;29;11.62;14.34
RR;Roraima;Homens;2012;Arma branca ou objeto contundente;77;30.85;32.28
RR;Roraima;Homens;2012;Estrangulamento;2;0.8;0.99
RR;Roraima;Homens;2012;Força corporal;1;0.4;0.74
RR;Roraima;Homens;2012;Demais meios especificados;3;1.2;1.78
RR;Roraima;Homens;2012;Meios não especificados;13;5.21;3.01
RR;Roraima;Homens;2013;Arma de fogo;65;25.37;29.61
RR;Roraima;Homens;2013;Arma branca ou objeto contundente;77;30.05;32.34
RR;Roraima;Homens;2013;Estrangulamento;7;2.73;2.32
RR;Roraima;Homens;2013;Força corporal;3;1.17;1.07
RR;Roraima;Homens;2013;Demais meios especificados;4;1.56;1.98
RR;Roraima;Homens;2013;Meios não especificados;22;8.59;6.41
RR;Roraima;Homens;2014;Arma de fogo;43;16.34;18.21
RR;Roraima;Homens;2014;Arma branca ou objeto contundente;67;25.47;30.7
RR;Roraima;Homens;2014;Força corporal;6;2.28;2.46
RR;Roraima;Homens;2014;Meios não especificados;17;6.46;3.52
RR;Roraima;Homens;2015;Arma de fogo;50;18.51;19.29
RR;Roraima;Homens;2015;Arma branca ou objeto contundente;96;35.54;40.79
RR;Roraima;Homens;2015;Estrangulamento;5;1.85;3.31
RR;Roraima;Homens;2015;Força corporal;4;1.48;2.33
RR;Roraima;Homens;2015;Demais meios especificados;6;2.22;2.16
RR;Roraima;Homens;2015;Meios não especificados;13;4.81;3.24
RR;Roraima;Homens;2016;Arma de fogo;65;23.46;24.92
RR;Roraima;Homens;2016;Arma branca ou objeto contundente;86;31.04;34.74
RR;Roraima;Homens;2016;Força corporal;3;1.08;1.3
RR;Roraima;Homens;2016;Demais meios especificados;4;1.44;1.68
RR;Roraima;Homens;2016;Meios não especificados;20;7.22;6.53
RR;Roraima;Homens;2017;Arma de fogo;89;31.22;33.04
RR;Roraima;Homens;2017;Arma branca ou objeto contundente;104;36.48;40.29
RR;Roraima;Homens;2017;Estrangulamento;6;2.1;2.1
RR;Roraima;Homens;2017;Força corporal;2;0.7;1.28
RR;Roraima;Homens;2017;Demais meios especificados;11;3.86;4.63
RR;Roraima;Homens;2017;Meios não especificados;9;3.16;2.32
RR;Roraima;Homens;2018;Arma de fogo;171;57.51;53.29
RR;Roraima;Homens;2018;Arma branca ou objeto contundente;157;52.8;53.32
RR;Roraima;Homens;2018;Estrangulamento;11;3.7;3.57
RR;Roraima;Homens;2018;Demais meios especificados;1;0.34;0.24
RR;Roraima;Homens;2018;Meios não especificados;19;6.39;4.87
RR;Roraima;Homens;2019;Arma de fogo;77;24.57;24.32
RR;Roraima;Homens;2019;Arma branca ou objeto contundente;106;33.82;36.75
RR;Roraima;Homens;2019;Estrangulamento;1;0.32;0.34
RR;Roraima;Homens;2019;Força corporal;1;0.32;0.29
RR;Roraima;Homens;2019;Demais meios especificados;3;0.96;1.43
RR;Roraima;Homens;2019;Meios não especificados;12;3.83;2.19
RR;Roraima;Homens;2020;Arma de fogo;95;29.21;27.82
RR;Roraima;Homens;2020;Arma branca ou objeto contundente;87;26.75;30.44
RR;Roraima;Homens;2020;Estrangulamento;1;0.31;0.29
RR;Roraima;Homens;2020;Força corporal;2;0.62;1.23
RR;Roraima;Homens;2020;Demais meios especificados;5;1.54;1.89
RR;Roraima;Homens;2020;Meios não especificados;8;2.46;2.05
RR;Roraima;Homens;2021;Arma de fogo;98;29.51;29.15
RR;Roraima;Homens;2021;Arma branca ou objeto contundente;118;35.53;39.64
RR;Roraima;Homens;2021;Estrangulamento;4;1.2;1.37
RR;Roraima;Homens;2021;Força corporal;1;0.3;0.27
RR;Roraima;Homens;2021;Demais meios especificados;2;0.6;0.81
RR;Roraima;Homens;2021;Meios não especificados;14;4.22;3.53
RR;Roraima;Homens;2022;Arma de fogo;95;27.83;28.65
RR;Roraima;Homens;2022;Arma branca ou objeto contundente;90;26.36;27.6
RR;Roraima;Homens;2022;Estrangulamento;5;1.46;1.67
RR;Roraima;Homens;2022;Força corporal;1;0.29;0.4
RR;Roraima;Homens;2022;Demais meios especificados;2;0.59;0.49
RR;Roraima;Homens;2022;Meios não especificados;5;1.46;1.42
RR;Roraima;Homens;2023;Arma de fogo;94;26.65;26.88
RR;Roraima;Homens;2023;Arma branca ou objeto contundente;66;18.71;22.92
RR;Roraima;Homens;2023;Estrangulamento;1;0.28;0.27
RR;Roraima;Homens;2023;Força corporal;6;1.7;2.06
RR;Roraima;Homens;2023;Demais meios especificados;1;0.28;0.27
RR;Roraima;Homens;2023;Meios não especificados;9;2.55;2.42
RR;Roraima;Homens;2024;Arma de fogo;62;17.04;18.2
RR;Roraima;Homens;2024;Arma branca ou objeto contundente;51;14.02;16.37
RR;Roraima;Homens;2024;Estrangulamento;2;0.55;0.57
RR;Roraima;Homens;2024;Força corporal;4;1.1;0.9
RR;Roraima;Homens;2024;Demais meios especificados;2;0.55;0.57
RR;Roraima;Homens;2024;Meios não especificados;8;2.2;2.82
RR;Roraima;Homens;2025;Arma de fogo;86;22.92;22.4
RR;Roraima;Homens;2025;Arma branca ou objeto contundente;54;14.39;17.15
RR;Roraima;Homens;2025;Estrangulamento;4;1.07;1.01
RR;Roraima;Homens;2025;Força corporal;3;0.8;0.86
RR;Roraima;Homens;2025;Demais meios especificados;3;0.8;1.23
RR;Roraima;Homens;2025;Meios não especificados;7;1.87;1.53
RR;Roraima;Mulheres;2000;Arma de fogo;4;2.39;1.86
RR;Roraima;Mulheres;2000;Arma branca ou objeto contundente;14;8.37;8.08
RR;Roraima;Mulheres;2000;Estrangulamento;1;0.6;0.23
RR;Roraima;Mulheres;2000;Meios não especificados;3;1.79;4.6
RR;Roraima;Mulheres;2001;Arma de fogo;1;0.57;0.43
RR;Roraima;Mulheres;2001;Arma branca ou objeto contundente;5;2.86;3.08
RR;Roraima;Mulheres;2001;Estrangulamento;1;0.57;0.34
RR;Roraima;Mulheres;2002;Arma de fogo;5;2.75;1.94
RR;Roraima;Mulheres;2002;Arma branca ou objeto contundente;7;3.85;3.17
RR;Roraima;Mulheres;2003;Arma de fogo;3;1.59;1.49
RR;Roraima;Mulheres;2003;Arma branca ou objeto contundente;2;1.06;1.28
RR;Roraima;Mulheres;2003;Estrangulamento;1;0.53;0.57
RR;Roraima;Mulheres;2004;Arma de fogo;1;0.51;0.39
RR;Roraima;Mulheres;2004;Arma branca ou objeto contundente;4;2.05;1.54
RR;Roraima;Mulheres;2004;Meios não especificados;2;1.02;0.68
RR;Roraima;Mulheres;2005;Arma de fogo;2;0.99;1.1
RR;Roraima;Mulheres;2005;Arma branca ou objeto contundente;4;1.98;1.93
RR;Roraima;Mulheres;2005;Estrangulamento;3;1.48;1.5
RR;Roraima;Mulheres;2005;Demais meios especificados;2;0.99;1.07
RR;Roraima;Mulheres;2006;Arma de fogo;3;1.44;1.08
RR;Roraima;Mulheres;2006;Arma branca ou objeto contundente;4;1.92;2.03
RR;Roraima;Mulheres;2006;Estrangulamento;1;0.48;0.24
RR;Roraima;Mulheres;2006;Meios não especificados;5;2.4;1.18
RR;Roraima;Mulheres;2007;Arma de fogo;2;0.93;1.83
RR;Roraima;Mulheres;2007;Arma branca ou objeto contundente;8;3.73;4.56
RR;Roraima;Mulheres;2007;Estrangulamento;1;0.47;0.68
RR;Roraima;Mulheres;2007;Demais meios especificados;2;0.93;0.51
RR;Roraima;Mulheres;2007;Meios não especificados;6;2.79;0.96
RR;Roraima;Mulheres;2008;Arma de fogo;2;0.91;0.83
RR;Roraima;Mulheres;2008;Arma branca ou objeto contundente;6;2.72;3.36
RR;Roraima;Mulheres;2008;Demais meios especificados;1;0.45;1.44
RR;Roraima;Mulheres;2008;Meios não especificados;6;2.72;1.17
RR;Roraima;Mulheres;2009;Arma de fogo;4;1.76;1.94
RR;Roraima;Mulheres;2009;Arma branca ou objeto contundente;8;3.53;3.27
RR;Roraima;Mulheres;2009;Estrangulamento;5;2.21;2.63
RR;Roraima;Mulheres;2009;Força corporal;1;0.44;0.23
RR;Roraima;Mulheres;2009;Meios não especificados;6;2.65;1.4
RR;Roraima;Mulheres;2010;Arma de fogo;2;0.86;1.1
RR;Roraima;Mulheres;2010;Arma branca ou objeto contundente;4;1.72;1.62
RR;Roraima;Mulheres;2010;Estrangulamento;2;0.86;0.72
RR;Roraima;Mulheres;2010;Demais meios especificados;1;0.43;0.61
RR;Roraima;Mulheres;2010;Meios não especificados;2;0.86;1.1
RR;Roraima;Mulheres;2011;Arma branca ou objeto contundente;6;2.52;2.66
RR;Roraima;Mulheres;2011;Força corporal;3;1.26;1.69
RR;Roraima;Mulheres;2011;Meios não especificados;1;0.42;0.35
RR;Roraima;Mulheres;2012;Arma de fogo;3;1.23;1.34
RR;Roraima;Mulheres;2012;Arma branca ou objeto contundente;6;2.46;2.71
RR;Roraima;Mulheres;2012;Estrangulamento;1;0.41;1.21
RR;Roraima;Mulheres;2012;Meios não especificados;7;2.87;1.59
RR;Roraima;Mulheres;2013;Arma de fogo;5;1.99;1.67
RR;Roraima;Mulheres;2013;Arma branca ou objeto contundente;8;3.19;4.48
RR;Roraima;Mulheres;2013;Estrangulamento;2;0.8;0.84
RR;Roraima;Mulheres;2013;Força corporal;1;0.4;0.22
RR;Roraima;Mulheres;2013;Demais meios especificados;1;0.4;1.22
RR;Roraima;Mulheres;2013;Meios não especificados;19;7.58;4.29
RR;Roraima;Mulheres;2014;Arma de fogo;4;1.55;1.37
RR;Roraima;Mulheres;2014;Arma branca ou objeto contundente;6;2.33;2.74
RR;Roraima;Mulheres;2014;Estrangulamento;2;0.78;1.12
RR;Roraima;Mulheres;2014;Força corporal;1;0.39;0.6
RR;Roraima;Mulheres;2014;Meios não especificados;11;4.27;2.72
RR;Roraima;Mulheres;2015;Arma de fogo;7;2.65;2.11
RR;Roraima;Mulheres;2015;Arma branca ou objeto contundente;10;3.78;5.47
RR;Roraima;Mulheres;2015;Estrangulamento;1;0.38;0.35
RR;Roraima;Mulheres;2015;Força corporal;1;0.38;0.34
RR;Roraima;Mulheres;2015;Meios não especificados;10;3.78;2.13
RR;Roraima;Mulheres;2016;Arma de fogo;7;2.58;2.72
RR;Roraima;Mulheres;2016;Arma branca ou objeto contundente;6;2.21;2.68
RR;Roraima;Mulheres;2016;Estrangulamento;2;0.74;0.89
RR;Roraima;Mulheres;2016;Demais meios especificados;1;0.37;0.21
RR;Roraima;Mulheres;2016;Meios não especificados;9;3.32;2.03
RR;Roraima;Mulheres;2017;Arma de fogo;4;1.43;1.17
RR;Roraima;Mulheres;2017;Arma branca ou objeto contundente;16;5.74;5.28
RR;Roraima;Mulheres;2017;Estrangulamento;1;0.36;0.25
RR;Roraima;Mulheres;2017;Meios não especificados;6;2.15;1.25
RR;Roraima;Mulheres;2018;Arma de fogo;9;3.1;2.97
RR;Roraima;Mulheres;2018;Arma branca ou objeto contundente;22;7.58;8.68
RR;Roraima;Mulheres;2018;Estrangulamento;2;0.69;0.68
RR;Roraima;Mulheres;2018;Força corporal;1;0.34;0.42
RR;Roraima;Mulheres;2018;Demais meios especificados;1;0.34;0.19
RR;Roraima;Mulheres;2018;Meios não especificados;18;6.2;3.47
RR;Roraima;Mulheres;2019;Arma de fogo;6;1.97;1.66
RR;Roraima;Mulheres;2019;Arma branca ou objeto contundente;11;3.61;3.98
RR;Roraima;Mulheres;2019;Estrangulamento;2;0.66;0.68
RR;Roraima;Mulheres;2019;Força corporal;1;0.33;0.17
RR;Roraima;Mulheres;2019;Meios não especificados;13;4.27;2.26
RR;Roraima;Mulheres;2020;Arma de fogo;7;2.22;2.3
RR;Roraima;Mulheres;2020;Arma branca ou objeto contundente;15;4.75;5.06
RR;Roraima;Mulheres;2020;Estrangulamento;1;0.32;0.25
RR;Roraima;Mulheres;2020;Força corporal;1;0.32;0.33
RR;Roraima;Mulheres;2020;Demais meios especificados;1;0.32;0.24
RR;Roraima;Mulheres;2020;Meios não especificados;10;3.17;1.86
RR;Roraima;Mulheres;2021;Arma de fogo;7;2.17;2.29
RR;Roraima;Mulheres;2021;Arma branca ou objeto contundente;8;2.48;2.09
RR;Roraima;Mulheres;2021;Meios não especificados;5;1.55;0.99
RR;Roraima;Mulheres;2022;Arma de fogo;9;2.71;2.47
RR;Roraima;Mulheres;2022;Arma branca ou objeto contundente;9;2.71;2.79
RR;Roraima;Mulheres;2022;Estrangulamento;1;0.3;0.25
RR;Roraima;Mulheres;2022;Força corporal;1;0.3;0.25
RR;Roraima;Mulheres;2022;Demais meios especificados;2;0.6;0.57
RR;Roraima;Mulheres;2022;Meios não especificados;9;2.71;1.73
RR;Roraima;Mulheres;2023;Arma de fogo;11;3.21;3.44
RR;Roraima;Mulheres;2023;Arma branca ou objeto contundente;10;2.92;4.26
RR;Roraima;Mulheres;2023;Estrangulamento;2;0.58;0.62
RR;Roraima;Mulheres;2023;Força corporal;2;0.58;0.67
RR;Roraima;Mulheres;2023;Demais meios especificados;1;0.29;0.3
RR;Roraima;Mulheres;2023;Meios não especificados;5;1.46;0.95
RR;Roraima;Mulheres;2024;Arma de fogo;9;2.55;2.5
RR;Roraima;Mulheres;2024;Arma branca ou objeto contundente;12;3.4;3.99
RR;Roraima;Mulheres;2024;Força corporal;3;0.85;0.92
RR;Roraima;Mulheres;2024;Meios não especificados;16;4.53;3.08
RR;Roraima;Mulheres;2025;Arma de fogo;13;3.58;3.3
RR;Roraima;Mulheres;2025;Arma branca ou objeto contundente;13;3.58;3.62
RR;Roraima;Mulheres;2025;Estrangulamento;1;0.28;0.41
RR;Roraima;Mulheres;2025;Força corporal;2;0.55;0.46
RR;Roraima;Mulheres;2025;Demais meios especificados;4;1.1;1.37
RR;Roraima;Mulheres;2025;Meios não especificados;11;3.03;2.23
RS;Rio Grande do Sul;Ambos;2000;Arma de fogo;1250;12.17;12
RS;Rio Grande do Sul;Ambos;2000;Arma branca ou objeto contundente;285;2.78;2.87
RS;Rio Grande do Sul;Ambos;2000;Estrangulamento;33;0.32;0.33
RS;Rio Grande do Sul;Ambos;2000;Força corporal;10;0.1;0.1
RS;Rio Grande do Sul;Ambos;2000;Demais meios especificados;20;0.19;0.2
RS;Rio Grande do Sul;Ambos;2000;Meios não especificados;66;0.64;0.67
RS;Rio Grande do Sul;Ambos;2001;Arma de fogo;1343;12.97;12.79
RS;Rio Grande do Sul;Ambos;2001;Arma branca ou objeto contundente;370;3.57;3.7
RS;Rio Grande do Sul;Ambos;2001;Estrangulamento;38;0.37;0.4
RS;Rio Grande do Sul;Ambos;2001;Força corporal;16;0.15;0.16
RS;Rio Grande do Sul;Ambos;2001;Demais meios especificados;22;0.21;0.22
RS;Rio Grande do Sul;Ambos;2001;Meios não especificados;64;0.62;0.67
RS;Rio Grande do Sul;Ambos;2002;Arma de fogo;1373;13.16;12.91
RS;Rio Grande do Sul;Ambos;2002;Arma branca ou objeto contundente;411;3.94;4.01
RS;Rio Grande do Sul;Ambos;2002;Estrangulamento;39;0.37;0.4
RS;Rio Grande do Sul;Ambos;2002;Força corporal;12;0.12;0.12
RS;Rio Grande do Sul;Ambos;2002;Demais meios especificados;34;0.33;0.31
RS;Rio Grande do Sul;Ambos;2002;Meios não especificados;43;0.41;0.43
RS;Rio Grande do Sul;Ambos;2003;Arma de fogo;1365;12.99;12.73
RS;Rio Grande do Sul;Ambos;2003;Arma branca ou objeto contundente;387;3.68;3.81
RS;Rio Grande do Sul;Ambos;2003;Estrangulamento;34;0.32;0.33
RS;Rio Grande do Sul;Ambos;2003;Força corporal;23;0.22;0.23
RS;Rio Grande do Sul;Ambos;2003;Demais meios especificados;21;0.2;0.2
RS;Rio Grande do Sul;Ambos;2003;Meios não especificados;76;0.72;0.77
RS;Rio Grande do Sul;Ambos;2004;Arma de fogo;1432;13.54;13.15
RS;Rio Grande do Sul;Ambos;2004;Arma branca ou objeto contundente;432;4.09;4.13
RS;Rio Grande do Sul;Ambos;2004;Estrangulamento;28;0.26;0.26
RS;Rio Grande do Sul;Ambos;2004;Força corporal;8;0.08;0.08
RS;Rio Grande do Sul;Ambos;2004;Demais meios especificados;29;0.27;0.27
RS;Rio Grande do Sul;Ambos;2004;Meios não especificados;51;0.48;0.51
RS;Rio Grande do Sul;Ambos;2005;Arma de fogo;1473;13.85;13.54
RS;Rio Grande do Sul;Ambos;2005;Arma branca ou objeto contundente;433;4.07;4.16
RS;Rio Grande do Sul;Ambos;2005;Estrangulamento;36;0.34;0.34
RS;Rio Grande do Sul;Ambos;2005;Força corporal;12;0.11;0.11
RS;Rio Grande do Sul;Ambos;2005;Demais meios especificados;13;0.12;0.11
RS;Rio Grande do Sul;Ambos;2005;Meios não especificados;54;0.51;0.54
RS;Rio Grande do Sul;Ambos;2006;Arma de fogo;1425;13.32;13
RS;Rio Grande do Sul;Ambos;2006;Arma branca ou objeto contundente;415;3.88;3.93
RS;Rio Grande do Sul;Ambos;2006;Estrangulamento;31;0.29;0.29
RS;Rio Grande do Sul;Ambos;2006;Força corporal;11;0.1;0.1
RS;Rio Grande do Sul;Ambos;2006;Demais meios especificados;22;0.21;0.22
RS;Rio Grande do Sul;Ambos;2006;Meios não especificados;67;0.63;0.63
RS;Rio Grande do Sul;Ambos;2007;Arma de fogo;1661;15.45;14.94
RS;Rio Grande do Sul;Ambos;2007;Arma branca ou objeto contundente;385;3.58;3.59
RS;Rio Grande do Sul;Ambos;2007;Estrangulamento;30;0.28;0.28
RS;Rio Grande do Sul;Ambos;2007;Força corporal;15;0.14;0.15
RS;Rio Grande do Sul;Ambos;2007;Demais meios especificados;20;0.19;0.18
RS;Rio Grande do Sul;Ambos;2007;Meios não especificados;70;0.65;0.66
RS;Rio Grande do Sul;Ambos;2008;Arma de fogo;1801;16.68;16.12
RS;Rio Grande do Sul;Ambos;2008;Arma branca ou objeto contundente;399;3.69;3.7
RS;Rio Grande do Sul;Ambos;2008;Estrangulamento;48;0.44;0.41
RS;Rio Grande do Sul;Ambos;2008;Força corporal;20;0.19;0.2
RS;Rio Grande do Sul;Ambos;2008;Demais meios especificados;25;0.23;0.2
RS;Rio Grande do Sul;Ambos;2008;Meios não especificados;79;0.73;0.72
RS;Rio Grande do Sul;Ambos;2009;Arma de fogo;1645;15.17;14.76
RS;Rio Grande do Sul;Ambos;2009;Arma branca ou objeto contundente;412;3.8;3.76
RS;Rio Grande do Sul;Ambos;2009;Estrangulamento;39;0.36;0.35
RS;Rio Grande do Sul;Ambos;2009;Força corporal;22;0.2;0.2
RS;Rio Grande do Sul;Ambos;2009;Demais meios especificados;29;0.27;0.27
RS;Rio Grande do Sul;Ambos;2009;Meios não especificados;85;0.78;0.77
RS;Rio Grande do Sul;Ambos;2010;Arma de fogo;1496;13.75;13.38
RS;Rio Grande do Sul;Ambos;2010;Arma branca ou objeto contundente;396;3.64;3.61
RS;Rio Grande do Sul;Ambos;2010;Estrangulamento;50;0.46;0.44
RS;Rio Grande do Sul;Ambos;2010;Força corporal;15;0.14;0.14
RS;Rio Grande do Sul;Ambos;2010;Demais meios especificados;32;0.29;0.3
RS;Rio Grande do Sul;Ambos;2010;Meios não especificados;78;0.72;0.72
RS;Rio Grande do Sul;Ambos;2011;Arma de fogo;1531;14.04;13.69
RS;Rio Grande do Sul;Ambos;2011;Arma branca ou objeto contundente;389;3.57;3.52
RS;Rio Grande do Sul;Ambos;2011;Estrangulamento;31;0.28;0.27
RS;Rio Grande do Sul;Ambos;2011;Força corporal;25;0.23;0.23
RS;Rio Grande do Sul;Ambos;2011;Demais meios especificados;20;0.18;0.18
RS;Rio Grande do Sul;Ambos;2011;Meios não especificados;62;0.57;0.55
RS;Rio Grande do Sul;Ambos;2012;Arma de fogo;1737;15.87;15.66
RS;Rio Grande do Sul;Ambos;2012;Arma branca ou objeto contundente;442;4.04;4.01
RS;Rio Grande do Sul;Ambos;2012;Estrangulamento;47;0.43;0.43
RS;Rio Grande do Sul;Ambos;2012;Força corporal;21;0.19;0.19
RS;Rio Grande do Sul;Ambos;2012;Demais meios especificados;44;0.4;0.38
RS;Rio Grande do Sul;Ambos;2012;Meios não especificados;73;0.67;0.65
RS;Rio Grande do Sul;Ambos;2013;Arma de fogo;1714;15.6;15.4
RS;Rio Grande do Sul;Ambos;2013;Arma branca ou objeto contundente;448;4.08;4.05
RS;Rio Grande do Sul;Ambos;2013;Estrangulamento;46;0.42;0.41
RS;Rio Grande do Sul;Ambos;2013;Força corporal;16;0.15;0.15
RS;Rio Grande do Sul;Ambos;2013;Demais meios especificados;32;0.29;0.25
RS;Rio Grande do Sul;Ambos;2013;Meios não especificados;58;0.53;0.52
RS;Rio Grande do Sul;Ambos;2014;Arma de fogo;2055;18.64;18.62
RS;Rio Grande do Sul;Ambos;2014;Arma branca ou objeto contundente;476;4.32;4.29
RS;Rio Grande do Sul;Ambos;2014;Estrangulamento;55;0.5;0.48
RS;Rio Grande do Sul;Ambos;2014;Força corporal;17;0.15;0.16
RS;Rio Grande do Sul;Ambos;2014;Demais meios especificados;34;0.31;0.3
RS;Rio Grande do Sul;Ambos;2014;Meios não especificados;73;0.66;0.66
RS;Rio Grande do Sul;Ambos;2015;Arma de fogo;2282;20.61;20.54
RS;Rio Grande do Sul;Ambos;2015;Arma branca ou objeto contundente;487;4.4;4.37
RS;Rio Grande do Sul;Ambos;2015;Estrangulamento;46;0.42;0.41
RS;Rio Grande do Sul;Ambos;2015;Força corporal;15;0.14;0.13
RS;Rio Grande do Sul;Ambos;2015;Demais meios especificados;37;0.33;0.32
RS;Rio Grande do Sul;Ambos;2015;Meios não especificados;53;0.48;0.45
RS;Rio Grande do Sul;Ambos;2016;Arma de fogo;2507;22.57;22.7
RS;Rio Grande do Sul;Ambos;2016;Arma branca ou objeto contundente;499;4.49;4.49
RS;Rio Grande do Sul;Ambos;2016;Estrangulamento;51;0.46;0.44
RS;Rio Grande do Sul;Ambos;2016;Força corporal;11;0.1;0.09
RS;Rio Grande do Sul;Ambos;2016;Demais meios especificados;44;0.4;0.37
RS;Rio Grande do Sul;Ambos;2016;Meios não especificados;76;0.68;0.65
RS;Rio Grande do Sul;Ambos;2017;Arma de fogo;2591;23.26;23.52
RS;Rio Grande do Sul;Ambos;2017;Arma branca ou objeto contundente;510;4.58;4.49
RS;Rio Grande do Sul;Ambos;2017;Estrangulamento;50;0.45;0.44
RS;Rio Grande do Sul;Ambos;2017;Força corporal;22;0.2;0.2
RS;Rio Grande do Sul;Ambos;2017;Demais meios especificados;56;0.5;0.47
RS;Rio Grande do Sul;Ambos;2017;Meios não especificados;51;0.46;0.44
RS;Rio Grande do Sul;Ambos;2018;Arma de fogo;2075;18.58;18.89
RS;Rio Grande do Sul;Ambos;2018;Arma branca ou objeto contundente;443;3.97;3.9
RS;Rio Grande do Sul;Ambos;2018;Estrangulamento;51;0.46;0.45
RS;Rio Grande do Sul;Ambos;2018;Força corporal;21;0.19;0.19
RS;Rio Grande do Sul;Ambos;2018;Demais meios especificados;38;0.34;0.31
RS;Rio Grande do Sul;Ambos;2018;Meios não especificados;39;0.35;0.31
RS;Rio Grande do Sul;Ambos;2019;Arma de fogo;1602;14.31;14.62
RS;Rio Grande do Sul;Ambos;2019;Arma branca ou objeto contundente;419;3.74;3.72
RS;Rio Grande do Sul;Ambos;2019;Estrangulamento;49;0.44;0.43
RS;Rio Grande do Sul;Ambos;2019;Força corporal;18;0.16;0.17
RS;Rio Grande do Sul;Ambos;2019;Demais meios especificados;40;0.36;0.35
RS;Rio Grande do Sul;Ambos;2019;Meios não especificados;38;0.34;0.32
RS;Rio Grande do Sul;Ambos;2020;Arma de fogo;1545;13.77;14.14
RS;Rio Grande do Sul;Ambos;2020;Arma branca ou objeto contundente;390;3.48;3.47
RS;Rio Grande do Sul;Ambos;2020;Estrangulamento;53;0.47;0.48
RS;Rio Grande do Sul;Ambos;2020;Força corporal;23;0.2;0.21
RS;Rio Grande do Sul;Ambos;2020;Demais meios especificados;35;0.31;0.3
RS;Rio Grande do Sul;Ambos;2020;Meios não especificados;42;0.37;0.37
RS;Rio Grande do Sul;Ambos;2021;Arma de fogo;1379;12.28;12.72
RS;Rio Grande do Sul;Ambos;2021;Arma branca ou objeto contundente;327;2.91;2.89
RS;Rio Grande do Sul;Ambos;2021;Estrangulamento;47;0.42;0.42
RS;Rio Grande do Sul;Ambos;2021;Força corporal;40;0.36;0.34
RS;Rio Grande do Sul;Ambos;2021;Demais meios especificados;41;0.37;0.36
RS;Rio Grande do Sul;Ambos;2021;Meios não especificados;40;0.36;0.35
RS;Rio Grande do Sul;Ambos;2022;Arma de fogo;1475;13.15;13.71
RS;Rio Grande do Sul;Ambos;2022;Arma branca ou objeto contundente;324;2.89;2.91
RS;Rio Grande do Sul;Ambos;2022;Estrangulamento;51;0.45;0.46
RS;Rio Grande do Sul;Ambos;2022;Força corporal;33;0.29;0.29
RS;Rio Grande do Sul;Ambos;2022;Demais meios especificados;39;0.35;0.31
RS;Rio Grande do Sul;Ambos;2022;Meios não especificados;40;0.36;0.33
RS;Rio Grande do Sul;Ambos;2023;Arma de fogo;1410;12.56;13.23
RS;Rio Grande do Sul;Ambos;2023;Arma branca ou objeto contundente;392;3.49;3.51
RS;Rio Grande do Sul;Ambos;2023;Estrangulamento;33;0.29;0.29
RS;Rio Grande do Sul;Ambos;2023;Força corporal;50;0.45;0.43
RS;Rio Grande do Sul;Ambos;2023;Demais meios especificados;40;0.36;0.35
RS;Rio Grande do Sul;Ambos;2023;Meios não especificados;51;0.45;0.45
RS;Rio Grande do Sul;Ambos;2024;Arma de fogo;1221;10.87;11.53
RS;Rio Grande do Sul;Ambos;2024;Arma branca ou objeto contundente;318;2.83;2.81
RS;Rio Grande do Sul;Ambos;2024;Estrangulamento;28;0.25;0.26
RS;Rio Grande do Sul;Ambos;2024;Força corporal;46;0.41;0.39
RS;Rio Grande do Sul;Ambos;2024;Demais meios especificados;53;0.47;0.46
RS;Rio Grande do Sul;Ambos;2024;Meios não especificados;34;0.3;0.3
RS;Rio Grande do Sul;Ambos;2025;Arma de fogo;816;7.26;7.76
RS;Rio Grande do Sul;Ambos;2025;Arma branca ou objeto contundente;288;2.56;2.55
RS;Rio Grande do Sul;Ambos;2025;Estrangulamento;37;0.33;0.33
RS;Rio Grande do Sul;Ambos;2025;Força corporal;33;0.29;0.28
RS;Rio Grande do Sul;Ambos;2025;Demais meios especificados;34;0.3;0.28
RS;Rio Grande do Sul;Ambos;2025;Meios não especificados;26;0.23;0.22
RS;Rio Grande do Sul;Homens;2000;Arma de fogo;1159;23.11;22.62
RS;Rio Grande do Sul;Homens;2000;Arma branca ou objeto contundente;234;4.67;4.83
RS;Rio Grande do Sul;Homens;2000;Estrangulamento;20;0.4;0.42
RS;Rio Grande do Sul;Homens;2000;Força corporal;6;0.12;0.12
RS;Rio Grande do Sul;Homens;2000;Demais meios especificados;14;0.28;0.29
RS;Rio Grande do Sul;Homens;2000;Meios não especificados;55;1.1;1.15
RS;Rio Grande do Sul;Homens;2001;Arma de fogo;1241;24.56;24.1
RS;Rio Grande do Sul;Homens;2001;Arma branca ou objeto contundente;324;6.41;6.67
RS;Rio Grande do Sul;Homens;2001;Estrangulamento;23;0.46;0.5
RS;Rio Grande do Sul;Homens;2001;Força corporal;15;0.3;0.31
RS;Rio Grande do Sul;Homens;2001;Demais meios especificados;18;0.36;0.36
RS;Rio Grande do Sul;Homens;2001;Meios não especificados;52;1.03;1.19
RS;Rio Grande do Sul;Homens;2002;Arma de fogo;1266;24.87;24.3
RS;Rio Grande do Sul;Homens;2002;Arma branca ou objeto contundente;359;7.05;7.15
RS;Rio Grande do Sul;Homens;2002;Estrangulamento;21;0.41;0.48
RS;Rio Grande do Sul;Homens;2002;Força corporal;11;0.22;0.22
RS;Rio Grande do Sul;Homens;2002;Demais meios especificados;23;0.45;0.43
RS;Rio Grande do Sul;Homens;2002;Meios não especificados;34;0.67;0.68
RS;Rio Grande do Sul;Homens;2003;Arma de fogo;1270;24.79;24.14
RS;Rio Grande do Sul;Homens;2003;Arma branca ou objeto contundente;342;6.67;6.93
RS;Rio Grande do Sul;Homens;2003;Estrangulamento;21;0.41;0.43
RS;Rio Grande do Sul;Homens;2003;Força corporal;18;0.35;0.38
RS;Rio Grande do Sul;Homens;2003;Demais meios especificados;17;0.33;0.33
RS;Rio Grande do Sul;Homens;2003;Meios não especificados;61;1.19;1.33
RS;Rio Grande do Sul;Homens;2004;Arma de fogo;1326;25.72;24.8
RS;Rio Grande do Sul;Homens;2004;Arma branca ou objeto contundente;371;7.2;7.32
RS;Rio Grande do Sul;Homens;2004;Estrangulamento;17;0.33;0.33
RS;Rio Grande do Sul;Homens;2004;Força corporal;7;0.14;0.14
RS;Rio Grande do Sul;Homens;2004;Demais meios especificados;19;0.37;0.36
RS;Rio Grande do Sul;Homens;2004;Meios não especificados;45;0.87;0.97
RS;Rio Grande do Sul;Homens;2005;Arma de fogo;1359;26.21;25.41
RS;Rio Grande do Sul;Homens;2005;Arma branca ou objeto contundente;365;7.04;7.28
RS;Rio Grande do Sul;Homens;2005;Estrangulamento;20;0.39;0.39
RS;Rio Grande do Sul;Homens;2005;Força corporal;12;0.23;0.24
RS;Rio Grande do Sul;Homens;2005;Demais meios especificados;8;0.15;0.14
RS;Rio Grande do Sul;Homens;2005;Meios não especificados;48;0.93;1
RS;Rio Grande do Sul;Homens;2006;Arma de fogo;1342;25.74;24.92
RS;Rio Grande do Sul;Homens;2006;Arma branca ou objeto contundente;367;7.04;7.15
RS;Rio Grande do Sul;Homens;2006;Estrangulamento;15;0.29;0.28
RS;Rio Grande do Sul;Homens;2006;Força corporal;10;0.19;0.19
RS;Rio Grande do Sul;Homens;2006;Demais meios especificados;16;0.31;0.32
RS;Rio Grande do Sul;Homens;2006;Meios não especificados;59;1.13;1.16
RS;Rio Grande do Sul;Homens;2007;Arma de fogo;1559;29.77;28.48
RS;Rio Grande do Sul;Homens;2007;Arma branca ou objeto contundente;323;6.17;6.19
RS;Rio Grande do Sul;Homens;2007;Estrangulamento;16;0.31;0.29
RS;Rio Grande do Sul;Homens;2007;Força corporal;15;0.29;0.31
RS;Rio Grande do Sul;Homens;2007;Demais meios especificados;12;0.23;0.23
RS;Rio Grande do Sul;Homens;2007;Meios não especificados;60;1.15;1.19
RS;Rio Grande do Sul;Homens;2008;Arma de fogo;1683;32;30.53
RS;Rio Grande do Sul;Homens;2008;Arma branca ou objeto contundente;340;6.47;6.47
RS;Rio Grande do Sul;Homens;2008;Estrangulamento;29;0.55;0.5
RS;Rio Grande do Sul;Homens;2008;Força corporal;16;0.3;0.33
RS;Rio Grande do Sul;Homens;2008;Demais meios especificados;17;0.32;0.28
RS;Rio Grande do Sul;Homens;2008;Meios não especificados;68;1.29;1.27
RS;Rio Grande do Sul;Homens;2009;Arma de fogo;1519;28.77;27.75
RS;Rio Grande do Sul;Homens;2009;Arma branca ou objeto contundente;345;6.53;6.44
RS;Rio Grande do Sul;Homens;2009;Estrangulamento;27;0.51;0.51
RS;Rio Grande do Sul;Homens;2009;Força corporal;20;0.38;0.37
RS;Rio Grande do Sul;Homens;2009;Demais meios especificados;24;0.45;0.45
RS;Rio Grande do Sul;Homens;2009;Meios não especificados;72;1.36;1.36
RS;Rio Grande do Sul;Homens;2010;Arma de fogo;1376;25.99;25.05
RS;Rio Grande do Sul;Homens;2010;Arma branca ou objeto contundente;329;6.21;6.18
RS;Rio Grande do Sul;Homens;2010;Estrangulamento;28;0.53;0.49
RS;Rio Grande do Sul;Homens;2010;Força corporal;12;0.23;0.23
RS;Rio Grande do Sul;Homens;2010;Demais meios especificados;23;0.43;0.48
RS;Rio Grande do Sul;Homens;2010;Meios não especificados;70;1.32;1.36
RS;Rio Grande do Sul;Homens;2011;Arma de fogo;1413;26.63;25.67
RS;Rio Grande do Sul;Homens;2011;Arma branca ou objeto contundente;333;6.28;6.22
RS;Rio Grande do Sul;Homens;2011;Estrangulamento;16;0.3;0.31
RS;Rio Grande do Sul;Homens;2011;Força corporal;21;0.4;0.4
RS;Rio Grande do Sul;Homens;2011;Demais meios especificados;14;0.26;0.26
RS;Rio Grande do Sul;Homens;2011;Meios não especificados;53;1;1.02
RS;Rio Grande do Sul;Homens;2012;Arma de fogo;1602;30.1;29.3
RS;Rio Grande do Sul;Homens;2012;Arma branca ou objeto contundente;368;6.91;6.84
RS;Rio Grande do Sul;Homens;2012;Estrangulamento;32;0.6;0.6
RS;Rio Grande do Sul;Homens;2012;Força corporal;21;0.39;0.41
RS;Rio Grande do Sul;Homens;2012;Demais meios especificados;32;0.6;0.54
RS;Rio Grande do Sul;Homens;2012;Meios não especificados;62;1.16;1.13
RS;Rio Grande do Sul;Homens;2013;Arma de fogo;1602;29.99;29.16
RS;Rio Grande do Sul;Homens;2013;Arma branca ou objeto contundente;387;7.25;7.22
RS;Rio Grande do Sul;Homens;2013;Estrangulamento;26;0.49;0.47
RS;Rio Grande do Sul;Homens;2013;Força corporal;14;0.26;0.27
RS;Rio Grande do Sul;Homens;2013;Demais meios especificados;21;0.39;0.41
RS;Rio Grande do Sul;Homens;2013;Meios não especificados;50;0.94;0.93
RS;Rio Grande do Sul;Homens;2014;Arma de fogo;1926;35.92;35.34
RS;Rio Grande do Sul;Homens;2014;Arma branca ou objeto contundente;400;7.46;7.41
RS;Rio Grande do Sul;Homens;2014;Estrangulamento;32;0.6;0.58
RS;Rio Grande do Sul;Homens;2014;Força corporal;16;0.3;0.31
RS;Rio Grande do Sul;Homens;2014;Demais meios especificados;26;0.48;0.46
RS;Rio Grande do Sul;Homens;2014;Meios não especificados;60;1.12;1.11
RS;Rio Grande do Sul;Homens;2015;Arma de fogo;2124;39.46;38.67
RS;Rio Grande do Sul;Homens;2015;Arma branca ou objeto contundente;406;7.54;7.48
RS;Rio Grande do Sul;Homens;2015;Estrangulamento;26;0.48;0.47
RS;Rio Grande do Sul;Homens;2015;Força corporal;12;0.22;0.21
RS;Rio Grande do Sul;Homens;2015;Demais meios especificados;25;0.46;0.44
RS;Rio Grande do Sul;Homens;2015;Meios não especificados;44;0.82;0.77
RS;Rio Grande do Sul;Homens;2016;Arma de fogo;2314;42.85;42.38
RS;Rio Grande do Sul;Homens;2016;Arma branca ou objeto contundente;423;7.83;7.82
RS;Rio Grande do Sul;Homens;2016;Estrangulamento;33;0.61;0.58
RS;Rio Grande do Sul;Homens;2016;Força corporal;9;0.17;0.16
RS;Rio Grande do Sul;Homens;2016;Demais meios especificados;32;0.59;0.55
RS;Rio Grande do Sul;Homens;2016;Meios não especificados;65;1.2;1.15
RS;Rio Grande do Sul;Homens;2017;Arma de fogo;2403;44.38;43.98
RS;Rio Grande do Sul;Homens;2017;Arma branca ou objeto contundente;438;8.09;7.89
RS;Rio Grande do Sul;Homens;2017;Estrangulamento;35;0.65;0.63
RS;Rio Grande do Sul;Homens;2017;Força corporal;20;0.37;0.38
RS;Rio Grande do Sul;Homens;2017;Demais meios especificados;41;0.76;0.71
RS;Rio Grande do Sul;Homens;2017;Meios não especificados;41;0.76;0.72
RS;Rio Grande do Sul;Homens;2018;Arma de fogo;1927;35.51;35.41
RS;Rio Grande do Sul;Homens;2018;Arma branca ou objeto contundente;373;6.87;6.75
RS;Rio Grande do Sul;Homens;2018;Estrangulamento;32;0.59;0.59
RS;Rio Grande do Sul;Homens;2018;Força corporal;16;0.29;0.3
RS;Rio Grande do Sul;Homens;2018;Demais meios especificados;27;0.5;0.44
RS;Rio Grande do Sul;Homens;2018;Meios não especificados;34;0.63;0.59
RS;Rio Grande do Sul;Homens;2019;Arma de fogo;1468;26.99;27.02
RS;Rio Grande do Sul;Homens;2019;Arma branca ou objeto contundente;353;6.49;6.45
RS;Rio Grande do Sul;Homens;2019;Estrangulamento;29;0.53;0.54
RS;Rio Grande do Sul;Homens;2019;Força corporal;14;0.26;0.27
RS;Rio Grande do Sul;Homens;2019;Demais meios especificados;30;0.55;0.55
RS;Rio Grande do Sul;Homens;2019;Meios não especificados;34;0.63;0.6
RS;Rio Grande do Sul;Homens;2020;Arma de fogo;1420;26.05;26.27
RS;Rio Grande do Sul;Homens;2020;Arma branca ou objeto contundente;342;6.27;6.23
RS;Rio Grande do Sul;Homens;2020;Estrangulamento;31;0.57;0.58
RS;Rio Grande do Sul;Homens;2020;Força corporal;20;0.37;0.37
RS;Rio Grande do Sul;Homens;2020;Demais meios especificados;22;0.4;0.4
RS;Rio Grande do Sul;Homens;2020;Meios não especificados;35;0.64;0.64
RS;Rio Grande do Sul;Homens;2021;Arma de fogo;1260;23.1;23.45
RS;Rio Grande do Sul;Homens;2021;Arma branca ou objeto contundente;271;4.97;4.98
RS;Rio Grande do Sul;Homens;2021;Estrangulamento;22;0.4;0.39
RS;Rio Grande do Sul;Homens;2021;Força corporal;28;0.51;0.5
RS;Rio Grande do Sul;Homens;2021;Demais meios especificados;23;0.42;0.4
RS;Rio Grande do Sul;Homens;2021;Meios não especificados;37;0.68;0.67
RS;Rio Grande do Sul;Homens;2022;Arma de fogo;1325;24.32;24.76
RS;Rio Grande do Sul;Homens;2022;Arma branca ou objeto contundente;264;4.85;4.8
RS;Rio Grande do Sul;Homens;2022;Estrangulamento;35;0.64;0.63
RS;Rio Grande do Sul;Homens;2022;Força corporal;29;0.53;0.53
RS;Rio Grande do Sul;Homens;2022;Demais meios especificados;28;0.51;0.45
RS;Rio Grande do Sul;Homens;2022;Meios não especificados;31;0.57;0.53
RS;Rio Grande do Sul;Homens;2023;Arma de fogo;1302;23.9;24.6
RS;Rio Grande do Sul;Homens;2023;Arma branca ou objeto contundente;320;5.87;5.85
RS;Rio Grande do Sul;Homens;2023;Estrangulamento;18;0.33;0.31
RS;Rio Grande do Sul;Homens;2023;Força corporal;42;0.77;0.76
RS;Rio Grande do Sul;Homens;2023;Demais meios especificados;30;0.55;0.51
RS;Rio Grande do Sul;Homens;2023;Meios não especificados;40;0.73;0.73
RS;Rio Grande do Sul;Homens;2024;Arma de fogo;1111;20.38;21.08
RS;Rio Grande do Sul;Homens;2024;Arma branca ou objeto contundente;265;4.86;4.83
RS;Rio Grande do Sul;Homens;2024;Estrangulamento;14;0.26;0.26
RS;Rio Grande do Sul;Homens;2024;Força corporal;41;0.75;0.73
RS;Rio Grande do Sul;Homens;2024;Demais meios especificados;37;0.68;0.66
RS;Rio Grande do Sul;Homens;2024;Meios não especificados;28;0.51;0.5
RS;Rio Grande do Sul;Homens;2025;Arma de fogo;745;13.66;14.24
RS;Rio Grande do Sul;Homens;2025;Arma branca ou objeto contundente;232;4.26;4.19
RS;Rio Grande do Sul;Homens;2025;Estrangulamento;26;0.48;0.48
RS;Rio Grande do Sul;Homens;2025;Força corporal;26;0.48;0.47
RS;Rio Grande do Sul;Homens;2025;Demais meios especificados;24;0.44;0.42
RS;Rio Grande do Sul;Homens;2025;Meios não especificados;24;0.44;0.43
RS;Rio Grande do Sul;Mulheres;2000;Arma de fogo;91;1.73;1.74
RS;Rio Grande do Sul;Mulheres;2000;Arma branca ou objeto contundente;50;0.95;0.98
RS;Rio Grande do Sul;Mulheres;2000;Estrangulamento;12;0.23;0.24
RS;Rio Grande do Sul;Mulheres;2000;Força corporal;4;0.08;0.08
RS;Rio Grande do Sul;Mulheres;2000;Demais meios especificados;6;0.11;0.11
RS;Rio Grande do Sul;Mulheres;2000;Meios não especificados;11;0.21;0.22
RS;Rio Grande do Sul;Mulheres;2001;Arma de fogo;102;1.92;1.91
RS;Rio Grande do Sul;Mulheres;2001;Arma branca ou objeto contundente;46;0.87;0.89
RS;Rio Grande do Sul;Mulheres;2001;Estrangulamento;15;0.28;0.3
RS;Rio Grande do Sul;Mulheres;2001;Força corporal;1;0.02;0.02
RS;Rio Grande do Sul;Mulheres;2001;Demais meios especificados;4;0.08;0.07
RS;Rio Grande do Sul;Mulheres;2001;Meios não especificados;12;0.23;0.23
RS;Rio Grande do Sul;Mulheres;2002;Arma de fogo;107;2;1.97
RS;Rio Grande do Sul;Mulheres;2002;Arma branca ou objeto contundente;52;0.97;1.03
RS;Rio Grande do Sul;Mulheres;2002;Estrangulamento;18;0.34;0.35
RS;Rio Grande do Sul;Mulheres;2002;Força corporal;1;0.02;0.02
RS;Rio Grande do Sul;Mulheres;2002;Demais meios especificados;11;0.21;0.19
RS;Rio Grande do Sul;Mulheres;2002;Meios não especificados;9;0.17;0.19
RS;Rio Grande do Sul;Mulheres;2003;Arma de fogo;95;1.77;1.71
RS;Rio Grande do Sul;Mulheres;2003;Arma branca ou objeto contundente;45;0.84;0.88
RS;Rio Grande do Sul;Mulheres;2003;Estrangulamento;13;0.24;0.23
RS;Rio Grande do Sul;Mulheres;2003;Força corporal;5;0.09;0.1
RS;Rio Grande do Sul;Mulheres;2003;Demais meios especificados;4;0.07;0.07
RS;Rio Grande do Sul;Mulheres;2003;Meios não especificados;15;0.28;0.28
RS;Rio Grande do Sul;Mulheres;2004;Arma de fogo;106;1.96;1.91
RS;Rio Grande do Sul;Mulheres;2004;Arma branca ou objeto contundente;61;1.13;1.13
RS;Rio Grande do Sul;Mulheres;2004;Estrangulamento;11;0.2;0.2
RS;Rio Grande do Sul;Mulheres;2004;Força corporal;1;0.02;0.02
RS;Rio Grande do Sul;Mulheres;2004;Demais meios especificados;10;0.18;0.18
RS;Rio Grande do Sul;Mulheres;2004;Meios não especificados;6;0.11;0.11
RS;Rio Grande do Sul;Mulheres;2005;Arma de fogo;114;2.09;2.08
RS;Rio Grande do Sul;Mulheres;2005;Arma branca ou objeto contundente;68;1.25;1.24
RS;Rio Grande do Sul;Mulheres;2005;Estrangulamento;16;0.29;0.29
RS;Rio Grande do Sul;Mulheres;2005;Demais meios especificados;5;0.09;0.09
RS;Rio Grande do Sul;Mulheres;2005;Meios não especificados;6;0.11;0.11
RS;Rio Grande do Sul;Mulheres;2006;Arma de fogo;83;1.51;1.49
RS;Rio Grande do Sul;Mulheres;2006;Arma branca ou objeto contundente;48;0.88;0.87
RS;Rio Grande do Sul;Mulheres;2006;Estrangulamento;16;0.29;0.3
RS;Rio Grande do Sul;Mulheres;2006;Força corporal;1;0.02;0.02
RS;Rio Grande do Sul;Mulheres;2006;Demais meios especificados;6;0.11;0.12
RS;Rio Grande do Sul;Mulheres;2006;Meios não especificados;8;0.15;0.13
RS;Rio Grande do Sul;Mulheres;2007;Arma de fogo;100;1.81;1.79
RS;Rio Grande do Sul;Mulheres;2007;Arma branca ou objeto contundente;62;1.12;1.13
RS;Rio Grande do Sul;Mulheres;2007;Estrangulamento;14;0.25;0.26
RS;Rio Grande do Sul;Mulheres;2007;Demais meios especificados;8;0.15;0.15
RS;Rio Grande do Sul;Mulheres;2007;Meios não especificados;9;0.16;0.17
RS;Rio Grande do Sul;Mulheres;2008;Arma de fogo;118;2.13;2.11
RS;Rio Grande do Sul;Mulheres;2008;Arma branca ou objeto contundente;59;1.06;1.08
RS;Rio Grande do Sul;Mulheres;2008;Estrangulamento;19;0.34;0.34
RS;Rio Grande do Sul;Mulheres;2008;Força corporal;4;0.07;0.07
RS;Rio Grande do Sul;Mulheres;2008;Demais meios especificados;8;0.14;0.13
RS;Rio Grande do Sul;Mulheres;2008;Meios não especificados;11;0.2;0.19
RS;Rio Grande do Sul;Mulheres;2009;Arma de fogo;126;2.26;2.22
RS;Rio Grande do Sul;Mulheres;2009;Arma branca ou objeto contundente;67;1.2;1.21
RS;Rio Grande do Sul;Mulheres;2009;Estrangulamento;12;0.22;0.21
RS;Rio Grande do Sul;Mulheres;2009;Força corporal;2;0.04;0.04
RS;Rio Grande do Sul;Mulheres;2009;Demais meios especificados;5;0.09;0.09
RS;Rio Grande do Sul;Mulheres;2009;Meios não especificados;13;0.23;0.23
RS;Rio Grande do Sul;Mulheres;2010;Arma de fogo;119;2.13;2.09
RS;Rio Grande do Sul;Mulheres;2010;Arma branca ou objeto contundente;66;1.18;1.18
RS;Rio Grande do Sul;Mulheres;2010;Estrangulamento;22;0.39;0.4
RS;Rio Grande do Sul;Mulheres;2010;Força corporal;3;0.05;0.06
RS;Rio Grande do Sul;Mulheres;2010;Demais meios especificados;9;0.16;0.16
RS;Rio Grande do Sul;Mulheres;2010;Meios não especificados;8;0.14;0.14
RS;Rio Grande do Sul;Mulheres;2011;Arma de fogo;114;2.03;2.03
RS;Rio Grande do Sul;Mulheres;2011;Arma branca ou objeto contundente;56;1;0.99
RS;Rio Grande do Sul;Mulheres;2011;Estrangulamento;15;0.27;0.23
RS;Rio Grande do Sul;Mulheres;2011;Força corporal;4;0.07;0.07
RS;Rio Grande do Sul;Mulheres;2011;Demais meios especificados;6;0.11;0.1
RS;Rio Grande do Sul;Mulheres;2011;Meios não especificados;7;0.12;0.12
RS;Rio Grande do Sul;Mulheres;2012;Arma de fogo;135;2.4;2.4
RS;Rio Grande do Sul;Mulheres;2012;Arma branca ou objeto contundente;74;1.32;1.32
RS;Rio Grande do Sul;Mulheres;2012;Estrangulamento;15;0.27;0.27
RS;Rio Grande do Sul;Mulheres;2012;Demais meios especificados;12;0.21;0.22
RS;Rio Grande do Sul;Mulheres;2012;Meios não especificados;11;0.2;0.18
RS;Rio Grande do Sul;Mulheres;2013;Arma de fogo;112;1.98;2.02
RS;Rio Grande do Sul;Mulheres;2013;Arma branca ou objeto contundente;61;1.08;1.06
RS;Rio Grande do Sul;Mulheres;2013;Estrangulamento;20;0.35;0.34
RS;Rio Grande do Sul;Mulheres;2013;Força corporal;2;0.04;0.03
RS;Rio Grande do Sul;Mulheres;2013;Demais meios especificados;7;0.12;0.11
RS;Rio Grande do Sul;Mulheres;2013;Meios não especificados;8;0.14;0.13
RS;Rio Grande do Sul;Mulheres;2014;Arma de fogo;129;2.28;2.31
RS;Rio Grande do Sul;Mulheres;2014;Arma branca ou objeto contundente;76;1.34;1.32
RS;Rio Grande do Sul;Mulheres;2014;Estrangulamento;23;0.41;0.4
RS;Rio Grande do Sul;Mulheres;2014;Força corporal;1;0.02;0.02
RS;Rio Grande do Sul;Mulheres;2014;Demais meios especificados;8;0.14;0.13
RS;Rio Grande do Sul;Mulheres;2014;Meios não especificados;13;0.23;0.21
RS;Rio Grande do Sul;Mulheres;2015;Arma de fogo;158;2.78;2.83
RS;Rio Grande do Sul;Mulheres;2015;Arma branca ou objeto contundente;81;1.42;1.41
RS;Rio Grande do Sul;Mulheres;2015;Estrangulamento;20;0.35;0.36
RS;Rio Grande do Sul;Mulheres;2015;Força corporal;3;0.05;0.05
RS;Rio Grande do Sul;Mulheres;2015;Demais meios especificados;12;0.21;0.2
RS;Rio Grande do Sul;Mulheres;2015;Meios não especificados;9;0.16;0.14
RS;Rio Grande do Sul;Mulheres;2016;Arma de fogo;190;3.33;3.38
RS;Rio Grande do Sul;Mulheres;2016;Arma branca ou objeto contundente;76;1.33;1.31
RS;Rio Grande do Sul;Mulheres;2016;Estrangulamento;18;0.32;0.31
RS;Rio Grande do Sul;Mulheres;2016;Força corporal;2;0.04;0.03
RS;Rio Grande do Sul;Mulheres;2016;Demais meios especificados;11;0.19;0.18
RS;Rio Grande do Sul;Mulheres;2016;Meios não especificados;11;0.19;0.19
RS;Rio Grande do Sul;Mulheres;2017;Arma de fogo;188;3.28;3.4
RS;Rio Grande do Sul;Mulheres;2017;Arma branca ou objeto contundente;72;1.26;1.27
RS;Rio Grande do Sul;Mulheres;2017;Estrangulamento;15;0.26;0.27
RS;Rio Grande do Sul;Mulheres;2017;Força corporal;2;0.03;0.04
RS;Rio Grande do Sul;Mulheres;2017;Demais meios especificados;15;0.26;0.24
RS;Rio Grande do Sul;Mulheres;2017;Meios não especificados;10;0.17;0.17
RS;Rio Grande do Sul;Mulheres;2018;Arma de fogo;147;2.56;2.64
RS;Rio Grande do Sul;Mulheres;2018;Arma branca ou objeto contundente;70;1.22;1.21
RS;Rio Grande do Sul;Mulheres;2018;Estrangulamento;19;0.33;0.33
RS;Rio Grande do Sul;Mulheres;2018;Força corporal;5;0.09;0.09
RS;Rio Grande do Sul;Mulheres;2018;Demais meios especificados;10;0.17;0.18
RS;Rio Grande do Sul;Mulheres;2018;Meios não especificados;5;0.09;0.05
RS;Rio Grande do Sul;Mulheres;2019;Arma de fogo;132;2.29;2.4
RS;Rio Grande do Sul;Mulheres;2019;Arma branca ou objeto contundente;66;1.15;1.12
RS;Rio Grande do Sul;Mulheres;2019;Estrangulamento;20;0.35;0.34
RS;Rio Grande do Sul;Mulheres;2019;Força corporal;4;0.07;0.06
RS;Rio Grande do Sul;Mulheres;2019;Demais meios especificados;10;0.17;0.15
RS;Rio Grande do Sul;Mulheres;2019;Meios não especificados;4;0.07;0.07
RS;Rio Grande do Sul;Mulheres;2020;Arma de fogo;122;2.11;2.18
RS;Rio Grande do Sul;Mulheres;2020;Arma branca ou objeto contundente;47;0.81;0.84
RS;Rio Grande do Sul;Mulheres;2020;Estrangulamento;22;0.38;0.39
RS;Rio Grande do Sul;Mulheres;2020;Força corporal;3;0.05;0.05
RS;Rio Grande do Sul;Mulheres;2020;Demais meios especificados;13;0.23;0.22
RS;Rio Grande do Sul;Mulheres;2020;Meios não especificados;7;0.12;0.12
RS;Rio Grande do Sul;Mulheres;2021;Arma de fogo;118;2.04;2.12
RS;Rio Grande do Sul;Mulheres;2021;Arma branca ou objeto contundente;55;0.95;0.91
RS;Rio Grande do Sul;Mulheres;2021;Estrangulamento;25;0.43;0.44
RS;Rio Grande do Sul;Mulheres;2021;Força corporal;12;0.21;0.19
RS;Rio Grande do Sul;Mulheres;2021;Demais meios especificados;17;0.29;0.31
RS;Rio Grande do Sul;Mulheres;2021;Meios não especificados;3;0.05;0.06
RS;Rio Grande do Sul;Mulheres;2022;Arma de fogo;150;2.6;2.78
RS;Rio Grande do Sul;Mulheres;2022;Arma branca ou objeto contundente;60;1.04;1.09
RS;Rio Grande do Sul;Mulheres;2022;Estrangulamento;16;0.28;0.29
RS;Rio Grande do Sul;Mulheres;2022;Força corporal;4;0.07;0.07
RS;Rio Grande do Sul;Mulheres;2022;Demais meios especificados;11;0.19;0.18
RS;Rio Grande do Sul;Mulheres;2022;Meios não especificados;9;0.16;0.15
RS;Rio Grande do Sul;Mulheres;2023;Arma de fogo;108;1.87;1.97
RS;Rio Grande do Sul;Mulheres;2023;Arma branca ou objeto contundente;72;1.25;1.27
RS;Rio Grande do Sul;Mulheres;2023;Estrangulamento;15;0.26;0.26
RS;Rio Grande do Sul;Mulheres;2023;Força corporal;8;0.14;0.13
RS;Rio Grande do Sul;Mulheres;2023;Demais meios especificados;10;0.17;0.19
RS;Rio Grande do Sul;Mulheres;2023;Meios não especificados;11;0.19;0.18
RS;Rio Grande do Sul;Mulheres;2024;Arma de fogo;110;1.9;2.06
RS;Rio Grande do Sul;Mulheres;2024;Arma branca ou objeto contundente;51;0.88;0.91
RS;Rio Grande do Sul;Mulheres;2024;Estrangulamento;14;0.24;0.26
RS;Rio Grande do Sul;Mulheres;2024;Força corporal;5;0.09;0.07
RS;Rio Grande do Sul;Mulheres;2024;Demais meios especificados;15;0.26;0.26
RS;Rio Grande do Sul;Mulheres;2024;Meios não especificados;6;0.1;0.12
RS;Rio Grande do Sul;Mulheres;2025;Arma de fogo;69;1.19;1.32
RS;Rio Grande do Sul;Mulheres;2025;Arma branca ou objeto contundente;56;0.97;0.98
RS;Rio Grande do Sul;Mulheres;2025;Estrangulamento;11;0.19;0.18
RS;Rio Grande do Sul;Mulheres;2025;Força corporal;7;0.12;0.11
RS;Rio Grande do Sul;Mulheres;2025;Demais meios especificados;9;0.16;0.13
RS;Rio Grande do Sul;Mulheres;2025;Meios não especificados;2;0.03;0.03
SC;Santa Catarina;Ambos;2000;Arma de fogo;222;4.02;3.98
SC;Santa Catarina;Ambos;2000;Arma branca ou objeto contundente;129;2.34;2.54
SC;Santa Catarina;Ambos;2000;Estrangulamento;15;0.27;0.3
SC;Santa Catarina;Ambos;2000;Força corporal;8;0.14;0.17
SC;Santa Catarina;Ambos;2000;Demais meios especificados;14;0.25;0.28
SC;Santa Catarina;Ambos;2000;Meios não especificados;36;0.65;0.69
SC;Santa Catarina;Ambos;2001;Arma de fogo;269;4.8;4.67
SC;Santa Catarina;Ambos;2001;Arma branca ou objeto contundente;151;2.69;2.87
SC;Santa Catarina;Ambos;2001;Estrangulamento;6;0.11;0.11
SC;Santa Catarina;Ambos;2001;Força corporal;10;0.18;0.18
SC;Santa Catarina;Ambos;2001;Demais meios especificados;12;0.21;0.23
SC;Santa Catarina;Ambos;2001;Meios não especificados;20;0.36;0.4
SC;Santa Catarina;Ambos;2002;Arma de fogo;317;5.57;5.57
SC;Santa Catarina;Ambos;2002;Arma branca ou objeto contundente;188;3.3;3.49
SC;Santa Catarina;Ambos;2002;Estrangulamento;21;0.37;0.35
SC;Santa Catarina;Ambos;2002;Força corporal;9;0.16;0.18
SC;Santa Catarina;Ambos;2002;Demais meios especificados;13;0.23;0.19
SC;Santa Catarina;Ambos;2002;Meios não especificados;25;0.44;0.53
SC;Santa Catarina;Ambos;2003;Arma de fogo;414;7.17;6.94
SC;Santa Catarina;Ambos;2003;Arma branca ou objeto contundente;185;3.21;3.32
SC;Santa Catarina;Ambos;2003;Estrangulamento;18;0.31;0.31
SC;Santa Catarina;Ambos;2003;Força corporal;16;0.28;0.3
SC;Santa Catarina;Ambos;2003;Demais meios especificados;14;0.24;0.22
SC;Santa Catarina;Ambos;2003;Meios não especificados;14;0.24;0.26
SC;Santa Catarina;Ambos;2004;Arma de fogo;377;6.44;6.27
SC;Santa Catarina;Ambos;2004;Arma branca ou objeto contundente;171;2.92;3.17
SC;Santa Catarina;Ambos;2004;Estrangulamento;33;0.56;0.6
SC;Santa Catarina;Ambos;2004;Força corporal;9;0.15;0.18
SC;Santa Catarina;Ambos;2004;Demais meios especificados;16;0.27;0.27
SC;Santa Catarina;Ambos;2004;Meios não especificados;23;0.39;0.45
SC;Santa Catarina;Ambos;2005;Arma de fogo;392;6.61;6.12
SC;Santa Catarina;Ambos;2005;Arma branca ou objeto contundente;171;2.88;3
SC;Santa Catarina;Ambos;2005;Estrangulamento;16;0.27;0.28
SC;Santa Catarina;Ambos;2005;Força corporal;11;0.19;0.18
SC;Santa Catarina;Ambos;2005;Demais meios especificados;3;0.05;0.06
SC;Santa Catarina;Ambos;2005;Meios não especificados;37;0.62;0.65
SC;Santa Catarina;Ambos;2006;Arma de fogo;386;6.41;5.99
SC;Santa Catarina;Ambos;2006;Arma branca ou objeto contundente;193;3.21;3.29
SC;Santa Catarina;Ambos;2006;Estrangulamento;27;0.45;0.48
SC;Santa Catarina;Ambos;2006;Força corporal;13;0.22;0.24
SC;Santa Catarina;Ambos;2006;Demais meios especificados;14;0.23;0.24
SC;Santa Catarina;Ambos;2006;Meios não especificados;31;0.52;0.53
SC;Santa Catarina;Ambos;2007;Arma de fogo;377;6.18;5.69
SC;Santa Catarina;Ambos;2007;Arma branca ou objeto contundente;190;3.11;3.14
SC;Santa Catarina;Ambos;2007;Estrangulamento;13;0.21;0.22
SC;Santa Catarina;Ambos;2007;Força corporal;8;0.13;0.13
SC;Santa Catarina;Ambos;2007;Demais meios especificados;10;0.16;0.18
SC;Santa Catarina;Ambos;2007;Meios não especificados;33;0.54;0.55
SC;Santa Catarina;Ambos;2008;Arma de fogo;505;8.16;7.48
SC;Santa Catarina;Ambos;2008;Arma branca ou objeto contundente;210;3.39;3.38
SC;Santa Catarina;Ambos;2008;Estrangulamento;20;0.32;0.34
SC;Santa Catarina;Ambos;2008;Força corporal;20;0.32;0.34
SC;Santa Catarina;Ambos;2008;Demais meios especificados;14;0.23;0.23
SC;Santa Catarina;Ambos;2008;Meios não especificados;26;0.42;0.44
SC;Santa Catarina;Ambos;2009;Arma de fogo;511;8.14;7.45
SC;Santa Catarina;Ambos;2009;Arma branca ou objeto contundente;227;3.62;3.55
SC;Santa Catarina;Ambos;2009;Estrangulamento;27;0.43;0.43
SC;Santa Catarina;Ambos;2009;Força corporal;13;0.21;0.2
SC;Santa Catarina;Ambos;2009;Demais meios especificados;12;0.19;0.2
SC;Santa Catarina;Ambos;2009;Meios não especificados;25;0.4;0.38
SC;Santa Catarina;Ambos;2010;Arma de fogo;483;7.59;7.08
SC;Santa Catarina;Ambos;2010;Arma branca ou objeto contundente;253;3.97;3.9
SC;Santa Catarina;Ambos;2010;Estrangulamento;24;0.38;0.37
SC;Santa Catarina;Ambos;2010;Força corporal;15;0.24;0.26
SC;Santa Catarina;Ambos;2010;Demais meios especificados;14;0.22;0.24
SC;Santa Catarina;Ambos;2010;Meios não especificados;32;0.5;0.52
SC;Santa Catarina;Ambos;2011;Arma de fogo;483;7.48;6.94
SC;Santa Catarina;Ambos;2011;Arma branca ou objeto contundente;261;4.04;3.94
SC;Santa Catarina;Ambos;2011;Estrangulamento;24;0.37;0.35
SC;Santa Catarina;Ambos;2011;Força corporal;8;0.12;0.12
SC;Santa Catarina;Ambos;2011;Demais meios especificados;9;0.14;0.15
SC;Santa Catarina;Ambos;2011;Meios não especificados;18;0.28;0.29
SC;Santa Catarina;Ambos;2012;Arma de fogo;491;7.49;6.92
SC;Santa Catarina;Ambos;2012;Arma branca ou objeto contundente;240;3.66;3.59
SC;Santa Catarina;Ambos;2012;Estrangulamento;26;0.4;0.39
SC;Santa Catarina;Ambos;2012;Força corporal;12;0.18;0.17
SC;Santa Catarina;Ambos;2012;Demais meios especificados;22;0.34;0.32
SC;Santa Catarina;Ambos;2012;Meios não especificados;20;0.31;0.32
SC;Santa Catarina;Ambos;2013;Arma de fogo;442;6.64;6.16
SC;Santa Catarina;Ambos;2013;Arma branca ou objeto contundente;238;3.57;3.46
SC;Santa Catarina;Ambos;2013;Estrangulamento;33;0.5;0.51
SC;Santa Catarina;Ambos;2013;Força corporal;24;0.36;0.37
SC;Santa Catarina;Ambos;2013;Demais meios especificados;21;0.32;0.31
SC;Santa Catarina;Ambos;2013;Meios não especificados;17;0.26;0.25
SC;Santa Catarina;Ambos;2014;Arma de fogo;499;7.37;6.92
SC;Santa Catarina;Ambos;2014;Arma branca ou objeto contundente;291;4.3;4.15
SC;Santa Catarina;Ambos;2014;Estrangulamento;23;0.34;0.35
SC;Santa Catarina;Ambos;2014;Força corporal;18;0.27;0.27
SC;Santa Catarina;Ambos;2014;Demais meios especificados;16;0.24;0.24
SC;Santa Catarina;Ambos;2014;Meios não especificados;16;0.24;0.24
SC;Santa Catarina;Ambos;2015;Arma de fogo;570;8.27;7.76
SC;Santa Catarina;Ambos;2015;Arma branca ou objeto contundente;279;4.05;3.98
SC;Santa Catarina;Ambos;2015;Estrangulamento;29;0.42;0.41
SC;Santa Catarina;Ambos;2015;Força corporal;20;0.29;0.28
SC;Santa Catarina;Ambos;2015;Demais meios especificados;22;0.32;0.32
SC;Santa Catarina;Ambos;2015;Meios não especificados;12;0.17;0.17
SC;Santa Catarina;Ambos;2016;Arma de fogo;611;8.71;8.25
SC;Santa Catarina;Ambos;2016;Arma branca ou objeto contundente;265;3.78;3.64
SC;Santa Catarina;Ambos;2016;Estrangulamento;26;0.37;0.36
SC;Santa Catarina;Ambos;2016;Força corporal;20;0.29;0.29
SC;Santa Catarina;Ambos;2016;Demais meios especificados;19;0.27;0.26
SC;Santa Catarina;Ambos;2016;Meios não especificados;23;0.33;0.32
SC;Santa Catarina;Ambos;2017;Arma de fogo;653;9.15;8.64
SC;Santa Catarina;Ambos;2017;Arma branca ou objeto contundente;277;3.88;3.76
SC;Santa Catarina;Ambos;2017;Estrangulamento;47;0.66;0.62
SC;Santa Catarina;Ambos;2017;Força corporal;23;0.32;0.32
SC;Santa Catarina;Ambos;2017;Demais meios especificados;25;0.35;0.34
SC;Santa Catarina;Ambos;2017;Meios não especificados;15;0.21;0.21
SC;Santa Catarina;Ambos;2018;Arma de fogo;444;6.11;5.86
SC;Santa Catarina;Ambos;2018;Arma branca ou objeto contundente;262;3.61;3.52
SC;Santa Catarina;Ambos;2018;Estrangulamento;39;0.54;0.53
SC;Santa Catarina;Ambos;2018;Força corporal;22;0.3;0.29
SC;Santa Catarina;Ambos;2018;Demais meios especificados;20;0.28;0.27
SC;Santa Catarina;Ambos;2018;Meios não especificados;15;0.21;0.2
SC;Santa Catarina;Ambos;2019;Arma de fogo;381;5.15;5.03
SC;Santa Catarina;Ambos;2019;Arma branca ou objeto contundente;261;3.53;3.44
SC;Santa Catarina;Ambos;2019;Estrangulamento;37;0.5;0.49
SC;Santa Catarina;Ambos;2019;Força corporal;21;0.28;0.28
SC;Santa Catarina;Ambos;2019;Demais meios especificados;18;0.24;0.24
SC;Santa Catarina;Ambos;2019;Meios não especificados;14;0.19;0.19
SC;Santa Catarina;Ambos;2020;Arma de fogo;372;4.93;4.83
SC;Santa Catarina;Ambos;2020;Arma branca ou objeto contundente;250;3.31;3.19
SC;Santa Catarina;Ambos;2020;Estrangulamento;26;0.34;0.33
SC;Santa Catarina;Ambos;2020;Força corporal;10;0.13;0.13
SC;Santa Catarina;Ambos;2020;Demais meios especificados;16;0.21;0.21
SC;Santa Catarina;Ambos;2020;Meios não especificados;19;0.25;0.25
SC;Santa Catarina;Ambos;2021;Arma de fogo;375;4.89;4.81
SC;Santa Catarina;Ambos;2021;Arma branca ou objeto contundente;214;2.79;2.69
SC;Santa Catarina;Ambos;2021;Estrangulamento;32;0.42;0.41
SC;Santa Catarina;Ambos;2021;Força corporal;21;0.27;0.26
SC;Santa Catarina;Ambos;2021;Demais meios especificados;21;0.27;0.27
SC;Santa Catarina;Ambos;2021;Meios não especificados;20;0.26;0.25
SC;Santa Catarina;Ambos;2022;Arma de fogo;321;4.12;4.05
SC;Santa Catarina;Ambos;2022;Arma branca ou objeto contundente;230;2.95;2.85
SC;Santa Catarina;Ambos;2022;Estrangulamento;23;0.29;0.29
SC;Santa Catarina;Ambos;2022;Força corporal;21;0.27;0.24
SC;Santa Catarina;Ambos;2022;Demais meios especificados;26;0.33;0.33
SC;Santa Catarina;Ambos;2022;Meios não especificados;24;0.31;0.29
SC;Santa Catarina;Ambos;2023;Arma de fogo;291;3.67;3.65
SC;Santa Catarina;Ambos;2023;Arma branca ou objeto contundente;241;3.04;2.95
SC;Santa Catarina;Ambos;2023;Estrangulamento;30;0.38;0.36
SC;Santa Catarina;Ambos;2023;Força corporal;21;0.26;0.26
SC;Santa Catarina;Ambos;2023;Demais meios especificados;13;0.16;0.16
SC;Santa Catarina;Ambos;2023;Meios não especificados;24;0.3;0.27
SC;Santa Catarina;Ambos;2024;Arma de fogo;298;3.7;3.69
SC;Santa Catarina;Ambos;2024;Arma branca ou objeto contundente;225;2.79;2.7
SC;Santa Catarina;Ambos;2024;Estrangulamento;16;0.2;0.19
SC;Santa Catarina;Ambos;2024;Força corporal;25;0.31;0.3
SC;Santa Catarina;Ambos;2024;Demais meios especificados;22;0.27;0.27
SC;Santa Catarina;Ambos;2024;Meios não especificados;23;0.29;0.28
SC;Santa Catarina;Ambos;2025;Arma de fogo;244;2.98;2.98
SC;Santa Catarina;Ambos;2025;Arma branca ou objeto contundente;206;2.52;2.48
SC;Santa Catarina;Ambos;2025;Estrangulamento;18;0.22;0.22
SC;Santa Catarina;Ambos;2025;Força corporal;31;0.38;0.36
SC;Santa Catarina;Ambos;2025;Demais meios especificados;19;0.23;0.22
SC;Santa Catarina;Ambos;2025;Meios não especificados;17;0.21;0.2
SC;Santa Catarina;Homens;2000;Arma de fogo;196;7.14;7.14
SC;Santa Catarina;Homens;2000;Arma branca ou objeto contundente;117;4.26;4.69
SC;Santa Catarina;Homens;2000;Estrangulamento;7;0.25;0.31
SC;Santa Catarina;Homens;2000;Força corporal;8;0.29;0.35
SC;Santa Catarina;Homens;2000;Demais meios especificados;12;0.44;0.45
SC;Santa Catarina;Homens;2000;Meios não especificados;31;1.13;1.23
SC;Santa Catarina;Homens;2001;Arma de fogo;244;8.76;8.54
SC;Santa Catarina;Homens;2001;Arma branca ou objeto contundente;126;4.52;4.81
SC;Santa Catarina;Homens;2001;Estrangulamento;3;0.11;0.14
SC;Santa Catarina;Homens;2001;Força corporal;7;0.25;0.25
SC;Santa Catarina;Homens;2001;Demais meios especificados;9;0.32;0.38
SC;Santa Catarina;Homens;2001;Meios não especificados;19;0.68;0.8
SC;Santa Catarina;Homens;2002;Arma de fogo;281;9.94;9.97
SC;Santa Catarina;Homens;2002;Arma branca ou objeto contundente;166;5.87;6.3
SC;Santa Catarina;Homens;2002;Estrangulamento;15;0.53;0.54
SC;Santa Catarina;Homens;2002;Força corporal;7;0.25;0.27
SC;Santa Catarina;Homens;2002;Demais meios especificados;5;0.18;0.14
SC;Santa Catarina;Homens;2002;Meios não especificados;24;0.85;1.08
SC;Santa Catarina;Homens;2003;Arma de fogo;384;13.4;12.92
SC;Santa Catarina;Homens;2003;Arma branca ou objeto contundente;167;5.83;6.1
SC;Santa Catarina;Homens;2003;Estrangulamento;9;0.31;0.33
SC;Santa Catarina;Homens;2003;Força corporal;13;0.45;0.51
SC;Santa Catarina;Homens;2003;Demais meios especificados;7;0.24;0.24
SC;Santa Catarina;Homens;2003;Meios não especificados;12;0.42;0.44
SC;Santa Catarina;Homens;2004;Arma de fogo;345;11.88;11.59
SC;Santa Catarina;Homens;2004;Arma branca ou objeto contundente;143;4.92;5.36
SC;Santa Catarina;Homens;2004;Estrangulamento;23;0.79;0.82
SC;Santa Catarina;Homens;2004;Força corporal;9;0.31;0.38
SC;Santa Catarina;Homens;2004;Demais meios especificados;11;0.38;0.39
SC;Santa Catarina;Homens;2004;Meios não especificados;19;0.65;0.72
SC;Santa Catarina;Homens;2005;Arma de fogo;359;12.19;11.23
SC;Santa Catarina;Homens;2005;Arma branca ou objeto contundente;146;4.96;5.14
SC;Santa Catarina;Homens;2005;Estrangulamento;11;0.37;0.43
SC;Santa Catarina;Homens;2005;Força corporal;11;0.37;0.36
SC;Santa Catarina;Homens;2005;Demais meios especificados;3;0.1;0.12
SC;Santa Catarina;Homens;2005;Meios não especificados;31;1.05;1.14
SC;Santa Catarina;Homens;2006;Arma de fogo;352;11.79;10.82
SC;Santa Catarina;Homens;2006;Arma branca ou objeto contundente;157;5.26;5.48
SC;Santa Catarina;Homens;2006;Estrangulamento;16;0.54;0.65
SC;Santa Catarina;Homens;2006;Força corporal;11;0.37;0.39
SC;Santa Catarina;Homens;2006;Demais meios especificados;10;0.33;0.37
SC;Santa Catarina;Homens;2006;Meios não especificados;27;0.9;0.98
SC;Santa Catarina;Homens;2007;Arma de fogo;356;11.76;10.75
SC;Santa Catarina;Homens;2007;Arma branca ou objeto contundente;158;5.22;5.31
SC;Santa Catarina;Homens;2007;Estrangulamento;9;0.3;0.3
SC;Santa Catarina;Homens;2007;Força corporal;5;0.17;0.16
SC;Santa Catarina;Homens;2007;Demais meios especificados;6;0.2;0.26
SC;Santa Catarina;Homens;2007;Meios não especificados;25;0.83;0.89
SC;Santa Catarina;Homens;2008;Arma de fogo;461;15.02;13.72
SC;Santa Catarina;Homens;2008;Arma branca ou objeto contundente;180;5.86;5.87
SC;Santa Catarina;Homens;2008;Estrangulamento;13;0.42;0.44
SC;Santa Catarina;Homens;2008;Força corporal;19;0.62;0.66
SC;Santa Catarina;Homens;2008;Demais meios especificados;10;0.33;0.34
SC;Santa Catarina;Homens;2008;Meios não especificados;25;0.81;0.88
SC;Santa Catarina;Homens;2009;Arma de fogo;471;15.13;13.75
SC;Santa Catarina;Homens;2009;Arma branca ou objeto contundente;196;6.3;6.17
SC;Santa Catarina;Homens;2009;Estrangulamento;16;0.51;0.52
SC;Santa Catarina;Homens;2009;Força corporal;10;0.32;0.32
SC;Santa Catarina;Homens;2009;Demais meios especificados;8;0.26;0.26
SC;Santa Catarina;Homens;2009;Meios não especificados;20;0.64;0.61
SC;Santa Catarina;Homens;2010;Arma de fogo;441;13.98;12.91
SC;Santa Catarina;Homens;2010;Arma branca ou objeto contundente;206;6.53;6.43
SC;Santa Catarina;Homens;2010;Estrangulamento;16;0.51;0.52
SC;Santa Catarina;Homens;2010;Força corporal;15;0.48;0.54
SC;Santa Catarina;Homens;2010;Demais meios especificados;11;0.35;0.39
SC;Santa Catarina;Homens;2010;Meios não especificados;21;0.67;0.7
SC;Santa Catarina;Homens;2011;Arma de fogo;450;14.07;12.98
SC;Santa Catarina;Homens;2011;Arma branca ou objeto contundente;230;7.19;6.96
SC;Santa Catarina;Homens;2011;Estrangulamento;17;0.53;0.5
SC;Santa Catarina;Homens;2011;Força corporal;7;0.22;0.21
SC;Santa Catarina;Homens;2011;Demais meios especificados;8;0.25;0.27
SC;Santa Catarina;Homens;2011;Meios não especificados;17;0.53;0.55
SC;Santa Catarina;Homens;2012;Arma de fogo;454;13.98;12.81
SC;Santa Catarina;Homens;2012;Arma branca ou objeto contundente;196;6.04;5.91
SC;Santa Catarina;Homens;2012;Estrangulamento;14;0.43;0.45
SC;Santa Catarina;Homens;2012;Força corporal;12;0.37;0.35
SC;Santa Catarina;Homens;2012;Demais meios especificados;15;0.46;0.45
SC;Santa Catarina;Homens;2012;Meios não especificados;16;0.49;0.53
SC;Santa Catarina;Homens;2013;Arma de fogo;405;12.28;11.3
SC;Santa Catarina;Homens;2013;Arma branca ou objeto contundente;198;6;5.82
SC;Santa Catarina;Homens;2013;Estrangulamento;21;0.64;0.68
SC;Santa Catarina;Homens;2013;Força corporal;21;0.64;0.67
SC;Santa Catarina;Homens;2013;Demais meios especificados;13;0.39;0.39
SC;Santa Catarina;Homens;2013;Meios não especificados;14;0.42;0.42
SC;Santa Catarina;Homens;2014;Arma de fogo;460;13.71;12.79
SC;Santa Catarina;Homens;2014;Arma branca ou objeto contundente;242;7.21;6.92
SC;Santa Catarina;Homens;2014;Estrangulamento;15;0.45;0.48
SC;Santa Catarina;Homens;2014;Força corporal;13;0.39;0.4
SC;Santa Catarina;Homens;2014;Demais meios especificados;10;0.3;0.33
SC;Santa Catarina;Homens;2014;Meios não especificados;12;0.36;0.37
SC;Santa Catarina;Homens;2015;Arma de fogo;536;15.7;14.62
SC;Santa Catarina;Homens;2015;Arma branca ou objeto contundente;239;7;6.92
SC;Santa Catarina;Homens;2015;Estrangulamento;16;0.47;0.47
SC;Santa Catarina;Homens;2015;Força corporal;19;0.56;0.54
SC;Santa Catarina;Homens;2015;Demais meios especificados;15;0.44;0.44
SC;Santa Catarina;Homens;2015;Meios não especificados;10;0.29;0.27
SC;Santa Catarina;Homens;2016;Arma de fogo;561;16.15;15.14
SC;Santa Catarina;Homens;2016;Arma branca ou objeto contundente;232;6.68;6.41
SC;Santa Catarina;Homens;2016;Estrangulamento;12;0.35;0.34
SC;Santa Catarina;Homens;2016;Força corporal;18;0.52;0.53
SC;Santa Catarina;Homens;2016;Demais meios especificados;15;0.43;0.42
SC;Santa Catarina;Homens;2016;Meios não especificados;19;0.55;0.54
SC;Santa Catarina;Homens;2017;Arma de fogo;618;17.49;16.3
SC;Santa Catarina;Homens;2017;Arma branca ou objeto contundente;229;6.48;6.24
SC;Santa Catarina;Homens;2017;Estrangulamento;31;0.88;0.8
SC;Santa Catarina;Homens;2017;Força corporal;21;0.59;0.6
SC;Santa Catarina;Homens;2017;Demais meios especificados;18;0.51;0.51
SC;Santa Catarina;Homens;2017;Meios não especificados;14;0.4;0.4
SC;Santa Catarina;Homens;2018;Arma de fogo;411;11.42;10.83
SC;Santa Catarina;Homens;2018;Arma branca ou objeto contundente;222;6.17;6.06
SC;Santa Catarina;Homens;2018;Estrangulamento;27;0.75;0.76
SC;Santa Catarina;Homens;2018;Força corporal;21;0.58;0.57
SC;Santa Catarina;Homens;2018;Demais meios especificados;16;0.44;0.45
SC;Santa Catarina;Homens;2018;Meios não especificados;13;0.36;0.36
SC;Santa Catarina;Homens;2019;Arma de fogo;335;9.14;8.79
SC;Santa Catarina;Homens;2019;Arma branca ou objeto contundente;209;5.7;5.54
SC;Santa Catarina;Homens;2019;Estrangulamento;28;0.76;0.75
SC;Santa Catarina;Homens;2019;Força corporal;20;0.55;0.53
SC;Santa Catarina;Homens;2019;Demais meios especificados;12;0.33;0.34
SC;Santa Catarina;Homens;2019;Meios não especificados;14;0.38;0.37
SC;Santa Catarina;Homens;2020;Arma de fogo;341;9.13;8.85
SC;Santa Catarina;Homens;2020;Arma branca ou objeto contundente;212;5.68;5.45
SC;Santa Catarina;Homens;2020;Estrangulamento;19;0.51;0.49
SC;Santa Catarina;Homens;2020;Força corporal;10;0.27;0.26
SC;Santa Catarina;Homens;2020;Demais meios especificados;10;0.27;0.26
SC;Santa Catarina;Homens;2020;Meios não especificados;15;0.4;0.4
SC;Santa Catarina;Homens;2021;Arma de fogo;342;9.01;8.74
SC;Santa Catarina;Homens;2021;Arma branca ou objeto contundente;180;4.74;4.56
SC;Santa Catarina;Homens;2021;Estrangulamento;19;0.5;0.49
SC;Santa Catarina;Homens;2021;Força corporal;19;0.5;0.49
SC;Santa Catarina;Homens;2021;Demais meios especificados;13;0.34;0.33
SC;Santa Catarina;Homens;2021;Meios não especificados;18;0.47;0.47
SC;Santa Catarina;Homens;2022;Arma de fogo;295;7.65;7.41
SC;Santa Catarina;Homens;2022;Arma branca ou objeto contundente;190;4.93;4.73
SC;Santa Catarina;Homens;2022;Estrangulamento;10;0.26;0.25
SC;Santa Catarina;Homens;2022;Força corporal;21;0.54;0.5
SC;Santa Catarina;Homens;2022;Demais meios especificados;19;0.49;0.49
SC;Santa Catarina;Homens;2022;Meios não especificados;17;0.44;0.41
SC;Santa Catarina;Homens;2023;Arma de fogo;258;6.58;6.45
SC;Santa Catarina;Homens;2023;Arma branca ou objeto contundente;195;4.97;4.79
SC;Santa Catarina;Homens;2023;Estrangulamento;17;0.43;0.39
SC;Santa Catarina;Homens;2023;Força corporal;18;0.46;0.46
SC;Santa Catarina;Homens;2023;Demais meios especificados;7;0.18;0.17
SC;Santa Catarina;Homens;2023;Meios não especificados;19;0.48;0.45
SC;Santa Catarina;Homens;2024;Arma de fogo;276;6.92;6.8
SC;Santa Catarina;Homens;2024;Arma branca ou objeto contundente;178;4.46;4.3
SC;Santa Catarina;Homens;2024;Estrangulamento;9;0.23;0.22
SC;Santa Catarina;Homens;2024;Força corporal;24;0.6;0.59
SC;Santa Catarina;Homens;2024;Demais meios especificados;15;0.38;0.37
SC;Santa Catarina;Homens;2024;Meios não especificados;16;0.4;0.39
SC;Santa Catarina;Homens;2025;Arma de fogo;215;5.31;5.22
SC;Santa Catarina;Homens;2025;Arma branca ou objeto contundente;173;4.27;4.2
SC;Santa Catarina;Homens;2025;Estrangulamento;11;0.27;0.27
SC;Santa Catarina;Homens;2025;Força corporal;29;0.72;0.7
SC;Santa Catarina;Homens;2025;Demais meios especificados;11;0.27;0.26
SC;Santa Catarina;Homens;2025;Meios não especificados;15;0.37;0.36
SC;Santa Catarina;Mulheres;2000;Arma de fogo;26;0.94;0.85
SC;Santa Catarina;Mulheres;2000;Arma branca ou objeto contundente;12;0.43;0.45
SC;Santa Catarina;Mulheres;2000;Estrangulamento;8;0.29;0.3
SC;Santa Catarina;Mulheres;2000;Demais meios especificados;2;0.07;0.1
SC;Santa Catarina;Mulheres;2000;Meios não especificados;5;0.18;0.17
SC;Santa Catarina;Mulheres;2001;Arma de fogo;25;0.89;0.85
SC;Santa Catarina;Mulheres;2001;Arma branca ou objeto contundente;25;0.89;0.99
SC;Santa Catarina;Mulheres;2001;Estrangulamento;3;0.11;0.09
SC;Santa Catarina;Mulheres;2001;Força corporal;3;0.11;0.1
SC;Santa Catarina;Mulheres;2001;Demais meios especificados;3;0.11;0.09
SC;Santa Catarina;Mulheres;2001;Meios não especificados;1;0.04;0.03
SC;Santa Catarina;Mulheres;2002;Arma de fogo;36;1.26;1.24
SC;Santa Catarina;Mulheres;2002;Arma branca ou objeto contundente;22;0.77;0.77
SC;Santa Catarina;Mulheres;2002;Estrangulamento;6;0.21;0.18
SC;Santa Catarina;Mulheres;2002;Força corporal;2;0.07;0.08
SC;Santa Catarina;Mulheres;2002;Demais meios especificados;8;0.28;0.24
SC;Santa Catarina;Mulheres;2002;Meios não especificados;1;0.03;0.04
SC;Santa Catarina;Mulheres;2003;Arma de fogo;30;1.03;1.04
SC;Santa Catarina;Mulheres;2003;Arma branca ou objeto contundente;18;0.62;0.63
SC;Santa Catarina;Mulheres;2003;Estrangulamento;9;0.31;0.3
SC;Santa Catarina;Mulheres;2003;Força corporal;3;0.1;0.1
SC;Santa Catarina;Mulheres;2003;Demais meios especificados;7;0.24;0.2
SC;Santa Catarina;Mulheres;2003;Meios não especificados;2;0.07;0.08
SC;Santa Catarina;Mulheres;2004;Arma de fogo;32;1.09;1.07
SC;Santa Catarina;Mulheres;2004;Arma branca ou objeto contundente;28;0.95;1.08
SC;Santa Catarina;Mulheres;2004;Estrangulamento;10;0.34;0.38
SC;Santa Catarina;Mulheres;2004;Demais meios especificados;5;0.17;0.16
SC;Santa Catarina;Mulheres;2004;Meios não especificados;4;0.14;0.17
SC;Santa Catarina;Mulheres;2005;Arma de fogo;33;1.1;1.07
SC;Santa Catarina;Mulheres;2005;Arma branca ou objeto contundente;25;0.84;0.9
SC;Santa Catarina;Mulheres;2005;Estrangulamento;5;0.17;0.14
SC;Santa Catarina;Mulheres;2005;Meios não especificados;5;0.17;0.17
SC;Santa Catarina;Mulheres;2006;Arma de fogo;34;1.12;1.15
SC;Santa Catarina;Mulheres;2006;Arma branca ou objeto contundente;36;1.19;1.16
SC;Santa Catarina;Mulheres;2006;Estrangulamento;11;0.36;0.34
SC;Santa Catarina;Mulheres;2006;Força corporal;2;0.07;0.09
SC;Santa Catarina;Mulheres;2006;Demais meios especificados;4;0.13;0.12
SC;Santa Catarina;Mulheres;2006;Meios não especificados;4;0.13;0.14
SC;Santa Catarina;Mulheres;2007;Arma de fogo;21;0.68;0.65
SC;Santa Catarina;Mulheres;2007;Arma branca ou objeto contundente;31;1.01;0.99
SC;Santa Catarina;Mulheres;2007;Estrangulamento;4;0.13;0.14
SC;Santa Catarina;Mulheres;2007;Força corporal;3;0.1;0.09
SC;Santa Catarina;Mulheres;2007;Demais meios especificados;4;0.13;0.12
SC;Santa Catarina;Mulheres;2007;Meios não especificados;7;0.23;0.21
SC;Santa Catarina;Mulheres;2008;Arma de fogo;43;1.38;1.25
SC;Santa Catarina;Mulheres;2008;Arma branca ou objeto contundente;30;0.96;0.97
SC;Santa Catarina;Mulheres;2008;Estrangulamento;7;0.22;0.23
SC;Santa Catarina;Mulheres;2008;Força corporal;1;0.03;0.03
SC;Santa Catarina;Mulheres;2008;Demais meios especificados;4;0.13;0.12
SC;Santa Catarina;Mulheres;2008;Meios não especificados;1;0.03;0.03
SC;Santa Catarina;Mulheres;2009;Arma de fogo;39;1.23;1.15
SC;Santa Catarina;Mulheres;2009;Arma branca ou objeto contundente;31;0.98;0.98
SC;Santa Catarina;Mulheres;2009;Estrangulamento;11;0.35;0.34
SC;Santa Catarina;Mulheres;2009;Força corporal;3;0.09;0.09
SC;Santa Catarina;Mulheres;2009;Demais meios especificados;4;0.13;0.14
SC;Santa Catarina;Mulheres;2009;Meios não especificados;5;0.16;0.15
SC;Santa Catarina;Mulheres;2010;Arma de fogo;42;1.31;1.27
SC;Santa Catarina;Mulheres;2010;Arma branca ou objeto contundente;47;1.46;1.43
SC;Santa Catarina;Mulheres;2010;Estrangulamento;8;0.25;0.24
SC;Santa Catarina;Mulheres;2010;Demais meios especificados;3;0.09;0.09
SC;Santa Catarina;Mulheres;2010;Meios não especificados;10;0.31;0.31
SC;Santa Catarina;Mulheres;2011;Arma de fogo;33;1.01;0.96
SC;Santa Catarina;Mulheres;2011;Arma branca ou objeto contundente;31;0.95;0.98
SC;Santa Catarina;Mulheres;2011;Estrangulamento;7;0.21;0.2
SC;Santa Catarina;Mulheres;2011;Força corporal;1;0.03;0.03
SC;Santa Catarina;Mulheres;2011;Demais meios especificados;1;0.03;0.03
SC;Santa Catarina;Mulheres;2011;Meios não especificados;1;0.03;0.03
SC;Santa Catarina;Mulheres;2012;Arma de fogo;37;1.12;1.05
SC;Santa Catarina;Mulheres;2012;Arma branca ou objeto contundente;44;1.33;1.34
SC;Santa Catarina;Mulheres;2012;Estrangulamento;12;0.36;0.34
SC;Santa Catarina;Mulheres;2012;Demais meios especificados;7;0.21;0.19
SC;Santa Catarina;Mulheres;2012;Meios não especificados;4;0.12;0.11
SC;Santa Catarina;Mulheres;2013;Arma de fogo;36;1.07;1.02
SC;Santa Catarina;Mulheres;2013;Arma branca ou objeto contundente;40;1.19;1.15
SC;Santa Catarina;Mulheres;2013;Estrangulamento;12;0.36;0.35
SC;Santa Catarina;Mulheres;2013;Força corporal;3;0.09;0.09
SC;Santa Catarina;Mulheres;2013;Demais meios especificados;8;0.24;0.24
SC;Santa Catarina;Mulheres;2013;Meios não especificados;3;0.09;0.08
SC;Santa Catarina;Mulheres;2014;Arma de fogo;39;1.14;1.1
SC;Santa Catarina;Mulheres;2014;Arma branca ou objeto contundente;49;1.43;1.41
SC;Santa Catarina;Mulheres;2014;Estrangulamento;8;0.23;0.22
SC;Santa Catarina;Mulheres;2014;Força corporal;5;0.15;0.14
SC;Santa Catarina;Mulheres;2014;Demais meios especificados;6;0.18;0.16
SC;Santa Catarina;Mulheres;2014;Meios não especificados;4;0.12;0.11
SC;Santa Catarina;Mulheres;2015;Arma de fogo;34;0.98;0.93
SC;Santa Catarina;Mulheres;2015;Arma branca ou objeto contundente;40;1.15;1.15
SC;Santa Catarina;Mulheres;2015;Estrangulamento;13;0.37;0.36
SC;Santa Catarina;Mulheres;2015;Força corporal;1;0.03;0.03
SC;Santa Catarina;Mulheres;2015;Demais meios especificados;7;0.2;0.2
SC;Santa Catarina;Mulheres;2015;Meios não especificados;2;0.06;0.06
SC;Santa Catarina;Mulheres;2016;Arma de fogo;50;1.41;1.38
SC;Santa Catarina;Mulheres;2016;Arma branca ou objeto contundente;33;0.93;0.9
SC;Santa Catarina;Mulheres;2016;Estrangulamento;14;0.4;0.39
SC;Santa Catarina;Mulheres;2016;Força corporal;2;0.06;0.05
SC;Santa Catarina;Mulheres;2016;Demais meios especificados;4;0.11;0.1
SC;Santa Catarina;Mulheres;2016;Meios não especificados;4;0.11;0.12
SC;Santa Catarina;Mulheres;2017;Arma de fogo;35;0.97;0.93
SC;Santa Catarina;Mulheres;2017;Arma branca ou objeto contundente;48;1.33;1.32
SC;Santa Catarina;Mulheres;2017;Estrangulamento;16;0.44;0.44
SC;Santa Catarina;Mulheres;2017;Força corporal;2;0.06;0.05
SC;Santa Catarina;Mulheres;2017;Demais meios especificados;7;0.19;0.19
SC;Santa Catarina;Mulheres;2017;Meios não especificados;1;0.03;0.03
SC;Santa Catarina;Mulheres;2018;Arma de fogo;32;0.87;0.87
SC;Santa Catarina;Mulheres;2018;Arma branca ou objeto contundente;40;1.09;1.06
SC;Santa Catarina;Mulheres;2018;Estrangulamento;12;0.33;0.31
SC;Santa Catarina;Mulheres;2018;Força corporal;1;0.03;0.03
SC;Santa Catarina;Mulheres;2018;Demais meios especificados;4;0.11;0.11
SC;Santa Catarina;Mulheres;2018;Meios não especificados;2;0.05;0.05
SC;Santa Catarina;Mulheres;2019;Arma de fogo;46;1.23;1.23
SC;Santa Catarina;Mulheres;2019;Arma branca ou objeto contundente;52;1.39;1.38
SC;Santa Catarina;Mulheres;2019;Estrangulamento;9;0.24;0.23
SC;Santa Catarina;Mulheres;2019;Força corporal;1;0.03;0.03
SC;Santa Catarina;Mulheres;2019;Demais meios especificados;6;0.16;0.16
SC;Santa Catarina;Mulheres;2020;Arma de fogo;31;0.81;0.8
SC;Santa Catarina;Mulheres;2020;Arma branca ou objeto contundente;38;1;0.97
SC;Santa Catarina;Mulheres;2020;Estrangulamento;7;0.18;0.18
SC;Santa Catarina;Mulheres;2020;Demais meios especificados;6;0.16;0.15
SC;Santa Catarina;Mulheres;2020;Meios não especificados;4;0.11;0.1
SC;Santa Catarina;Mulheres;2021;Arma de fogo;33;0.85;0.84
SC;Santa Catarina;Mulheres;2021;Arma branca ou objeto contundente;34;0.88;0.86
SC;Santa Catarina;Mulheres;2021;Estrangulamento;13;0.34;0.33
SC;Santa Catarina;Mulheres;2021;Força corporal;2;0.05;0.05
SC;Santa Catarina;Mulheres;2021;Demais meios especificados;8;0.21;0.21
SC;Santa Catarina;Mulheres;2021;Meios não especificados;2;0.05;0.05
SC;Santa Catarina;Mulheres;2022;Arma de fogo;26;0.66;0.66
SC;Santa Catarina;Mulheres;2022;Arma branca ou objeto contundente;40;1.02;1
SC;Santa Catarina;Mulheres;2022;Estrangulamento;13;0.33;0.33
SC;Santa Catarina;Mulheres;2022;Demais meios especificados;7;0.18;0.18
SC;Santa Catarina;Mulheres;2022;Meios não especificados;7;0.18;0.18
SC;Santa Catarina;Mulheres;2023;Arma de fogo;33;0.82;0.82
SC;Santa Catarina;Mulheres;2023;Arma branca ou objeto contundente;46;1.15;1.14
SC;Santa Catarina;Mulheres;2023;Estrangulamento;13;0.32;0.33
SC;Santa Catarina;Mulheres;2023;Força corporal;3;0.07;0.07
SC;Santa Catarina;Mulheres;2023;Demais meios especificados;6;0.15;0.15
SC;Santa Catarina;Mulheres;2023;Meios não especificados;4;0.1;0.09
SC;Santa Catarina;Mulheres;2024;Arma de fogo;22;0.54;0.54
SC;Santa Catarina;Mulheres;2024;Arma branca ou objeto contundente;47;1.15;1.12
SC;Santa Catarina;Mulheres;2024;Estrangulamento;6;0.15;0.14
SC;Santa Catarina;Mulheres;2024;Força corporal;1;0.02;0.02
SC;Santa Catarina;Mulheres;2024;Demais meios especificados;7;0.17;0.18
SC;Santa Catarina;Mulheres;2024;Meios não especificados;7;0.17;0.16
SC;Santa Catarina;Mulheres;2025;Arma de fogo;28;0.68;0.7
SC;Santa Catarina;Mulheres;2025;Arma branca ou objeto contundente;33;0.8;0.8
SC;Santa Catarina;Mulheres;2025;Estrangulamento;7;0.17;0.18
SC;Santa Catarina;Mulheres;2025;Força corporal;2;0.05;0.05
SC;Santa Catarina;Mulheres;2025;Demais meios especificados;8;0.19;0.17
SC;Santa Catarina;Mulheres;2025;Meios não especificados;2;0.05;0.05
SE;Sergipe;Ambos;2000;Arma de fogo;279;15.28;15.94
SE;Sergipe;Ambos;2000;Arma branca ou objeto contundente;96;5.26;5.8
SE;Sergipe;Ambos;2000;Estrangulamento;2;0.11;0.15
SE;Sergipe;Ambos;2000;Força corporal;1;0.05;0.05
SE;Sergipe;Ambos;2000;Demais meios especificados;19;1.04;1
SE;Sergipe;Ambos;2000;Meios não especificados;12;0.66;0.71
SE;Sergipe;Ambos;2001;Arma de fogo;366;19.74;19.92
SE;Sergipe;Ambos;2001;Arma branca ou objeto contundente;100;5.39;5.77
SE;Sergipe;Ambos;2001;Estrangulamento;6;0.32;0.36
SE;Sergipe;Ambos;2001;Força corporal;1;0.05;0.04
SE;Sergipe;Ambos;2001;Demais meios especificados;20;1.08;1.34
SE;Sergipe;Ambos;2001;Meios não especificados;24;1.29;1.67
SE;Sergipe;Ambos;2002;Arma de fogo;402;21.36;21.2
SE;Sergipe;Ambos;2002;Arma branca ou objeto contundente;105;5.58;5.81
SE;Sergipe;Ambos;2002;Estrangulamento;2;0.11;0.14
SE;Sergipe;Ambos;2002;Força corporal;5;0.27;0.33
SE;Sergipe;Ambos;2002;Demais meios especificados;27;1.43;1.52
SE;Sergipe;Ambos;2002;Meios não especificados;14;0.74;0.88
SE;Sergipe;Ambos;2003;Arma de fogo;339;17.76;17.31
SE;Sergipe;Ambos;2003;Arma branca ou objeto contundente;97;5.08;5.45
SE;Sergipe;Ambos;2003;Estrangulamento;2;0.1;0.08
SE;Sergipe;Ambos;2003;Força corporal;3;0.16;0.14
SE;Sergipe;Ambos;2003;Demais meios especificados;20;1.05;1.25
SE;Sergipe;Ambos;2003;Meios não especificados;8;0.42;0.5
SE;Sergipe;Ambos;2004;Arma de fogo;301;15.56;14.9
SE;Sergipe;Ambos;2004;Arma branca ou objeto contundente;113;5.84;5.87
SE;Sergipe;Ambos;2004;Estrangulamento;5;0.26;0.29
SE;Sergipe;Ambos;2004;Força corporal;1;0.05;0.03
SE;Sergipe;Ambos;2004;Demais meios especificados;19;0.98;1.18
SE;Sergipe;Ambos;2004;Meios não especificados;15;0.78;0.93
SE;Sergipe;Ambos;2005;Arma de fogo;318;16.21;16.13
SE;Sergipe;Ambos;2005;Arma branca ou objeto contundente;134;6.83;7.16
SE;Sergipe;Ambos;2005;Estrangulamento;5;0.25;0.28
SE;Sergipe;Ambos;2005;Força corporal;1;0.05;0.05
SE;Sergipe;Ambos;2005;Demais meios especificados;25;1.27;1.65
SE;Sergipe;Ambos;2005;Meios não especificados;4;0.2;0.21
SE;Sergipe;Ambos;2006;Arma de fogo;403;20.27;19.36
SE;Sergipe;Ambos;2006;Arma branca ou objeto contundente;137;6.89;6.96
SE;Sergipe;Ambos;2006;Estrangulamento;4;0.2;0.22
SE;Sergipe;Ambos;2006;Força corporal;5;0.25;0.26
SE;Sergipe;Ambos;2006;Demais meios especificados;26;1.31;1.58
SE;Sergipe;Ambos;2006;Meios não especificados;9;0.45;0.44
SE;Sergipe;Ambos;2007;Arma de fogo;348;17.27;16.59
SE;Sergipe;Ambos;2007;Arma branca ou objeto contundente;146;7.25;7.35
SE;Sergipe;Ambos;2007;Estrangulamento;6;0.3;0.36
SE;Sergipe;Ambos;2007;Demais meios especificados;18;0.89;0.97
SE;Sergipe;Ambos;2007;Meios não especificados;4;0.2;0.23
SE;Sergipe;Ambos;2008;Arma de fogo;368;18.03;16.92
SE;Sergipe;Ambos;2008;Arma branca ou objeto contundente;149;7.3;7.55
SE;Sergipe;Ambos;2008;Estrangulamento;9;0.44;0.38
SE;Sergipe;Ambos;2008;Força corporal;1;0.05;0.06
SE;Sergipe;Ambos;2008;Demais meios especificados;22;1.08;1.32
SE;Sergipe;Ambos;2008;Meios não especificados;6;0.29;0.36
SE;Sergipe;Ambos;2009;Arma de fogo;451;21.83;20.95
SE;Sergipe;Ambos;2009;Arma branca ou objeto contundente;166;8.04;8.55
SE;Sergipe;Ambos;2009;Estrangulamento;5;0.24;0.26
SE;Sergipe;Ambos;2009;Força corporal;2;0.1;0.08
SE;Sergipe;Ambos;2009;Demais meios especificados;29;1.4;1.55
SE;Sergipe;Ambos;2010;Arma de fogo;452;21.65;20.6
SE;Sergipe;Ambos;2010;Arma branca ou objeto contundente;173;8.29;8.59
SE;Sergipe;Ambos;2010;Estrangulamento;8;0.38;0.51
SE;Sergipe;Ambos;2010;Demais meios especificados;38;1.82;2.06
SE;Sergipe;Ambos;2010;Meios não especificados;5;0.24;0.28
SE;Sergipe;Ambos;2011;Arma de fogo;523;24.82;23.36
SE;Sergipe;Ambos;2011;Arma branca ou objeto contundente;171;8.11;8.14
SE;Sergipe;Ambos;2011;Estrangulamento;6;0.28;0.3
SE;Sergipe;Ambos;2011;Força corporal;1;0.05;0.04
SE;Sergipe;Ambos;2011;Demais meios especificados;28;1.33;1.52
SE;Sergipe;Ambos;2011;Meios não especificados;2;0.09;0.1
SE;Sergipe;Ambos;2012;Arma de fogo;648;30.47;28.34
SE;Sergipe;Ambos;2012;Arma branca ou objeto contundente;187;8.79;8.72
SE;Sergipe;Ambos;2012;Estrangulamento;7;0.33;0.42
SE;Sergipe;Ambos;2012;Força corporal;5;0.24;0.23
SE;Sergipe;Ambos;2012;Demais meios especificados;32;1.5;1.66
SE;Sergipe;Ambos;2013;Arma de fogo;732;34.12;31.69
SE;Sergipe;Ambos;2013;Arma branca ou objeto contundente;188;8.76;8.86
SE;Sergipe;Ambos;2013;Estrangulamento;7;0.33;0.39
SE;Sergipe;Ambos;2013;Força corporal;21;0.98;0.86
SE;Sergipe;Ambos;2013;Demais meios especificados;11;0.51;0.54
SE;Sergipe;Ambos;2013;Meios não especificados;6;0.28;0.26
SE;Sergipe;Ambos;2014;Arma de fogo;898;41.49;38.56
SE;Sergipe;Ambos;2014;Arma branca ou objeto contundente;156;7.21;7.12
SE;Sergipe;Ambos;2014;Estrangulamento;3;0.14;0.14
SE;Sergipe;Ambos;2014;Força corporal;20;0.92;1.01
SE;Sergipe;Ambos;2014;Demais meios especificados;13;0.6;0.55
SE;Sergipe;Ambos;2014;Meios não especificados;7;0.32;0.36
SE;Sergipe;Ambos;2015;Arma de fogo;1108;50.77;47.49
SE;Sergipe;Ambos;2015;Arma branca ou objeto contundente;148;6.78;6.8
SE;Sergipe;Ambos;2015;Estrangulamento;3;0.14;0.12
SE;Sergipe;Ambos;2015;Força corporal;16;0.73;0.79
SE;Sergipe;Ambos;2015;Demais meios especificados;21;0.96;0.99
SE;Sergipe;Ambos;2015;Meios não especificados;6;0.27;0.26
SE;Sergipe;Ambos;2016;Arma de fogo;1259;57.27;52.9
SE;Sergipe;Ambos;2016;Arma branca ou objeto contundente;160;7.28;7.15
SE;Sergipe;Ambos;2016;Estrangulamento;5;0.23;0.26
SE;Sergipe;Ambos;2016;Força corporal;14;0.64;0.65
SE;Sergipe;Ambos;2016;Demais meios especificados;19;0.86;0.85
SE;Sergipe;Ambos;2016;Meios não especificados;7;0.32;0.32
SE;Sergipe;Ambos;2017;Arma de fogo;1106;49.98;46.64
SE;Sergipe;Ambos;2017;Arma branca ou objeto contundente;154;6.96;7.03
SE;Sergipe;Ambos;2017;Estrangulamento;6;0.27;0.28
SE;Sergipe;Ambos;2017;Força corporal;14;0.63;0.61
SE;Sergipe;Ambos;2017;Demais meios especificados;19;0.86;0.92
SE;Sergipe;Ambos;2017;Meios não especificados;11;0.5;0.5
SE;Sergipe;Ambos;2018;Arma de fogo;959;43.06;40.3
SE;Sergipe;Ambos;2018;Arma branca ou objeto contundente;150;6.74;6.79
SE;Sergipe;Ambos;2018;Estrangulamento;5;0.22;0.23
SE;Sergipe;Ambos;2018;Força corporal;6;0.27;0.28
SE;Sergipe;Ambos;2018;Demais meios especificados;10;0.45;0.46
SE;Sergipe;Ambos;2018;Meios não especificados;3;0.13;0.16
SE;Sergipe;Ambos;2019;Arma de fogo;771;34.4;32.64
SE;Sergipe;Ambos;2019;Arma branca ou objeto contundente;170;7.58;7.46
SE;Sergipe;Ambos;2019;Estrangulamento;4;0.18;0.17
SE;Sergipe;Ambos;2019;Força corporal;12;0.54;0.55
SE;Sergipe;Ambos;2019;Demais meios especificados;3;0.13;0.16
SE;Sergipe;Ambos;2019;Meios não especificados;8;0.36;0.38
SE;Sergipe;Ambos;2020;Arma de fogo;821;36.42;34.73
SE;Sergipe;Ambos;2020;Arma branca ou objeto contundente;125;5.55;5.51
SE;Sergipe;Ambos;2020;Estrangulamento;5;0.22;0.22
SE;Sergipe;Ambos;2020;Força corporal;20;0.89;0.93
SE;Sergipe;Ambos;2020;Demais meios especificados;4;0.18;0.17
SE;Sergipe;Ambos;2020;Meios não especificados;1;0.04;0.04
SE;Sergipe;Ambos;2021;Arma de fogo;662;29.23;28.1
SE;Sergipe;Ambos;2021;Arma branca ou objeto contundente;101;4.46;4.41
SE;Sergipe;Ambos;2021;Estrangulamento;4;0.18;0.19
SE;Sergipe;Ambos;2021;Força corporal;14;0.62;0.63
SE;Sergipe;Ambos;2021;Demais meios especificados;6;0.26;0.29
SE;Sergipe;Ambos;2022;Arma de fogo;641;28.19;27.29
SE;Sergipe;Ambos;2022;Arma branca ou objeto contundente;101;4.44;4.44
SE;Sergipe;Ambos;2022;Estrangulamento;5;0.22;0.22
SE;Sergipe;Ambos;2022;Força corporal;11;0.48;0.49
SE;Sergipe;Ambos;2022;Demais meios especificados;4;0.18;0.18
SE;Sergipe;Ambos;2022;Meios não especificados;2;0.09;0.09
SE;Sergipe;Ambos;2023;Arma de fogo;572;25.07;24.51
SE;Sergipe;Ambos;2023;Arma branca ou objeto contundente;82;3.59;3.61
SE;Sergipe;Ambos;2023;Estrangulamento;4;0.18;0.17
SE;Sergipe;Ambos;2023;Força corporal;27;1.18;1.2
SE;Sergipe;Ambos;2023;Demais meios especificados;4;0.18;0.18
SE;Sergipe;Ambos;2023;Meios não especificados;3;0.13;0.13
SE;Sergipe;Ambos;2024;Arma de fogo;395;17.24;17.01
SE;Sergipe;Ambos;2024;Arma branca ou objeto contundente;85;3.71;3.67
SE;Sergipe;Ambos;2024;Estrangulamento;3;0.13;0.13
SE;Sergipe;Ambos;2024;Força corporal;33;1.44;1.46
SE;Sergipe;Ambos;2024;Demais meios especificados;5;0.22;0.22
SE;Sergipe;Ambos;2024;Meios não especificados;3;0.13;0.13
SE;Sergipe;Ambos;2025;Arma de fogo;378;16.44;16.39
SE;Sergipe;Ambos;2025;Arma branca ou objeto contundente;84;3.65;3.66
SE;Sergipe;Ambos;2025;Estrangulamento;7;0.3;0.31
SE;Sergipe;Ambos;2025;Força corporal;15;0.65;0.65
SE;Sergipe;Ambos;2025;Demais meios especificados;3;0.13;0.13
SE;Sergipe;Ambos;2025;Meios não especificados;8;0.35;0.35
SE;Sergipe;Homens;2000;Arma de fogo;261;29.32;30.74
SE;Sergipe;Homens;2000;Arma branca ou objeto contundente;82;9.21;10.38
SE;Sergipe;Homens;2000;Estrangulamento;2;0.22;0.33
SE;Sergipe;Homens;2000;Força corporal;1;0.11;0.11
SE;Sergipe;Homens;2000;Demais meios especificados;15;1.69;1.77
SE;Sergipe;Homens;2000;Meios não especificados;11;1.24;1.37
SE;Sergipe;Homens;2001;Arma de fogo;347;38.4;38.93
SE;Sergipe;Homens;2001;Arma branca ou objeto contundente;96;10.62;11.39
SE;Sergipe;Homens;2001;Estrangulamento;3;0.33;0.34
SE;Sergipe;Homens;2001;Força corporal;1;0.11;0.09
SE;Sergipe;Homens;2001;Demais meios especificados;17;1.88;2.37
SE;Sergipe;Homens;2001;Meios não especificados;22;2.43;3.19
SE;Sergipe;Homens;2002;Arma de fogo;388;42.32;42.33
SE;Sergipe;Homens;2002;Arma branca ou objeto contundente;89;9.71;10.16
SE;Sergipe;Homens;2002;Estrangulamento;1;0.11;0.11
SE;Sergipe;Homens;2002;Força corporal;5;0.55;0.71
SE;Sergipe;Homens;2002;Demais meios especificados;24;2.62;2.92
SE;Sergipe;Homens;2002;Meios não especificados;11;1.2;1.47
SE;Sergipe;Homens;2003;Arma de fogo;321;34.53;34
SE;Sergipe;Homens;2003;Arma branca ou objeto contundente;88;9.47;10.26
SE;Sergipe;Homens;2003;Estrangulamento;1;0.11;0.1
SE;Sergipe;Homens;2003;Força corporal;2;0.22;0.21
SE;Sergipe;Homens;2003;Demais meios especificados;16;1.72;2.1
SE;Sergipe;Homens;2003;Meios não especificados;7;0.75;0.96
SE;Sergipe;Homens;2004;Arma de fogo;286;30.36;29.52
SE;Sergipe;Homens;2004;Arma branca ou objeto contundente;101;10.72;10.97
SE;Sergipe;Homens;2004;Estrangulamento;5;0.53;0.61
SE;Sergipe;Homens;2004;Força corporal;1;0.11;0.07
SE;Sergipe;Homens;2004;Demais meios especificados;17;1.8;2.13
SE;Sergipe;Homens;2004;Meios não especificados;14;1.49;1.77
SE;Sergipe;Homens;2005;Arma de fogo;306;32.05;32.19
SE;Sergipe;Homens;2005;Arma branca ou objeto contundente;123;12.88;13.8
SE;Sergipe;Homens;2005;Estrangulamento;4;0.42;0.45
SE;Sergipe;Homens;2005;Força corporal;1;0.1;0.11
SE;Sergipe;Homens;2005;Demais meios especificados;22;2.3;3.13
SE;Sergipe;Homens;2005;Meios não especificados;3;0.31;0.33
SE;Sergipe;Homens;2006;Arma de fogo;388;40.11;38.47
SE;Sergipe;Homens;2006;Arma branca ou objeto contundente;120;12.4;12.3
SE;Sergipe;Homens;2006;Estrangulamento;2;0.21;0.25
SE;Sergipe;Homens;2006;Força corporal;4;0.41;0.41
SE;Sergipe;Homens;2006;Demais meios especificados;22;2.27;2.95
SE;Sergipe;Homens;2006;Meios não especificados;8;0.83;0.82
SE;Sergipe;Homens;2007;Arma de fogo;329;33.58;32.44
SE;Sergipe;Homens;2007;Arma branca ou objeto contundente;137;13.98;14.32
SE;Sergipe;Homens;2007;Estrangulamento;4;0.41;0.42
SE;Sergipe;Homens;2007;Demais meios especificados;14;1.43;1.5
SE;Sergipe;Homens;2007;Meios não especificados;4;0.41;0.47
SE;Sergipe;Homens;2008;Arma de fogo;357;35.99;34.08
SE;Sergipe;Homens;2008;Arma branca ou objeto contundente;136;13.71;14.59
SE;Sergipe;Homens;2008;Estrangulamento;6;0.6;0.54
SE;Sergipe;Homens;2008;Demais meios especificados;21;2.12;2.66
SE;Sergipe;Homens;2008;Meios não especificados;5;0.5;0.56
SE;Sergipe;Homens;2009;Arma de fogo;435;43.34;41.87
SE;Sergipe;Homens;2009;Arma branca ou objeto contundente;154;15.34;16.62
SE;Sergipe;Homens;2009;Estrangulamento;4;0.4;0.41
SE;Sergipe;Homens;2009;Força corporal;2;0.2;0.16
SE;Sergipe;Homens;2009;Demais meios especificados;22;2.19;2.59
SE;Sergipe;Homens;2010;Arma de fogo;434;42.81;41.06
SE;Sergipe;Homens;2010;Arma branca ou objeto contundente;156;15.39;16.4
SE;Sergipe;Homens;2010;Estrangulamento;6;0.59;0.84
SE;Sergipe;Homens;2010;Demais meios especificados;32;3.16;3.7
SE;Sergipe;Homens;2010;Meios não especificados;5;0.49;0.58
SE;Sergipe;Homens;2011;Arma de fogo;493;48.21;45.85
SE;Sergipe;Homens;2011;Arma branca ou objeto contundente;150;14.67;14.89
SE;Sergipe;Homens;2011;Estrangulamento;2;0.2;0.3
SE;Sergipe;Homens;2011;Força corporal;1;0.1;0.08
SE;Sergipe;Homens;2011;Demais meios especificados;23;2.25;2.73
SE;Sergipe;Homens;2011;Meios não especificados;2;0.2;0.21
SE;Sergipe;Homens;2012;Arma de fogo;618;59.92;55.84
SE;Sergipe;Homens;2012;Arma branca ou objeto contundente;162;15.71;15.71
SE;Sergipe;Homens;2012;Estrangulamento;6;0.58;0.73
SE;Sergipe;Homens;2012;Força corporal;5;0.48;0.49
SE;Sergipe;Homens;2012;Demais meios especificados;26;2.52;3.04
SE;Sergipe;Homens;2013;Arma de fogo;701;67.41;62.78
SE;Sergipe;Homens;2013;Arma branca ou objeto contundente;167;16.06;16.37
SE;Sergipe;Homens;2013;Estrangulamento;7;0.67;0.83
SE;Sergipe;Homens;2013;Força corporal;19;1.83;1.61
SE;Sergipe;Homens;2013;Demais meios especificados;9;0.87;0.93
SE;Sergipe;Homens;2013;Meios não especificados;5;0.48;0.42
SE;Sergipe;Homens;2014;Arma de fogo;848;80.9;75.08
SE;Sergipe;Homens;2014;Arma branca ou objeto contundente;138;13.17;13.25
SE;Sergipe;Homens;2014;Estrangulamento;2;0.19;0.19
SE;Sergipe;Homens;2014;Força corporal;17;1.62;1.72
SE;Sergipe;Homens;2014;Demais meios especificados;11;1.05;0.99
SE;Sergipe;Homens;2014;Meios não especificados;7;0.67;0.75
SE;Sergipe;Homens;2015;Arma de fogo;1055;99.88;93.37
SE;Sergipe;Homens;2015;Arma branca ou objeto contundente;137;12.97;13.05
SE;Sergipe;Homens;2015;Estrangulamento;2;0.19;0.17
SE;Sergipe;Homens;2015;Força corporal;14;1.33;1.48
SE;Sergipe;Homens;2015;Demais meios especificados;18;1.7;1.73
SE;Sergipe;Homens;2015;Meios não especificados;6;0.57;0.54
SE;Sergipe;Homens;2016;Arma de fogo;1220;114.74;105.58
SE;Sergipe;Homens;2016;Arma branca ou objeto contundente;143;13.45;13.34
SE;Sergipe;Homens;2016;Estrangulamento;3;0.28;0.34
SE;Sergipe;Homens;2016;Força corporal;13;1.22;1.28
SE;Sergipe;Homens;2016;Demais meios especificados;17;1.6;1.57
SE;Sergipe;Homens;2016;Meios não especificados;7;0.66;0.67
SE;Sergipe;Homens;2017;Arma de fogo;1049;98.09;91.21
SE;Sergipe;Homens;2017;Arma branca ou objeto contundente;140;13.09;13.47
SE;Sergipe;Homens;2017;Estrangulamento;6;0.56;0.61
SE;Sergipe;Homens;2017;Força corporal;13;1.22;1.21
SE;Sergipe;Homens;2017;Demais meios especificados;16;1.5;1.66
SE;Sergipe;Homens;2017;Meios não especificados;9;0.84;0.88
SE;Sergipe;Homens;2018;Arma de fogo;934;86.83;80.83
SE;Sergipe;Homens;2018;Arma branca ou objeto contundente;137;12.74;12.95
SE;Sergipe;Homens;2018;Estrangulamento;5;0.46;0.47
SE;Sergipe;Homens;2018;Força corporal;6;0.56;0.58
SE;Sergipe;Homens;2018;Demais meios especificados;8;0.74;0.77
SE;Sergipe;Homens;2018;Meios não especificados;3;0.28;0.37
SE;Sergipe;Homens;2019;Arma de fogo;743;68.66;64.82
SE;Sergipe;Homens;2019;Arma branca ou objeto contundente;151;13.95;13.75
SE;Sergipe;Homens;2019;Estrangulamento;2;0.18;0.18
SE;Sergipe;Homens;2019;Força corporal;9;0.83;0.84
SE;Sergipe;Homens;2019;Demais meios especificados;3;0.28;0.36
SE;Sergipe;Homens;2019;Meios não especificados;7;0.65;0.71
SE;Sergipe;Homens;2020;Arma de fogo;795;73.09;69.18
SE;Sergipe;Homens;2020;Arma branca ou objeto contundente;113;10.39;10.47
SE;Sergipe;Homens;2020;Estrangulamento;2;0.18;0.17
SE;Sergipe;Homens;2020;Força corporal;19;1.75;1.88
SE;Sergipe;Homens;2020;Demais meios especificados;3;0.28;0.27
SE;Sergipe;Homens;2020;Meios não especificados;1;0.09;0.09
SE;Sergipe;Homens;2021;Arma de fogo;641;58.69;55.99
SE;Sergipe;Homens;2021;Arma branca ou objeto contundente;87;7.97;8.06
SE;Sergipe;Homens;2021;Estrangulamento;3;0.27;0.34
SE;Sergipe;Homens;2021;Força corporal;14;1.28;1.33
SE;Sergipe;Homens;2021;Demais meios especificados;3;0.27;0.29
SE;Sergipe;Homens;2022;Arma de fogo;622;56.78;54.31
SE;Sergipe;Homens;2022;Arma branca ou objeto contundente;88;8.03;8.1
SE;Sergipe;Homens;2022;Estrangulamento;3;0.27;0.26
SE;Sergipe;Homens;2022;Força corporal;11;1;1.06
SE;Sergipe;Homens;2022;Demais meios especificados;2;0.18;0.2
SE;Sergipe;Homens;2022;Meios não especificados;2;0.18;0.19
SE;Sergipe;Homens;2023;Arma de fogo;554;50.42;48.74
SE;Sergipe;Homens;2023;Arma branca ou objeto contundente;66;6.01;6.17
SE;Sergipe;Homens;2023;Estrangulamento;1;0.09;0.08
SE;Sergipe;Homens;2023;Força corporal;24;2.18;2.21
SE;Sergipe;Homens;2023;Demais meios especificados;3;0.27;0.27
SE;Sergipe;Homens;2023;Meios não especificados;3;0.27;0.27
SE;Sergipe;Homens;2024;Arma de fogo;382;34.64;33.76
SE;Sergipe;Homens;2024;Arma branca ou objeto contundente;75;6.8;6.74
SE;Sergipe;Homens;2024;Estrangulamento;2;0.18;0.18
SE;Sergipe;Homens;2024;Força corporal;33;2.99;3.11
SE;Sergipe;Homens;2024;Demais meios especificados;3;0.27;0.27
SE;Sergipe;Homens;2024;Meios não especificados;3;0.27;0.27
SE;Sergipe;Homens;2025;Arma de fogo;366;33.09;32.51
SE;Sergipe;Homens;2025;Arma branca ou objeto contundente;75;6.78;6.86
SE;Sergipe;Homens;2025;Estrangulamento;5;0.45;0.45
SE;Sergipe;Homens;2025;Força corporal;14;1.27;1.3
SE;Sergipe;Homens;2025;Demais meios especificados;3;0.27;0.28
SE;Sergipe;Homens;2025;Meios não especificados;7;0.63;0.65
SE;Sergipe;Mulheres;2000;Arma de fogo;18;1.92;2.17
SE;Sergipe;Mulheres;2000;Arma branca ou objeto contundente;14;1.5;1.58
SE;Sergipe;Mulheres;2000;Demais meios especificados;4;0.43;0.29
SE;Sergipe;Mulheres;2000;Meios não especificados;1;0.11;0.09
SE;Sergipe;Mulheres;2001;Arma de fogo;19;2;2.29
SE;Sergipe;Mulheres;2001;Arma branca ou objeto contundente;4;0.42;0.55
SE;Sergipe;Mulheres;2001;Estrangulamento;3;0.32;0.38
SE;Sergipe;Mulheres;2001;Demais meios especificados;3;0.32;0.4
SE;Sergipe;Mulheres;2001;Meios não especificados;2;0.21;0.33
SE;Sergipe;Mulheres;2002;Arma de fogo;14;1.45;1.47
SE;Sergipe;Mulheres;2002;Arma branca ou objeto contundente;16;1.66;1.75
SE;Sergipe;Mulheres;2002;Estrangulamento;1;0.1;0.17
SE;Sergipe;Mulheres;2002;Demais meios especificados;3;0.31;0.24
SE;Sergipe;Mulheres;2002;Meios não especificados;3;0.31;0.34
SE;Sergipe;Mulheres;2003;Arma de fogo;18;1.84;1.79
SE;Sergipe;Mulheres;2003;Arma branca ou objeto contundente;9;0.92;1.02
SE;Sergipe;Mulheres;2003;Estrangulamento;1;0.1;0.07
SE;Sergipe;Mulheres;2003;Força corporal;1;0.1;0.07
SE;Sergipe;Mulheres;2003;Demais meios especificados;4;0.41;0.46
SE;Sergipe;Mulheres;2003;Meios não especificados;1;0.1;0.08
SE;Sergipe;Mulheres;2004;Arma de fogo;14;1.41;1.31
SE;Sergipe;Mulheres;2004;Arma branca ou objeto contundente;12;1.21;1.2
SE;Sergipe;Mulheres;2004;Demais meios especificados;2;0.2;0.29
SE;Sergipe;Mulheres;2004;Meios não especificados;1;0.1;0.19
SE;Sergipe;Mulheres;2005;Arma de fogo;12;1.19;1.2
SE;Sergipe;Mulheres;2005;Arma branca ou objeto contundente;11;1.09;1.1
SE;Sergipe;Mulheres;2005;Estrangulamento;1;0.1;0.13
SE;Sergipe;Mulheres;2005;Demais meios especificados;3;0.3;0.36
SE;Sergipe;Mulheres;2005;Meios não especificados;1;0.1;0.1
SE;Sergipe;Mulheres;2006;Arma de fogo;15;1.47;1.52
SE;Sergipe;Mulheres;2006;Arma branca ou objeto contundente;17;1.67;1.92
SE;Sergipe;Mulheres;2006;Estrangulamento;2;0.2;0.19
SE;Sergipe;Mulheres;2006;Força corporal;1;0.1;0.12
SE;Sergipe;Mulheres;2006;Demais meios especificados;4;0.39;0.38
SE;Sergipe;Mulheres;2006;Meios não especificados;1;0.1;0.08
SE;Sergipe;Mulheres;2007;Arma de fogo;19;1.84;1.85
SE;Sergipe;Mulheres;2007;Arma branca ou objeto contundente;9;0.87;0.9
SE;Sergipe;Mulheres;2007;Estrangulamento;2;0.19;0.29
SE;Sergipe;Mulheres;2007;Demais meios especificados;4;0.39;0.47
SE;Sergipe;Mulheres;2008;Arma de fogo;11;1.05;0.93
SE;Sergipe;Mulheres;2008;Arma branca ou objeto contundente;13;1.24;1.2
SE;Sergipe;Mulheres;2008;Estrangulamento;3;0.29;0.23
SE;Sergipe;Mulheres;2008;Força corporal;1;0.1;0.11
SE;Sergipe;Mulheres;2008;Demais meios especificados;1;0.1;0.12
SE;Sergipe;Mulheres;2008;Meios não especificados;1;0.1;0.16
SE;Sergipe;Mulheres;2009;Arma de fogo;16;1.51;1.53
SE;Sergipe;Mulheres;2009;Arma branca ou objeto contundente;12;1.13;1.18
SE;Sergipe;Mulheres;2009;Estrangulamento;1;0.09;0.11
SE;Sergipe;Mulheres;2009;Demais meios especificados;7;0.66;0.68
SE;Sergipe;Mulheres;2010;Arma de fogo;18;1.68;1.62
SE;Sergipe;Mulheres;2010;Arma branca ou objeto contundente;17;1.58;1.46
SE;Sergipe;Mulheres;2010;Estrangulamento;2;0.19;0.22
SE;Sergipe;Mulheres;2010;Demais meios especificados;6;0.56;0.59
SE;Sergipe;Mulheres;2011;Arma de fogo;30;2.77;2.46
SE;Sergipe;Mulheres;2011;Arma branca ou objeto contundente;21;1.94;1.94
SE;Sergipe;Mulheres;2011;Estrangulamento;4;0.37;0.33
SE;Sergipe;Mulheres;2011;Demais meios especificados;5;0.46;0.43
SE;Sergipe;Mulheres;2012;Arma de fogo;30;2.74;2.67
SE;Sergipe;Mulheres;2012;Arma branca ou objeto contundente;25;2.28;2.3
SE;Sergipe;Mulheres;2012;Estrangulamento;1;0.09;0.14
SE;Sergipe;Mulheres;2012;Demais meios especificados;6;0.55;0.52
SE;Sergipe;Mulheres;2013;Arma de fogo;30;2.71;2.55
SE;Sergipe;Mulheres;2013;Arma branca ou objeto contundente;21;1.9;1.97
SE;Sergipe;Mulheres;2013;Força corporal;2;0.18;0.16
SE;Sergipe;Mulheres;2013;Demais meios especificados;2;0.18;0.19
SE;Sergipe;Mulheres;2013;Meios não especificados;1;0.09;0.1
SE;Sergipe;Mulheres;2014;Arma de fogo;50;4.48;4.31
SE;Sergipe;Mulheres;2014;Arma branca ou objeto contundente;18;1.61;1.53
SE;Sergipe;Mulheres;2014;Estrangulamento;1;0.09;0.1
SE;Sergipe;Mulheres;2014;Força corporal;3;0.27;0.33
SE;Sergipe;Mulheres;2014;Demais meios especificados;2;0.18;0.16
SE;Sergipe;Mulheres;2015;Arma de fogo;53;4.71;4.62
SE;Sergipe;Mulheres;2015;Arma branca ou objeto contundente;11;0.98;1.08
SE;Sergipe;Mulheres;2015;Estrangulamento;1;0.09;0.08
SE;Sergipe;Mulheres;2015;Força corporal;2;0.18;0.17
SE;Sergipe;Mulheres;2015;Demais meios especificados;3;0.27;0.31
SE;Sergipe;Mulheres;2016;Arma de fogo;39;3.44;3.29
SE;Sergipe;Mulheres;2016;Arma branca ou objeto contundente;16;1.41;1.46
SE;Sergipe;Mulheres;2016;Estrangulamento;2;0.18;0.19
SE;Sergipe;Mulheres;2016;Força corporal;1;0.09;0.08
SE;Sergipe;Mulheres;2016;Demais meios especificados;2;0.18;0.19
SE;Sergipe;Mulheres;2017;Arma de fogo;57;4.99;4.68
SE;Sergipe;Mulheres;2017;Arma branca ou objeto contundente;14;1.22;1.21
SE;Sergipe;Mulheres;2017;Força corporal;1;0.09;0.08
SE;Sergipe;Mulheres;2017;Demais meios especificados;3;0.26;0.29
SE;Sergipe;Mulheres;2017;Meios não especificados;2;0.17;0.16
SE;Sergipe;Mulheres;2018;Arma de fogo;25;2.17;2.06
SE;Sergipe;Mulheres;2018;Arma branca ou objeto contundente;13;1.13;1.17
SE;Sergipe;Mulheres;2018;Demais meios especificados;2;0.17;0.17
SE;Sergipe;Mulheres;2019;Arma de fogo;28;2.42;2.32
SE;Sergipe;Mulheres;2019;Arma branca ou objeto contundente;19;1.64;1.64
SE;Sergipe;Mulheres;2019;Estrangulamento;2;0.17;0.16
SE;Sergipe;Mulheres;2019;Força corporal;3;0.26;0.27
SE;Sergipe;Mulheres;2019;Meios não especificados;1;0.09;0.09
SE;Sergipe;Mulheres;2020;Arma de fogo;26;2.23;2.16
SE;Sergipe;Mulheres;2020;Arma branca ou objeto contundente;12;1.03;1.01
SE;Sergipe;Mulheres;2020;Estrangulamento;3;0.26;0.26
SE;Sergipe;Mulheres;2020;Força corporal;1;0.09;0.08
SE;Sergipe;Mulheres;2020;Demais meios especificados;1;0.09;0.08
SE;Sergipe;Mulheres;2021;Arma de fogo;21;1.79;1.74
SE;Sergipe;Mulheres;2021;Arma branca ou objeto contundente;12;1.02;1.01
SE;Sergipe;Mulheres;2021;Estrangulamento;1;0.09;0.08
SE;Sergipe;Mulheres;2021;Demais meios especificados;3;0.26;0.28
SE;Sergipe;Mulheres;2022;Arma de fogo;19;1.61;1.59
SE;Sergipe;Mulheres;2022;Arma branca ou objeto contundente;13;1.1;1.09
SE;Sergipe;Mulheres;2022;Estrangulamento;2;0.17;0.17
SE;Sergipe;Mulheres;2022;Demais meios especificados;2;0.17;0.16
SE;Sergipe;Mulheres;2023;Arma de fogo;18;1.52;1.5
SE;Sergipe;Mulheres;2023;Arma branca ou objeto contundente;16;1.35;1.33
SE;Sergipe;Mulheres;2023;Estrangulamento;3;0.25;0.25
SE;Sergipe;Mulheres;2023;Força corporal;3;0.25;0.25
SE;Sergipe;Mulheres;2023;Demais meios especificados;1;0.08;0.08
SE;Sergipe;Mulheres;2024;Arma de fogo;13;1.09;1.08
SE;Sergipe;Mulheres;2024;Arma branca ou objeto contundente;10;0.84;0.83
SE;Sergipe;Mulheres;2024;Estrangulamento;1;0.08;0.09
SE;Sergipe;Mulheres;2024;Demais meios especificados;2;0.17;0.16
SE;Sergipe;Mulheres;2025;Arma de fogo;12;1.01;1.02
SE;Sergipe;Mulheres;2025;Arma branca ou objeto contundente;9;0.75;0.75
SE;Sergipe;Mulheres;2025;Estrangulamento;2;0.17;0.15
SE;Sergipe;Mulheres;2025;Força corporal;1;0.08;0.08
SE;Sergipe;Mulheres;2025;Meios não especificados;1;0.08;0.08
SP;São Paulo;Ambos;2000;Arma de fogo;9642;25.36;22.85
SP;São Paulo;Ambos;2000;Arma branca ou objeto contundente;1827;4.81;4.61
SP;São Paulo;Ambos;2000;Estrangulamento;123;0.32;0.27
SP;São Paulo;Ambos;2000;Força corporal;14;0.04;0.04
SP;São Paulo;Ambos;2000;Demais meios especificados;79;0.21;0.18
SP;São Paulo;Ambos;2000;Meios não especificados;3896;10.25;9.43
SP;São Paulo;Ambos;2001;Arma de fogo;10625;27.6;24.94
SP;São Paulo;Ambos;2001;Arma branca ou objeto contundente;1651;4.29;4.11
SP;São Paulo;Ambos;2001;Estrangulamento;154;0.4;0.37
SP;São Paulo;Ambos;2001;Força corporal;11;0.03;0.03
SP;São Paulo;Ambos;2001;Demais meios especificados;98;0.25;0.25
SP;São Paulo;Ambos;2001;Meios não especificados;3192;8.29;7.66
SP;São Paulo;Ambos;2002;Arma de fogo;9415;24.15;21.68
SP;São Paulo;Ambos;2002;Arma branca ou objeto contundente;1415;3.63;3.51
SP;São Paulo;Ambos;2002;Estrangulamento;161;0.41;0.39
SP;São Paulo;Ambos;2002;Força corporal;10;0.03;0.03
SP;São Paulo;Ambos;2002;Demais meios especificados;119;0.31;0.29
SP;São Paulo;Ambos;2002;Meios não especificados;3368;8.64;7.91
SP;São Paulo;Ambos;2003;Arma de fogo;9570;24.26;21.81
SP;São Paulo;Ambos;2003;Arma branca ou objeto contundente;1398;3.54;3.44
SP;São Paulo;Ambos;2003;Estrangulamento;163;0.41;0.39
SP;São Paulo;Ambos;2003;Força corporal;41;0.1;0.11
SP;São Paulo;Ambos;2003;Demais meios especificados;77;0.2;0.18
SP;São Paulo;Ambos;2003;Meios não especificados;2652;6.72;6.22
SP;São Paulo;Ambos;2004;Arma de fogo;7611;19.07;17.25
SP;São Paulo;Ambos;2004;Arma branca ou objeto contundente;1339;3.36;3.25
SP;São Paulo;Ambos;2004;Estrangulamento;155;0.39;0.37
SP;São Paulo;Ambos;2004;Força corporal;30;0.08;0.08
SP;São Paulo;Ambos;2004;Demais meios especificados;100;0.25;0.24
SP;São Paulo;Ambos;2004;Meios não especificados;1968;4.93;4.59
SP;São Paulo;Ambos;2005;Arma de fogo;5796;14.36;13.2
SP;São Paulo;Ambos;2005;Arma branca ou objeto contundente;1335;3.31;3.17
SP;São Paulo;Ambos;2005;Estrangulamento;162;0.4;0.38
SP;São Paulo;Ambos;2005;Força corporal;10;0.02;0.03
SP;São Paulo;Ambos;2005;Demais meios especificados;118;0.29;0.3
SP;São Paulo;Ambos;2005;Meios não especificados;1311;3.25;3.05
SP;São Paulo;Ambos;2006;Arma de fogo;5761;14.11;12.92
SP;São Paulo;Ambos;2006;Arma branca ou objeto contundente;1507;3.69;3.63
SP;São Paulo;Ambos;2006;Estrangulamento;154;0.38;0.35
SP;São Paulo;Ambos;2006;Força corporal;71;0.17;0.19
SP;São Paulo;Ambos;2006;Demais meios especificados;179;0.44;0.41
SP;São Paulo;Ambos;2006;Meios não especificados;505;1.24;1.17
SP;São Paulo;Ambos;2007;Arma de fogo;4150;10.06;9.29
SP;São Paulo;Ambos;2007;Arma branca ou objeto contundente;1433;3.47;3.37
SP;São Paulo;Ambos;2007;Estrangulamento;138;0.33;0.31
SP;São Paulo;Ambos;2007;Força corporal;60;0.15;0.15
SP;São Paulo;Ambos;2007;Demais meios especificados;159;0.39;0.38
SP;São Paulo;Ambos;2007;Meios não especificados;321;0.78;0.73
SP;São Paulo;Ambos;2008;Arma de fogo;3891;9.33;8.68
SP;São Paulo;Ambos;2008;Arma branca ou objeto contundente;1539;3.69;3.59
SP;São Paulo;Ambos;2008;Estrangulamento;153;0.37;0.32
SP;São Paulo;Ambos;2008;Força corporal;66;0.16;0.16
SP;São Paulo;Ambos;2008;Demais meios especificados;163;0.39;0.39
SP;São Paulo;Ambos;2008;Meios não especificados;332;0.8;0.75
SP;São Paulo;Ambos;2009;Arma de fogo;3851;9.15;8.53
SP;São Paulo;Ambos;2009;Arma branca ou objeto contundente;1615;3.84;3.73
SP;São Paulo;Ambos;2009;Estrangulamento;173;0.41;0.37
SP;São Paulo;Ambos;2009;Força corporal;93;0.22;0.22
SP;São Paulo;Ambos;2009;Demais meios especificados;167;0.4;0.37
SP;São Paulo;Ambos;2009;Meios não especificados;446;1.06;1
SP;São Paulo;Ambos;2010;Arma de fogo;3469;8.17;7.59
SP;São Paulo;Ambos;2010;Arma branca ou objeto contundente;1611;3.79;3.67
SP;São Paulo;Ambos;2010;Estrangulamento;174;0.41;0.37
SP;São Paulo;Ambos;2010;Força corporal;93;0.22;0.22
SP;São Paulo;Ambos;2010;Demais meios especificados;151;0.36;0.33
SP;São Paulo;Ambos;2010;Meios não especificados;350;0.82;0.78
SP;São Paulo;Ambos;2011;Arma de fogo;3262;7.62;7.14
SP;São Paulo;Ambos;2011;Arma branca ou objeto contundente;1692;3.95;3.79
SP;São Paulo;Ambos;2011;Estrangulamento;163;0.38;0.33
SP;São Paulo;Ambos;2011;Força corporal;84;0.2;0.2
SP;São Paulo;Ambos;2011;Demais meios especificados;147;0.34;0.32
SP;São Paulo;Ambos;2011;Meios não especificados;316;0.74;0.71
SP;São Paulo;Ambos;2012;Arma de fogo;3848;8.92;8.32
SP;São Paulo;Ambos;2012;Arma branca ou objeto contundente;1796;4.16;3.99
SP;São Paulo;Ambos;2012;Estrangulamento;192;0.44;0.4
SP;São Paulo;Ambos;2012;Força corporal;93;0.22;0.22
SP;São Paulo;Ambos;2012;Demais meios especificados;162;0.38;0.35
SP;São Paulo;Ambos;2012;Meios não especificados;253;0.59;0.54
SP;São Paulo;Ambos;2013;Arma de fogo;3440;7.9;7.45
SP;São Paulo;Ambos;2013;Arma branca ou objeto contundente;1722;3.96;3.79
SP;São Paulo;Ambos;2013;Estrangulamento;202;0.46;0.39
SP;São Paulo;Ambos;2013;Força corporal;97;0.22;0.21
SP;São Paulo;Ambos;2013;Demais meios especificados;177;0.41;0.38
SP;São Paulo;Ambos;2013;Meios não especificados;244;0.56;0.53
SP;São Paulo;Ambos;2014;Arma de fogo;3541;8.07;7.64
SP;São Paulo;Ambos;2014;Arma branca ou objeto contundente;1753;4;3.82
SP;São Paulo;Ambos;2014;Estrangulamento;151;0.34;0.31
SP;São Paulo;Ambos;2014;Força corporal;98;0.22;0.21
SP;São Paulo;Ambos;2014;Demais meios especificados;146;0.33;0.3
SP;São Paulo;Ambos;2014;Meios não especificados;263;0.6;0.58
SP;São Paulo;Ambos;2015;Arma de fogo;3097;7;6.68
SP;São Paulo;Ambos;2015;Arma branca ou objeto contundente;1399;3.16;3.04
SP;São Paulo;Ambos;2015;Estrangulamento;161;0.36;0.32
SP;São Paulo;Ambos;2015;Força corporal;96;0.22;0.22
SP;São Paulo;Ambos;2015;Demais meios especificados;111;0.25;0.23
SP;São Paulo;Ambos;2015;Meios não especificados;286;0.65;0.61
SP;São Paulo;Ambos;2016;Arma de fogo;2720;6.11;5.91
SP;São Paulo;Ambos;2016;Arma branca ou objeto contundente;1300;2.92;2.83
SP;São Paulo;Ambos;2016;Estrangulamento;134;0.3;0.27
SP;São Paulo;Ambos;2016;Força corporal;112;0.25;0.25
SP;São Paulo;Ambos;2016;Demais meios especificados;110;0.25;0.22
SP;São Paulo;Ambos;2016;Meios não especificados;240;0.54;0.5
SP;São Paulo;Ambos;2017;Arma de fogo;2518;5.62;5.44
SP;São Paulo;Ambos;2017;Arma branca ou objeto contundente;1286;2.87;2.79
SP;São Paulo;Ambos;2017;Estrangulamento;127;0.28;0.27
SP;São Paulo;Ambos;2017;Força corporal;97;0.22;0.21
SP;São Paulo;Ambos;2017;Demais meios especificados;83;0.19;0.18
SP;São Paulo;Ambos;2017;Meios não especificados;209;0.47;0.43
SP;São Paulo;Ambos;2018;Arma de fogo;2009;4.46;4.37
SP;São Paulo;Ambos;2018;Arma branca ou objeto contundente;1111;2.47;2.39
SP;São Paulo;Ambos;2018;Estrangulamento;113;0.25;0.23
SP;São Paulo;Ambos;2018;Força corporal;108;0.24;0.23
SP;São Paulo;Ambos;2018;Demais meios especificados;101;0.22;0.21
SP;São Paulo;Ambos;2018;Meios não especificados;157;0.35;0.33
SP;São Paulo;Ambos;2019;Arma de fogo;1742;3.84;3.79
SP;São Paulo;Ambos;2019;Arma branca ou objeto contundente;1012;2.23;2.19
SP;São Paulo;Ambos;2019;Estrangulamento;116;0.26;0.24
SP;São Paulo;Ambos;2019;Força corporal;87;0.19;0.19
SP;São Paulo;Ambos;2019;Demais meios especificados;96;0.21;0.2
SP;São Paulo;Ambos;2019;Meios não especificados;126;0.28;0.26
SP;São Paulo;Ambos;2020;Arma de fogo;1785;3.92;3.88
SP;São Paulo;Ambos;2020;Arma branca ou objeto contundente;1025;2.25;2.18
SP;São Paulo;Ambos;2020;Estrangulamento;119;0.26;0.25
SP;São Paulo;Ambos;2020;Força corporal;116;0.25;0.25
SP;São Paulo;Ambos;2020;Demais meios especificados;79;0.17;0.15
SP;São Paulo;Ambos;2020;Meios não especificados;137;0.3;0.29
SP;São Paulo;Ambos;2021;Arma de fogo;1648;3.61;3.6
SP;São Paulo;Ambos;2021;Arma branca ou objeto contundente;936;2.05;1.99
SP;São Paulo;Ambos;2021;Estrangulamento;104;0.23;0.21
SP;São Paulo;Ambos;2021;Força corporal;115;0.25;0.24
SP;São Paulo;Ambos;2021;Demais meios especificados;77;0.17;0.15
SP;São Paulo;Ambos;2021;Meios não especificados;104;0.23;0.21
SP;São Paulo;Ambos;2022;Arma de fogo;1676;3.66;3.66
SP;São Paulo;Ambos;2022;Arma branca ou objeto contundente;964;2.11;2.06
SP;São Paulo;Ambos;2022;Estrangulamento;123;0.27;0.24
SP;São Paulo;Ambos;2022;Força corporal;120;0.26;0.25
SP;São Paulo;Ambos;2022;Demais meios especificados;88;0.19;0.18
SP;São Paulo;Ambos;2022;Meios não especificados;155;0.34;0.32
SP;São Paulo;Ambos;2023;Arma de fogo;1505;3.28;3.32
SP;São Paulo;Ambos;2023;Arma branca ou objeto contundente;962;2.1;2.06
SP;São Paulo;Ambos;2023;Estrangulamento;93;0.2;0.2
SP;São Paulo;Ambos;2023;Força corporal;125;0.27;0.26
SP;São Paulo;Ambos;2023;Demais meios especificados;91;0.2;0.18
SP;São Paulo;Ambos;2023;Meios não especificados;141;0.31;0.29
SP;São Paulo;Ambos;2024;Arma de fogo;1477;3.21;3.27
SP;São Paulo;Ambos;2024;Arma branca ou objeto contundente;893;1.94;1.91
SP;São Paulo;Ambos;2024;Estrangulamento;88;0.19;0.19
SP;São Paulo;Ambos;2024;Força corporal;148;0.32;0.3
SP;São Paulo;Ambos;2024;Demais meios especificados;96;0.21;0.2
SP;São Paulo;Ambos;2024;Meios não especificados;131;0.28;0.28
SP;São Paulo;Ambos;2025;Arma de fogo;1313;2.85;2.93
SP;São Paulo;Ambos;2025;Arma branca ou objeto contundente;858;1.86;1.83
SP;São Paulo;Ambos;2025;Estrangulamento;64;0.14;0.14
SP;São Paulo;Ambos;2025;Força corporal;118;0.26;0.25
SP;São Paulo;Ambos;2025;Demais meios especificados;89;0.19;0.19
SP;São Paulo;Ambos;2025;Meios não especificados;138;0.3;0.29
SP;São Paulo;Homens;2000;Arma de fogo;9043;48.79;43.8
SP;São Paulo;Homens;2000;Arma branca ou objeto contundente;1619;8.73;8.37
SP;São Paulo;Homens;2000;Estrangulamento;77;0.42;0.34
SP;São Paulo;Homens;2000;Força corporal;14;0.08;0.08
SP;São Paulo;Homens;2000;Demais meios especificados;58;0.31;0.27
SP;São Paulo;Homens;2000;Meios não especificados;3620;19.53;18
SP;São Paulo;Homens;2001;Arma de fogo;10006;53.34;48.09
SP;São Paulo;Homens;2001;Arma branca ou objeto contundente;1486;7.92;7.62
SP;São Paulo;Homens;2001;Estrangulamento;100;0.53;0.48
SP;São Paulo;Homens;2001;Força corporal;11;0.06;0.06
SP;São Paulo;Homens;2001;Demais meios especificados;71;0.38;0.38
SP;São Paulo;Homens;2001;Meios não especificados;2953;15.74;14.57
SP;São Paulo;Homens;2002;Arma de fogo;8867;46.72;41.87
SP;São Paulo;Homens;2002;Arma branca ou objeto contundente;1243;6.55;6.35
SP;São Paulo;Homens;2002;Estrangulamento;102;0.54;0.52
SP;São Paulo;Homens;2002;Força corporal;7;0.04;0.03
SP;São Paulo;Homens;2002;Demais meios especificados;95;0.5;0.48
SP;São Paulo;Homens;2002;Meios não especificados;3120;16.44;15.05
SP;São Paulo;Homens;2003;Arma de fogo;9032;47.06;42.2
SP;São Paulo;Homens;2003;Arma branca ou objeto contundente;1212;6.31;6.17
SP;São Paulo;Homens;2003;Estrangulamento;99;0.52;0.51
SP;São Paulo;Homens;2003;Força corporal;38;0.2;0.21
SP;São Paulo;Homens;2003;Demais meios especificados;59;0.31;0.29
SP;São Paulo;Homens;2003;Meios não especificados;2430;12.66;11.74
SP;São Paulo;Homens;2004;Arma de fogo;7152;36.85;33.24
SP;São Paulo;Homens;2004;Arma branca ou objeto contundente;1153;5.94;5.81
SP;São Paulo;Homens;2004;Estrangulamento;102;0.53;0.49
SP;São Paulo;Homens;2004;Força corporal;30;0.15;0.16
SP;São Paulo;Homens;2004;Demais meios especificados;84;0.43;0.41
SP;São Paulo;Homens;2004;Meios não especificados;1820;9.38;8.74
SP;São Paulo;Homens;2005;Arma de fogo;5427;27.66;25.41
SP;São Paulo;Homens;2005;Arma branca ou objeto contundente;1148;5.85;5.64
SP;São Paulo;Homens;2005;Estrangulamento;108;0.55;0.52
SP;São Paulo;Homens;2005;Força corporal;10;0.05;0.05
SP;São Paulo;Homens;2005;Demais meios especificados;96;0.49;0.51
SP;São Paulo;Homens;2005;Meios não especificados;1165;5.94;5.62
SP;São Paulo;Homens;2006;Arma de fogo;5370;27.07;24.77
SP;São Paulo;Homens;2006;Arma branca ou objeto contundente;1257;6.34;6.3
SP;São Paulo;Homens;2006;Estrangulamento;104;0.52;0.5
SP;São Paulo;Homens;2006;Força corporal;67;0.34;0.36
SP;São Paulo;Homens;2006;Demais meios especificados;141;0.71;0.68
SP;São Paulo;Homens;2006;Meios não especificados;446;2.25;2.15
SP;São Paulo;Homens;2007;Arma de fogo;3859;19.25;17.76
SP;São Paulo;Homens;2007;Arma branca ou objeto contundente;1230;6.14;6.03
SP;São Paulo;Homens;2007;Estrangulamento;92;0.46;0.43
SP;São Paulo;Homens;2007;Força corporal;55;0.27;0.29
SP;São Paulo;Homens;2007;Demais meios especificados;130;0.65;0.66
SP;São Paulo;Homens;2007;Meios não especificados;292;1.46;1.37
SP;São Paulo;Homens;2008;Arma de fogo;3598;17.77;16.47
SP;São Paulo;Homens;2008;Arma branca ou objeto contundente;1297;6.41;6.3
SP;São Paulo;Homens;2008;Estrangulamento;100;0.49;0.43
SP;São Paulo;Homens;2008;Força corporal;60;0.3;0.3
SP;São Paulo;Homens;2008;Demais meios especificados;130;0.64;0.64
SP;São Paulo;Homens;2008;Meios não especificados;288;1.42;1.34
SP;São Paulo;Homens;2009;Arma de fogo;3606;17.63;16.45
SP;São Paulo;Homens;2009;Arma branca ou objeto contundente;1363;6.66;6.56
SP;São Paulo;Homens;2009;Estrangulamento;106;0.52;0.45
SP;São Paulo;Homens;2009;Força corporal;80;0.39;0.41
SP;São Paulo;Homens;2009;Demais meios especificados;132;0.65;0.61
SP;São Paulo;Homens;2009;Meios não especificados;385;1.88;1.78
SP;São Paulo;Homens;2010;Arma de fogo;3233;15.68;14.53
SP;São Paulo;Homens;2010;Arma branca ou objeto contundente;1323;6.41;6.3
SP;São Paulo;Homens;2010;Estrangulamento;116;0.56;0.52
SP;São Paulo;Homens;2010;Força corporal;81;0.39;0.41
SP;São Paulo;Homens;2010;Demais meios especificados;117;0.57;0.54
SP;São Paulo;Homens;2010;Meios não especificados;296;1.44;1.4
SP;São Paulo;Homens;2011;Arma de fogo;3068;14.76;13.75
SP;São Paulo;Homens;2011;Arma branca ou objeto contundente;1439;6.92;6.71
SP;São Paulo;Homens;2011;Estrangulamento;107;0.51;0.44
SP;São Paulo;Homens;2011;Força corporal;75;0.36;0.37
SP;São Paulo;Homens;2011;Demais meios especificados;115;0.55;0.52
SP;São Paulo;Homens;2011;Meios não especificados;277;1.33;1.29
SP;São Paulo;Homens;2012;Arma de fogo;3639;17.37;16.09
SP;São Paulo;Homens;2012;Arma branca ou objeto contundente;1511;7.21;6.97
SP;São Paulo;Homens;2012;Estrangulamento;123;0.59;0.53
SP;São Paulo;Homens;2012;Força corporal;83;0.4;0.41
SP;São Paulo;Homens;2012;Demais meios especificados;127;0.61;0.57
SP;São Paulo;Homens;2012;Meios não especificados;217;1.04;0.97
SP;São Paulo;Homens;2013;Arma de fogo;3260;15.43;14.44
SP;São Paulo;Homens;2013;Arma branca ou objeto contundente;1432;6.78;6.57
SP;São Paulo;Homens;2013;Estrangulamento;143;0.68;0.55
SP;São Paulo;Homens;2013;Força corporal;79;0.37;0.35
SP;São Paulo;Homens;2013;Demais meios especificados;128;0.61;0.57
SP;São Paulo;Homens;2013;Meios não especificados;208;0.98;0.95
SP;São Paulo;Homens;2014;Arma de fogo;3335;15.66;14.68
SP;São Paulo;Homens;2014;Arma branca ou objeto contundente;1472;6.91;6.67
SP;São Paulo;Homens;2014;Estrangulamento;95;0.45;0.39
SP;São Paulo;Homens;2014;Força corporal;91;0.43;0.41
SP;São Paulo;Homens;2014;Demais meios especificados;107;0.5;0.47
SP;São Paulo;Homens;2014;Meios não especificados;228;1.07;1.05
SP;São Paulo;Homens;2015;Arma de fogo;2919;13.6;12.81
SP;São Paulo;Homens;2015;Arma branca ou objeto contundente;1158;5.39;5.23
SP;São Paulo;Homens;2015;Estrangulamento;103;0.48;0.41
SP;São Paulo;Homens;2015;Força corporal;85;0.4;0.41
SP;São Paulo;Homens;2015;Demais meios especificados;76;0.35;0.32
SP;São Paulo;Homens;2015;Meios não especificados;243;1.13;1.07
SP;São Paulo;Homens;2016;Arma de fogo;2562;11.85;11.33
SP;São Paulo;Homens;2016;Arma branca ou objeto contundente;1065;4.93;4.81
SP;São Paulo;Homens;2016;Estrangulamento;90;0.42;0.37
SP;São Paulo;Homens;2016;Força corporal;96;0.44;0.45
SP;São Paulo;Homens;2016;Demais meios especificados;94;0.43;0.39
SP;São Paulo;Homens;2016;Meios não especificados;198;0.92;0.86
SP;São Paulo;Homens;2017;Arma de fogo;2354;10.82;10.33
SP;São Paulo;Homens;2017;Arma branca ou objeto contundente;1071;4.92;4.81
SP;São Paulo;Homens;2017;Estrangulamento;80;0.37;0.35
SP;São Paulo;Homens;2017;Força corporal;85;0.39;0.39
SP;São Paulo;Homens;2017;Demais meios especificados;59;0.27;0.27
SP;São Paulo;Homens;2017;Meios não especificados;175;0.8;0.75
SP;São Paulo;Homens;2018;Arma de fogo;1891;8.65;8.36
SP;São Paulo;Homens;2018;Arma branca ou objeto contundente;898;4.11;4.02
SP;São Paulo;Homens;2018;Estrangulamento;59;0.27;0.23
SP;São Paulo;Homens;2018;Força corporal;91;0.42;0.41
SP;São Paulo;Homens;2018;Demais meios especificados;70;0.32;0.3
SP;São Paulo;Homens;2018;Meios não especificados;132;0.6;0.57
SP;São Paulo;Homens;2019;Arma de fogo;1624;7.39;7.15
SP;São Paulo;Homens;2019;Arma branca ou objeto contundente;831;3.78;3.72
SP;São Paulo;Homens;2019;Estrangulamento;64;0.29;0.27
SP;São Paulo;Homens;2019;Força corporal;79;0.36;0.35
SP;São Paulo;Homens;2019;Demais meios especificados;66;0.3;0.28
SP;São Paulo;Homens;2019;Meios não especificados;110;0.5;0.48
SP;São Paulo;Homens;2020;Arma de fogo;1677;7.59;7.39
SP;São Paulo;Homens;2020;Arma branca ou objeto contundente;850;3.85;3.73
SP;São Paulo;Homens;2020;Estrangulamento;62;0.28;0.27
SP;São Paulo;Homens;2020;Força corporal;99;0.45;0.43
SP;São Paulo;Homens;2020;Demais meios especificados;55;0.25;0.21
SP;São Paulo;Homens;2020;Meios não especificados;121;0.55;0.54
SP;São Paulo;Homens;2021;Arma de fogo;1556;7.03;6.88
SP;São Paulo;Homens;2021;Arma branca ou objeto contundente;771;3.48;3.41
SP;São Paulo;Homens;2021;Estrangulamento;62;0.28;0.26
SP;São Paulo;Homens;2021;Força corporal;100;0.45;0.42
SP;São Paulo;Homens;2021;Demais meios especificados;62;0.28;0.26
SP;São Paulo;Homens;2021;Meios não especificados;81;0.37;0.34
SP;São Paulo;Homens;2022;Arma de fogo;1573;7.1;6.97
SP;São Paulo;Homens;2022;Arma branca ou objeto contundente;789;3.56;3.49
SP;São Paulo;Homens;2022;Estrangulamento;91;0.41;0.36
SP;São Paulo;Homens;2022;Força corporal;104;0.47;0.45
SP;São Paulo;Homens;2022;Demais meios especificados;62;0.28;0.25
SP;São Paulo;Homens;2022;Meios não especificados;130;0.59;0.55
SP;São Paulo;Homens;2023;Arma de fogo;1398;6.3;6.24
SP;São Paulo;Homens;2023;Arma branca ou objeto contundente;773;3.48;3.4
SP;São Paulo;Homens;2023;Estrangulamento;59;0.27;0.26
SP;São Paulo;Homens;2023;Força corporal;110;0.5;0.48
SP;São Paulo;Homens;2023;Demais meios especificados;66;0.3;0.28
SP;São Paulo;Homens;2023;Meios não especificados;121;0.54;0.52
SP;São Paulo;Homens;2024;Arma de fogo;1384;6.22;6.21
SP;São Paulo;Homens;2024;Arma branca ou objeto contundente;731;3.28;3.21
SP;São Paulo;Homens;2024;Estrangulamento;54;0.24;0.23
SP;São Paulo;Homens;2024;Força corporal;137;0.62;0.58
SP;São Paulo;Homens;2024;Demais meios especificados;64;0.29;0.27
SP;São Paulo;Homens;2024;Meios não especificados;108;0.49;0.47
SP;São Paulo;Homens;2025;Arma de fogo;1215;5.45;5.48
SP;São Paulo;Homens;2025;Arma branca ou objeto contundente;685;3.07;3.01
SP;São Paulo;Homens;2025;Estrangulamento;38;0.17;0.17
SP;São Paulo;Homens;2025;Força corporal;99;0.44;0.43
SP;São Paulo;Homens;2025;Demais meios especificados;70;0.31;0.31
SP;São Paulo;Homens;2025;Meios não especificados;122;0.55;0.53
SP;São Paulo;Mulheres;2000;Arma de fogo;599;3.08;2.88
SP;São Paulo;Mulheres;2000;Arma branca ou objeto contundente;208;1.07;1.07
SP;São Paulo;Mulheres;2000;Estrangulamento;46;0.24;0.21
SP;São Paulo;Mulheres;2000;Demais meios especificados;21;0.11;0.09
SP;São Paulo;Mulheres;2000;Meios não especificados;276;1.42;1.31
SP;São Paulo;Mulheres;2001;Arma de fogo;618;3.13;2.9
SP;São Paulo;Mulheres;2001;Arma branca ou objeto contundente;165;0.84;0.81
SP;São Paulo;Mulheres;2001;Estrangulamento;54;0.27;0.26
SP;São Paulo;Mulheres;2001;Demais meios especificados;25;0.13;0.12
SP;São Paulo;Mulheres;2001;Meios não especificados;238;1.21;1.13
SP;São Paulo;Mulheres;2002;Arma de fogo;547;2.73;2.47
SP;São Paulo;Mulheres;2002;Arma branca ou objeto contundente;172;0.86;0.85
SP;São Paulo;Mulheres;2002;Estrangulamento;59;0.29;0.28
SP;São Paulo;Mulheres;2002;Força corporal;3;0.01;0.02
SP;São Paulo;Mulheres;2002;Demais meios especificados;24;0.12;0.11
SP;São Paulo;Mulheres;2002;Meios não especificados;247;1.23;1.15
SP;São Paulo;Mulheres;2003;Arma de fogo;538;2.66;2.42
SP;São Paulo;Mulheres;2003;Arma branca ou objeto contundente;186;0.92;0.9
SP;São Paulo;Mulheres;2003;Estrangulamento;64;0.32;0.29
SP;São Paulo;Mulheres;2003;Força corporal;3;0.01;0.02
SP;São Paulo;Mulheres;2003;Demais meios especificados;18;0.09;0.09
SP;São Paulo;Mulheres;2003;Meios não especificados;220;1.09;1.02
SP;São Paulo;Mulheres;2004;Arma de fogo;458;2.23;2.05
SP;São Paulo;Mulheres;2004;Arma branca ou objeto contundente;186;0.91;0.88
SP;São Paulo;Mulheres;2004;Estrangulamento;53;0.26;0.26
SP;São Paulo;Mulheres;2004;Demais meios especificados;16;0.08;0.08
SP;São Paulo;Mulheres;2004;Meios não especificados;148;0.72;0.7
SP;São Paulo;Mulheres;2005;Arma de fogo;367;1.77;1.63
SP;São Paulo;Mulheres;2005;Arma branca ou objeto contundente;187;0.9;0.88
SP;São Paulo;Mulheres;2005;Estrangulamento;54;0.26;0.25
SP;São Paulo;Mulheres;2005;Demais meios especificados;21;0.1;0.1
SP;São Paulo;Mulheres;2005;Meios não especificados;146;0.7;0.65
SP;São Paulo;Mulheres;2006;Arma de fogo;387;1.84;1.7
SP;São Paulo;Mulheres;2006;Arma branca ou objeto contundente;249;1.19;1.17
SP;São Paulo;Mulheres;2006;Estrangulamento;50;0.24;0.21
SP;São Paulo;Mulheres;2006;Força corporal;4;0.02;0.02
SP;São Paulo;Mulheres;2006;Demais meios especificados;38;0.18;0.17
SP;São Paulo;Mulheres;2006;Meios não especificados;57;0.27;0.26
SP;São Paulo;Mulheres;2007;Arma de fogo;291;1.37;1.26
SP;São Paulo;Mulheres;2007;Arma branca ou objeto contundente;197;0.93;0.91
SP;São Paulo;Mulheres;2007;Estrangulamento;46;0.22;0.21
SP;São Paulo;Mulheres;2007;Força corporal;5;0.02;0.02
SP;São Paulo;Mulheres;2007;Demais meios especificados;27;0.13;0.12
SP;São Paulo;Mulheres;2007;Meios não especificados;29;0.14;0.13
SP;São Paulo;Mulheres;2008;Arma de fogo;292;1.36;1.29
SP;São Paulo;Mulheres;2008;Arma branca ou objeto contundente;239;1.12;1.09
SP;São Paulo;Mulheres;2008;Estrangulamento;53;0.25;0.22
SP;São Paulo;Mulheres;2008;Força corporal;6;0.03;0.03
SP;São Paulo;Mulheres;2008;Demais meios especificados;33;0.15;0.15
SP;São Paulo;Mulheres;2008;Meios não especificados;43;0.2;0.19
SP;São Paulo;Mulheres;2009;Arma de fogo;235;1.09;1.02
SP;São Paulo;Mulheres;2009;Arma branca ou objeto contundente;250;1.15;1.12
SP;São Paulo;Mulheres;2009;Estrangulamento;67;0.31;0.29
SP;São Paulo;Mulheres;2009;Força corporal;13;0.06;0.06
SP;São Paulo;Mulheres;2009;Demais meios especificados;33;0.15;0.15
SP;São Paulo;Mulheres;2009;Meios não especificados;60;0.28;0.27
SP;São Paulo;Mulheres;2010;Arma de fogo;232;1.06;0.99
SP;São Paulo;Mulheres;2010;Arma branca ou objeto contundente;288;1.32;1.27
SP;São Paulo;Mulheres;2010;Estrangulamento;57;0.26;0.23
SP;São Paulo;Mulheres;2010;Força corporal;12;0.05;0.06
SP;São Paulo;Mulheres;2010;Demais meios especificados;33;0.15;0.13
SP;São Paulo;Mulheres;2010;Meios não especificados;54;0.25;0.22
SP;São Paulo;Mulheres;2011;Arma de fogo;192;0.87;0.83
SP;São Paulo;Mulheres;2011;Arma branca ou objeto contundente;252;1.14;1.1
SP;São Paulo;Mulheres;2011;Estrangulamento;56;0.25;0.23
SP;São Paulo;Mulheres;2011;Força corporal;9;0.04;0.04
SP;São Paulo;Mulheres;2011;Demais meios especificados;30;0.14;0.13
SP;São Paulo;Mulheres;2011;Meios não especificados;39;0.18;0.18
SP;São Paulo;Mulheres;2012;Arma de fogo;205;0.92;0.89
SP;São Paulo;Mulheres;2012;Arma branca ou objeto contundente;284;1.28;1.25
SP;São Paulo;Mulheres;2012;Estrangulamento;69;0.31;0.29
SP;São Paulo;Mulheres;2012;Força corporal;10;0.05;0.05
SP;São Paulo;Mulheres;2012;Demais meios especificados;34;0.15;0.14
SP;São Paulo;Mulheres;2012;Meios não especificados;36;0.16;0.14
SP;São Paulo;Mulheres;2013;Arma de fogo;174;0.78;0.74
SP;São Paulo;Mulheres;2013;Arma branca ou objeto contundente;287;1.28;1.21
SP;São Paulo;Mulheres;2013;Estrangulamento;57;0.25;0.23
SP;São Paulo;Mulheres;2013;Força corporal;18;0.08;0.08
SP;São Paulo;Mulheres;2013;Demais meios especificados;49;0.22;0.21
SP;São Paulo;Mulheres;2013;Meios não especificados;35;0.16;0.14
SP;São Paulo;Mulheres;2014;Arma de fogo;199;0.88;0.85
SP;São Paulo;Mulheres;2014;Arma branca ou objeto contundente;278;1.23;1.18
SP;São Paulo;Mulheres;2014;Estrangulamento;56;0.25;0.24
SP;São Paulo;Mulheres;2014;Força corporal;7;0.03;0.03
SP;São Paulo;Mulheres;2014;Demais meios especificados;37;0.16;0.15
SP;São Paulo;Mulheres;2014;Meios não especificados;35;0.16;0.15
SP;São Paulo;Mulheres;2015;Arma de fogo;175;0.77;0.75
SP;São Paulo;Mulheres;2015;Arma branca ou objeto contundente;238;1.05;1.01
SP;São Paulo;Mulheres;2015;Estrangulamento;57;0.25;0.24
SP;São Paulo;Mulheres;2015;Força corporal;11;0.05;0.04
SP;São Paulo;Mulheres;2015;Demais meios especificados;34;0.15;0.14
SP;São Paulo;Mulheres;2015;Meios não especificados;43;0.19;0.19
SP;São Paulo;Mulheres;2016;Arma de fogo;156;0.68;0.66
SP;São Paulo;Mulheres;2016;Arma branca ou objeto contundente;233;1.02;0.98
SP;São Paulo;Mulheres;2016;Estrangulamento;44;0.19;0.18
SP;São Paulo;Mulheres;2016;Força corporal;16;0.07;0.07
SP;São Paulo;Mulheres;2016;Demais meios especificados;16;0.07;0.06
SP;São Paulo;Mulheres;2016;Meios não especificados;41;0.18;0.18
SP;São Paulo;Mulheres;2017;Arma de fogo;163;0.71;0.7
SP;São Paulo;Mulheres;2017;Arma branca ou objeto contundente;214;0.93;0.91
SP;São Paulo;Mulheres;2017;Estrangulamento;47;0.2;0.19
SP;São Paulo;Mulheres;2017;Força corporal;12;0.05;0.05
SP;São Paulo;Mulheres;2017;Demais meios especificados;24;0.1;0.09
SP;São Paulo;Mulheres;2017;Meios não especificados;34;0.15;0.13
SP;São Paulo;Mulheres;2018;Arma de fogo;116;0.5;0.5
SP;São Paulo;Mulheres;2018;Arma branca ou objeto contundente;212;0.91;0.89
SP;São Paulo;Mulheres;2018;Estrangulamento;54;0.23;0.23
SP;São Paulo;Mulheres;2018;Força corporal;17;0.07;0.07
SP;São Paulo;Mulheres;2018;Demais meios especificados;31;0.13;0.13
SP;São Paulo;Mulheres;2018;Meios não especificados;24;0.1;0.1
SP;São Paulo;Mulheres;2019;Arma de fogo;118;0.51;0.51
SP;São Paulo;Mulheres;2019;Arma branca ou objeto contundente;180;0.77;0.76
SP;São Paulo;Mulheres;2019;Estrangulamento;51;0.22;0.21
SP;São Paulo;Mulheres;2019;Força corporal;8;0.03;0.03
SP;São Paulo;Mulheres;2019;Demais meios especificados;30;0.13;0.13
SP;São Paulo;Mulheres;2019;Meios não especificados;16;0.07;0.07
SP;São Paulo;Mulheres;2020;Arma de fogo;108;0.46;0.47
SP;São Paulo;Mulheres;2020;Arma branca ou objeto contundente;174;0.74;0.73
SP;São Paulo;Mulheres;2020;Estrangulamento;57;0.24;0.24
SP;São Paulo;Mulheres;2020;Força corporal;17;0.07;0.07
SP;São Paulo;Mulheres;2020;Demais meios especificados;24;0.1;0.1
SP;São Paulo;Mulheres;2020;Meios não especificados;16;0.07;0.06
SP;São Paulo;Mulheres;2021;Arma de fogo;92;0.39;0.39
SP;São Paulo;Mulheres;2021;Arma branca ou objeto contundente;156;0.66;0.66
SP;São Paulo;Mulheres;2021;Estrangulamento;42;0.18;0.17
SP;São Paulo;Mulheres;2021;Força corporal;15;0.06;0.06
SP;São Paulo;Mulheres;2021;Demais meios especificados;14;0.06;0.05
SP;São Paulo;Mulheres;2021;Meios não especificados;23;0.1;0.09
SP;São Paulo;Mulheres;2022;Arma de fogo;101;0.43;0.44
SP;São Paulo;Mulheres;2022;Arma branca ou objeto contundente;174;0.74;0.74
SP;São Paulo;Mulheres;2022;Estrangulamento;32;0.14;0.13
SP;São Paulo;Mulheres;2022;Força corporal;16;0.07;0.07
SP;São Paulo;Mulheres;2022;Demais meios especificados;25;0.11;0.11
SP;São Paulo;Mulheres;2022;Meios não especificados;23;0.1;0.1
SP;São Paulo;Mulheres;2023;Arma de fogo;107;0.45;0.47
SP;São Paulo;Mulheres;2023;Arma branca ou objeto contundente;189;0.8;0.8
SP;São Paulo;Mulheres;2023;Estrangulamento;34;0.14;0.15
SP;São Paulo;Mulheres;2023;Força corporal;15;0.06;0.06
SP;São Paulo;Mulheres;2023;Demais meios especificados;23;0.1;0.09
SP;São Paulo;Mulheres;2023;Meios não especificados;20;0.08;0.09
SP;São Paulo;Mulheres;2024;Arma de fogo;90;0.38;0.39
SP;São Paulo;Mulheres;2024;Arma branca ou objeto contundente;161;0.68;0.68
SP;São Paulo;Mulheres;2024;Estrangulamento;34;0.14;0.15
SP;São Paulo;Mulheres;2024;Força corporal;11;0.05;0.05
SP;São Paulo;Mulheres;2024;Demais meios especificados;30;0.13;0.13
SP;São Paulo;Mulheres;2024;Meios não especificados;23;0.1;0.09
SP;São Paulo;Mulheres;2025;Arma de fogo;97;0.41;0.42
SP;São Paulo;Mulheres;2025;Arma branca ou objeto contundente;172;0.72;0.72
SP;São Paulo;Mulheres;2025;Estrangulamento;26;0.11;0.11
SP;São Paulo;Mulheres;2025;Força corporal;19;0.08;0.08
SP;São Paulo;Mulheres;2025;Demais meios especificados;19;0.08;0.08
SP;São Paulo;Mulheres;2025;Meios não especificados;16;0.07;0.06
TO;Tocantins;Ambos;2000;Arma de fogo;97;8.14;8.93
TO;Tocantins;Ambos;2000;Arma branca ou objeto contundente;71;5.96;7.05
TO;Tocantins;Ambos;2000;Estrangulamento;3;0.25;0.27
TO;Tocantins;Ambos;2000;Meios não especificados;4;0.34;0.47
TO;Tocantins;Ambos;2001;Arma de fogo;131;10.78;12.23
TO;Tocantins;Ambos;2001;Arma branca ou objeto contundente;71;5.84;6.7
TO;Tocantins;Ambos;2001;Estrangulamento;5;0.41;0.55
TO;Tocantins;Ambos;2001;Força corporal;3;0.25;0.26
TO;Tocantins;Ambos;2001;Meios não especificados;1;0.08;0.13
TO;Tocantins;Ambos;2002;Arma de fogo;83;6.7;7.32
TO;Tocantins;Ambos;2002;Arma branca ou objeto contundente;84;6.78;7.92
TO;Tocantins;Ambos;2002;Demais meios especificados;2;0.16;0.15
TO;Tocantins;Ambos;2003;Arma de fogo;98;7.78;8.53
TO;Tocantins;Ambos;2003;Arma branca ou objeto contundente;90;7.14;8.43
TO;Tocantins;Ambos;2003;Estrangulamento;1;0.08;0.16
TO;Tocantins;Ambos;2003;Demais meios especificados;7;0.56;0.71
TO;Tocantins;Ambos;2003;Meios não especificados;7;0.56;0.61
TO;Tocantins;Ambos;2004;Arma de fogo;100;7.8;8.66
TO;Tocantins;Ambos;2004;Arma branca ou objeto contundente;80;6.24;6.75
TO;Tocantins;Ambos;2004;Estrangulamento;6;0.47;0.38
TO;Tocantins;Ambos;2004;Demais meios especificados;4;0.31;0.36
TO;Tocantins;Ambos;2004;Meios não especificados;6;0.47;0.77
TO;Tocantins;Ambos;2005;Arma de fogo;78;5.99;6.53
TO;Tocantins;Ambos;2005;Arma branca ou objeto contundente;95;7.29;7.97
TO;Tocantins;Ambos;2005;Estrangulamento;3;0.23;0.33
TO;Tocantins;Ambos;2005;Força corporal;4;0.31;0.49
TO;Tocantins;Ambos;2005;Demais meios especificados;8;0.61;0.79
TO;Tocantins;Ambos;2005;Meios não especificados;2;0.15;0.3
TO;Tocantins;Ambos;2006;Arma de fogo;85;6.42;6.22
TO;Tocantins;Ambos;2006;Arma branca ou objeto contundente;125;9.44;10.01
TO;Tocantins;Ambos;2006;Estrangulamento;2;0.15;0.21
TO;Tocantins;Ambos;2006;Força corporal;1;0.08;0.09
TO;Tocantins;Ambos;2006;Demais meios especificados;7;0.53;0.45
TO;Tocantins;Ambos;2006;Meios não especificados;7;0.53;0.75
TO;Tocantins;Ambos;2007;Arma de fogo;88;6.55;7.09
TO;Tocantins;Ambos;2007;Arma branca ou objeto contundente;111;8.26;8.5
TO;Tocantins;Ambos;2007;Estrangulamento;4;0.3;0.48
TO;Tocantins;Ambos;2007;Força corporal;6;0.45;0.51
TO;Tocantins;Ambos;2007;Demais meios especificados;11;0.82;0.79
TO;Tocantins;Ambos;2007;Meios não especificados;3;0.22;0.11
TO;Tocantins;Ambos;2008;Arma de fogo;98;7.19;7.09
TO;Tocantins;Ambos;2008;Arma branca ou objeto contundente;119;8.73;8.96
TO;Tocantins;Ambos;2008;Estrangulamento;4;0.29;0.42
TO;Tocantins;Ambos;2008;Força corporal;3;0.22;0.22
TO;Tocantins;Ambos;2008;Demais meios especificados;8;0.59;0.65
TO;Tocantins;Ambos;2008;Meios não especificados;5;0.37;0.36
TO;Tocantins;Ambos;2009;Arma de fogo;128;9.27;9.18
TO;Tocantins;Ambos;2009;Arma branca ou objeto contundente;140;10.14;10.45
TO;Tocantins;Ambos;2009;Estrangulamento;10;0.72;0.77
TO;Tocantins;Ambos;2009;Força corporal;1;0.07;0.06
TO;Tocantins;Ambos;2009;Demais meios especificados;2;0.14;0.18
TO;Tocantins;Ambos;2009;Meios não especificados;7;0.51;0.67
TO;Tocantins;Ambos;2010;Arma de fogo;131;9.38;9.44
TO;Tocantins;Ambos;2010;Arma branca ou objeto contundente;171;12.24;12.35
TO;Tocantins;Ambos;2010;Estrangulamento;2;0.14;0.14
TO;Tocantins;Ambos;2010;Força corporal;2;0.14;0.18
TO;Tocantins;Ambos;2010;Demais meios especificados;5;0.36;0.3
TO;Tocantins;Ambos;2010;Meios não especificados;14;1;1.11
TO;Tocantins;Ambos;2011;Arma de fogo;158;11.2;11.17
TO;Tocantins;Ambos;2011;Arma branca ou objeto contundente;176;12.47;12.92
TO;Tocantins;Ambos;2011;Estrangulamento;4;0.28;0.32
TO;Tocantins;Ambos;2011;Força corporal;3;0.21;0.26
TO;Tocantins;Ambos;2011;Demais meios especificados;7;0.5;0.48
TO;Tocantins;Ambos;2011;Meios não especificados;11;0.78;0.95
TO;Tocantins;Ambos;2012;Arma de fogo;178;12.48;12.37
TO;Tocantins;Ambos;2012;Arma branca ou objeto contundente;173;12.13;12.25
TO;Tocantins;Ambos;2012;Estrangulamento;7;0.49;0.36
TO;Tocantins;Ambos;2012;Força corporal;5;0.35;0.42
TO;Tocantins;Ambos;2012;Demais meios especificados;2;0.14;0.14
TO;Tocantins;Ambos;2012;Meios não especificados;14;0.98;1.16
TO;Tocantins;Ambos;2013;Arma de fogo;146;10.13;10.23
TO;Tocantins;Ambos;2013;Arma branca ou objeto contundente;160;11.1;11.21
TO;Tocantins;Ambos;2013;Estrangulamento;7;0.49;0.49
TO;Tocantins;Ambos;2013;Força corporal;4;0.28;0.29
TO;Tocantins;Ambos;2013;Demais meios especificados;6;0.42;0.37
TO;Tocantins;Ambos;2013;Meios não especificados;26;1.8;2.05
TO;Tocantins;Ambos;2014;Arma de fogo;176;12.09;11.44
TO;Tocantins;Ambos;2014;Arma branca ou objeto contundente;174;11.95;11.67
TO;Tocantins;Ambos;2014;Estrangulamento;7;0.48;0.45
TO;Tocantins;Ambos;2014;Força corporal;1;0.07;0.06
TO;Tocantins;Ambos;2014;Demais meios especificados;12;0.82;0.61
TO;Tocantins;Ambos;2014;Meios não especificados;10;0.69;0.6
TO;Tocantins;Ambos;2015;Arma de fogo;276;18.76;17.39
TO;Tocantins;Ambos;2015;Arma branca ou objeto contundente;189;12.84;12.35
TO;Tocantins;Ambos;2015;Estrangulamento;3;0.2;0.19
TO;Tocantins;Ambos;2015;Força corporal;7;0.48;0.54
TO;Tocantins;Ambos;2015;Demais meios especificados;7;0.48;0.4
TO;Tocantins;Ambos;2015;Meios não especificados;13;0.88;1.1
TO;Tocantins;Ambos;2016;Arma de fogo;312;21;19.57
TO;Tocantins;Ambos;2016;Arma branca ou objeto contundente;223;15.01;15.11
TO;Tocantins;Ambos;2016;Estrangulamento;11;0.74;0.65
TO;Tocantins;Ambos;2016;Força corporal;6;0.4;0.42
TO;Tocantins;Ambos;2016;Demais meios especificados;6;0.4;0.5
TO;Tocantins;Ambos;2016;Meios não especificados;8;0.54;0.6
TO;Tocantins;Ambos;2017;Arma de fogo;318;21.22;19.6
TO;Tocantins;Ambos;2017;Arma branca ou objeto contundente;193;12.88;12.86
TO;Tocantins;Ambos;2017;Estrangulamento;9;0.6;0.61
TO;Tocantins;Ambos;2017;Força corporal;4;0.27;0.37
TO;Tocantins;Ambos;2017;Demais meios especificados;5;0.33;0.3
TO;Tocantins;Ambos;2017;Meios não especificados;10;0.67;0.82
TO;Tocantins;Ambos;2018;Arma de fogo;321;21.23;20.06
TO;Tocantins;Ambos;2018;Arma branca ou objeto contundente;206;13.63;13.55
TO;Tocantins;Ambos;2018;Estrangulamento;2;0.13;0.06
TO;Tocantins;Ambos;2018;Força corporal;11;0.73;0.79
TO;Tocantins;Ambos;2018;Demais meios especificados;7;0.46;0.44
TO;Tocantins;Ambos;2018;Meios não especificados;7;0.46;0.44
TO;Tocantins;Ambos;2019;Arma de fogo;250;16.39;15.61
TO;Tocantins;Ambos;2019;Arma branca ou objeto contundente;166;10.88;11.01
TO;Tocantins;Ambos;2019;Estrangulamento;10;0.66;0.66
TO;Tocantins;Ambos;2019;Força corporal;10;0.66;0.7
TO;Tocantins;Ambos;2019;Demais meios especificados;6;0.39;0.28
TO;Tocantins;Ambos;2019;Meios não especificados;5;0.33;0.36
TO;Tocantins;Ambos;2020;Arma de fogo;278;18.08;17.47
TO;Tocantins;Ambos;2020;Arma branca ou objeto contundente;163;10.6;10.68
TO;Tocantins;Ambos;2020;Estrangulamento;12;0.78;0.81
TO;Tocantins;Ambos;2020;Força corporal;11;0.72;0.78
TO;Tocantins;Ambos;2020;Demais meios especificados;4;0.26;0.23
TO;Tocantins;Ambos;2020;Meios não especificados;10;0.65;0.72
TO;Tocantins;Ambos;2021;Arma de fogo;253;16.34;15.72
TO;Tocantins;Ambos;2021;Arma branca ou objeto contundente;155;10.01;9.97
TO;Tocantins;Ambos;2021;Estrangulamento;2;0.13;0.12
TO;Tocantins;Ambos;2021;Força corporal;11;0.71;0.83
TO;Tocantins;Ambos;2021;Demais meios especificados;3;0.19;0.2
TO;Tocantins;Ambos;2021;Meios não especificados;8;0.52;0.56
TO;Tocantins;Ambos;2022;Arma de fogo;256;16.44;16.08
TO;Tocantins;Ambos;2022;Arma branca ou objeto contundente;160;10.27;10.33
TO;Tocantins;Ambos;2022;Estrangulamento;3;0.19;0.21
TO;Tocantins;Ambos;2022;Força corporal;11;0.71;0.77
TO;Tocantins;Ambos;2022;Demais meios especificados;2;0.13;0.12
TO;Tocantins;Ambos;2022;Meios não especificados;18;1.16;1.19
TO;Tocantins;Ambos;2023;Arma de fogo;247;15.76;15.33
TO;Tocantins;Ambos;2023;Arma branca ou objeto contundente;131;8.36;8.45
TO;Tocantins;Ambos;2023;Estrangulamento;5;0.32;0.32
TO;Tocantins;Ambos;2023;Força corporal;10;0.64;0.67
TO;Tocantins;Ambos;2023;Demais meios especificados;3;0.19;0.2
TO;Tocantins;Ambos;2023;Meios não especificados;13;0.83;0.87
TO;Tocantins;Ambos;2024;Arma de fogo;145;9.19;9.17
TO;Tocantins;Ambos;2024;Arma branca ou objeto contundente;131;8.31;8.36
TO;Tocantins;Ambos;2024;Estrangulamento;7;0.44;0.47
TO;Tocantins;Ambos;2024;Força corporal;6;0.38;0.39
TO;Tocantins;Ambos;2024;Demais meios especificados;5;0.32;0.35
TO;Tocantins;Ambos;2024;Meios não especificados;6;0.38;0.33
TO;Tocantins;Ambos;2025;Arma de fogo;127;8;8
TO;Tocantins;Ambos;2025;Arma branca ou objeto contundente;131;8.26;8.36
TO;Tocantins;Ambos;2025;Estrangulamento;8;0.5;0.52
TO;Tocantins;Ambos;2025;Força corporal;17;1.07;1.13
TO;Tocantins;Ambos;2025;Demais meios especificados;5;0.32;0.32
TO;Tocantins;Ambos;2025;Meios não especificados;8;0.5;0.56
TO;Tocantins;Homens;2000;Arma de fogo;89;14.63;15.92
TO;Tocantins;Homens;2000;Arma branca ou objeto contundente;65;10.68;12.26
TO;Tocantins;Homens;2000;Estrangulamento;2;0.33;0.36
TO;Tocantins;Homens;2000;Meios não especificados;3;0.49;0.68
TO;Tocantins;Homens;2001;Arma de fogo;120;19.35;21.91
TO;Tocantins;Homens;2001;Arma branca ou objeto contundente;59;9.51;11.03
TO;Tocantins;Homens;2001;Estrangulamento;5;0.81;1.06
TO;Tocantins;Homens;2001;Força corporal;3;0.48;0.5
TO;Tocantins;Homens;2001;Meios não especificados;1;0.16;0.24
TO;Tocantins;Homens;2002;Arma de fogo;76;12.03;12.91
TO;Tocantins;Homens;2002;Arma branca ou objeto contundente;72;11.4;13.39
TO;Tocantins;Homens;2002;Demais meios especificados;1;0.16;0.1
TO;Tocantins;Homens;2003;Arma de fogo;93;14.47;15.79
TO;Tocantins;Homens;2003;Arma branca ou objeto contundente;75;11.67;13.9
TO;Tocantins;Homens;2003;Estrangulamento;1;0.16;0.3
TO;Tocantins;Homens;2003;Demais meios especificados;6;0.93;1.09
TO;Tocantins;Homens;2003;Meios não especificados;6;0.93;1.03
TO;Tocantins;Homens;2004;Arma de fogo;94;14.39;16.08
TO;Tocantins;Homens;2004;Arma branca ou objeto contundente;70;10.72;11.54
TO;Tocantins;Homens;2004;Estrangulamento;5;0.77;0.64
TO;Tocantins;Homens;2004;Demais meios especificados;4;0.61;0.7
TO;Tocantins;Homens;2004;Meios não especificados;5;0.77;1.16
TO;Tocantins;Homens;2005;Arma de fogo;72;10.85;11.83
TO;Tocantins;Homens;2005;Arma branca ou objeto contundente;85;12.81;14.14
TO;Tocantins;Homens;2005;Estrangulamento;1;0.15;0.14
TO;Tocantins;Homens;2005;Força corporal;4;0.6;0.94
TO;Tocantins;Homens;2005;Demais meios especificados;5;0.75;0.74
TO;Tocantins;Homens;2005;Meios não especificados;2;0.3;0.56
TO;Tocantins;Homens;2006;Arma de fogo;79;11.72;11.52
TO;Tocantins;Homens;2006;Arma branca ou objeto contundente;112;16.62;17.33
TO;Tocantins;Homens;2006;Estrangulamento;1;0.15;0.26
TO;Tocantins;Homens;2006;Força corporal;1;0.15;0.18
TO;Tocantins;Homens;2006;Demais meios especificados;6;0.89;0.8
TO;Tocantins;Homens;2006;Meios não especificados;6;0.89;1.22
TO;Tocantins;Homens;2007;Arma de fogo;80;11.7;12.8
TO;Tocantins;Homens;2007;Arma branca ou objeto contundente;93;13.6;14
TO;Tocantins;Homens;2007;Estrangulamento;2;0.29;0.47
TO;Tocantins;Homens;2007;Força corporal;6;0.88;1.01
TO;Tocantins;Homens;2007;Demais meios especificados;10;1.46;1.46
TO;Tocantins;Homens;2007;Meios não especificados;3;0.44;0.23
TO;Tocantins;Homens;2008;Arma de fogo;88;12.7;12.54
TO;Tocantins;Homens;2008;Arma branca ou objeto contundente;112;16.17;16.51
TO;Tocantins;Homens;2008;Estrangulamento;4;0.58;0.81
TO;Tocantins;Homens;2008;Força corporal;3;0.43;0.44
TO;Tocantins;Homens;2008;Demais meios especificados;5;0.72;0.92
TO;Tocantins;Homens;2008;Meios não especificados;4;0.58;0.61
TO;Tocantins;Homens;2009;Arma de fogo;116;16.53;16.69
TO;Tocantins;Homens;2009;Arma branca ou objeto contundente;125;17.82;18.18
TO;Tocantins;Homens;2009;Estrangulamento;7;1;1.04
TO;Tocantins;Homens;2009;Força corporal;1;0.14;0.12
TO;Tocantins;Homens;2009;Demais meios especificados;2;0.29;0.35
TO;Tocantins;Homens;2009;Meios não especificados;6;0.86;1.21
TO;Tocantins;Homens;2010;Arma de fogo;122;17.2;17.62
TO;Tocantins;Homens;2010;Arma branca ou objeto contundente;149;21.01;21.39
TO;Tocantins;Homens;2010;Estrangulamento;2;0.28;0.29
TO;Tocantins;Homens;2010;Força corporal;1;0.14;0.18
TO;Tocantins;Homens;2010;Demais meios especificados;5;0.71;0.6
TO;Tocantins;Homens;2010;Meios não especificados;12;1.69;1.88
TO;Tocantins;Homens;2011;Arma de fogo;145;20.25;20.52
TO;Tocantins;Homens;2011;Arma branca ou objeto contundente;145;20.25;21.06
TO;Tocantins;Homens;2011;Estrangulamento;1;0.14;0.22
TO;Tocantins;Homens;2011;Força corporal;2;0.28;0.39
TO;Tocantins;Homens;2011;Demais meios especificados;6;0.84;0.81
TO;Tocantins;Homens;2011;Meios não especificados;10;1.4;1.68
TO;Tocantins;Homens;2012;Arma de fogo;160;22.12;22.01
TO;Tocantins;Homens;2012;Arma branca ou objeto contundente;150;20.73;20.83
TO;Tocantins;Homens;2012;Estrangulamento;3;0.41;0.28
TO;Tocantins;Homens;2012;Força corporal;4;0.55;0.58
TO;Tocantins;Homens;2012;Demais meios especificados;2;0.28;0.28
TO;Tocantins;Homens;2012;Meios não especificados;11;1.52;1.65
TO;Tocantins;Homens;2013;Arma de fogo;133;18.2;18.6
TO;Tocantins;Homens;2013;Arma branca ou objeto contundente;140;19.16;19.67
TO;Tocantins;Homens;2013;Estrangulamento;6;0.82;0.86
TO;Tocantins;Homens;2013;Força corporal;3;0.41;0.47
TO;Tocantins;Homens;2013;Demais meios especificados;4;0.55;0.51
TO;Tocantins;Homens;2013;Meios não especificados;21;2.87;3.36
TO;Tocantins;Homens;2014;Arma de fogo;162;21.95;20.84
TO;Tocantins;Homens;2014;Arma branca ou objeto contundente;158;21.41;21.29
TO;Tocantins;Homens;2014;Estrangulamento;4;0.54;0.51
TO;Tocantins;Homens;2014;Força corporal;1;0.14;0.12
TO;Tocantins;Homens;2014;Demais meios especificados;8;1.08;1
TO;Tocantins;Homens;2014;Meios não especificados;8;1.08;1.08
TO;Tocantins;Homens;2015;Arma de fogo;263;35.28;32.88
TO;Tocantins;Homens;2015;Arma branca ou objeto contundente;160;21.46;20.77
TO;Tocantins;Homens;2015;Estrangulamento;2;0.27;0.26
TO;Tocantins;Homens;2015;Força corporal;6;0.8;0.86
TO;Tocantins;Homens;2015;Demais meios especificados;4;0.54;0.56
TO;Tocantins;Homens;2015;Meios não especificados;11;1.48;1.78
TO;Tocantins;Homens;2016;Arma de fogo;298;39.62;37.24
TO;Tocantins;Homens;2016;Arma branca ou objeto contundente;203;26.99;27.19
TO;Tocantins;Homens;2016;Estrangulamento;6;0.8;0.74
TO;Tocantins;Homens;2016;Força corporal;6;0.8;0.83
TO;Tocantins;Homens;2016;Demais meios especificados;2;0.27;0.3
TO;Tocantins;Homens;2016;Meios não especificados;6;0.8;0.88
TO;Tocantins;Homens;2017;Arma de fogo;299;39.43;36.92
TO;Tocantins;Homens;2017;Arma branca ou objeto contundente;176;23.21;23.39
TO;Tocantins;Homens;2017;Estrangulamento;7;0.92;0.93
TO;Tocantins;Homens;2017;Força corporal;4;0.53;0.72
TO;Tocantins;Homens;2017;Demais meios especificados;4;0.53;0.41
TO;Tocantins;Homens;2017;Meios não especificados;9;1.19;1.43
TO;Tocantins;Homens;2018;Arma de fogo;302;39.5;37.48
TO;Tocantins;Homens;2018;Arma branca ou objeto contundente;180;23.54;23.74
TO;Tocantins;Homens;2018;Estrangulamento;1;0.13;0.12
TO;Tocantins;Homens;2018;Força corporal;9;1.18;1.32
TO;Tocantins;Homens;2018;Demais meios especificados;6;0.78;0.75
TO;Tocantins;Homens;2018;Meios não especificados;6;0.78;0.75
TO;Tocantins;Homens;2019;Arma de fogo;234;30.35;28.94
TO;Tocantins;Homens;2019;Arma branca ou objeto contundente;152;19.72;20.1
TO;Tocantins;Homens;2019;Estrangulamento;6;0.78;0.81
TO;Tocantins;Homens;2019;Força corporal;9;1.17;1.26
TO;Tocantins;Homens;2019;Demais meios especificados;5;0.65;0.54
TO;Tocantins;Homens;2019;Meios não especificados;5;0.65;0.71
TO;Tocantins;Homens;2020;Arma de fogo;262;33.73;32.68
TO;Tocantins;Homens;2020;Arma branca ou objeto contundente;146;18.8;19.13
TO;Tocantins;Homens;2020;Estrangulamento;10;1.29;1.38
TO;Tocantins;Homens;2020;Força corporal;11;1.42;1.56
TO;Tocantins;Homens;2020;Demais meios especificados;4;0.51;0.45
TO;Tocantins;Homens;2020;Meios não especificados;9;1.16;1.32
TO;Tocantins;Homens;2021;Arma de fogo;239;30.59;29.43
TO;Tocantins;Homens;2021;Arma branca ou objeto contundente;136;17.41;17.52
TO;Tocantins;Homens;2021;Estrangulamento;1;0.13;0.12
TO;Tocantins;Homens;2021;Força corporal;7;0.9;1.03
TO;Tocantins;Homens;2021;Demais meios especificados;3;0.38;0.39
TO;Tocantins;Homens;2021;Meios não especificados;6;0.77;0.89
TO;Tocantins;Homens;2022;Arma de fogo;246;31.33;30.81
TO;Tocantins;Homens;2022;Arma branca ou objeto contundente;147;18.72;18.94
TO;Tocantins;Homens;2022;Estrangulamento;2;0.25;0.28
TO;Tocantins;Homens;2022;Força corporal;10;1.27;1.4
TO;Tocantins;Homens;2022;Demais meios especificados;2;0.25;0.24
TO;Tocantins;Homens;2022;Meios não especificados;13;1.66;1.72
TO;Tocantins;Homens;2023;Arma de fogo;240;30.41;29.61
TO;Tocantins;Homens;2023;Arma branca ou objeto contundente;113;14.32;14.54
TO;Tocantins;Homens;2023;Estrangulamento;4;0.51;0.53
TO;Tocantins;Homens;2023;Força corporal;7;0.89;0.92
TO;Tocantins;Homens;2023;Demais meios especificados;3;0.38;0.39
TO;Tocantins;Homens;2023;Meios não especificados;12;1.52;1.62
TO;Tocantins;Homens;2024;Arma de fogo;136;17.13;17.16
TO;Tocantins;Homens;2024;Arma branca ou objeto contundente;114;14.36;14.65
TO;Tocantins;Homens;2024;Estrangulamento;6;0.76;0.81
TO;Tocantins;Homens;2024;Força corporal;5;0.63;0.62
TO;Tocantins;Homens;2024;Demais meios especificados;4;0.5;0.55
TO;Tocantins;Homens;2024;Meios não especificados;6;0.76;0.67
TO;Tocantins;Homens;2025;Arma de fogo;120;15.04;15.05
TO;Tocantins;Homens;2025;Arma branca ou objeto contundente;111;13.91;14.14
TO;Tocantins;Homens;2025;Estrangulamento;5;0.63;0.66
TO;Tocantins;Homens;2025;Força corporal;17;2.13;2.26
TO;Tocantins;Homens;2025;Demais meios especificados;3;0.38;0.38
TO;Tocantins;Homens;2025;Meios não especificados;7;0.88;0.98
TO;Tocantins;Mulheres;2000;Arma de fogo;8;1.37;1.54
TO;Tocantins;Mulheres;2000;Arma branca ou objeto contundente;6;1.03;1.53
TO;Tocantins;Mulheres;2000;Estrangulamento;1;0.17;0.19
TO;Tocantins;Mulheres;2000;Meios não especificados;1;0.17;0.22
TO;Tocantins;Mulheres;2001;Arma de fogo;11;1.85;1.99
TO;Tocantins;Mulheres;2001;Arma branca ou objeto contundente;12;2.02;2.13
TO;Tocantins;Mulheres;2002;Arma de fogo;7;1.15;1.55
TO;Tocantins;Mulheres;2002;Arma branca ou objeto contundente;12;1.98;2.04
TO;Tocantins;Mulheres;2002;Demais meios especificados;1;0.16;0.21
TO;Tocantins;Mulheres;2003;Arma de fogo;5;0.81;0.96
TO;Tocantins;Mulheres;2003;Arma branca ou objeto contundente;15;2.43;2.63
TO;Tocantins;Mulheres;2003;Demais meios especificados;1;0.16;0.34
TO;Tocantins;Mulheres;2003;Meios não especificados;1;0.16;0.17
TO;Tocantins;Mulheres;2004;Arma de fogo;6;0.95;0.88
TO;Tocantins;Mulheres;2004;Arma branca ou objeto contundente;10;1.59;1.73
TO;Tocantins;Mulheres;2004;Estrangulamento;1;0.16;0.11
TO;Tocantins;Mulheres;2004;Meios não especificados;1;0.16;0.35
TO;Tocantins;Mulheres;2005;Arma de fogo;6;0.94;0.96
TO;Tocantins;Mulheres;2005;Arma branca ou objeto contundente;10;1.57;1.46
TO;Tocantins;Mulheres;2005;Estrangulamento;2;0.31;0.56
TO;Tocantins;Mulheres;2005;Demais meios especificados;3;0.47;0.87
TO;Tocantins;Mulheres;2006;Arma de fogo;6;0.92;0.78
TO;Tocantins;Mulheres;2006;Arma branca ou objeto contundente;13;2;2.43
TO;Tocantins;Mulheres;2006;Estrangulamento;1;0.15;0.16
TO;Tocantins;Mulheres;2006;Demais meios especificados;1;0.15;0.09
TO;Tocantins;Mulheres;2006;Meios não especificados;1;0.15;0.24
TO;Tocantins;Mulheres;2007;Arma de fogo;8;1.21;1.15
TO;Tocantins;Mulheres;2007;Arma branca ou objeto contundente;16;2.42;2.82
TO;Tocantins;Mulheres;2007;Estrangulamento;2;0.3;0.47
TO;Tocantins;Mulheres;2007;Demais meios especificados;1;0.15;0.11
TO;Tocantins;Mulheres;2008;Arma de fogo;10;1.49;1.48
TO;Tocantins;Mulheres;2008;Arma branca ou objeto contundente;7;1.05;1.16
TO;Tocantins;Mulheres;2008;Demais meios especificados;3;0.45;0.35
TO;Tocantins;Mulheres;2008;Meios não especificados;1;0.15;0.11
TO;Tocantins;Mulheres;2009;Arma de fogo;12;1.77;1.43
TO;Tocantins;Mulheres;2009;Arma branca ou objeto contundente;15;2.21;2.54
TO;Tocantins;Mulheres;2009;Estrangulamento;3;0.44;0.49
TO;Tocantins;Mulheres;2009;Meios não especificados;1;0.15;0.11
TO;Tocantins;Mulheres;2010;Arma de fogo;9;1.31;1.08
TO;Tocantins;Mulheres;2010;Arma branca ou objeto contundente;22;3.2;3.07
TO;Tocantins;Mulheres;2010;Força corporal;1;0.15;0.19
TO;Tocantins;Mulheres;2010;Meios não especificados;2;0.29;0.31
TO;Tocantins;Mulheres;2011;Arma de fogo;13;1.87;1.6
TO;Tocantins;Mulheres;2011;Arma branca ou objeto contundente;30;4.32;4.55
TO;Tocantins;Mulheres;2011;Estrangulamento;3;0.43;0.42
TO;Tocantins;Mulheres;2011;Força corporal;1;0.14;0.12
TO;Tocantins;Mulheres;2011;Demais meios especificados;1;0.14;0.13
TO;Tocantins;Mulheres;2011;Meios não especificados;1;0.14;0.2
TO;Tocantins;Mulheres;2012;Arma de fogo;18;2.56;2.53
TO;Tocantins;Mulheres;2012;Arma branca ou objeto contundente;23;3.27;3.5
TO;Tocantins;Mulheres;2012;Estrangulamento;4;0.57;0.44
TO;Tocantins;Mulheres;2012;Força corporal;1;0.14;0.26
TO;Tocantins;Mulheres;2012;Meios não especificados;3;0.43;0.66
TO;Tocantins;Mulheres;2013;Arma de fogo;12;1.69;1.56
TO;Tocantins;Mulheres;2013;Arma branca ou objeto contundente;20;2.82;2.59
TO;Tocantins;Mulheres;2013;Estrangulamento;1;0.14;0.11
TO;Tocantins;Mulheres;2013;Força corporal;1;0.14;0.11
TO;Tocantins;Mulheres;2013;Demais meios especificados;2;0.28;0.23
TO;Tocantins;Mulheres;2013;Meios não especificados;4;0.56;0.68
TO;Tocantins;Mulheres;2014;Arma de fogo;13;1.81;1.79
TO;Tocantins;Mulheres;2014;Arma branca ou objeto contundente;16;2.23;1.91
TO;Tocantins;Mulheres;2014;Estrangulamento;3;0.42;0.39
TO;Tocantins;Mulheres;2014;Demais meios especificados;2;0.28;0.21
TO;Tocantins;Mulheres;2014;Meios não especificados;1;0.14;0.1
TO;Tocantins;Mulheres;2015;Arma de fogo;13;1.79;1.73
TO;Tocantins;Mulheres;2015;Arma branca ou objeto contundente;29;3.99;3.83
TO;Tocantins;Mulheres;2015;Estrangulamento;1;0.14;0.12
TO;Tocantins;Mulheres;2015;Força corporal;1;0.14;0.21
TO;Tocantins;Mulheres;2015;Demais meios especificados;2;0.28;0.25
TO;Tocantins;Mulheres;2015;Meios não especificados;2;0.28;0.39
TO;Tocantins;Mulheres;2016;Arma de fogo;14;1.91;1.71
TO;Tocantins;Mulheres;2016;Arma branca ou objeto contundente;20;2.73;2.83
TO;Tocantins;Mulheres;2016;Estrangulamento;5;0.68;0.56
TO;Tocantins;Mulheres;2016;Demais meios especificados;4;0.55;0.71
TO;Tocantins;Mulheres;2016;Meios não especificados;2;0.27;0.31
TO;Tocantins;Mulheres;2017;Arma de fogo;18;2.43;2.08
TO;Tocantins;Mulheres;2017;Arma branca ou objeto contundente;16;2.16;2.16
TO;Tocantins;Mulheres;2017;Estrangulamento;2;0.27;0.28
TO;Tocantins;Mulheres;2017;Demais meios especificados;1;0.14;0.19
TO;Tocantins;Mulheres;2017;Meios não especificados;1;0.14;0.21
TO;Tocantins;Mulheres;2018;Arma de fogo;19;2.54;2.41
TO;Tocantins;Mulheres;2018;Arma branca ou objeto contundente;24;3.21;3.24
TO;Tocantins;Mulheres;2018;Força corporal;2;0.27;0.25
TO;Tocantins;Mulheres;2018;Demais meios especificados;1;0.13;0.11
TO;Tocantins;Mulheres;2018;Meios não especificados;1;0.13;0.12
TO;Tocantins;Mulheres;2019;Arma de fogo;16;2.12;2.11
TO;Tocantins;Mulheres;2019;Arma branca ou objeto contundente;14;1.86;1.81
TO;Tocantins;Mulheres;2019;Estrangulamento;4;0.53;0.52
TO;Tocantins;Mulheres;2019;Força corporal;1;0.13;0.12
TO;Tocantins;Mulheres;2020;Arma de fogo;16;2.1;2.04
TO;Tocantins;Mulheres;2020;Arma branca ou objeto contundente;16;2.1;2.15
TO;Tocantins;Mulheres;2020;Estrangulamento;2;0.26;0.24
TO;Tocantins;Mulheres;2020;Meios não especificados;1;0.13;0.12
TO;Tocantins;Mulheres;2021;Arma de fogo;14;1.82;1.86
TO;Tocantins;Mulheres;2021;Arma branca ou objeto contundente;18;2.35;2.37
TO;Tocantins;Mulheres;2021;Estrangulamento;1;0.13;0.12
TO;Tocantins;Mulheres;2021;Força corporal;4;0.52;0.62
TO;Tocantins;Mulheres;2021;Meios não especificados;2;0.26;0.24
TO;Tocantins;Mulheres;2022;Arma de fogo;10;1.29;1.23
TO;Tocantins;Mulheres;2022;Arma branca ou objeto contundente;13;1.68;1.69
TO;Tocantins;Mulheres;2022;Estrangulamento;1;0.13;0.13
TO;Tocantins;Mulheres;2022;Força corporal;1;0.13;0.12
TO;Tocantins;Mulheres;2022;Meios não especificados;5;0.65;0.66
TO;Tocantins;Mulheres;2023;Arma de fogo;7;0.9;0.9
TO;Tocantins;Mulheres;2023;Arma branca ou objeto contundente;18;2.31;2.33
TO;Tocantins;Mulheres;2023;Estrangulamento;1;0.13;0.12
TO;Tocantins;Mulheres;2023;Força corporal;3;0.39;0.42
TO;Tocantins;Mulheres;2023;Meios não especificados;1;0.13;0.12
TO;Tocantins;Mulheres;2024;Arma de fogo;9;1.15;1.13
TO;Tocantins;Mulheres;2024;Arma branca ou objeto contundente;16;2.04;2.06
TO;Tocantins;Mulheres;2024;Estrangulamento;1;0.13;0.13
TO;Tocantins;Mulheres;2024;Força corporal;1;0.13;0.15
TO;Tocantins;Mulheres;2024;Demais meios especificados;1;0.13;0.15
TO;Tocantins;Mulheres;2025;Arma de fogo;7;0.89;0.88
TO;Tocantins;Mulheres;2025;Arma branca ou objeto contundente;20;2.54;2.59
TO;Tocantins;Mulheres;2025;Estrangulamento;3;0.38;0.38
TO;Tocantins;Mulheres;2025;Demais meios especificados;2;0.25;0.26
TO;Tocantins;Mulheres;2025;Meios não especificados;1;0.13;0.14