Território;Nome do território;Sexo;Ano;Tipo de causa externa;Óbitos;Taxa bruta (por 100 mil hab.);Taxa padronizada (por 100 mil hab.)
BR;Brasil;Ambos;2000;Lesão de trânsito;28995;16.6;18.47
BR;Brasil;Ambos;2000;Agressão;45360;25.97;25.1
BR;Brasil;Ambos;2000;Causas acidentais;23185;13.27;15
BR;Brasil;Ambos;2000;Lesão autoprovocada;6780;4.31;4.92
BR;Brasil;Ambos;2000;Demais causas externas;14077;8.06;9.06
BR;Brasil;Ambos;2001;Lesão de trânsito;30524;17.24;19.1
BR;Brasil;Ambos;2001;Agressão;47943;27.09;26.05
BR;Brasil;Ambos;2001;Causas acidentais;21049;11.89;13.56
BR;Brasil;Ambos;2001;Lesão autoprovocada;7738;4.84;5.42
BR;Brasil;Ambos;2001;Demais causas externas;13700;7.74;9.02
BR;Brasil;Ambos;2002;Lesão de trânsito;32753;18.27;19.99
BR;Brasil;Ambos;2002;Agressão;49695;27.73;26.38
BR;Brasil;Ambos;2002;Causas acidentais;21481;11.99;13.4
BR;Brasil;Ambos;2002;Lesão autoprovocada;7725;4.76;5.28
BR;Brasil;Ambos;2002;Demais causas externas;14895;8.31;9.57
BR;Brasil;Ambos;2003;Lesão de trânsito;33139;18.27;19.87
BR;Brasil;Ambos;2003;Agressão;51043;28.14;26.78
BR;Brasil;Ambos;2003;Causas acidentais;20998;11.58;13.17
BR;Brasil;Ambos;2003;Lesão autoprovocada;7861;4.77;5.26
BR;Brasil;Ambos;2003;Demais causas externas;13616;7.51;8.7
BR;Brasil;Ambos;2004;Lesão de trânsito;35105;19.13;20.77
BR;Brasil;Ambos;2004;Agressão;48374;26.37;25.04
BR;Brasil;Ambos;2004;Causas acidentais;21796;11.88;13.54
BR;Brasil;Ambos;2004;Lesão autoprovocada;8014;4.8;5.26
BR;Brasil;Ambos;2004;Demais causas externas;14178;7.73;8.91
BR;Brasil;Ambos;2005;Lesão de trânsito;35994;19.4;20.87
BR;Brasil;Ambos;2005;Agressão;47578;25.65;24.39
BR;Brasil;Ambos;2005;Causas acidentais;21598;11.64;13.27
BR;Brasil;Ambos;2005;Lesão autoprovocada;8548;5.04;5.56
BR;Brasil;Ambos;2005;Demais causas externas;13913;7.5;8.64
BR;Brasil;Ambos;2006;Lesão de trânsito;36367;19.39;20.73
BR;Brasil;Ambos;2006;Agressão;49145;26.21;24.86
BR;Brasil;Ambos;2006;Causas acidentais;22480;11.99;13.76
BR;Brasil;Ambos;2006;Lesão autoprovocada;8639;5.03;5.46
BR;Brasil;Ambos;2006;Demais causas externas;11757;6.27;7.01
BR;Brasil;Ambos;2007;Lesão de trânsito;37407;19.74;20.86
BR;Brasil;Ambos;2007;Agressão;47707;25.18;23.74
BR;Brasil;Ambos;2007;Causas acidentais;22839;12.05;13.86
BR;Brasil;Ambos;2007;Lesão autoprovocada;8868;5.1;5.52
BR;Brasil;Ambos;2007;Demais causas externas;14211;7.5;8.23
BR;Brasil;Ambos;2008;Lesão de trânsito;38273;20;21.1
BR;Brasil;Ambos;2008;Agressão;50113;26.19;24.61
BR;Brasil;Ambos;2008;Causas acidentais;23253;12.15;13.96
BR;Brasil;Ambos;2008;Lesão autoprovocada;9328;5.3;5.68
BR;Brasil;Ambos;2008;Demais causas externas;14969;7.82;8.47
BR;Brasil;Ambos;2009;Lesão de trânsito;37594;19.46;20.37
BR;Brasil;Ambos;2009;Agressão;51434;26.63;25.06
BR;Brasil;Ambos;2009;Causas acidentais;23937;12.39;14.08
BR;Brasil;Ambos;2009;Lesão autoprovocada;9374;5.27;5.61
BR;Brasil;Ambos;2009;Demais causas externas;16358;8.47;9.15
BR;Brasil;Ambos;2010;Lesão de trânsito;42844;22;22.94
BR;Brasil;Ambos;2010;Agressão;52260;26.83;25.24
BR;Brasil;Ambos;2010;Causas acidentais;25624;13.16;15.01
BR;Brasil;Ambos;2010;Lesão autoprovocada;9448;5.25;5.55
BR;Brasil;Ambos;2010;Demais causas externas;13080;6.72;7.3
BR;Brasil;Ambos;2011;Lesão de trânsito;43256;22.05;22.8
BR;Brasil;Ambos;2011;Agressão;52198;26.61;25.11
BR;Brasil;Ambos;2011;Causas acidentais;26828;13.68;15.31
BR;Brasil;Ambos;2011;Lesão autoprovocada;9852;5.43;5.69
BR;Brasil;Ambos;2011;Demais causas externas;13708;6.99;7.6
BR;Brasil;Ambos;2012;Lesão de trânsito;44812;22.67;23.33
BR;Brasil;Ambos;2012;Agressão;56337;28.5;26.81
BR;Brasil;Ambos;2012;Causas acidentais;26939;13.63;15.24
BR;Brasil;Ambos;2012;Lesão autoprovocada;10321;5.64;5.9
BR;Brasil;Ambos;2012;Demais causas externas;13604;6.88;7.36
BR;Brasil;Ambos;2013;Lesão de trânsito;42266;21.22;21.79
BR;Brasil;Ambos;2013;Agressão;56804;28.51;26.85
BR;Brasil;Ambos;2013;Causas acidentais;28752;14.43;15.96
BR;Brasil;Ambos;2013;Lesão autoprovocada;10533;5.7;5.93
BR;Brasil;Ambos;2013;Demais causas externas;13328;6.69;7.12
BR;Brasil;Ambos;2014;Lesão de trânsito;43780;21.8;22.25
BR;Brasil;Ambos;2014;Agressão;59681;29.72;28.09
BR;Brasil;Ambos;2014;Causas acidentais;29617;14.75;16.21
BR;Brasil;Ambos;2014;Lesão autoprovocada;10653;5.72;5.89
BR;Brasil;Ambos;2014;Demais causas externas;13211;6.58;6.89
BR;Brasil;Ambos;2015;Lesão de trânsito;38651;19.1;19.44
BR;Brasil;Ambos;2015;Agressão;58138;28.72;27.35
BR;Brasil;Ambos;2015;Causas acidentais;30456;15.05;16.37
BR;Brasil;Ambos;2015;Lesão autoprovocada;11178;5.95;6.13
BR;Brasil;Ambos;2015;Demais causas externas;13713;6.78;7.06
BR;Brasil;Ambos;2016;Lesão de trânsito;37345;18.32;18.59
BR;Brasil;Ambos;2016;Agressão;61143;29.99;28.63
BR;Brasil;Ambos;2016;Causas acidentais;31217;15.31;16.51
BR;Brasil;Ambos;2016;Lesão autoprovocada;11431;6.04;6.17
BR;Brasil;Ambos;2016;Demais causas externas;14723;7.22;7.44
BR;Brasil;Ambos;2017;Lesão de trânsito;35375;17.24;17.41
BR;Brasil;Ambos;2017;Agressão;63748;31.06;29.75
BR;Brasil;Ambos;2017;Causas acidentais;32105;15.64;16.67
BR;Brasil;Ambos;2017;Lesão autoprovocada;12495;6.56;6.66
BR;Brasil;Ambos;2017;Demais causas externas;14934;7.28;7.46
BR;Brasil;Ambos;2018;Lesão de trânsito;32655;15.81;15.93
BR;Brasil;Ambos;2018;Agressão;55914;27.07;26.09
BR;Brasil;Ambos;2018;Causas acidentais;31874;15.43;16.18
BR;Brasil;Ambos;2018;Lesão autoprovocada;12733;6.64;6.7
BR;Brasil;Ambos;2018;Demais causas externas;17638;8.54;8.64
BR;Brasil;Ambos;2019;Lesão de trânsito;31945;15.37;15.42
BR;Brasil;Ambos;2019;Agressão;44033;21.18;20.59
BR;Brasil;Ambos;2019;Causas acidentais;31865;15.33;15.85
BR;Brasil;Ambos;2019;Lesão autoprovocada;13520;6.99;7.03
BR;Brasil;Ambos;2019;Demais causas externas;21437;10.31;10.34
BR;Brasil;Ambos;2020;Lesão de trânsito;32716;15.64;15.65
BR;Brasil;Ambos;2020;Agressão;47680;22.8;22.25
BR;Brasil;Ambos;2020;Causas acidentais;32415;15.5;15.77
BR;Brasil;Ambos;2020;Lesão autoprovocada;13835;7.1;7.13
BR;Brasil;Ambos;2020;Demais causas externas;19392;9.27;9.22
BR;Brasil;Ambos;2021;Lesão de trânsito;33813;16.09;16.07
BR;Brasil;Ambos;2021;Agressão;45562;21.69;21.32
BR;Brasil;Ambos;2021;Causas acidentais;34614;16.47;16.59
BR;Brasil;Ambos;2021;Lesão autoprovocada;15499;7.91;7.91
BR;Brasil;Ambos;2021;Demais causas externas;19834;9.44;9.34
BR;Brasil;Ambos;2022;Lesão de trânsito;33894;16.07;15.99
BR;Brasil;Ambos;2022;Agressão;44367;21.04;20.78
BR;Brasil;Ambos;2022;Causas acidentais;36823;17.46;17.39
BR;Brasil;Ambos;2022;Lesão autoprovocada;16462;8.35;8.34
BR;Brasil;Ambos;2022;Demais causas externas;21399;10.15;9.98
BR;Brasil;Ambos;2023;Lesão de trânsito;34881;16.48;16.36
BR;Brasil;Ambos;2023;Agressão;43443;20.52;20.38
BR;Brasil;Ambos;2023;Causas acidentais;38746;18.3;17.96
BR;Brasil;Ambos;2023;Lesão autoprovocada;17002;8.58;8.56
BR;Brasil;Ambos;2023;Demais causas externas;20127;9.51;9.3
BR;Brasil;Ambos;2024;Lesão de trânsito;37150;17.48;17.31
BR;Brasil;Ambos;2024;Agressão;39946;18.79;18.8
BR;Brasil;Ambos;2024;Causas acidentais;41743;19.64;18.9
BR;Brasil;Ambos;2024;Lesão autoprovocada;16747;8.39;8.36
BR;Brasil;Ambos;2024;Demais causas externas;23944;11.26;10.93
BR;Brasil;Ambos;2025;Lesão de trânsito;36006;16.87;16.68
BR;Brasil;Ambos;2025;Agressão;34279;16.06;16.19
BR;Brasil;Ambos;2025;Causas acidentais;39700;18.6;17.53
BR;Brasil;Ambos;2025;Lesão autoprovocada;15683;7.81;7.79
BR;Brasil;Ambos;2025;Demais causas externas;29555;13.85;13.34
BR;Brasil;Homens;2000;Lesão de trânsito;23395;27.29;30.85
BR;Brasil;Homens;2000;Agressão;41585;48.51;46.95
BR;Brasil;Homens;2000;Causas acidentais;18033;21.04;23.84
BR;Brasil;Homens;2000;Lesão autoprovocada;5398;7.01;8.23
BR;Brasil;Homens;2000;Demais causas externas;11091;12.94;14.35
BR;Brasil;Homens;2001;Lesão de trânsito;24919;28.7;32.32
BR;Brasil;Homens;2001;Agressão;44040;50.72;48.87
BR;Brasil;Homens;2001;Causas acidentais;16606;19.13;21.88
BR;Brasil;Homens;2001;Lesão autoprovocada;6177;7.9;9.09
BR;Brasil;Homens;2001;Demais causas externas;10569;12.17;14.12
BR;Brasil;Homens;2002;Lesão de trânsito;26700;30.38;33.71
BR;Brasil;Homens;2002;Agressão;45775;52.09;49.65
BR;Brasil;Homens;2002;Causas acidentais;16814;19.13;21.52
BR;Brasil;Homens;2002;Lesão autoprovocada;6027;7.6;8.64
BR;Brasil;Homens;2002;Demais causas externas;11397;12.97;14.74
BR;Brasil;Homens;2003;Lesão de trânsito;26894;30.25;33.4
BR;Brasil;Homens;2003;Agressão;47082;52.96;50.47
BR;Brasil;Homens;2003;Causas acidentais;16211;18.23;20.89
BR;Brasil;Homens;2003;Lesão autoprovocada;6256;7.78;8.79
BR;Brasil;Homens;2003;Demais causas externas;10372;11.67;13.35
BR;Brasil;Homens;2004;Lesão de trânsito;28590;31.8;35.08
BR;Brasil;Homens;2004;Agressão;44519;49.52;47.04
BR;Brasil;Homens;2004;Causas acidentais;16887;18.78;21.56
BR;Brasil;Homens;2004;Lesão autoprovocada;6311;7.74;8.71
BR;Brasil;Homens;2004;Demais causas externas;10725;11.93;13.64
BR;Brasil;Homens;2005;Lesão de trânsito;29294;32.23;35.26
BR;Brasil;Homens;2005;Agressão;43665;48.04;45.72
BR;Brasil;Homens;2005;Causas acidentais;16577;18.24;21.03
BR;Brasil;Homens;2005;Lesão autoprovocada;6742;8.15;9.25
BR;Brasil;Homens;2005;Demais causas externas;10371;11.41;13.04
BR;Brasil;Homens;2006;Lesão de trânsito;29671;32.31;35.05
BR;Brasil;Homens;2006;Agressão;45060;49.06;46.59
BR;Brasil;Homens;2006;Causas acidentais;16901;18.4;21.32
BR;Brasil;Homens;2006;Lesão autoprovocada;6834;8.16;9.08
BR;Brasil;Homens;2006;Demais causas externas;8800;9.58;10.62
BR;Brasil;Homens;2007;Lesão de trânsito;30684;33.08;35.45
BR;Brasil;Homens;2007;Agressão;43886;47.31;44.61
BR;Brasil;Homens;2007;Causas acidentais;16936;18.26;21.21
BR;Brasil;Homens;2007;Lesão autoprovocada;6995;8.25;9.18
BR;Brasil;Homens;2007;Demais causas externas;10822;11.67;12.68
BR;Brasil;Homens;2008;Lesão de trânsito;31179;33.29;35.66
BR;Brasil;Homens;2008;Agressão;46024;49.15;46.19
BR;Brasil;Homens;2008;Causas acidentais;17009;18.16;21.18
BR;Brasil;Homens;2008;Lesão autoprovocada;7375;8.59;9.42
BR;Brasil;Homens;2008;Demais causas externas;11399;12.17;13.07
BR;Brasil;Homens;2009;Lesão de trânsito;30631;32.41;34.4
BR;Brasil;Homens;2009;Agressão;47109;49.84;46.9
BR;Brasil;Homens;2009;Causas acidentais;17468;18.48;21.34
BR;Brasil;Homens;2009;Lesão autoprovocada;7500;8.64;9.39
BR;Brasil;Homens;2009;Demais causas externas;12457;13.18;14.19
BR;Brasil;Homens;2010;Lesão de trânsito;34941;36.68;38.81
BR;Brasil;Homens;2010;Agressão;47749;50.13;47.14
BR;Brasil;Homens;2010;Causas acidentais;18404;19.32;22.56
BR;Brasil;Homens;2010;Lesão autoprovocada;7375;8.42;9.09
BR;Brasil;Homens;2010;Demais causas externas;9723;10.21;11.12
BR;Brasil;Homens;2011;Lesão de trânsito;35581;37.09;38.92
BR;Brasil;Homens;2011;Agressão;47619;49.64;46.82
BR;Brasil;Homens;2011;Causas acidentais;18898;19.7;22.66
BR;Brasil;Homens;2011;Lesão autoprovocada;7762;8.78;9.41
BR;Brasil;Homens;2011;Demais causas externas;10087;10.52;11.5
BR;Brasil;Homens;2012;Lesão de trânsito;36627;37.9;39.53
BR;Brasil;Homens;2012;Agressão;51544;53.33;50.09
BR;Brasil;Homens;2012;Causas acidentais;18939;19.6;22.49
BR;Brasil;Homens;2012;Lesão autoprovocada;8061;9.04;9.67
BR;Brasil;Homens;2012;Demais causas externas;10082;10.43;11.21
BR;Brasil;Homens;2013;Lesão de trânsito;34629;35.56;37.03
BR;Brasil;Homens;2013;Agressão;51937;53.33;50.1
BR;Brasil;Homens;2013;Causas acidentais;19951;20.49;23.33
BR;Brasil;Homens;2013;Lesão autoprovocada;8309;9.24;9.79
BR;Brasil;Homens;2013;Demais causas externas;9873;10.14;10.9
BR;Brasil;Homens;2014;Lesão de trânsito;35889;36.56;37.8
BR;Brasil;Homens;2014;Agressão;54736;55.76;52.53
BR;Brasil;Homens;2014;Causas acidentais;20402;20.78;23.66
BR;Brasil;Homens;2014;Lesão autoprovocada;8419;9.28;9.76
BR;Brasil;Homens;2014;Demais causas externas;9728;9.91;10.5
BR;Brasil;Homens;2015;Lesão de trânsito;31829;32.17;33.21
BR;Brasil;Homens;2015;Agressão;53424;54;51.22
BR;Brasil;Homens;2015;Causas acidentais;20786;21.01;23.75
BR;Brasil;Homens;2015;Lesão autoprovocada;8780;9.6;10.1
BR;Brasil;Homens;2015;Demais causas externas;10020;10.13;10.7
BR;Brasil;Homens;2016;Lesão de trânsito;30778;30.89;31.82
BR;Brasil;Homens;2016;Agressão;56409;56.62;53.77
BR;Brasil;Homens;2016;Causas acidentais;21009;21.09;23.84
BR;Brasil;Homens;2016;Lesão autoprovocada;9052;9.83;10.26
BR;Brasil;Homens;2016;Demais causas externas;10913;10.95;11.46
BR;Brasil;Homens;2017;Lesão de trânsito;29011;28.93;29.66
BR;Brasil;Homens;2017;Agressão;58713;58.56;55.7
BR;Brasil;Homens;2017;Causas acidentais;21175;21.12;23.68
BR;Brasil;Homens;2017;Lesão autoprovocada;9826;10.59;10.98
BR;Brasil;Homens;2017;Demais causas externas;11165;11.14;11.62
BR;Brasil;Homens;2018;Lesão de trânsito;26997;26.76;27.37
BR;Brasil;Homens;2018;Agressão;51271;50.82;48.68
BR;Brasil;Homens;2018;Causas acidentais;20819;20.63;22.91
BR;Brasil;Homens;2018;Lesão autoprovocada;9999;10.71;10.99
BR;Brasil;Homens;2018;Demais causas externas;13214;13.1;13.5
BR;Brasil;Homens;2019;Lesão de trânsito;26491;26.09;26.57
BR;Brasil;Homens;2019;Agressão;40231;39.62;38.23
BR;Brasil;Homens;2019;Causas acidentais;20864;20.55;22.61
BR;Brasil;Homens;2019;Lesão autoprovocada;10599;11.26;11.5
BR;Brasil;Homens;2019;Demais causas externas;16284;16.04;16.47
BR;Brasil;Homens;2020;Lesão de trânsito;27489;26.91;27.25
BR;Brasil;Homens;2020;Agressão;43742;42.83;41.46
BR;Brasil;Homens;2020;Causas acidentais;21720;21.26;23.01
BR;Brasil;Homens;2020;Lesão autoprovocada;10868;11.46;11.7
BR;Brasil;Homens;2020;Demais causas externas;14543;14.24;14.55
BR;Brasil;Homens;2021;Lesão de trânsito;28156;27.46;27.76
BR;Brasil;Homens;2021;Agressão;41644;40.61;39.57
BR;Brasil;Homens;2021;Causas acidentais;22587;22.03;23.7
BR;Brasil;Homens;2021;Lesão autoprovocada;12064;12.65;12.85
BR;Brasil;Homens;2021;Demais causas externas;14378;14.02;14.32
BR;Brasil;Homens;2022;Lesão de trânsito;28044;27.26;27.47
BR;Brasil;Homens;2022;Agressão;40504;39.37;38.49
BR;Brasil;Homens;2022;Causas acidentais;23457;22.8;24.45
BR;Brasil;Homens;2022;Lesão autoprovocada;12908;13.47;13.62
BR;Brasil;Homens;2022;Demais causas externas;15640;15.2;15.45
BR;Brasil;Homens;2023;Lesão de trânsito;28843;27.93;28.09
BR;Brasil;Homens;2023;Agressão;39459;38.22;37.59
BR;Brasil;Homens;2023;Causas acidentais;24637;23.86;25.22
BR;Brasil;Homens;2023;Lesão autoprovocada;13244;13.74;13.86
BR;Brasil;Homens;2023;Demais causas externas;14660;14.2;14.4
BR;Brasil;Homens;2024;Lesão de trânsito;30602;29.52;29.56
BR;Brasil;Homens;2024;Agressão;36260;34.98;34.61
BR;Brasil;Homens;2024;Causas acidentais;26360;25.43;26.46
BR;Brasil;Homens;2024;Lesão autoprovocada;13045;13.45;13.52
BR;Brasil;Homens;2024;Demais causas externas;17621;17;17.1
BR;Brasil;Homens;2025;Lesão de trânsito;29649;28.5;28.44
BR;Brasil;Homens;2025;Agressão;31047;29.84;29.71
BR;Brasil;Homens;2025;Causas acidentais;24667;23.71;24.32
BR;Brasil;Homens;2025;Lesão autoprovocada;12241;12.55;12.59
BR;Brasil;Homens;2025;Demais causas externas;22129;21.27;21.28
BR;Brasil;Mulheres;2000;Lesão de trânsito;5580;6.27;6.9
BR;Brasil;Mulheres;2000;Agressão;3743;4.21;4.15
BR;Brasil;Mulheres;2000;Causas acidentais;5135;5.77;6.66
BR;Brasil;Mulheres;2000;Lesão autoprovocada;1382;1.72;1.88
BR;Brasil;Mulheres;2000;Demais causas externas;2972;3.34;4.07
BR;Brasil;Mulheres;2001;Lesão de trânsito;5591;6.2;6.79
BR;Brasil;Mulheres;2001;Agressão;3851;4.27;4.19
BR;Brasil;Mulheres;2001;Causas acidentais;4435;4.92;5.75
BR;Brasil;Mulheres;2001;Lesão autoprovocada;1560;1.91;2.05
BR;Brasil;Mulheres;2001;Demais causas externas;3107;3.45;4.27
BR;Brasil;Mulheres;2002;Lesão de trânsito;6035;6.61;7.19
BR;Brasil;Mulheres;2002;Agressão;3867;4.23;4.09
BR;Brasil;Mulheres;2002;Causas acidentais;4646;5.09;5.8
BR;Brasil;Mulheres;2002;Lesão autoprovocada;1694;2.04;2.19
BR;Brasil;Mulheres;2002;Demais causas externas;3476;3.81;4.71
BR;Brasil;Mulheres;2003;Lesão de trânsito;6240;6.75;7.29
BR;Brasil;Mulheres;2003;Agressão;3937;4.26;4.13
BR;Brasil;Mulheres;2003;Causas acidentais;4773;5.16;5.95
BR;Brasil;Mulheres;2003;Lesão autoprovocada;1604;1.9;2.01
BR;Brasil;Mulheres;2003;Demais causas externas;3223;3.49;4.35
BR;Brasil;Mulheres;2004;Lesão de trânsito;6502;6.95;7.48
BR;Brasil;Mulheres;2004;Agressão;3830;4.09;4.01
BR;Brasil;Mulheres;2004;Causas acidentais;4900;5.24;6.08
BR;Brasil;Mulheres;2004;Lesão autoprovocada;1703;1.99;2.11
BR;Brasil;Mulheres;2004;Demais causas externas;3430;3.67;4.47
BR;Brasil;Mulheres;2005;Lesão de trânsito;6694;7.07;7.55
BR;Brasil;Mulheres;2005;Agressão;3884;4.1;4.01
BR;Brasil;Mulheres;2005;Causas acidentais;5009;5.29;6.09
BR;Brasil;Mulheres;2005;Lesão autoprovocada;1805;2.08;2.21
BR;Brasil;Mulheres;2005;Demais causas externas;3520;3.72;4.51
BR;Brasil;Mulheres;2006;Lesão de trânsito;6685;6.99;7.45
BR;Brasil;Mulheres;2006;Agressão;4022;4.2;4.11
BR;Brasil;Mulheres;2006;Causas acidentais;5568;5.82;6.73
BR;Brasil;Mulheres;2006;Lesão autoprovocada;1805;2.05;2.17
BR;Brasil;Mulheres;2006;Demais causas externas;2929;3.06;3.62
BR;Brasil;Mulheres;2007;Lesão de trânsito;6708;6.94;7.32
BR;Brasil;Mulheres;2007;Agressão;3772;3.9;3.79
BR;Brasil;Mulheres;2007;Causas acidentais;5892;6.09;7.01
BR;Brasil;Mulheres;2007;Lesão autoprovocada;1872;2.1;2.21
BR;Brasil;Mulheres;2007;Demais causas externas;3361;3.48;4.02
BR;Brasil;Mulheres;2008;Lesão de trânsito;7071;7.24;7.63
BR;Brasil;Mulheres;2008;Agressão;4023;4.12;3.98
BR;Brasil;Mulheres;2008;Causas acidentais;6228;6.38;7.26
BR;Brasil;Mulheres;2008;Lesão autoprovocada;1953;2.17;2.28
BR;Brasil;Mulheres;2008;Demais causas externas;3535;3.62;4.14
BR;Brasil;Mulheres;2009;Lesão de trânsito;6946;7.04;7.37
BR;Brasil;Mulheres;2009;Agressão;4260;4.32;4.18
BR;Brasil;Mulheres;2009;Causas acidentais;6457;6.55;7.35
BR;Brasil;Mulheres;2009;Lesão autoprovocada;1872;2.05;2.16
BR;Brasil;Mulheres;2009;Demais causas externas;3860;3.91;4.41
BR;Brasil;Mulheres;2010;Lesão de trânsito;7889;7.93;8.27
BR;Brasil;Mulheres;2010;Agressão;4465;4.49;4.31
BR;Brasil;Mulheres;2010;Causas acidentais;7203;7.24;8.06
BR;Brasil;Mulheres;2010;Lesão autoprovocada;2073;2.25;2.35
BR;Brasil;Mulheres;2010;Demais causas externas;3327;3.34;3.73
BR;Brasil;Mulheres;2011;Lesão de trânsito;7649;7.63;7.88
BR;Brasil;Mulheres;2011;Agressão;4512;4.5;4.33
BR;Brasil;Mulheres;2011;Causas acidentais;7894;7.88;8.53
BR;Brasil;Mulheres;2011;Lesão autoprovocada;2089;2.25;2.32
BR;Brasil;Mulheres;2011;Demais causas externas;3594;3.59;3.95
BR;Brasil;Mulheres;2012;Lesão de trânsito;8149;8.07;8.31
BR;Brasil;Mulheres;2012;Agressão;4719;4.67;4.49
BR;Brasil;Mulheres;2012;Causas acidentais;7979;7.9;8.52
BR;Brasil;Mulheres;2012;Lesão autoprovocada;2257;2.4;2.48
BR;Brasil;Mulheres;2012;Demais causas externas;3502;3.47;3.73
BR;Brasil;Mulheres;2013;Lesão de trânsito;7617;7.48;7.67
BR;Brasil;Mulheres;2013;Agressão;4762;4.68;4.49
BR;Brasil;Mulheres;2013;Causas acidentais;8774;8.62;9.12
BR;Brasil;Mulheres;2013;Lesão autoprovocada;2223;2.35;2.42
BR;Brasil;Mulheres;2013;Demais causas externas;3430;3.37;3.59
BR;Brasil;Mulheres;2014;Lesão de trânsito;7877;7.67;7.82
BR;Brasil;Mulheres;2014;Agressão;4832;4.71;4.55
BR;Brasil;Mulheres;2014;Causas acidentais;9196;8.96;9.32
BR;Brasil;Mulheres;2014;Lesão autoprovocada;2233;2.34;2.37
BR;Brasil;Mulheres;2014;Demais causas externas;3441;3.35;3.5
BR;Brasil;Mulheres;2015;Lesão de trânsito;6806;6.58;6.66
BR;Brasil;Mulheres;2015;Agressão;4616;4.46;4.34
BR;Brasil;Mulheres;2015;Causas acidentais;9652;9.33;9.52
BR;Brasil;Mulheres;2015;Lesão autoprovocada;2396;2.49;2.52
BR;Brasil;Mulheres;2015;Demais causas externas;3660;3.54;3.63
BR;Brasil;Mulheres;2016;Lesão de trânsito;6552;6.29;6.33
BR;Brasil;Mulheres;2016;Agressão;4635;4.45;4.34
BR;Brasil;Mulheres;2016;Causas acidentais;10193;9.78;9.78
BR;Brasil;Mulheres;2016;Lesão autoprovocada;2377;2.45;2.47
BR;Brasil;Mulheres;2016;Demais causas externas;3774;3.62;3.65
BR;Brasil;Mulheres;2017;Lesão de trânsito;6336;6.04;6.05
BR;Brasil;Mulheres;2017;Agressão;4928;4.7;4.59
BR;Brasil;Mulheres;2017;Causas acidentais;10909;10.4;10.18
BR;Brasil;Mulheres;2017;Lesão autoprovocada;2664;2.72;2.73
BR;Brasil;Mulheres;2017;Demais causas externas;3740;3.56;3.53
BR;Brasil;Mulheres;2018;Lesão de trânsito;5631;5.33;5.33
BR;Brasil;Mulheres;2018;Agressão;4512;4.27;4.18
BR;Brasil;Mulheres;2018;Causas acidentais;11033;10.44;9.98
BR;Brasil;Mulheres;2018;Lesão autoprovocada;2729;2.77;2.77
BR;Brasil;Mulheres;2018;Demais causas externas;4380;4.15;4.03
BR;Brasil;Mulheres;2019;Lesão de trânsito;5423;5.1;5.07
BR;Brasil;Mulheres;2019;Agressão;3728;3.51;3.46
BR;Brasil;Mulheres;2019;Causas acidentais;10988;10.33;9.66
BR;Brasil;Mulheres;2019;Lesão autoprovocada;2919;2.94;2.94
BR;Brasil;Mulheres;2019;Demais causas externas;5078;4.77;4.55
BR;Brasil;Mulheres;2020;Lesão de trânsito;5211;4.87;4.83
BR;Brasil;Mulheres;2020;Agressão;3822;3.57;3.54
BR;Brasil;Mulheres;2020;Causas acidentais;10668;9.97;9.17
BR;Brasil;Mulheres;2020;Lesão autoprovocada;2964;2.96;2.96
BR;Brasil;Mulheres;2020;Demais causas externas;4795;4.48;4.2
BR;Brasil;Mulheres;2021;Lesão de trânsito;5634;5.24;5.18
BR;Brasil;Mulheres;2021;Agressão;3844;3.57;3.56
BR;Brasil;Mulheres;2021;Causas acidentais;12003;11.16;10.09
BR;Brasil;Mulheres;2021;Lesão autoprovocada;3431;3.41;3.4
BR;Brasil;Mulheres;2021;Demais causas externas;5394;5.02;4.64
BR;Brasil;Mulheres;2022;Lesão de trânsito;5827;5.4;5.31
BR;Brasil;Mulheres;2022;Agressão;3788;3.51;3.51
BR;Brasil;Mulheres;2022;Causas acidentais;13337;12.35;11
BR;Brasil;Mulheres;2022;Lesão autoprovocada;3553;3.51;3.5
BR;Brasil;Mulheres;2022;Demais causas externas;5707;5.28;4.83
BR;Brasil;Mulheres;2023;Lesão de trânsito;6024;5.55;5.45
BR;Brasil;Mulheres;2023;Agressão;3887;3.58;3.6
BR;Brasil;Mulheres;2023;Causas acidentais;14088;12.99;11.33
BR;Brasil;Mulheres;2023;Lesão autoprovocada;3758;3.69;3.68
BR;Brasil;Mulheres;2023;Demais causas externas;5430;5.01;4.5
BR;Brasil;Mulheres;2024;Lesão de trânsito;6539;6;5.88
BR;Brasil;Mulheres;2024;Agressão;3622;3.33;3.35
BR;Brasil;Mulheres;2024;Causas acidentais;15364;14.11;11.97
BR;Brasil;Mulheres;2024;Lesão autoprovocada;3698;3.61;3.61
BR;Brasil;Mulheres;2024;Demais causas externas;6267;5.75;5.09
BR;Brasil;Mulheres;2025;Lesão de trânsito;6351;5.81;5.69
BR;Brasil;Mulheres;2025;Agressão;3192;2.92;2.97
BR;Brasil;Mulheres;2025;Causas acidentais;15007;13.72;11.3
BR;Brasil;Mulheres;2025;Lesão autoprovocada;3438;3.33;3.34
BR;Brasil;Mulheres;2025;Demais causas externas;7381;6.75;5.88
AC;Acre;Ambos;2000;Lesão de trânsito;90;15.32;20.02
AC;Acre;Ambos;2000;Agressão;106;18.05;19.51
AC;Acre;Ambos;2000;Causas acidentais;67;11.41;11.52
AC;Acre;Ambos;2000;Lesão autoprovocada;27;5.43;5.31
AC;Acre;Ambos;2000;Demais causas externas;12;2.04;2.7
AC;Acre;Ambos;2001;Lesão de trânsito;100;16.52;23.02
AC;Acre;Ambos;2001;Agressão;121;19.99;22.12
AC;Acre;Ambos;2001;Causas acidentais;64;10.57;12.49
AC;Acre;Ambos;2001;Lesão autoprovocada;29;5.65;5.82
AC;Acre;Ambos;2001;Demais causas externas;7;1.16;1.45
AC;Acre;Ambos;2002;Lesão de trânsito;110;17.64;22.14
AC;Acre;Ambos;2002;Agressão;151;24.22;26.29
AC;Acre;Ambos;2002;Causas acidentais;100;16.04;20.37
AC;Acre;Ambos;2002;Lesão autoprovocada;22;4.15;4.43
AC;Acre;Ambos;2002;Demais causas externas;24;3.85;5.75
AC;Acre;Ambos;2003;Lesão de trânsito;101;15.73;19.99
AC;Acre;Ambos;2003;Agressão;147;22.9;27.09
AC;Acre;Ambos;2003;Causas acidentais;82;12.77;14.56
AC;Acre;Ambos;2003;Lesão autoprovocada;26;4.75;5.45
AC;Acre;Ambos;2003;Demais causas externas;4;0.62;0.44
AC;Acre;Ambos;2004;Lesão de trânsito;85;12.87;15.09
AC;Acre;Ambos;2004;Agressão;114;17.26;18.7
AC;Acre;Ambos;2004;Causas acidentais;58;8.78;10.69
AC;Acre;Ambos;2004;Lesão autoprovocada;26;4.6;4.96
AC;Acre;Ambos;2004;Demais causas externas;4;0.61;0.57
AC;Acre;Ambos;2005;Lesão de trânsito;95;13.99;18.23
AC;Acre;Ambos;2005;Agressão;123;18.12;21
AC;Acre;Ambos;2005;Causas acidentais;90;13.26;15.9
AC;Acre;Ambos;2005;Lesão autoprovocada;19;3.25;4.09
AC;Acre;Ambos;2005;Demais causas externas;10;1.47;1.71
AC;Acre;Ambos;2006;Lesão de trânsito;89;12.76;16.68
AC;Acre;Ambos;2006;Agressão;158;22.66;26.66
AC;Acre;Ambos;2006;Causas acidentais;82;11.76;12.46
AC;Acre;Ambos;2006;Lesão autoprovocada;25;4.15;4.54
AC;Acre;Ambos;2006;Demais causas externas;21;3.01;4.23
AC;Acre;Ambos;2007;Lesão de trânsito;100;13.98;18.45
AC;Acre;Ambos;2007;Agressão;135;18.87;20.5
AC;Acre;Ambos;2007;Causas acidentais;79;11.04;14
AC;Acre;Ambos;2007;Lesão autoprovocada;35;5.63;5.75
AC;Acre;Ambos;2007;Demais causas externas;8;1.12;1.26
AC;Acre;Ambos;2008;Lesão de trânsito;113;15.4;18.64
AC;Acre;Ambos;2008;Agressão;133;18.13;19.29
AC;Acre;Ambos;2008;Causas acidentais;62;8.45;9.5
AC;Acre;Ambos;2008;Lesão autoprovocada;33;5.15;5.96
AC;Acre;Ambos;2008;Demais causas externas;14;1.91;2.29
AC;Acre;Ambos;2009;Lesão de trânsito;116;15.45;20.71
AC;Acre;Ambos;2009;Agressão;153;20.38;22.84
AC;Acre;Ambos;2009;Causas acidentais;63;8.39;10.27
AC;Acre;Ambos;2009;Lesão autoprovocada;31;4.71;4.92
AC;Acre;Ambos;2009;Demais causas externas;24;3.2;3.44
AC;Acre;Ambos;2010;Lesão de trânsito;134;17.52;22.75
AC;Acre;Ambos;2010;Agressão;165;21.57;23.58
AC;Acre;Ambos;2010;Causas acidentais;78;10.2;14.04
AC;Acre;Ambos;2010;Lesão autoprovocada;41;6.07;6.48
AC;Acre;Ambos;2010;Demais causas externas;21;2.75;3.74
AC;Acre;Ambos;2011;Lesão de trânsito;161;20.68;26.48
AC;Acre;Ambos;2011;Agressão;164;21.07;24.18
AC;Acre;Ambos;2011;Causas acidentais;100;12.85;16.96
AC;Acre;Ambos;2011;Lesão autoprovocada;41;5.93;6.47
AC;Acre;Ambos;2011;Demais causas externas;22;2.83;4.23
AC;Acre;Ambos;2012;Lesão de trânsito;163;20.59;25.65
AC;Acre;Ambos;2012;Agressão;208;26.27;27.68
AC;Acre;Ambos;2012;Causas acidentais;93;11.75;17.46
AC;Acre;Ambos;2012;Lesão autoprovocada;43;6.09;6.57
AC;Acre;Ambos;2012;Demais causas externas;24;3.03;3.92
AC;Acre;Ambos;2013;Lesão de trânsito;134;16.67;18.97
AC;Acre;Ambos;2013;Agressão;234;29.11;30.9
AC;Acre;Ambos;2013;Causas acidentais;95;11.82;14.04
AC;Acre;Ambos;2013;Lesão autoprovocada;44;6.11;5.74
AC;Acre;Ambos;2013;Demais causas externas;15;1.87;2.34
AC;Acre;Ambos;2014;Lesão de trânsito;138;16.92;21.23
AC;Acre;Ambos;2014;Agressão;232;28.45;29.42
AC;Acre;Ambos;2014;Causas acidentais;110;13.49;18.29
AC;Acre;Ambos;2014;Lesão autoprovocada;49;6.69;7.06
AC;Acre;Ambos;2014;Demais causas externas;21;2.58;3.32
AC;Acre;Ambos;2015;Lesão de trânsito;115;13.91;16.57
AC;Acre;Ambos;2015;Agressão;217;26.25;27.98
AC;Acre;Ambos;2015;Causas acidentais;120;14.52;18.26
AC;Acre;Ambos;2015;Lesão autoprovocada;39;5.25;5.68
AC;Acre;Ambos;2015;Demais causas externas;16;1.94;2.15
AC;Acre;Ambos;2016;Lesão de trânsito;122;14.59;17.17
AC;Acre;Ambos;2016;Agressão;363;43.41;43.56
AC;Acre;Ambos;2016;Causas acidentais;94;11.24;13.92
AC;Acre;Ambos;2016;Lesão autoprovocada;56;7.43;7.35
AC;Acre;Ambos;2016;Demais causas externas;20;2.39;3.28
AC;Acre;Ambos;2017;Lesão de trânsito;115;13.62;16.65
AC;Acre;Ambos;2017;Agressão;516;61.1;58.92
AC;Acre;Ambos;2017;Causas acidentais;106;12.55;17.49
AC;Acre;Ambos;2017;Lesão autoprovocada;64;8.39;8.61
AC;Acre;Ambos;2017;Demais causas externas;19;2.25;2.36
AC;Acre;Ambos;2018;Lesão de trânsito;94;11.04;12.94
AC;Acre;Ambos;2018;Agressão;409;48.03;45.58
AC;Acre;Ambos;2018;Causas acidentais;111;13.04;17.86
AC;Acre;Ambos;2018;Lesão autoprovocada;59;7.66;7.26
AC;Acre;Ambos;2018;Demais causas externas;16;1.88;2.03
AC;Acre;Ambos;2019;Lesão de trânsito;112;13.05;15.27
AC;Acre;Ambos;2019;Agressão;325;37.88;36.11
AC;Acre;Ambos;2019;Causas acidentais;91;10.61;12.42
AC;Acre;Ambos;2019;Lesão autoprovocada;72;9.26;9.44
AC;Acre;Ambos;2019;Demais causas externas;25;2.91;2.81
AC;Acre;Ambos;2020;Lesão de trânsito;109;12.62;13.28
AC;Acre;Ambos;2020;Agressão;304;35.2;32.67
AC;Acre;Ambos;2020;Causas acidentais;92;10.65;12
AC;Acre;Ambos;2020;Lesão autoprovocada;72;9.18;9.65
AC;Acre;Ambos;2020;Demais causas externas;19;2.2;1.81
AC;Acre;Ambos;2021;Lesão de trânsito;92;10.59;11.19
AC;Acre;Ambos;2021;Agressão;205;23.61;23.44
AC;Acre;Ambos;2021;Causas acidentais;96;11.06;12.88
AC;Acre;Ambos;2021;Lesão autoprovocada;70;8.86;8.89
AC;Acre;Ambos;2021;Demais causas externas;6;0.69;0.64
AC;Acre;Ambos;2022;Lesão de trânsito;101;11.58;13.4
AC;Acre;Ambos;2022;Agressão;238;27.28;26.2
AC;Acre;Ambos;2022;Causas acidentais;96;11;12.86
AC;Acre;Ambos;2022;Lesão autoprovocada;81;10.18;9.93
AC;Acre;Ambos;2022;Demais causas externas;6;0.69;0.72
AC;Acre;Ambos;2023;Lesão de trânsito;95;10.84;12.39
AC;Acre;Ambos;2023;Agressão;216;24.64;23.8
AC;Acre;Ambos;2023;Causas acidentais;98;11.18;12.5
AC;Acre;Ambos;2023;Lesão autoprovocada;118;14.72;14.95
AC;Acre;Ambos;2023;Demais causas externas;30;3.42;3.66
AC;Acre;Ambos;2024;Lesão de trânsito;137;15.56;17.03
AC;Acre;Ambos;2024;Agressão;173;19.65;19.41
AC;Acre;Ambos;2024;Causas acidentais;120;13.63;15.72
AC;Acre;Ambos;2024;Lesão autoprovocada;113;13.98;14.39
AC;Acre;Ambos;2024;Demais causas externas;26;2.95;3.17
AC;Acre;Ambos;2025;Lesão de trânsito;129;14.59;15.8
AC;Acre;Ambos;2025;Agressão;181;20.47;20.47
AC;Acre;Ambos;2025;Causas acidentais;117;13.23;14.87
AC;Acre;Ambos;2025;Lesão autoprovocada;117;14.37;14.9
AC;Acre;Ambos;2025;Demais causas externas;24;2.71;3.06
AC;Acre;Homens;2000;Lesão de trânsito;72;24.33;30.32
AC;Acre;Homens;2000;Agressão;93;31.42;34.01
AC;Acre;Homens;2000;Causas acidentais;58;19.6;20.52
AC;Acre;Homens;2000;Lesão autoprovocada;15;5.99;5.82
AC;Acre;Homens;2000;Demais causas externas;11;3.72;4.94
AC;Acre;Homens;2001;Lesão de trânsito;77;25.26;36.99
AC;Acre;Homens;2001;Agressão;109;35.75;39.91
AC;Acre;Homens;2001;Causas acidentais;52;17.06;20.35
AC;Acre;Homens;2001;Lesão autoprovocada;26;10.06;10.88
AC;Acre;Homens;2001;Demais causas externas;6;1.97;2.63
AC;Acre;Homens;2002;Lesão de trânsito;91;28.99;35.83
AC;Acre;Homens;2002;Agressão;140;44.6;48.47
AC;Acre;Homens;2002;Causas acidentais;84;26.76;35.76
AC;Acre;Homens;2002;Lesão autoprovocada;16;6;6.6
AC;Acre;Homens;2002;Demais causas externas;14;4.46;7.17
AC;Acre;Homens;2003;Lesão de trânsito;82;25.39;31.81
AC;Acre;Homens;2003;Agressão;132;40.87;48.39
AC;Acre;Homens;2003;Causas acidentais;67;20.74;24.38
AC;Acre;Homens;2003;Lesão autoprovocada;21;7.64;8.93
AC;Acre;Homens;2003;Demais causas externas;4;1.24;0.88
AC;Acre;Homens;2004;Lesão de trânsito;65;19.57;23.38
AC;Acre;Homens;2004;Agressão;104;31.31;33.88
AC;Acre;Homens;2004;Causas acidentais;51;15.35;19.31
AC;Acre;Homens;2004;Lesão autoprovocada;18;6.34;6.86
AC;Acre;Homens;2004;Demais causas externas;4;1.2;1.13
AC;Acre;Homens;2005;Lesão de trânsito;85;24.9;31.53
AC;Acre;Homens;2005;Agressão;110;32.22;37.83
AC;Acre;Homens;2005;Causas acidentais;73;21.38;26.22
AC;Acre;Homens;2005;Lesão autoprovocada;17;5.8;7.38
AC;Acre;Homens;2005;Demais causas externas;7;2.05;2.18
AC;Acre;Homens;2006;Lesão de trânsito;62;17.69;24.84
AC;Acre;Homens;2006;Agressão;143;40.8;47.62
AC;Acre;Homens;2006;Causas acidentais;63;17.97;19.26
AC;Acre;Homens;2006;Lesão autoprovocada;22;7.28;7.84
AC;Acre;Homens;2006;Demais causas externas;15;4.28;5.73
AC;Acre;Homens;2007;Lesão de trânsito;82;22.81;30.16
AC;Acre;Homens;2007;Agressão;118;32.82;35.26
AC;Acre;Homens;2007;Causas acidentais;59;16.41;20.11
AC;Acre;Homens;2007;Lesão autoprovocada;30;9.63;9.74
AC;Acre;Homens;2007;Demais causas externas;7;1.95;2.32
AC;Acre;Homens;2008;Lesão de trânsito;96;26.05;31.98
AC;Acre;Homens;2008;Agressão;120;32.57;34.79
AC;Acre;Homens;2008;Causas acidentais;49;13.3;15.28
AC;Acre;Homens;2008;Lesão autoprovocada;28;8.73;9.96
AC;Acre;Homens;2008;Demais causas externas;12;3.26;3.85
AC;Acre;Homens;2009;Lesão de trânsito;89;23.61;32.37
AC;Acre;Homens;2009;Agressão;137;36.35;40.88
AC;Acre;Homens;2009;Causas acidentais;48;12.73;15.52
AC;Acre;Homens;2009;Lesão autoprovocada;25;7.58;8.15
AC;Acre;Homens;2009;Demais causas externas;17;4.51;5
AC;Acre;Homens;2010;Lesão de trânsito;106;27.6;35.6
AC;Acre;Homens;2010;Agressão;146;38.02;42.42
AC;Acre;Homens;2010;Causas acidentais;58;15.1;21.53
AC;Acre;Homens;2010;Lesão autoprovocada;32;9.46;10.43
AC;Acre;Homens;2010;Demais causas externas;15;3.91;4.69
AC;Acre;Homens;2011;Lesão de trânsito;124;31.74;40.52
AC;Acre;Homens;2011;Agressão;146;37.38;43.16
AC;Acre;Homens;2011;Causas acidentais;78;19.97;25.04
AC;Acre;Homens;2011;Lesão autoprovocada;32;9.25;10.18
AC;Acre;Homens;2011;Demais causas externas;14;3.58;5.05
AC;Acre;Homens;2012;Lesão de trânsito;124;31.21;38.72
AC;Acre;Homens;2012;Agressão;192;48.33;51.69
AC;Acre;Homens;2012;Causas acidentais;77;19.38;28.09
AC;Acre;Homens;2012;Lesão autoprovocada;36;10.19;11.45
AC;Acre;Homens;2012;Demais causas externas;15;3.78;4
AC;Acre;Homens;2013;Lesão de trânsito;107;26.53;29.45
AC;Acre;Homens;2013;Agressão;202;50.08;53.6
AC;Acre;Homens;2013;Causas acidentais;81;20.08;24.85
AC;Acre;Homens;2013;Lesão autoprovocada;34;9.43;9.37
AC;Acre;Homens;2013;Demais causas externas;13;3.22;3.71
AC;Acre;Homens;2014;Lesão de trânsito;113;27.61;35.57
AC;Acre;Homens;2014;Agressão;212;51.8;53.95
AC;Acre;Homens;2014;Causas acidentais;83;20.28;26.37
AC;Acre;Homens;2014;Lesão autoprovocada;43;11.72;12.42
AC;Acre;Homens;2014;Demais causas externas;11;2.69;2.88
AC;Acre;Homens;2015;Lesão de trânsito;99;23.86;28.18
AC;Acre;Homens;2015;Agressão;198;47.73;51.71
AC;Acre;Homens;2015;Causas acidentais;97;23.38;28.51
AC;Acre;Homens;2015;Lesão autoprovocada;33;8.86;9.88
AC;Acre;Homens;2015;Demais causas externas;14;3.37;3.6
AC;Acre;Homens;2016;Lesão de trânsito;96;22.87;28.62
AC;Acre;Homens;2016;Agressão;340;81.01;82.35
AC;Acre;Homens;2016;Causas acidentais;74;17.63;21.2
AC;Acre;Homens;2016;Lesão autoprovocada;43;11.4;11.05
AC;Acre;Homens;2016;Demais causas externas;16;3.81;4.94
AC;Acre;Homens;2017;Lesão de trânsito;91;21.48;26.49
AC;Acre;Homens;2017;Agressão;481;113.51;110.27
AC;Acre;Homens;2017;Causas acidentais;84;19.82;25.73
AC;Acre;Homens;2017;Lesão autoprovocada;47;12.3;12.89
AC;Acre;Homens;2017;Demais causas externas;16;3.78;3.98
AC;Acre;Homens;2018;Lesão de trânsito;69;16.15;20.33
AC;Acre;Homens;2018;Agressão;374;87.54;83.32
AC;Acre;Homens;2018;Causas acidentais;83;19.43;24.52
AC;Acre;Homens;2018;Lesão autoprovocada;42;10.89;10.41
AC;Acre;Homens;2018;Demais causas externas;10;2.34;2.88
AC;Acre;Homens;2019;Lesão de trânsito;92;21.38;25.99
AC;Acre;Homens;2019;Agressão;290;67.38;65
AC;Acre;Homens;2019;Causas acidentais;70;16.26;19.14
AC;Acre;Homens;2019;Lesão autoprovocada;59;15.16;15.87
AC;Acre;Homens;2019;Demais causas externas;11;2.56;2.81
AC;Acre;Homens;2020;Lesão de trânsito;95;21.93;23.75
AC;Acre;Homens;2020;Agressão;273;63.02;59.44
AC;Acre;Homens;2020;Causas acidentais;78;18.01;20.13
AC;Acre;Homens;2020;Lesão autoprovocada;51;12.99;14.43
AC;Acre;Homens;2020;Demais causas externas;14;3.23;3.49
AC;Acre;Homens;2021;Lesão de trânsito;71;16.3;18.38
AC;Acre;Homens;2021;Agressão;176;40.42;40.87
AC;Acre;Homens;2021;Causas acidentais;71;16.3;19.05
AC;Acre;Homens;2021;Lesão autoprovocada;54;13.65;13.99
AC;Acre;Homens;2021;Demais causas externas;4;0.92;0.86
AC;Acre;Homens;2022;Lesão de trânsito;82;18.74;22.01
AC;Acre;Homens;2022;Agressão;213;48.68;47.22
AC;Acre;Homens;2022;Causas acidentais;82;18.74;22.5
AC;Acre;Homens;2022;Lesão autoprovocada;60;15.07;15.14
AC;Acre;Homens;2022;Demais causas externas;6;1.37;1.43
AC;Acre;Homens;2023;Lesão de trânsito;71;16.15;19.2
AC;Acre;Homens;2023;Agressão;196;44.58;43.98
AC;Acre;Homens;2023;Causas acidentais;75;17.06;19.78
AC;Acre;Homens;2023;Lesão autoprovocada;89;22.17;22.31
AC;Acre;Homens;2023;Demais causas externas;24;5.46;5.87
AC;Acre;Homens;2024;Lesão de trânsito;109;24.67;27.37
AC;Acre;Homens;2024;Agressão;161;36.45;36.19
AC;Acre;Homens;2024;Causas acidentais;88;19.92;23.96
AC;Acre;Homens;2024;Lesão autoprovocada;89;21.99;23.09
AC;Acre;Homens;2024;Demais causas externas;20;4.53;4.75
AC;Acre;Homens;2025;Lesão de trânsito;109;24.57;27.1
AC;Acre;Homens;2025;Agressão;160;36.06;36.1
AC;Acre;Homens;2025;Causas acidentais;91;20.51;22.99
AC;Acre;Homens;2025;Lesão autoprovocada;95;23.3;24.5
AC;Acre;Homens;2025;Demais causas externas;19;4.28;5.25
AC;Acre;Mulheres;2000;Lesão de trânsito;18;6.18;9.58
AC;Acre;Mulheres;2000;Agressão;13;4.46;4.8
AC;Acre;Mulheres;2000;Causas acidentais;9;3.09;2.2
AC;Acre;Mulheres;2000;Lesão autoprovocada;12;4.86;4.76
AC;Acre;Mulheres;2000;Demais causas externas;1;0.34;0.22
AC;Acre;Mulheres;2001;Lesão de trânsito;23;7.66;8.44
AC;Acre;Mulheres;2001;Agressão;12;3.99;4.02
AC;Acre;Mulheres;2001;Causas acidentais;12;3.99;4.39
AC;Acre;Mulheres;2001;Lesão autoprovocada;3;1.18;0.68
AC;Acre;Mulheres;2001;Demais causas externas;1;0.33;0.26
AC;Acre;Mulheres;2002;Lesão de trânsito;19;6.14;8.08
AC;Acre;Mulheres;2002;Agressão;11;3.55;3.71
AC;Acre;Mulheres;2002;Causas acidentais;16;5.17;4.49
AC;Acre;Mulheres;2002;Lesão autoprovocada;6;2.28;2.18
AC;Acre;Mulheres;2002;Demais causas externas;10;3.23;4.22
AC;Acre;Mulheres;2003;Lesão de trânsito;19;5.96;7.82
AC;Acre;Mulheres;2003;Agressão;15;4.7;5.39
AC;Acre;Mulheres;2003;Causas acidentais;15;4.7;4.65
AC;Acre;Mulheres;2003;Lesão autoprovocada;5;1.83;1.81
AC;Acre;Mulheres;2004;Lesão de trânsito;20;6.09;6.61
AC;Acre;Mulheres;2004;Agressão;10;3.05;3.37
AC;Acre;Mulheres;2004;Causas acidentais;7;2.13;1.84
AC;Acre;Mulheres;2004;Lesão autoprovocada;8;2.84;2.99
AC;Acre;Mulheres;2005;Lesão de trânsito;10;2.96;4.72
AC;Acre;Mulheres;2005;Agressão;13;3.85;3.94
AC;Acre;Mulheres;2005;Causas acidentais;17;5.04;5.43
AC;Acre;Mulheres;2005;Lesão autoprovocada;2;0.69;0.76
AC;Acre;Mulheres;2005;Demais causas externas;3;0.89;1.29
AC;Acre;Mulheres;2006;Lesão de trânsito;26;7.5;8.29
AC;Acre;Mulheres;2006;Agressão;15;4.32;5.37
AC;Acre;Mulheres;2006;Causas acidentais;19;5.48;5.66
AC;Acre;Mulheres;2006;Lesão autoprovocada;3;1;1.26
AC;Acre;Mulheres;2006;Demais causas externas;6;1.73;2.73
AC;Acre;Mulheres;2007;Lesão de trânsito;18;5.06;6.56
AC;Acre;Mulheres;2007;Agressão;17;4.78;5.76
AC;Acre;Mulheres;2007;Causas acidentais;20;5.62;7.77
AC;Acre;Mulheres;2007;Lesão autoprovocada;5;1.61;1.76
AC;Acre;Mulheres;2007;Demais causas externas;1;0.28;0.17
AC;Acre;Mulheres;2008;Lesão de trânsito;17;4.66;5.21
AC;Acre;Mulheres;2008;Agressão;13;3.56;3.77
AC;Acre;Mulheres;2008;Causas acidentais;13;3.56;3.69
AC;Acre;Mulheres;2008;Lesão autoprovocada;5;1.57;1.95
AC;Acre;Mulheres;2008;Demais causas externas;2;0.55;0.71
AC;Acre;Mulheres;2009;Lesão de trânsito;27;7.22;8.99
AC;Acre;Mulheres;2009;Agressão;16;4.28;4.79
AC;Acre;Mulheres;2009;Causas acidentais;15;4.01;5
AC;Acre;Mulheres;2009;Lesão autoprovocada;6;1.83;1.67
AC;Acre;Mulheres;2009;Demais causas externas;7;1.87;1.86
AC;Acre;Mulheres;2010;Lesão de trânsito;28;7.35;9.96
AC;Acre;Mulheres;2010;Agressão;19;4.99;4.78
AC;Acre;Mulheres;2010;Causas acidentais;20;5.25;6.57
AC;Acre;Mulheres;2010;Lesão autoprovocada;9;2.67;2.53
AC;Acre;Mulheres;2010;Demais causas externas;6;1.57;2.82
AC;Acre;Mulheres;2011;Lesão de trânsito;37;9.54;12.48
AC;Acre;Mulheres;2011;Agressão;18;4.64;5.29
AC;Acre;Mulheres;2011;Causas acidentais;22;5.67;8.86
AC;Acre;Mulheres;2011;Lesão autoprovocada;9;2.61;2.78
AC;Acre;Mulheres;2011;Demais causas externas;8;2.06;3.43
AC;Acre;Mulheres;2012;Lesão de trânsito;39;9.89;12.72
AC;Acre;Mulheres;2012;Agressão;16;4.06;3.89
AC;Acre;Mulheres;2012;Causas acidentais;16;4.06;6.78
AC;Acre;Mulheres;2012;Lesão autoprovocada;7;1.99;1.72
AC;Acre;Mulheres;2012;Demais causas externas;9;2.28;3.86
AC;Acre;Mulheres;2013;Lesão de trânsito;27;6.74;8.59
AC;Acre;Mulheres;2013;Agressão;32;7.99;8.41
AC;Acre;Mulheres;2013;Causas acidentais;11;2.75;3.28
AC;Acre;Mulheres;2013;Lesão autoprovocada;10;2.78;2.14
AC;Acre;Mulheres;2013;Demais causas externas;2;0.5;0.97
AC;Acre;Mulheres;2014;Lesão de trânsito;25;6.15;6.98
AC;Acre;Mulheres;2014;Agressão;20;4.92;5.08
AC;Acre;Mulheres;2014;Causas acidentais;26;6.4;10.16
AC;Acre;Mulheres;2014;Lesão autoprovocada;6;1.64;1.73
AC;Acre;Mulheres;2014;Demais causas externas;10;2.46;3.76
AC;Acre;Mulheres;2015;Lesão de trânsito;16;3.89;5.08
AC;Acre;Mulheres;2015;Agressão;19;4.61;4.47
AC;Acre;Mulheres;2015;Causas acidentais;22;5.34;8.02
AC;Acre;Mulheres;2015;Lesão autoprovocada;6;1.62;1.55
AC;Acre;Mulheres;2015;Demais causas externas;2;0.49;0.69
AC;Acre;Mulheres;2016;Lesão de trânsito;26;6.24;5.91
AC;Acre;Mulheres;2016;Agressão;23;5.52;5.14
AC;Acre;Mulheres;2016;Causas acidentais;20;4.8;6.62
AC;Acre;Mulheres;2016;Lesão autoprovocada;13;3.46;3.66
AC;Acre;Mulheres;2016;Demais causas externas;4;0.96;1.66
AC;Acre;Mulheres;2017;Lesão de trânsito;24;5.7;6.94
AC;Acre;Mulheres;2017;Agressão;34;8.08;7.93
AC;Acre;Mulheres;2017;Causas acidentais;22;5.23;9.26
AC;Acre;Mulheres;2017;Lesão autoprovocada;17;4.46;4.42
AC;Acre;Mulheres;2017;Demais causas externas;3;0.71;0.76
AC;Acre;Mulheres;2018;Lesão de trânsito;25;5.89;5.7
AC;Acre;Mulheres;2018;Agressão;35;8.25;8.06
AC;Acre;Mulheres;2018;Causas acidentais;28;6.6;11.08
AC;Acre;Mulheres;2018;Lesão autoprovocada;17;4.42;4.14
AC;Acre;Mulheres;2018;Demais causas externas;5;1.18;1.2
AC;Acre;Mulheres;2019;Lesão de trânsito;20;4.68;4.76
AC;Acre;Mulheres;2019;Agressão;32;7.49;7.17
AC;Acre;Mulheres;2019;Causas acidentais;19;4.44;5.72
AC;Acre;Mulheres;2019;Lesão autoprovocada;13;3.35;3.09
AC;Acre;Mulheres;2019;Demais causas externas;11;2.57;2.76
AC;Acre;Mulheres;2020;Lesão de trânsito;14;3.25;2.99
AC;Acre;Mulheres;2020;Agressão;27;6.27;6.06
AC;Acre;Mulheres;2020;Causas acidentais;12;2.79;3.68
AC;Acre;Mulheres;2020;Lesão autoprovocada;21;5.36;4.97
AC;Acre;Mulheres;2020;Demais causas externas;1;0.23;0.17
AC;Acre;Mulheres;2021;Lesão de trânsito;19;4.39;4.18
AC;Acre;Mulheres;2021;Agressão;28;6.47;6.15
AC;Acre;Mulheres;2021;Causas acidentais;24;5.54;6.8
AC;Acre;Mulheres;2021;Lesão autoprovocada;16;4.05;3.87
AC;Acre;Mulheres;2021;Demais causas externas;1;0.23;0.4
AC;Acre;Mulheres;2022;Lesão de trânsito;19;4.37;5
AC;Acre;Mulheres;2022;Agressão;23;5.29;5.23
AC;Acre;Mulheres;2022;Causas acidentais;14;3.22;3.59
AC;Acre;Mulheres;2022;Lesão autoprovocada;21;5.29;4.78
AC;Acre;Mulheres;2023;Lesão de trânsito;23;5.26;5.79
AC;Acre;Mulheres;2023;Agressão;18;4.12;3.75
AC;Acre;Mulheres;2023;Causas acidentais;22;5.03;5.49
AC;Acre;Mulheres;2023;Lesão autoprovocada;29;7.24;7.64
AC;Acre;Mulheres;2023;Demais causas externas;6;1.37;1.53
AC;Acre;Mulheres;2024;Lesão de trânsito;28;6.38;6.88
AC;Acre;Mulheres;2024;Agressão;12;2.73;2.68
AC;Acre;Mulheres;2024;Causas acidentais;31;7.06;7.92
AC;Acre;Mulheres;2024;Lesão autoprovocada;24;5.95;5.8
AC;Acre;Mulheres;2024;Demais causas externas;6;1.37;1.56
AC;Acre;Mulheres;2025;Lesão de trânsito;20;4.54;4.68
AC;Acre;Mulheres;2025;Agressão;21;4.77;4.86
AC;Acre;Mulheres;2025;Causas acidentais;26;5.9;6.96
AC;Acre;Mulheres;2025;Lesão autoprovocada;22;5.41;5.45
AC;Acre;Mulheres;2025;Demais causas externas;4;0.91;1.01
AL;Alagoas;Ambos;2000;Lesão de trânsito;545;18.91;22.65
AL;Alagoas;Ambos;2000;Agressão;727;25.22;27.18
AL;Alagoas;Ambos;2000;Causas acidentais;296;10.27;11.72
AL;Alagoas;Ambos;2000;Lesão autoprovocada;72;2.85;3.47
AL;Alagoas;Ambos;2000;Demais causas externas;31;1.08;1.8
AL;Alagoas;Ambos;2001;Lesão de trânsito;549;18.81;22.96
AL;Alagoas;Ambos;2001;Agressão;830;28.44;29.88
AL;Alagoas;Ambos;2001;Causas acidentais;291;9.97;11.5
AL;Alagoas;Ambos;2001;Lesão autoprovocada;96;3.75;4.25
AL;Alagoas;Ambos;2001;Demais causas externas;15;0.51;0.81
AL;Alagoas;Ambos;2002;Lesão de trânsito;590;19.99;24.08
AL;Alagoas;Ambos;2002;Agressão;991;33.58;35.45
AL;Alagoas;Ambos;2002;Causas acidentais;311;10.54;11.92
AL;Alagoas;Ambos;2002;Lesão autoprovocada;84;3.23;3.72
AL;Alagoas;Ambos;2002;Demais causas externas;10;0.34;0.57
AL;Alagoas;Ambos;2003;Lesão de trânsito;519;17.41;19.8
AL;Alagoas;Ambos;2003;Agressão;1039;34.85;36.14
AL;Alagoas;Ambos;2003;Causas acidentais;390;13.08;14.96
AL;Alagoas;Ambos;2003;Lesão autoprovocada;68;2.58;3.17
AL;Alagoas;Ambos;2003;Demais causas externas;12;0.4;0.49
AL;Alagoas;Ambos;2004;Lesão de trânsito;561;18.64;22.32
AL;Alagoas;Ambos;2004;Agressão;1035;34.39;35.19
AL;Alagoas;Ambos;2004;Causas acidentais;382;12.69;14.5
AL;Alagoas;Ambos;2004;Lesão autoprovocada;94;3.51;4.1
AL;Alagoas;Ambos;2004;Demais causas externas;11;0.37;0.59
AL;Alagoas;Ambos;2005;Lesão de trânsito;566;18.64;21.76
AL;Alagoas;Ambos;2005;Agressão;1203;39.62;40.26
AL;Alagoas;Ambos;2005;Causas acidentais;336;11.07;12.6
AL;Alagoas;Ambos;2005;Lesão autoprovocada;78;2.88;3.43
AL;Alagoas;Ambos;2005;Demais causas externas;15;0.49;0.8
AL;Alagoas;Ambos;2006;Lesão de trânsito;572;18.69;21.98
AL;Alagoas;Ambos;2006;Agressão;1618;52.87;53.17
AL;Alagoas;Ambos;2006;Causas acidentais;357;11.67;14.09
AL;Alagoas;Ambos;2006;Lesão autoprovocada;95;3.46;3.77
AL;Alagoas;Ambos;2006;Demais causas externas;49;1.6;2.33
AL;Alagoas;Ambos;2007;Lesão de trânsito;658;21.36;24.59
AL;Alagoas;Ambos;2007;Agressão;1835;59.56;58.52
AL;Alagoas;Ambos;2007;Causas acidentais;364;11.81;13.67
AL;Alagoas;Ambos;2007;Lesão autoprovocada;109;3.93;4.37
AL;Alagoas;Ambos;2007;Demais causas externas;18;0.58;0.83
AL;Alagoas;Ambos;2008;Lesão de trânsito;588;18.96;20.86
AL;Alagoas;Ambos;2008;Agressão;1887;60.86;59.64
AL;Alagoas;Ambos;2008;Causas acidentais;355;11.45;13.51
AL;Alagoas;Ambos;2008;Lesão autoprovocada;106;3.79;3.9
AL;Alagoas;Ambos;2008;Demais causas externas;20;0.65;0.78
AL;Alagoas;Ambos;2009;Lesão de trânsito;658;21.1;23.95
AL;Alagoas;Ambos;2009;Agressão;1873;60.07;59.09
AL;Alagoas;Ambos;2009;Causas acidentais;384;12.31;14.05
AL;Alagoas;Ambos;2009;Lesão autoprovocada;111;3.93;4.37
AL;Alagoas;Ambos;2009;Demais causas externas;34;1.09;1.24
AL;Alagoas;Ambos;2010;Lesão de trânsito;782;24.97;27.98
AL;Alagoas;Ambos;2010;Agressão;2087;66.64;63.95
AL;Alagoas;Ambos;2010;Causas acidentais;417;13.32;15.88
AL;Alagoas;Ambos;2010;Lesão autoprovocada;85;2.99;3.13
AL;Alagoas;Ambos;2010;Demais causas externas;32;1.02;1.26
AL;Alagoas;Ambos;2011;Lesão de trânsito;830;26.41;29.05
AL;Alagoas;Ambos;2011;Agressão;2244;71.42;68.96
AL;Alagoas;Ambos;2011;Causas acidentais;380;12.09;14.04
AL;Alagoas;Ambos;2011;Lesão autoprovocada;104;3.64;4.01
AL;Alagoas;Ambos;2011;Demais causas externas;14;0.45;0.58
AL;Alagoas;Ambos;2012;Lesão de trânsito;836;26.52;29.56
AL;Alagoas;Ambos;2012;Agressão;2046;64.9;62.35
AL;Alagoas;Ambos;2012;Causas acidentais;349;11.07;13.37
AL;Alagoas;Ambos;2012;Lesão autoprovocada;109;3.79;4.15
AL;Alagoas;Ambos;2012;Demais causas externas;27;0.86;1.05
AL;Alagoas;Ambos;2013;Lesão de trânsito;775;24.5;26.83
AL;Alagoas;Ambos;2013;Agressão;2148;67.92;64.14
AL;Alagoas;Ambos;2013;Causas acidentais;387;12.24;14.84
AL;Alagoas;Ambos;2013;Lesão autoprovocada;143;4.95;5.36
AL;Alagoas;Ambos;2013;Demais causas externas;61;1.93;2.51
AL;Alagoas;Ambos;2014;Lesão de trânsito;832;26.23;28.35
AL;Alagoas;Ambos;2014;Agressão;2085;65.72;62.73
AL;Alagoas;Ambos;2014;Causas acidentais;374;11.79;13.75
AL;Alagoas;Ambos;2014;Lesão autoprovocada;118;4.06;4.26
AL;Alagoas;Ambos;2014;Demais causas externas;54;1.7;2.27
AL;Alagoas;Ambos;2015;Lesão de trânsito;732;23.01;24.57
AL;Alagoas;Ambos;2015;Agressão;1748;54.95;52.09
AL;Alagoas;Ambos;2015;Causas acidentais;336;10.56;12.42
AL;Alagoas;Ambos;2015;Lesão autoprovocada;116;3.97;4.44
AL;Alagoas;Ambos;2015;Demais causas externas;54;1.7;2.03
AL;Alagoas;Ambos;2016;Lesão de trânsito;730;22.9;24.2
AL;Alagoas;Ambos;2016;Agressão;1820;57.09;54.06
AL;Alagoas;Ambos;2016;Causas acidentais;390;12.23;14.54
AL;Alagoas;Ambos;2016;Lesão autoprovocada;111;3.79;3.83
AL;Alagoas;Ambos;2016;Demais causas externas;44;1.38;1.75
AL;Alagoas;Ambos;2017;Lesão de trânsito;626;19.6;20.72
AL;Alagoas;Ambos;2017;Agressão;1811;56.72;53.79
AL;Alagoas;Ambos;2017;Causas acidentais;509;15.94;18.81
AL;Alagoas;Ambos;2017;Lesão autoprovocada;104;3.54;3.72
AL;Alagoas;Ambos;2017;Demais causas externas;83;2.6;3.17
AL;Alagoas;Ambos;2018;Lesão de trânsito;593;18.53;19.3
AL;Alagoas;Ambos;2018;Agressão;1440;45;43.04
AL;Alagoas;Ambos;2018;Causas acidentais;418;13.06;15.44
AL;Alagoas;Ambos;2018;Lesão autoprovocada;137;4.65;4.79
AL;Alagoas;Ambos;2018;Demais causas externas;95;2.97;3.55
AL;Alagoas;Ambos;2019;Lesão de trânsito;611;19.04;19.73
AL;Alagoas;Ambos;2019;Agressão;1115;34.75;33.63
AL;Alagoas;Ambos;2019;Causas acidentais;451;14.06;16.65
AL;Alagoas;Ambos;2019;Lesão autoprovocada;129;4.36;4.54
AL;Alagoas;Ambos;2019;Demais causas externas;77;2.4;2.75
AL;Alagoas;Ambos;2020;Lesão de trânsito;674;20.97;21.55
AL;Alagoas;Ambos;2020;Agressão;1204;37.45;36.28
AL;Alagoas;Ambos;2020;Causas acidentais;506;15.74;18.11
AL;Alagoas;Ambos;2020;Lesão autoprovocada;168;5.66;5.86
AL;Alagoas;Ambos;2020;Demais causas externas;156;4.85;5
AL;Alagoas;Ambos;2021;Lesão de trânsito;627;19.49;20.06
AL;Alagoas;Ambos;2021;Agressão;1016;31.57;30.71
AL;Alagoas;Ambos;2021;Causas acidentais;484;15.04;17
AL;Alagoas;Ambos;2021;Lesão autoprovocada;158;5.31;5.52
AL;Alagoas;Ambos;2021;Demais causas externas;188;5.84;6.06
AL;Alagoas;Ambos;2022;Lesão de trânsito;579;17.99;18.45
AL;Alagoas;Ambos;2022;Agressão;1117;34.71;33.99
AL;Alagoas;Ambos;2022;Causas acidentais;417;12.96;14.25
AL;Alagoas;Ambos;2022;Lesão autoprovocada;193;6.48;6.58
AL;Alagoas;Ambos;2022;Demais causas externas;178;5.53;6.14
AL;Alagoas;Ambos;2023;Lesão de trânsito;634;19.7;20.27
AL;Alagoas;Ambos;2023;Agressão;1145;35.57;35.18
AL;Alagoas;Ambos;2023;Causas acidentais;506;15.72;17.17
AL;Alagoas;Ambos;2023;Lesão autoprovocada;187;6.27;6.39
AL;Alagoas;Ambos;2023;Demais causas externas;219;6.8;7.21
AL;Alagoas;Ambos;2024;Lesão de trânsito;763;23.69;24.23
AL;Alagoas;Ambos;2024;Agressão;1148;35.65;35.54
AL;Alagoas;Ambos;2024;Causas acidentais;518;16.09;17.25
AL;Alagoas;Ambos;2024;Lesão autoprovocada;170;5.68;5.81
AL;Alagoas;Ambos;2024;Demais causas externas;280;8.7;9.2
AL;Alagoas;Ambos;2025;Lesão de trânsito;663;20.58;21.02
AL;Alagoas;Ambos;2025;Agressão;1103;34.25;34.43
AL;Alagoas;Ambos;2025;Causas acidentais;540;16.77;17.57
AL;Alagoas;Ambos;2025;Lesão autoprovocada;186;6.21;6.33
AL;Alagoas;Ambos;2025;Demais causas externas;358;11.12;11.6
AL;Alagoas;Homens;2000;Lesão de trânsito;438;31.17;38.52
AL;Alagoas;Homens;2000;Agressão;663;47.18;51.82
AL;Alagoas;Homens;2000;Causas acidentais;238;16.93;19.9
AL;Alagoas;Homens;2000;Lesão autoprovocada;53;4.33;5.59
AL;Alagoas;Homens;2000;Demais causas externas;19;1.35;2.23
AL;Alagoas;Homens;2001;Lesão de trânsito;446;31.35;39.57
AL;Alagoas;Homens;2001;Agressão;775;54.47;57.65
AL;Alagoas;Homens;2001;Causas acidentais;225;15.81;18.68
AL;Alagoas;Homens;2001;Lesão autoprovocada;83;6.68;7.85
AL;Alagoas;Homens;2001;Demais causas externas;12;0.84;1.34
AL;Alagoas;Homens;2002;Lesão de trânsito;507;35.24;42.79
AL;Alagoas;Homens;2002;Agressão;921;64.02;68.08
AL;Alagoas;Homens;2002;Causas acidentais;256;17.79;21.24
AL;Alagoas;Homens;2002;Lesão autoprovocada;63;5;5.89
AL;Alagoas;Homens;2002;Demais causas externas;8;0.56;1.02
AL;Alagoas;Homens;2003;Lesão de trânsito;430;29.59;34.96
AL;Alagoas;Homens;2003;Agressão;972;66.89;69.92
AL;Alagoas;Homens;2003;Causas acidentais;312;21.47;25.16
AL;Alagoas;Homens;2003;Lesão autoprovocada;55;4.3;5.66
AL;Alagoas;Homens;2003;Demais causas externas;10;0.69;0.78
AL;Alagoas;Homens;2004;Lesão de trânsito;467;31.85;38.6
AL;Alagoas;Homens;2004;Agressão;960;65.46;67.56
AL;Alagoas;Homens;2004;Causas acidentais;313;21.34;25.18
AL;Alagoas;Homens;2004;Lesão autoprovocada;73;5.63;7
AL;Alagoas;Homens;2004;Demais causas externas;7;0.48;0.72
AL;Alagoas;Homens;2005;Lesão de trânsito;481;32.53;39.03
AL;Alagoas;Homens;2005;Agressão;1129;76.35;78.59
AL;Alagoas;Homens;2005;Causas acidentais;250;16.91;20.05
AL;Alagoas;Homens;2005;Lesão autoprovocada;55;4.19;5.41
AL;Alagoas;Homens;2005;Demais causas externas;9;0.61;0.96
AL;Alagoas;Homens;2006;Lesão de trânsito;492;33.03;40.1
AL;Alagoas;Homens;2006;Agressão;1512;101.5;102.79
AL;Alagoas;Homens;2006;Causas acidentais;270;18.12;21.97
AL;Alagoas;Homens;2006;Lesão autoprovocada;76;5.73;6.52
AL;Alagoas;Homens;2006;Demais causas externas;32;2.15;3.04
AL;Alagoas;Homens;2007;Lesão de trânsito;540;36.03;41.89
AL;Alagoas;Homens;2007;Agressão;1727;115.24;114.4
AL;Alagoas;Homens;2007;Causas acidentais;278;18.55;22.09
AL;Alagoas;Homens;2007;Lesão autoprovocada;92;6.86;7.99
AL;Alagoas;Homens;2007;Demais causas externas;12;0.8;1.28
AL;Alagoas;Homens;2008;Lesão de trânsito;494;32.78;36.85
AL;Alagoas;Homens;2008;Agressão;1804;119.72;118.39
AL;Alagoas;Homens;2008;Causas acidentais;276;18.32;21.76
AL;Alagoas;Homens;2008;Lesão autoprovocada;88;6.51;6.9
AL;Alagoas;Homens;2008;Demais causas externas;14;0.93;1.12
AL;Alagoas;Homens;2009;Lesão de trânsito;551;36.39;41.92
AL;Alagoas;Homens;2009;Agressão;1762;116.37;115.64
AL;Alagoas;Homens;2009;Causas acidentais;295;19.48;22.25
AL;Alagoas;Homens;2009;Lesão autoprovocada;85;6.24;7.2
AL;Alagoas;Homens;2009;Demais causas externas;25;1.65;2
AL;Alagoas;Homens;2010;Lesão de trânsito;661;43.51;49.86
AL;Alagoas;Homens;2010;Agressão;1950;128.35;123.97
AL;Alagoas;Homens;2010;Causas acidentais;315;20.73;25.8
AL;Alagoas;Homens;2010;Lesão autoprovocada;63;4.59;4.86
AL;Alagoas;Homens;2010;Demais causas externas;21;1.38;1.89
AL;Alagoas;Homens;2011;Lesão de trânsito;703;46.15;52.12
AL;Alagoas;Homens;2011;Agressão;2106;138.26;134.54
AL;Alagoas;Homens;2011;Causas acidentais;287;18.84;22.88
AL;Alagoas;Homens;2011;Lesão autoprovocada;78;5.66;6.43
AL;Alagoas;Homens;2011;Demais causas externas;10;0.66;0.83
AL;Alagoas;Homens;2012;Lesão de trânsito;711;46.56;53.39
AL;Alagoas;Homens;2012;Agressão;1913;125.28;121.36
AL;Alagoas;Homens;2012;Causas acidentais;251;16.44;20.08
AL;Alagoas;Homens;2012;Lesão autoprovocada;82;5.92;6.71
AL;Alagoas;Homens;2012;Demais causas externas;17;1.11;1.36
AL;Alagoas;Homens;2013;Lesão de trânsito;661;43.17;48.13
AL;Alagoas;Homens;2013;Agressão;2005;130.96;124.26
AL;Alagoas;Homens;2013;Causas acidentais;290;18.94;23.14
AL;Alagoas;Homens;2013;Lesão autoprovocada;117;8.4;9.32
AL;Alagoas;Homens;2013;Demais causas externas;41;2.68;3.52
AL;Alagoas;Homens;2014;Lesão de trânsito;720;46.91;51.81
AL;Alagoas;Homens;2014;Agressão;1960;127.71;122.98
AL;Alagoas;Homens;2014;Causas acidentais;272;17.72;20.56
AL;Alagoas;Homens;2014;Lesão autoprovocada;83;5.93;6.39
AL;Alagoas;Homens;2014;Demais causas externas;25;1.63;2.29
AL;Alagoas;Homens;2015;Lesão de trânsito;632;41.09;44.94
AL;Alagoas;Homens;2015;Agressão;1653;107.46;102.22
AL;Alagoas;Homens;2015;Causas acidentais;239;15.54;18.45
AL;Alagoas;Homens;2015;Lesão autoprovocada;92;6.55;7.58
AL;Alagoas;Homens;2015;Demais causas externas;32;2.08;2.63
AL;Alagoas;Homens;2016;Lesão de trânsito;638;41.41;44.55
AL;Alagoas;Homens;2016;Agressão;1718;111.51;105.77
AL;Alagoas;Homens;2016;Causas acidentais;261;16.94;20.8
AL;Alagoas;Homens;2016;Lesão autoprovocada;86;6.11;6.3
AL;Alagoas;Homens;2016;Demais causas externas;23;1.49;1.9
AL;Alagoas;Homens;2017;Lesão de trânsito;518;33.58;36.5
AL;Alagoas;Homens;2017;Agressão;1700;110.2;104.44
AL;Alagoas;Homens;2017;Causas acidentais;354;22.95;27.76
AL;Alagoas;Homens;2017;Lesão autoprovocada;75;5.31;5.84
AL;Alagoas;Homens;2017;Demais causas externas;42;2.72;3.38
AL;Alagoas;Homens;2018;Lesão de trânsito;510;33;35.13
AL;Alagoas;Homens;2018;Agressão;1373;88.83;85.03
AL;Alagoas;Homens;2018;Causas acidentais;276;17.86;21.72
AL;Alagoas;Homens;2018;Lesão autoprovocada;101;7.13;7.53
AL;Alagoas;Homens;2018;Demais causas externas;54;3.49;4.41
AL;Alagoas;Homens;2019;Lesão de trânsito;512;33.04;34.69
AL;Alagoas;Homens;2019;Agressão;1025;66.15;63.95
AL;Alagoas;Homens;2019;Causas acidentais;300;19.36;23.78
AL;Alagoas;Homens;2019;Lesão autoprovocada;96;6.75;7.25
AL;Alagoas;Homens;2019;Demais causas externas;46;2.97;3.52
AL;Alagoas;Homens;2020;Lesão de trânsito;591;38.08;39.92
AL;Alagoas;Homens;2020;Agressão;1115;71.84;69.47
AL;Alagoas;Homens;2020;Causas acidentais;337;21.71;25.61
AL;Alagoas;Homens;2020;Lesão autoprovocada;130;9.12;9.7
AL;Alagoas;Homens;2020;Demais causas externas;126;8.12;8.19
AL;Alagoas;Homens;2021;Lesão de trânsito;555;35.74;37.56
AL;Alagoas;Homens;2021;Agressão;952;61.3;59.34
AL;Alagoas;Homens;2021;Causas acidentais;318;20.48;23.76
AL;Alagoas;Homens;2021;Lesão autoprovocada;120;8.4;8.88
AL;Alagoas;Homens;2021;Demais causas externas;140;9.02;9.23
AL;Alagoas;Homens;2022;Lesão de trânsito;497;32.01;33.49
AL;Alagoas;Homens;2022;Agressão;1040;66.99;65.3
AL;Alagoas;Homens;2022;Causas acidentais;294;18.94;21.85
AL;Alagoas;Homens;2022;Lesão autoprovocada;141;9.87;10.16
AL;Alagoas;Homens;2022;Demais causas externas;109;7.02;8.23
AL;Alagoas;Homens;2023;Lesão de trânsito;531;34.21;35.88
AL;Alagoas;Homens;2023;Agressão;1074;69.19;68.08
AL;Alagoas;Homens;2023;Causas acidentais;331;21.32;24.12
AL;Alagoas;Homens;2023;Lesão autoprovocada;149;10.41;10.88
AL;Alagoas;Homens;2023;Demais causas externas;152;9.79;10.47
AL;Alagoas;Homens;2024;Lesão de trânsito;651;41.93;43.63
AL;Alagoas;Homens;2024;Agressão;1076;69.31;68.56
AL;Alagoas;Homens;2024;Causas acidentais;339;21.84;24.62
AL;Alagoas;Homens;2024;Lesão autoprovocada;132;9.2;9.67
AL;Alagoas;Homens;2024;Demais causas externas;172;11.08;12.09
AL;Alagoas;Homens;2025;Lesão de trânsito;569;36.65;38.2
AL;Alagoas;Homens;2025;Agressão;1001;64.48;64.12
AL;Alagoas;Homens;2025;Causas acidentais;380;24.48;26.64
AL;Alagoas;Homens;2025;Lesão autoprovocada;158;10.99;11.46
AL;Alagoas;Homens;2025;Demais causas externas;253;16.3;17.65
AL;Alagoas;Mulheres;2000;Lesão de trânsito;107;7.24;8.18
AL;Alagoas;Mulheres;2000;Agressão;64;4.33;4.32
AL;Alagoas;Mulheres;2000;Causas acidentais;58;3.93;4.23
AL;Alagoas;Mulheres;2000;Lesão autoprovocada;19;1.46;1.56
AL;Alagoas;Mulheres;2000;Demais causas externas;12;0.81;1.4
AL;Alagoas;Mulheres;2001;Lesão de trânsito;103;6.89;7.92
AL;Alagoas;Mulheres;2001;Agressão;54;3.61;3.92
AL;Alagoas;Mulheres;2001;Causas acidentais;66;4.41;4.9
AL;Alagoas;Mulheres;2001;Lesão autoprovocada;13;0.99;0.99
AL;Alagoas;Mulheres;2001;Demais causas externas;3;0.2;0.34
AL;Alagoas;Mulheres;2002;Lesão de trânsito;83;5.49;6.96
AL;Alagoas;Mulheres;2002;Agressão;70;4.63;5.08
AL;Alagoas;Mulheres;2002;Causas acidentais;55;3.64;3.55
AL;Alagoas;Mulheres;2002;Lesão autoprovocada;21;1.57;1.74
AL;Alagoas;Mulheres;2002;Demais causas externas;2;0.13;0.19
AL;Alagoas;Mulheres;2003;Lesão de trânsito;89;5.82;6.01
AL;Alagoas;Mulheres;2003;Agressão;67;4.38;4.74
AL;Alagoas;Mulheres;2003;Causas acidentais;78;5.1;5.66
AL;Alagoas;Mulheres;2003;Lesão autoprovocada;13;0.96;0.97
AL;Alagoas;Mulheres;2003;Demais causas externas;2;0.13;0.22
AL;Alagoas;Mulheres;2004;Lesão de trânsito;94;6.09;7.53
AL;Alagoas;Mulheres;2004;Agressão;75;4.86;5.09
AL;Alagoas;Mulheres;2004;Causas acidentais;69;4.47;4.88
AL;Alagoas;Mulheres;2004;Lesão autoprovocada;21;1.52;1.55
AL;Alagoas;Mulheres;2004;Demais causas externas;4;0.26;0.45
AL;Alagoas;Mulheres;2005;Lesão de trânsito;85;5.46;6.14
AL;Alagoas;Mulheres;2005;Agressão;74;4.75;4.72
AL;Alagoas;Mulheres;2005;Causas acidentais;86;5.52;5.88
AL;Alagoas;Mulheres;2005;Lesão autoprovocada;23;1.65;1.7
AL;Alagoas;Mulheres;2005;Demais causas externas;6;0.39;0.63
AL;Alagoas;Mulheres;2006;Lesão de trânsito;80;5.09;5.69
AL;Alagoas;Mulheres;2006;Agressão;106;6.75;7.16
AL;Alagoas;Mulheres;2006;Causas acidentais;87;5.54;6.88
AL;Alagoas;Mulheres;2006;Lesão autoprovocada;19;1.34;1.31
AL;Alagoas;Mulheres;2006;Demais causas externas;17;1.08;1.74
AL;Alagoas;Mulheres;2007;Lesão de trânsito;118;7.46;9.06
AL;Alagoas;Mulheres;2007;Agressão;108;6.83;6.71
AL;Alagoas;Mulheres;2007;Causas acidentais;86;5.44;6.01
AL;Alagoas;Mulheres;2007;Lesão autoprovocada;17;1.19;1.16
AL;Alagoas;Mulheres;2007;Demais causas externas;6;0.38;0.45
AL;Alagoas;Mulheres;2008;Lesão de trânsito;94;5.9;6.41
AL;Alagoas;Mulheres;2008;Agressão;83;5.21;5.3
AL;Alagoas;Mulheres;2008;Causas acidentais;79;4.96;6.01
AL;Alagoas;Mulheres;2008;Lesão autoprovocada;18;1.25;1.19
AL;Alagoas;Mulheres;2008;Demais causas externas;6;0.38;0.46
AL;Alagoas;Mulheres;2009;Lesão de trânsito;107;6.67;7.76
AL;Alagoas;Mulheres;2009;Agressão;111;6.92;6.91
AL;Alagoas;Mulheres;2009;Causas acidentais;89;5.55;6.53
AL;Alagoas;Mulheres;2009;Lesão autoprovocada;26;1.78;1.88
AL;Alagoas;Mulheres;2009;Demais causas externas;9;0.56;0.56
AL;Alagoas;Mulheres;2010;Lesão de trânsito;121;7.5;8.37
AL;Alagoas;Mulheres;2010;Agressão;137;8.5;8.39
AL;Alagoas;Mulheres;2010;Causas acidentais;102;6.33;7.22
AL;Alagoas;Mulheres;2010;Lesão autoprovocada;22;1.5;1.58
AL;Alagoas;Mulheres;2010;Demais causas externas;11;0.68;0.77
AL;Alagoas;Mulheres;2011;Lesão de trânsito;127;7.84;8.37
AL;Alagoas;Mulheres;2011;Agressão;138;8.52;8.49
AL;Alagoas;Mulheres;2011;Causas acidentais;93;5.74;6.38
AL;Alagoas;Mulheres;2011;Lesão autoprovocada;26;1.76;1.88
AL;Alagoas;Mulheres;2011;Demais causas externas;4;0.25;0.33
AL;Alagoas;Mulheres;2012;Lesão de trânsito;124;7.63;8.34
AL;Alagoas;Mulheres;2012;Agressão;133;8.18;8
AL;Alagoas;Mulheres;2012;Causas acidentais;98;6.03;7.38
AL;Alagoas;Mulheres;2012;Lesão autoprovocada;27;1.81;1.91
AL;Alagoas;Mulheres;2012;Demais causas externas;10;0.62;0.78
AL;Alagoas;Mulheres;2013;Lesão de trânsito;114;6.99;7.78
AL;Alagoas;Mulheres;2013;Agressão;142;8.7;8.47
AL;Alagoas;Mulheres;2013;Causas acidentais;97;5.94;7.35
AL;Alagoas;Mulheres;2013;Lesão autoprovocada;26;1.73;1.87
AL;Alagoas;Mulheres;2013;Demais causas externas;20;1.23;1.6
AL;Alagoas;Mulheres;2014;Lesão de trânsito;112;6.84;7.47
AL;Alagoas;Mulheres;2014;Agressão;125;7.63;7.2
AL;Alagoas;Mulheres;2014;Causas acidentais;102;6.23;7.6
AL;Alagoas;Mulheres;2014;Lesão autoprovocada;35;2.32;2.39
AL;Alagoas;Mulheres;2014;Demais causas externas;29;1.77;2.22
AL;Alagoas;Mulheres;2015;Lesão de trânsito;100;6.09;6.44
AL;Alagoas;Mulheres;2015;Agressão;95;5.78;5.7
AL;Alagoas;Mulheres;2015;Causas acidentais;97;5.9;7
AL;Alagoas;Mulheres;2015;Lesão autoprovocada;24;1.58;1.7
AL;Alagoas;Mulheres;2015;Demais causas externas;22;1.34;1.55
AL;Alagoas;Mulheres;2016;Lesão de trânsito;92;5.59;5.99
AL;Alagoas;Mulheres;2016;Agressão;101;6.13;6.09
AL;Alagoas;Mulheres;2016;Causas acidentais;129;7.83;9.04
AL;Alagoas;Mulheres;2016;Lesão autoprovocada;25;1.64;1.64
AL;Alagoas;Mulheres;2016;Demais causas externas;21;1.27;1.57
AL;Alagoas;Mulheres;2017;Lesão de trânsito;108;6.54;6.72
AL;Alagoas;Mulheres;2017;Agressão;111;6.73;6.65
AL;Alagoas;Mulheres;2017;Causas acidentais;155;9.39;10.9
AL;Alagoas;Mulheres;2017;Lesão autoprovocada;29;1.9;1.89
AL;Alagoas;Mulheres;2017;Demais causas externas;41;2.48;2.96
AL;Alagoas;Mulheres;2018;Lesão de trânsito;83;5.02;5.13
AL;Alagoas;Mulheres;2018;Agressão;67;4.05;3.95
AL;Alagoas;Mulheres;2018;Causas acidentais;141;8.52;9.74
AL;Alagoas;Mulheres;2018;Lesão autoprovocada;36;2.35;2.37
AL;Alagoas;Mulheres;2018;Demais causas externas;41;2.48;2.83
AL;Alagoas;Mulheres;2019;Lesão de trânsito;98;5.91;6.18
AL;Alagoas;Mulheres;2019;Agressão;90;5.42;5.37
AL;Alagoas;Mulheres;2019;Causas acidentais;151;9.1;10.34
AL;Alagoas;Mulheres;2019;Lesão autoprovocada;33;2.15;2.17
AL;Alagoas;Mulheres;2019;Demais causas externas;31;1.87;2.09
AL;Alagoas;Mulheres;2020;Lesão de trânsito;83;4.99;5.08
AL;Alagoas;Mulheres;2020;Agressão;89;5.35;5.25
AL;Alagoas;Mulheres;2020;Causas acidentais;169;10.16;11.31
AL;Alagoas;Mulheres;2020;Lesão autoprovocada;38;2.46;2.49
AL;Alagoas;Mulheres;2020;Demais causas externas;30;1.8;1.99
AL;Alagoas;Mulheres;2021;Lesão de trânsito;72;4.32;4.39
AL;Alagoas;Mulheres;2021;Agressão;64;3.84;3.83
AL;Alagoas;Mulheres;2021;Causas acidentais;166;9.97;10.86
AL;Alagoas;Mulheres;2021;Lesão autoprovocada;38;2.46;2.52
AL;Alagoas;Mulheres;2021;Demais causas externas;48;2.88;3.03
AL;Alagoas;Mulheres;2022;Lesão de trânsito;82;4.92;4.99
AL;Alagoas;Mulheres;2022;Agressão;77;4.62;4.58
AL;Alagoas;Mulheres;2022;Causas acidentais;123;7.38;7.76
AL;Alagoas;Mulheres;2022;Lesão autoprovocada;52;3.36;3.38
AL;Alagoas;Mulheres;2022;Demais causas externas;69;4.14;4.38
AL;Alagoas;Mulheres;2023;Lesão de trânsito;103;6.18;6.28
AL;Alagoas;Mulheres;2023;Agressão;71;4.26;4.28
AL;Alagoas;Mulheres;2023;Causas acidentais;175;10.5;10.87
AL;Alagoas;Mulheres;2023;Lesão autoprovocada;38;2.45;2.46
AL;Alagoas;Mulheres;2023;Demais causas externas;67;4.02;4.18
AL;Alagoas;Mulheres;2024;Lesão de trânsito;112;6.72;6.76
AL;Alagoas;Mulheres;2024;Agressão;71;4.26;4.26
AL;Alagoas;Mulheres;2024;Causas acidentais;179;10.73;10.86
AL;Alagoas;Mulheres;2024;Lesão autoprovocada;38;2.44;2.47
AL;Alagoas;Mulheres;2024;Demais causas externas;107;6.42;6.5
AL;Alagoas;Mulheres;2025;Lesão de trânsito;94;5.63;5.64
AL;Alagoas;Mulheres;2025;Agressão;101;6.05;6.1
AL;Alagoas;Mulheres;2025;Causas acidentais;160;9.59;9.46
AL;Alagoas;Mulheres;2025;Lesão autoprovocada;28;1.8;1.8
AL;Alagoas;Mulheres;2025;Demais causas externas;105;6.29;6.27
AM;Amazonas;Ambos;2000;Lesão de trânsito;324;11.37;14.23
AM;Amazonas;Ambos;2000;Agressão;552;19.36;20.52
AM;Amazonas;Ambos;2000;Causas acidentais;334;11.72;14
AM;Amazonas;Ambos;2000;Lesão autoprovocada;77;3.14;3.48
AM;Amazonas;Ambos;2000;Demais causas externas;65;2.28;3.03
AM;Amazonas;Ambos;2001;Lesão de trânsito;263;9;12.29
AM;Amazonas;Ambos;2001;Agressão;485;16.6;17.9
AM;Amazonas;Ambos;2001;Causas acidentais;365;12.49;15.36
AM;Amazonas;Ambos;2001;Lesão autoprovocada;94;3.73;3.71
AM;Amazonas;Ambos;2001;Demais causas externas;48;1.64;2.07
AM;Amazonas;Ambos;2002;Lesão de trânsito;305;10.2;12.98
AM;Amazonas;Ambos;2002;Agressão;513;17.15;18.04
AM;Amazonas;Ambos;2002;Causas acidentais;400;13.37;15.45
AM;Amazonas;Ambos;2002;Lesão autoprovocada;81;3.13;3.19
AM;Amazonas;Ambos;2002;Demais causas externas;50;1.67;2.53
AM;Amazonas;Ambos;2003;Lesão de trânsito;314;10.26;13.74
AM;Amazonas;Ambos;2003;Agressão;558;18.24;19.07
AM;Amazonas;Ambos;2003;Causas acidentais;381;12.45;15.6
AM;Amazonas;Ambos;2003;Lesão autoprovocada;92;3.46;3.91
AM;Amazonas;Ambos;2003;Demais causas externas;44;1.44;1.66
AM;Amazonas;Ambos;2004;Lesão de trânsito;359;11.47;15.08
AM;Amazonas;Ambos;2004;Agressão;526;16.81;17.92
AM;Amazonas;Ambos;2004;Causas acidentais;420;13.42;16.7
AM;Amazonas;Ambos;2004;Lesão autoprovocada;98;3.59;3.83
AM;Amazonas;Ambos;2004;Demais causas externas;73;2.33;3.27
AM;Amazonas;Ambos;2005;Lesão de trânsito;390;12.19;15.98
AM;Amazonas;Ambos;2005;Agressão;599;18.72;19.39
AM;Amazonas;Ambos;2005;Causas acidentais;382;11.94;15.67
AM;Amazonas;Ambos;2005;Lesão autoprovocada;91;3.24;3.28
AM;Amazonas;Ambos;2005;Demais causas externas;55;1.72;2.43
AM;Amazonas;Ambos;2006;Lesão de trânsito;428;13.09;16.59
AM;Amazonas;Ambos;2006;Agressão;699;21.37;21.4
AM;Amazonas;Ambos;2006;Causas acidentais;368;11.25;14.93
AM;Amazonas;Ambos;2006;Lesão autoprovocada;100;3.48;3.62
AM;Amazonas;Ambos;2006;Demais causas externas;76;2.32;2.89
AM;Amazonas;Ambos;2007;Lesão de trânsito;368;11.01;13.76
AM;Amazonas;Ambos;2007;Agressão;715;21.39;21.45
AM;Amazonas;Ambos;2007;Causas acidentais;397;11.88;15.93
AM;Amazonas;Ambos;2007;Lesão autoprovocada;130;4.41;4.17
AM;Amazonas;Ambos;2007;Demais causas externas;71;2.12;2.29
AM;Amazonas;Ambos;2008;Lesão de trânsito;379;11.1;13.33
AM;Amazonas;Ambos;2008;Agressão;830;24.31;24.52
AM;Amazonas;Ambos;2008;Causas acidentais;449;13.15;17.95
AM;Amazonas;Ambos;2008;Lesão autoprovocada;148;4.91;4.61
AM;Amazonas;Ambos;2008;Demais causas externas;142;4.16;4.75
AM;Amazonas;Ambos;2009;Lesão de trânsito;375;10.76;13.4
AM;Amazonas;Ambos;2009;Agressão;916;26.28;26.39
AM;Amazonas;Ambos;2009;Causas acidentais;457;13.11;17.07
AM;Amazonas;Ambos;2009;Lesão autoprovocada;152;4.93;4.67
AM;Amazonas;Ambos;2009;Demais causas externas;91;2.61;2.99
AM;Amazonas;Ambos;2010;Lesão de trânsito;478;13.46;17.25
AM;Amazonas;Ambos;2010;Agressão;1082;30.47;30.67
AM;Amazonas;Ambos;2010;Causas acidentais;459;12.93;17.39
AM;Amazonas;Ambos;2010;Lesão autoprovocada;162;5.14;5.03
AM;Amazonas;Ambos;2010;Demais causas externas;82;2.31;2.51
AM;Amazonas;Ambos;2011;Lesão de trânsito;513;14.2;18.2
AM;Amazonas;Ambos;2011;Agressão;1292;35.77;34.27
AM;Amazonas;Ambos;2011;Causas acidentais;416;11.52;14.81
AM;Amazonas;Ambos;2011;Lesão autoprovocada;188;5.85;5.85
AM;Amazonas;Ambos;2011;Demais causas externas;118;3.27;3.76
AM;Amazonas;Ambos;2012;Lesão de trânsito;464;12.63;15.66
AM;Amazonas;Ambos;2012;Agressão;1344;36.59;36.48
AM;Amazonas;Ambos;2012;Causas acidentais;576;15.68;19.57
AM;Amazonas;Ambos;2012;Lesão autoprovocada;185;5.65;5.63
AM;Amazonas;Ambos;2012;Demais causas externas;109;2.97;4.06
AM;Amazonas;Ambos;2013;Lesão de trânsito;453;12.13;15.49
AM;Amazonas;Ambos;2013;Agressão;1191;31.89;31.65
AM;Amazonas;Ambos;2013;Causas acidentais;626;16.76;19.74
AM;Amazonas;Ambos;2013;Lesão autoprovocada;225;6.75;6.22
AM;Amazonas;Ambos;2013;Demais causas externas;101;2.7;3.27
AM;Amazonas;Ambos;2014;Lesão de trânsito;469;12.35;15.19
AM;Amazonas;Ambos;2014;Agressão;1240;32.65;32.31
AM;Amazonas;Ambos;2014;Causas acidentais;677;17.82;20.68
AM;Amazonas;Ambos;2014;Lesão autoprovocada;233;6.86;6.29
AM;Amazonas;Ambos;2014;Demais causas externas;102;2.69;3.05
AM;Amazonas;Ambos;2015;Lesão de trânsito;440;11.4;13.46
AM;Amazonas;Ambos;2015;Agressão;1472;38.14;36.58
AM;Amazonas;Ambos;2015;Causas acidentais;705;18.27;20.66
AM;Amazonas;Ambos;2015;Lesão autoprovocada;263;7.61;7.75
AM;Amazonas;Ambos;2015;Demais causas externas;109;2.82;3.1
AM;Amazonas;Ambos;2016;Lesão de trânsito;428;10.93;12.42
AM;Amazonas;Ambos;2016;Agressão;1452;37.09;36.66
AM;Amazonas;Ambos;2016;Causas acidentais;664;16.96;18.65
AM;Amazonas;Ambos;2016;Lesão autoprovocada;194;5.53;5.58
AM;Amazonas;Ambos;2016;Demais causas externas;83;2.12;2.41
AM;Amazonas;Ambos;2017;Lesão de trânsito;399;10.06;11.44
AM;Amazonas;Ambos;2017;Agressão;1674;42.21;40.64
AM;Amazonas;Ambos;2017;Causas acidentais;660;16.64;18.88
AM;Amazonas;Ambos;2017;Lesão autoprovocada;207;5.81;5.63
AM;Amazonas;Ambos;2017;Demais causas externas;65;1.64;1.83
AM;Amazonas;Ambos;2018;Lesão de trânsito;424;10.55;12.42
AM;Amazonas;Ambos;2018;Agressão;1541;38.35;36.54
AM;Amazonas;Ambos;2018;Causas acidentais;640;15.93;18.85
AM;Amazonas;Ambos;2018;Lesão autoprovocada;234;6.47;6.26
AM;Amazonas;Ambos;2018;Demais causas externas;89;2.21;2.55
AM;Amazonas;Ambos;2019;Lesão de trânsito;400;9.82;11.33
AM;Amazonas;Ambos;2019;Agressão;1592;39.08;37.58
AM;Amazonas;Ambos;2019;Causas acidentais;651;15.98;18.8
AM;Amazonas;Ambos;2019;Lesão autoprovocada;253;6.88;6.49
AM;Amazonas;Ambos;2019;Demais causas externas;134;3.29;3.95
AM;Amazonas;Ambos;2020;Lesão de trânsito;399;9.68;11.12
AM;Amazonas;Ambos;2020;Agressão;1326;32.17;30.97
AM;Amazonas;Ambos;2020;Causas acidentais;585;14.19;16.86
AM;Amazonas;Ambos;2020;Lesão autoprovocada;313;8.38;8.08
AM;Amazonas;Ambos;2020;Demais causas externas;109;2.64;3.02
AM;Amazonas;Ambos;2021;Lesão de trânsito;411;9.88;11.11
AM;Amazonas;Ambos;2021;Agressão;1816;43.65;41.78
AM;Amazonas;Ambos;2021;Causas acidentais;658;15.82;19.14
AM;Amazonas;Ambos;2021;Lesão autoprovocada;297;7.86;7.46
AM;Amazonas;Ambos;2021;Demais causas externas;121;2.91;3.25
AM;Amazonas;Ambos;2022;Lesão de trânsito;442;10.52;11.7
AM;Amazonas;Ambos;2022;Agressão;1770;42.14;40.18
AM;Amazonas;Ambos;2022;Causas acidentais;574;13.67;16.94
AM;Amazonas;Ambos;2022;Lesão autoprovocada;297;7.78;7.36
AM;Amazonas;Ambos;2022;Demais causas externas;139;3.31;3.64
AM;Amazonas;Ambos;2023;Lesão de trânsito;440;10.38;11.7
AM;Amazonas;Ambos;2023;Agressão;1555;36.67;35.66
AM;Amazonas;Ambos;2023;Causas acidentais;582;13.72;16.67
AM;Amazonas;Ambos;2023;Lesão autoprovocada;339;8.76;8.48
AM;Amazonas;Ambos;2023;Demais causas externas;196;4.62;5.14
AM;Amazonas;Ambos;2024;Lesão de trânsito;571;13.34;14.66
AM;Amazonas;Ambos;2024;Agressão;1326;30.97;30.26
AM;Amazonas;Ambos;2024;Causas acidentais;567;13.24;15.79
AM;Amazonas;Ambos;2024;Lesão autoprovocada;342;8.73;8.37
AM;Amazonas;Ambos;2024;Demais causas externas;213;4.98;5.72
AM;Amazonas;Ambos;2025;Lesão de trânsito;470;10.88;11.78
AM;Amazonas;Ambos;2025;Agressão;840;19.44;19.19
AM;Amazonas;Ambos;2025;Causas acidentais;581;13.44;15.97
AM;Amazonas;Ambos;2025;Lesão autoprovocada;380;9.58;9.17
AM;Amazonas;Ambos;2025;Demais causas externas;258;5.97;6.8
AM;Amazonas;Homens;2000;Lesão de trânsito;258;18.02;23.01
AM;Amazonas;Homens;2000;Agressão;516;36.03;38.39
AM;Amazonas;Homens;2000;Causas acidentais;270;18.85;23.08
AM;Amazonas;Homens;2000;Lesão autoprovocada;60;4.88;5.54
AM;Amazonas;Homens;2000;Demais causas externas;43;3;3.77
AM;Amazonas;Homens;2001;Lesão de trânsito;214;14.59;19.73
AM;Amazonas;Homens;2001;Agressão;430;29.31;31.32
AM;Amazonas;Homens;2001;Causas acidentais;304;20.72;25.35
AM;Amazonas;Homens;2001;Lesão autoprovocada;76;6.02;6.09
AM;Amazonas;Homens;2001;Demais causas externas;31;2.11;2.68
AM;Amazonas;Homens;2002;Lesão de trânsito;241;16.05;20.47
AM;Amazonas;Homens;2002;Agressão;478;31.83;33.3
AM;Amazonas;Homens;2002;Causas acidentais;335;22.31;26.19
AM;Amazonas;Homens;2002;Lesão autoprovocada;69;5.32;5.34
AM;Amazonas;Homens;2002;Demais causas externas;39;2.6;4.26
AM;Amazonas;Homens;2003;Lesão de trânsito;243;15.82;21.03
AM;Amazonas;Homens;2003;Agressão;523;34.04;35.8
AM;Amazonas;Homens;2003;Causas acidentais;315;20.5;25.88
AM;Amazonas;Homens;2003;Lesão autoprovocada;79;5.93;6.99
AM;Amazonas;Homens;2003;Demais causas externas;29;1.89;2.3
AM;Amazonas;Homens;2004;Lesão de trânsito;288;18.33;24.21
AM;Amazonas;Homens;2004;Agressão;477;30.37;32.36
AM;Amazonas;Homens;2004;Causas acidentais;327;20.82;26.84
AM;Amazonas;Homens;2004;Lesão autoprovocada;83;6.06;6.63
AM;Amazonas;Homens;2004;Demais causas externas;49;3.12;4.84
AM;Amazonas;Homens;2005;Lesão de trânsito;306;19.05;24.75
AM;Amazonas;Homens;2005;Agressão;551;34.31;35.74
AM;Amazonas;Homens;2005;Causas acidentais;321;19.99;26.18
AM;Amazonas;Homens;2005;Lesão autoprovocada;77;5.48;5.78
AM;Amazonas;Homens;2005;Demais causas externas;44;2.74;3.97
AM;Amazonas;Homens;2006;Lesão de trânsito;345;21.01;27.03
AM;Amazonas;Homens;2006;Agressão;646;39.35;39.39
AM;Amazonas;Homens;2006;Causas acidentais;292;17.79;23.01
AM;Amazonas;Homens;2006;Lesão autoprovocada;79;5.48;5.88
AM;Amazonas;Homens;2006;Demais causas externas;49;2.98;3.57
AM;Amazonas;Homens;2007;Lesão de trânsito;283;16.87;21.1
AM;Amazonas;Homens;2007;Agressão;663;39.52;39.43
AM;Amazonas;Homens;2007;Causas acidentais;309;18.42;24.79
AM;Amazonas;Homens;2007;Lesão autoprovocada;113;7.66;7.4
AM;Amazonas;Homens;2007;Demais causas externas;47;2.8;3.37
AM;Amazonas;Homens;2008;Lesão de trânsito;307;17.91;22.15
AM;Amazonas;Homens;2008;Agressão;767;44.75;45.02
AM;Amazonas;Homens;2008;Causas acidentais;345;20.13;27.73
AM;Amazonas;Homens;2008;Lesão autoprovocada;119;7.88;7.51
AM;Amazonas;Homens;2008;Demais causas externas;106;6.18;7.42
AM;Amazonas;Homens;2009;Lesão de trânsito;282;16.12;20.1
AM;Amazonas;Homens;2009;Agressão;849;48.52;48.98
AM;Amazonas;Homens;2009;Causas acidentais;350;20;25.51
AM;Amazonas;Homens;2009;Lesão autoprovocada;126;8.16;7.79
AM;Amazonas;Homens;2009;Demais causas externas;64;3.66;4.35
AM;Amazonas;Homens;2010;Lesão de trânsito;371;20.81;27.38
AM;Amazonas;Homens;2010;Agressão;1017;57.04;57.94
AM;Amazonas;Homens;2010;Causas acidentais;364;20.42;26.51
AM;Amazonas;Homens;2010;Lesão autoprovocada;128;8.12;8.11
AM;Amazonas;Homens;2010;Demais causas externas;69;3.87;4.23
AM;Amazonas;Homens;2011;Lesão de trânsito;419;23.1;30.05
AM;Amazonas;Homens;2011;Agressão;1210;66.71;64.22
AM;Amazonas;Homens;2011;Causas acidentais;325;17.92;21.93
AM;Amazonas;Homens;2011;Lesão autoprovocada;148;9.2;9.22
AM;Amazonas;Homens;2011;Demais causas externas;98;5.4;6.32
AM;Amazonas;Homens;2012;Lesão de trânsito;380;20.6;25.58
AM;Amazonas;Homens;2012;Agressão;1225;66.4;67.06
AM;Amazonas;Homens;2012;Causas acidentais;455;24.66;30.27
AM;Amazonas;Homens;2012;Lesão autoprovocada;157;9.57;9.53
AM;Amazonas;Homens;2012;Demais causas externas;82;4.44;6.08
AM;Amazonas;Homens;2013;Lesão de trânsito;366;19.5;25.32
AM;Amazonas;Homens;2013;Agressão;1095;58.35;58.49
AM;Amazonas;Homens;2013;Causas acidentais;517;27.55;32.26
AM;Amazonas;Homens;2013;Lesão autoprovocada;180;10.77;10.01
AM;Amazonas;Homens;2013;Demais causas externas;79;4.21;5.23
AM;Amazonas;Homens;2014;Lesão de trânsito;378;19.8;24.42
AM;Amazonas;Homens;2014;Agressão;1159;60.72;60.48
AM;Amazonas;Homens;2014;Causas acidentais;569;29.81;35.18
AM;Amazonas;Homens;2014;Lesão autoprovocada;186;10.92;10.15
AM;Amazonas;Homens;2014;Demais causas externas;87;4.56;5.49
AM;Amazonas;Homens;2015;Lesão de trânsito;348;17.94;21.74
AM;Amazonas;Homens;2015;Agressão;1357;69.96;67.66
AM;Amazonas;Homens;2015;Causas acidentais;586;30.21;34.78
AM;Amazonas;Homens;2015;Lesão autoprovocada;212;12.24;12.57
AM;Amazonas;Homens;2015;Demais causas externas;77;3.97;4.57
AM;Amazonas;Homens;2016;Lesão de trânsito;349;17.73;20.23
AM;Amazonas;Homens;2016;Agressão;1335;67.84;67.62
AM;Amazonas;Homens;2016;Causas acidentais;568;28.86;31.87
AM;Amazonas;Homens;2016;Lesão autoprovocada;155;8.81;8.98
AM;Amazonas;Homens;2016;Demais causas externas;57;2.9;3.55
AM;Amazonas;Homens;2017;Lesão de trânsito;326;16.35;18.77
AM;Amazonas;Homens;2017;Agressão;1559;78.17;75.41
AM;Amazonas;Homens;2017;Causas acidentais;534;26.78;30.51
AM;Amazonas;Homens;2017;Lesão autoprovocada;167;9.34;9.14
AM;Amazonas;Homens;2017;Demais causas externas;51;2.56;2.98
AM;Amazonas;Homens;2018;Lesão de trânsito;355;17.56;20.8
AM;Amazonas;Homens;2018;Agressão;1414;69.96;66.91
AM;Amazonas;Homens;2018;Causas acidentais;518;25.63;30.76
AM;Amazonas;Homens;2018;Lesão autoprovocada;186;10.24;10.05
AM;Amazonas;Homens;2018;Demais causas externas;74;3.66;4.21
AM;Amazonas;Homens;2019;Lesão de trânsito;329;16.06;18.56
AM;Amazonas;Homens;2019;Agressão;1472;71.84;69.22
AM;Amazonas;Homens;2019;Causas acidentais;524;25.57;29.53
AM;Amazonas;Homens;2019;Lesão autoprovocada;201;10.88;10.37
AM;Amazonas;Homens;2019;Demais causas externas;108;5.27;6.57
AM;Amazonas;Homens;2020;Lesão de trânsito;322;15.53;18.15
AM;Amazonas;Homens;2020;Agressão;1241;59.87;58.06
AM;Amazonas;Homens;2020;Causas acidentais;474;22.87;26.74
AM;Amazonas;Homens;2020;Lesão autoprovocada;254;13.55;13.23
AM;Amazonas;Homens;2020;Demais causas externas;93;4.49;5.34
AM;Amazonas;Homens;2021;Lesão de trânsito;325;15.54;17.47
AM;Amazonas;Homens;2021;Agressão;1679;80.28;76.86
AM;Amazonas;Homens;2021;Causas acidentais;529;25.29;31.3
AM;Amazonas;Homens;2021;Lesão autoprovocada;235;12.4;12.01
AM;Amazonas;Homens;2021;Demais causas externas;91;4.35;5.07
AM;Amazonas;Homens;2022;Lesão de trânsito;365;17.29;19.67
AM;Amazonas;Homens;2022;Agressão;1650;78.16;74.5
AM;Amazonas;Homens;2022;Causas acidentais;452;21.41;26.96
AM;Amazonas;Homens;2022;Lesão autoprovocada;227;11.84;11.48
AM;Amazonas;Homens;2022;Demais causas externas;119;5.64;6.37
AM;Amazonas;Homens;2023;Lesão de trânsito;365;17.12;19.6
AM;Amazonas;Homens;2023;Agressão;1433;67.23;65.47
AM;Amazonas;Homens;2023;Causas acidentais;472;22.14;27.36
AM;Amazonas;Homens;2023;Lesão autoprovocada;264;13.6;13.4
AM;Amazonas;Homens;2023;Demais causas externas;161;7.55;8.75
AM;Amazonas;Homens;2024;Lesão de trânsito;461;21.42;23.84
AM;Amazonas;Homens;2024;Agressão;1223;56.83;55.69
AM;Amazonas;Homens;2024;Causas acidentais;448;20.82;24.89
AM;Amazonas;Homens;2024;Lesão autoprovocada;276;14.04;13.59
AM;Amazonas;Homens;2024;Demais causas externas;182;8.46;9.68
AM;Amazonas;Homens;2025;Lesão de trânsito;374;17.22;18.93
AM;Amazonas;Homens;2025;Agressão;768;35.35;35
AM;Amazonas;Homens;2025;Causas acidentais;453;20.85;25.1
AM;Amazonas;Homens;2025;Lesão autoprovocada;300;15.07;14.47
AM;Amazonas;Homens;2025;Demais causas externas;211;9.71;11.28
AM;Amazonas;Mulheres;2000;Lesão de trânsito;66;4.65;5.32
AM;Amazonas;Mulheres;2000;Agressão;36;2.54;2.36
AM;Amazonas;Mulheres;2000;Causas acidentais;64;4.51;4.72
AM;Amazonas;Mulheres;2000;Lesão autoprovocada;17;1.39;1.36
AM;Amazonas;Mulheres;2000;Demais causas externas;22;1.55;2.24
AM;Amazonas;Mulheres;2001;Lesão de trânsito;49;3.37;4.85
AM;Amazonas;Mulheres;2001;Agressão;55;3.78;4.38
AM;Amazonas;Mulheres;2001;Causas acidentais;61;4.19;5.1
AM;Amazonas;Mulheres;2001;Lesão autoprovocada;18;1.43;1.3
AM;Amazonas;Mulheres;2001;Demais causas externas;17;1.17;1.44
AM;Amazonas;Mulheres;2002;Lesão de trânsito;64;4.3;5.43
AM;Amazonas;Mulheres;2002;Agressão;35;2.35;2.63
AM;Amazonas;Mulheres;2002;Causas acidentais;65;4.37;4.7
AM;Amazonas;Mulheres;2002;Lesão autoprovocada;12;0.93;1.02
AM;Amazonas;Mulheres;2002;Demais causas externas;11;0.74;0.79
AM;Amazonas;Mulheres;2003;Lesão de trânsito;71;4.66;6.57
AM;Amazonas;Mulheres;2003;Agressão;35;2.3;2.21
AM;Amazonas;Mulheres;2003;Causas acidentais;66;4.33;5.43
AM;Amazonas;Mulheres;2003;Lesão autoprovocada;13;0.98;0.84
AM;Amazonas;Mulheres;2003;Demais causas externas;15;0.98;1.03
AM;Amazonas;Mulheres;2004;Lesão de trânsito;71;4.56;6.02
AM;Amazonas;Mulheres;2004;Agressão;49;3.14;3.43
AM;Amazonas;Mulheres;2004;Causas acidentais;93;5.97;6.62
AM;Amazonas;Mulheres;2004;Lesão autoprovocada;15;1.1;1.04
AM;Amazonas;Mulheres;2004;Demais causas externas;24;1.54;1.68
AM;Amazonas;Mulheres;2005;Lesão de trânsito;84;5.27;7.27
AM;Amazonas;Mulheres;2005;Agressão;48;3.01;3
AM;Amazonas;Mulheres;2005;Causas acidentais;61;3.83;5.11
AM;Amazonas;Mulheres;2005;Lesão autoprovocada;14;1;0.77
AM;Amazonas;Mulheres;2005;Demais causas externas;11;0.69;0.94
AM;Amazonas;Mulheres;2006;Lesão de trânsito;83;5.1;6.22
AM;Amazonas;Mulheres;2006;Agressão;53;3.25;3.41
AM;Amazonas;Mulheres;2006;Causas acidentais;76;4.67;6.9
AM;Amazonas;Mulheres;2006;Lesão autoprovocada;21;1.46;1.4
AM;Amazonas;Mulheres;2006;Demais causas externas;27;1.66;2.18
AM;Amazonas;Mulheres;2007;Lesão de trânsito;85;5.11;6.42
AM;Amazonas;Mulheres;2007;Agressão;52;3.12;3.48
AM;Amazonas;Mulheres;2007;Causas acidentais;88;5.29;6.95
AM;Amazonas;Mulheres;2007;Lesão autoprovocada;17;1.16;0.98
AM;Amazonas;Mulheres;2007;Demais causas externas;22;1.32;1.22
AM;Amazonas;Mulheres;2008;Lesão de trânsito;72;4.23;4.55
AM;Amazonas;Mulheres;2008;Agressão;63;3.71;4.06
AM;Amazonas;Mulheres;2008;Causas acidentais;104;6.12;8.23
AM;Amazonas;Mulheres;2008;Lesão autoprovocada;29;1.93;1.71
AM;Amazonas;Mulheres;2008;Demais causas externas;36;2.12;2.03
AM;Amazonas;Mulheres;2009;Lesão de trânsito;92;5.3;6.67
AM;Amazonas;Mulheres;2009;Agressão;67;3.86;3.98
AM;Amazonas;Mulheres;2009;Causas acidentais;107;6.16;8.45
AM;Amazonas;Mulheres;2009;Lesão autoprovocada;26;1.69;1.55
AM;Amazonas;Mulheres;2009;Demais causas externas;27;1.56;1.67
AM;Amazonas;Mulheres;2010;Lesão de trânsito;107;6.05;7.34
AM;Amazonas;Mulheres;2010;Agressão;65;3.68;3.6
AM;Amazonas;Mulheres;2010;Causas acidentais;94;5.32;8.35
AM;Amazonas;Mulheres;2010;Lesão autoprovocada;34;2.16;1.95
AM;Amazonas;Mulheres;2010;Demais causas externas;12;0.68;0.79
AM;Amazonas;Mulheres;2011;Lesão de trânsito;94;5.23;6.63
AM;Amazonas;Mulheres;2011;Agressão;81;4.5;4.41
AM;Amazonas;Mulheres;2011;Causas acidentais;91;5.06;7.42
AM;Amazonas;Mulheres;2011;Lesão autoprovocada;40;2.5;2.46
AM;Amazonas;Mulheres;2011;Demais causas externas;19;1.06;1.19
AM;Amazonas;Mulheres;2012;Lesão de trânsito;84;4.59;5.92
AM;Amazonas;Mulheres;2012;Agressão;118;6.45;6.06
AM;Amazonas;Mulheres;2012;Causas acidentais;121;6.62;8.87
AM;Amazonas;Mulheres;2012;Lesão autoprovocada;28;1.71;1.72
AM;Amazonas;Mulheres;2012;Demais causas externas;27;1.48;2.04
AM;Amazonas;Mulheres;2013;Lesão de trânsito;87;4.68;5.86
AM;Amazonas;Mulheres;2013;Agressão;96;5.17;4.95
AM;Amazonas;Mulheres;2013;Causas acidentais;109;5.86;7.34
AM;Amazonas;Mulheres;2013;Lesão autoprovocada;45;2.71;2.43
AM;Amazonas;Mulheres;2013;Demais causas externas;22;1.18;1.3
AM;Amazonas;Mulheres;2014;Lesão de trânsito;90;4.76;6.19
AM;Amazonas;Mulheres;2014;Agressão;80;4.23;4.31
AM;Amazonas;Mulheres;2014;Causas acidentais;107;5.66;6.4
AM;Amazonas;Mulheres;2014;Lesão autoprovocada;47;2.78;2.48
AM;Amazonas;Mulheres;2014;Demais causas externas;15;0.79;0.64
AM;Amazonas;Mulheres;2015;Lesão de trânsito;92;4.79;5.39
AM;Amazonas;Mulheres;2015;Agressão;115;5.99;5.56
AM;Amazonas;Mulheres;2015;Causas acidentais;119;6.2;6.8
AM;Amazonas;Mulheres;2015;Lesão autoprovocada;50;2.9;2.97
AM;Amazonas;Mulheres;2015;Demais causas externas;32;1.67;1.66
AM;Amazonas;Mulheres;2016;Lesão de trânsito;79;4.06;4.76
AM;Amazonas;Mulheres;2016;Agressão;116;5.96;5.86
AM;Amazonas;Mulheres;2016;Causas acidentais;96;4.93;5.63
AM;Amazonas;Mulheres;2016;Lesão autoprovocada;39;2.23;2.22
AM;Amazonas;Mulheres;2016;Demais causas externas;26;1.34;1.3
AM;Amazonas;Mulheres;2017;Lesão de trânsito;73;3.7;4.24
AM;Amazonas;Mulheres;2017;Agressão;115;5.83;5.86
AM;Amazonas;Mulheres;2017;Causas acidentais;126;6.39;7.44
AM;Amazonas;Mulheres;2017;Lesão autoprovocada;40;2.25;2.13
AM;Amazonas;Mulheres;2017;Demais causas externas;14;0.71;0.7
AM;Amazonas;Mulheres;2018;Lesão de trânsito;69;3.45;4.25
AM;Amazonas;Mulheres;2018;Agressão;127;6.36;6.13
AM;Amazonas;Mulheres;2018;Causas acidentais;122;6.11;7.32
AM;Amazonas;Mulheres;2018;Lesão autoprovocada;48;2.66;2.49
AM;Amazonas;Mulheres;2018;Demais causas externas;15;0.75;0.9
AM;Amazonas;Mulheres;2019;Lesão de trânsito;71;3.51;4.24
AM;Amazonas;Mulheres;2019;Agressão;118;5.83;5.87
AM;Amazonas;Mulheres;2019;Causas acidentais;127;6.27;8
AM;Amazonas;Mulheres;2019;Lesão autoprovocada;52;2.84;2.59
AM;Amazonas;Mulheres;2019;Demais causas externas;26;1.28;1.49
AM;Amazonas;Mulheres;2020;Lesão de trânsito;77;3.76;4.25
AM;Amazonas;Mulheres;2020;Agressão;85;4.15;3.82
AM;Amazonas;Mulheres;2020;Causas acidentais;111;5.42;7.03
AM;Amazonas;Mulheres;2020;Lesão autoprovocada;59;3.17;2.94
AM;Amazonas;Mulheres;2020;Demais causas externas;16;0.78;0.76
AM;Amazonas;Mulheres;2021;Lesão de trânsito;86;4.16;4.83
AM;Amazonas;Mulheres;2021;Agressão;135;6.53;6.52
AM;Amazonas;Mulheres;2021;Causas acidentais;128;6.19;7.32
AM;Amazonas;Mulheres;2021;Lesão autoprovocada;62;3.3;2.95
AM;Amazonas;Mulheres;2021;Demais causas externas;29;1.4;1.5
AM;Amazonas;Mulheres;2022;Lesão de trânsito;77;3.69;3.92
AM;Amazonas;Mulheres;2022;Agressão;118;5.65;5.7
AM;Amazonas;Mulheres;2022;Causas acidentais;121;5.79;7.25
AM;Amazonas;Mulheres;2022;Lesão autoprovocada;70;3.68;3.27
AM;Amazonas;Mulheres;2022;Demais causas externas;19;0.91;0.98
AM;Amazonas;Mulheres;2023;Lesão de trânsito;75;3.56;3.97
AM;Amazonas;Mulheres;2023;Agressão;122;5.78;5.73
AM;Amazonas;Mulheres;2023;Causas acidentais;110;5.22;6.42
AM;Amazonas;Mulheres;2023;Lesão autoprovocada;75;3.89;3.62
AM;Amazonas;Mulheres;2023;Demais causas externas;33;1.56;1.63
AM;Amazonas;Mulheres;2024;Lesão de trânsito;110;5.17;5.69
AM;Amazonas;Mulheres;2024;Agressão;103;4.84;4.69
AM;Amazonas;Mulheres;2024;Causas acidentais;119;5.59;6.95
AM;Amazonas;Mulheres;2024;Lesão autoprovocada;66;3.38;3.15
AM;Amazonas;Mulheres;2024;Demais causas externas;31;1.46;1.76
AM;Amazonas;Mulheres;2025;Lesão de trânsito;96;4.47;4.78
AM;Amazonas;Mulheres;2025;Agressão;72;3.35;3.28
AM;Amazonas;Mulheres;2025;Causas acidentais;128;5.96;7.16
AM;Amazonas;Mulheres;2025;Lesão autoprovocada;80;4.05;3.87
AM;Amazonas;Mulheres;2025;Demais causas externas;47;2.19;2.45
AP;Amapá;Ambos;2000;Lesão de trânsito;95;18.96;25.61
AP;Amapá;Ambos;2000;Agressão;156;31.14;32.41
AP;Amapá;Ambos;2000;Causas acidentais;67;13.37;13.76
AP;Amapá;Ambos;2000;Lesão autoprovocada;16;3.8;3.87
AP;Amapá;Ambos;2000;Demais causas externas;5;1;1.46
AP;Amapá;Ambos;2001;Lesão de trânsito;113;21.62;31.53
AP;Amapá;Ambos;2001;Agressão;182;34.82;37.86
AP;Amapá;Ambos;2001;Causas acidentais;61;11.67;12.05
AP;Amapá;Ambos;2001;Lesão autoprovocada;30;6.8;6.78
AP;Amapá;Ambos;2001;Demais causas externas;3;0.57;0.39
AP;Amapá;Ambos;2002;Lesão de trânsito;121;22.25;31.16
AP;Amapá;Ambos;2002;Agressão;181;33.29;33.9
AP;Amapá;Ambos;2002;Causas acidentais;79;14.53;14.71
AP;Amapá;Ambos;2002;Lesão autoprovocada;37;8.02;8.78
AP;Amapá;Ambos;2002;Demais causas externas;11;2.02;1.34
AP;Amapá;Ambos;2003;Lesão de trânsito;116;20.56;29.08
AP;Amapá;Ambos;2003;Agressão;185;32.8;33.17
AP;Amapá;Ambos;2003;Causas acidentais;69;12.23;14.44
AP;Amapá;Ambos;2003;Lesão autoprovocada;37;7.69;7.35
AP;Amapá;Ambos;2003;Demais causas externas;4;0.71;0.65
AP;Amapá;Ambos;2004;Lesão de trânsito;119;20.38;27.93
AP;Amapá;Ambos;2004;Agressão;172;29.45;28.88
AP;Amapá;Ambos;2004;Causas acidentais;70;11.99;14.52
AP;Amapá;Ambos;2004;Lesão autoprovocada;38;7.58;9.14
AP;Amapá;Ambos;2004;Demais causas externas;4;0.68;1.29
AP;Amapá;Ambos;2005;Lesão de trânsito;107;17.74;25.81
AP;Amapá;Ambos;2005;Agressão;196;32.49;34.37
AP;Amapá;Ambos;2005;Causas acidentais;83;13.76;16.39
AP;Amapá;Ambos;2005;Lesão autoprovocada;41;7.87;8.94
AP;Amapá;Ambos;2005;Demais causas externas;2;0.33;0.25
AP;Amapá;Ambos;2006;Lesão de trânsito;119;19.15;24.86
AP;Amapá;Ambos;2006;Agressão;202;32.51;33.7
AP;Amapá;Ambos;2006;Causas acidentais;88;14.16;13.52
AP;Amapá;Ambos;2006;Lesão autoprovocada;25;4.63;4.69
AP;Amapá;Ambos;2006;Demais causas externas;5;0.8;0.73
AP;Amapá;Ambos;2007;Lesão de trânsito;102;15.97;20.67
AP;Amapá;Ambos;2007;Agressão;170;26.61;26.06
AP;Amapá;Ambos;2007;Causas acidentais;105;16.44;19.33
AP;Amapá;Ambos;2007;Lesão autoprovocada;27;4.84;4.97
AP;Amapá;Ambos;2007;Demais causas externas;2;0.31;0.29
AP;Amapá;Ambos;2008;Lesão de trânsito;91;13.88;17.22
AP;Amapá;Ambos;2008;Agressão;210;32.03;32.71
AP;Amapá;Ambos;2008;Causas acidentais;90;13.73;15.56
AP;Amapá;Ambos;2008;Lesão autoprovocada;31;5.38;4.27
AP;Amapá;Ambos;2008;Demais causas externas;7;1.07;1.69
AP;Amapá;Ambos;2009;Lesão de trânsito;109;16.21;22.18
AP;Amapá;Ambos;2009;Agressão;190;28.26;30.15
AP;Amapá;Ambos;2009;Causas acidentais;86;12.79;13.16
AP;Amapá;Ambos;2009;Lesão autoprovocada;26;4.39;4.23
AP;Amapá;Ambos;2009;Demais causas externas;10;1.49;1.39
AP;Amapá;Ambos;2010;Lesão de trânsito;122;17.76;22.57
AP;Amapá;Ambos;2010;Agressão;260;37.85;36.98
AP;Amapá;Ambos;2010;Causas acidentais;66;9.61;9.44
AP;Amapá;Ambos;2010;Lesão autoprovocada;30;4.94;5.46
AP;Amapá;Ambos;2010;Demais causas externas;25;3.64;4.66
AP;Amapá;Ambos;2011;Lesão de trânsito;150;21.44;28.57
AP;Amapá;Ambos;2011;Agressão;209;29.87;29.26
AP;Amapá;Ambos;2011;Causas acidentais;74;10.57;10.1
AP;Amapá;Ambos;2011;Lesão autoprovocada;37;5.96;6.14
AP;Amapá;Ambos;2011;Demais causas externas;18;2.57;3.04
AP;Amapá;Ambos;2012;Lesão de trânsito;124;17.42;21.52
AP;Amapá;Ambos;2012;Agressão;253;35.54;34.14
AP;Amapá;Ambos;2012;Causas acidentais;96;13.49;16.69
AP;Amapá;Ambos;2012;Lesão autoprovocada;21;3.32;3.88
AP;Amapá;Ambos;2012;Demais causas externas;42;5.9;9.32
AP;Amapá;Ambos;2013;Lesão de trânsito;117;16.16;19.37
AP;Amapá;Ambos;2013;Agressão;225;31.08;29.29
AP;Amapá;Ambos;2013;Causas acidentais;98;13.54;15.05
AP;Amapá;Ambos;2013;Lesão autoprovocada;45;6.97;7.1
AP;Amapá;Ambos;2013;Demais causas externas;60;8.29;13.32
AP;Amapá;Ambos;2014;Lesão de trânsito;128;17.39;23.33
AP;Amapá;Ambos;2014;Agressão;256;34.79;32.57
AP;Amapá;Ambos;2014;Causas acidentais;90;12.23;14.61
AP;Amapá;Ambos;2014;Lesão autoprovocada;34;5.17;4.43
AP;Amapá;Ambos;2014;Demais causas externas;35;4.76;7.01
AP;Amapá;Ambos;2015;Lesão de trânsito;91;12.18;15.05
AP;Amapá;Ambos;2015;Agressão;293;39.22;38.94
AP;Amapá;Ambos;2015;Causas acidentais;78;10.44;12.85
AP;Amapá;Ambos;2015;Lesão autoprovocada;53;7.93;7.87
AP;Amapá;Ambos;2015;Demais causas externas;39;5.22;6.97
AP;Amapá;Ambos;2016;Lesão de trânsito;97;12.81;15.44
AP;Amapá;Ambos;2016;Agressão;381;50.33;47.98
AP;Amapá;Ambos;2016;Causas acidentais;79;10.44;11.87
AP;Amapá;Ambos;2016;Lesão autoprovocada;36;5.31;5.7
AP;Amapá;Ambos;2016;Demais causas externas;7;0.92;0.88
AP;Amapá;Ambos;2017;Lesão de trânsito;94;12.28;14.48
AP;Amapá;Ambos;2017;Agressão;332;43.37;41.36
AP;Amapá;Ambos;2017;Causas acidentais;104;13.58;14.62
AP;Amapá;Ambos;2017;Lesão autoprovocada;46;6.7;7.15
AP;Amapá;Ambos;2017;Demais causas externas;58;7.58;6.46
AP;Amapá;Ambos;2018;Lesão de trânsito;64;8.28;10.69
AP;Amapá;Ambos;2018;Agressão;374;48.4;46.8
AP;Amapá;Ambos;2018;Causas acidentais;86;11.13;13.63
AP;Amapá;Ambos;2018;Lesão autoprovocada;62;8.94;8.44
AP;Amapá;Ambos;2018;Demais causas externas;66;8.54;7.57
AP;Amapá;Ambos;2019;Lesão de trânsito;84;10.78;12.89
AP;Amapá;Ambos;2019;Agressão;330;42.34;39.07
AP;Amapá;Ambos;2019;Causas acidentais;105;13.47;17.26
AP;Amapá;Ambos;2019;Lesão autoprovocada;61;8.7;8.28
AP;Amapá;Ambos;2019;Demais causas externas;51;6.54;6.11
AP;Amapá;Ambos;2020;Lesão de trânsito;72;9.17;10.74
AP;Amapá;Ambos;2020;Agressão;318;40.48;38.21
AP;Amapá;Ambos;2020;Causas acidentais;137;17.44;21.42
AP;Amapá;Ambos;2020;Lesão autoprovocada;51;7.2;6.59
AP;Amapá;Ambos;2020;Demais causas externas;99;12.6;12.57
AP;Amapá;Ambos;2021;Lesão de trânsito;98;12.39;14.66
AP;Amapá;Ambos;2021;Agressão;404;51.08;46.42
AP;Amapá;Ambos;2021;Causas acidentais;129;16.31;20.99
AP;Amapá;Ambos;2021;Lesão autoprovocada;63;8.81;8.46
AP;Amapá;Ambos;2021;Demais causas externas;90;11.38;11.58
AP;Amapá;Ambos;2022;Lesão de trânsito;103;12.95;15.25
AP;Amapá;Ambos;2022;Agressão;306;38.47;37.78
AP;Amapá;Ambos;2022;Causas acidentais;113;14.21;18.74
AP;Amapá;Ambos;2022;Lesão autoprovocada;81;11.24;11.4
AP;Amapá;Ambos;2022;Demais causas externas;88;11.06;11.54
AP;Amapá;Ambos;2023;Lesão de trânsito;87;10.89;13.71
AP;Amapá;Ambos;2023;Agressão;385;48.18;44.69
AP;Amapá;Ambos;2023;Causas acidentais;110;13.77;16.96
AP;Amapá;Ambos;2023;Lesão autoprovocada;73;10.04;10
AP;Amapá;Ambos;2023;Demais causas externas;178;22.27;21.83
AP;Amapá;Ambos;2024;Lesão de trânsito;98;12.21;14.1
AP;Amapá;Ambos;2024;Agressão;257;32.01;30.68
AP;Amapá;Ambos;2024;Causas acidentais;129;16.07;20.93
AP;Amapá;Ambos;2024;Lesão autoprovocada;65;8.86;8.6
AP;Amapá;Ambos;2024;Demais causas externas;152;18.93;19.88
AP;Amapá;Ambos;2025;Lesão de trânsito;85;10.54;11.64
AP;Amapá;Ambos;2025;Agressão;229;28.39;27.58
AP;Amapá;Ambos;2025;Causas acidentais;105;13.02;15.82
AP;Amapá;Ambos;2025;Lesão autoprovocada;74;10;9.94
AP;Amapá;Ambos;2025;Demais causas externas;157;19.47;20
AP;Amapá;Homens;2000;Lesão de trânsito;88;34.98;47.92
AP;Amapá;Homens;2000;Agressão;152;60.41;62.94
AP;Amapá;Homens;2000;Causas acidentais;54;21.46;23.92
AP;Amapá;Homens;2000;Lesão autoprovocada;13;6.16;6.61
AP;Amapá;Homens;2000;Demais causas externas;2;0.79;0.95
AP;Amapá;Homens;2001;Lesão de trânsito;92;35.07;51.73
AP;Amapá;Homens;2001;Agressão;170;64.81;69.79
AP;Amapá;Homens;2001;Causas acidentais;49;18.68;18.95
AP;Amapá;Homens;2001;Lesão autoprovocada;26;11.77;11.99
AP;Amapá;Homens;2001;Demais causas externas;3;1.14;0.78
AP;Amapá;Homens;2002;Lesão de trânsito;96;35.2;51.44
AP;Amapá;Homens;2002;Agressão;169;61.98;63.25
AP;Amapá;Homens;2002;Causas acidentais;66;24.2;25.48
AP;Amapá;Homens;2002;Lesão autoprovocada;29;12.57;13.66
AP;Amapá;Homens;2002;Demais causas externas;8;2.93;1.97
AP;Amapá;Homens;2003;Lesão de trânsito;89;31.47;44.5
AP;Amapá;Homens;2003;Agressão;170;60.12;61.51
AP;Amapá;Homens;2003;Causas acidentais;53;18.74;23.28
AP;Amapá;Homens;2003;Lesão autoprovocada;29;12.05;11.82
AP;Amapá;Homens;2003;Demais causas externas;2;0.71;0.66
AP;Amapá;Homens;2004;Lesão de trânsito;96;32.81;46.85
AP;Amapá;Homens;2004;Agressão;157;53.65;53.05
AP;Amapá;Homens;2004;Causas acidentais;57;19.48;22.94
AP;Amapá;Homens;2004;Lesão autoprovocada;34;13.58;16.76
AP;Amapá;Homens;2004;Demais causas externas;2;0.68;0.69
AP;Amapá;Homens;2005;Lesão de trânsito;89;29.45;44.01
AP;Amapá;Homens;2005;Agressão;181;59.89;62.66
AP;Amapá;Homens;2005;Causas acidentais;67;22.17;28.64
AP;Amapá;Homens;2005;Lesão autoprovocada;29;11.15;13.2
AP;Amapá;Homens;2005;Demais causas externas;2;0.66;0.52
AP;Amapá;Homens;2006;Lesão de trânsito;91;29.23;40.19
AP;Amapá;Homens;2006;Agressão;189;60.72;61.85
AP;Amapá;Homens;2006;Causas acidentais;72;23.13;23.15
AP;Amapá;Homens;2006;Lesão autoprovocada;18;6.68;6.43
AP;Amapá;Homens;2006;Demais causas externas;4;1.29;1.27
AP;Amapá;Homens;2007;Lesão de trânsito;83;25.94;34.81
AP;Amapá;Homens;2007;Agressão;159;49.69;49.07
AP;Amapá;Homens;2007;Causas acidentais;94;29.38;35.56
AP;Amapá;Homens;2007;Lesão autoprovocada;23;8.25;8.71
AP;Amapá;Homens;2007;Demais causas externas;1;0.31;0.32
AP;Amapá;Homens;2008;Lesão de trânsito;69;21.01;27.74
AP;Amapá;Homens;2008;Agressão;196;59.68;61.51
AP;Amapá;Homens;2008;Causas acidentais;70;21.31;26.45
AP;Amapá;Homens;2008;Lesão autoprovocada;27;9.39;7.7
AP;Amapá;Homens;2008;Demais causas externas;4;1.22;2.03
AP;Amapá;Homens;2009;Lesão de trânsito;88;26.14;37.59
AP;Amapá;Homens;2009;Agressão;178;52.86;56.27
AP;Amapá;Homens;2009;Causas acidentais;69;20.49;23.21
AP;Amapá;Homens;2009;Lesão autoprovocada;21;7.1;7.26
AP;Amapá;Homens;2009;Demais causas externas;9;2.67;2.51
AP;Amapá;Homens;2010;Lesão de trânsito;101;29.36;35.39
AP;Amapá;Homens;2010;Agressão;244;70.92;68
AP;Amapá;Homens;2010;Causas acidentais;55;15.99;15.95
AP;Amapá;Homens;2010;Lesão autoprovocada;24;7.91;9.31
AP;Amapá;Homens;2010;Demais causas externas;20;5.81;7.37
AP;Amapá;Homens;2011;Lesão de trânsito;113;32.24;43.79
AP;Amapá;Homens;2011;Agressão;190;54.21;53.52
AP;Amapá;Homens;2011;Causas acidentais;53;15.12;15.11
AP;Amapá;Homens;2011;Lesão autoprovocada;30;9.68;9.74
AP;Amapá;Homens;2011;Demais causas externas;11;3.14;3.71
AP;Amapá;Homens;2012;Lesão de trânsito;99;27.77;34.1
AP;Amapá;Homens;2012;Agressão;236;66.19;64.15
AP;Amapá;Homens;2012;Causas acidentais;76;21.31;26.7
AP;Amapá;Homens;2012;Lesão autoprovocada;16;5.06;6.33
AP;Amapá;Homens;2012;Demais causas externas;33;9.26;14.04
AP;Amapá;Homens;2013;Lesão de trânsito;95;26.2;32.97
AP;Amapá;Homens;2013;Agressão;206;56.81;53.25
AP;Amapá;Homens;2013;Causas acidentais;86;23.72;26.16
AP;Amapá;Homens;2013;Lesão autoprovocada;40;12.4;12.73
AP;Amapá;Homens;2013;Demais causas externas;40;11.03;16.14
AP;Amapá;Homens;2014;Lesão de trânsito;97;26.31;34.4
AP;Amapá;Homens;2014;Agressão;236;64;59.84
AP;Amapá;Homens;2014;Causas acidentais;79;21.42;27.42
AP;Amapá;Homens;2014;Lesão autoprovocada;30;9.13;8.1
AP;Amapá;Homens;2014;Demais causas externas;30;8.14;11.05
AP;Amapá;Homens;2015;Lesão de trânsito;74;19.77;25.1
AP;Amapá;Homens;2015;Agressão;275;73.45;72.38
AP;Amapá;Homens;2015;Causas acidentais;72;19.23;24.19
AP;Amapá;Homens;2015;Lesão autoprovocada;41;12.27;13.2
AP;Amapá;Homens;2015;Demais causas externas;33;8.81;11.81
AP;Amapá;Homens;2016;Lesão de trânsito;77;20.3;24.4
AP;Amapá;Homens;2016;Agressão;364;95.95;91.96
AP;Amapá;Homens;2016;Causas acidentais;68;17.92;20.47
AP;Amapá;Homens;2016;Lesão autoprovocada;31;9.14;10.09
AP;Amapá;Homens;2016;Demais causas externas;5;1.32;1.34
AP;Amapá;Homens;2017;Lesão de trânsito;77;20.07;24.28
AP;Amapá;Homens;2017;Agressão;305;79.49;76.75
AP;Amapá;Homens;2017;Causas acidentais;82;21.37;24.06
AP;Amapá;Homens;2017;Lesão autoprovocada;38;11.07;12.08
AP;Amapá;Homens;2017;Demais causas externas;58;15.12;12.94
AP;Amapá;Homens;2018;Lesão de trânsito;43;11.1;14.44
AP;Amapá;Homens;2018;Agressão;359;92.69;89.96
AP;Amapá;Homens;2018;Causas acidentais;69;17.82;22.03
AP;Amapá;Homens;2018;Lesão autoprovocada;42;12.11;11.85
AP;Amapá;Homens;2018;Demais causas externas;64;16.52;14.37
AP;Amapá;Homens;2019;Lesão de trânsito;67;17.15;21.3
AP;Amapá;Homens;2019;Agressão;313;80.12;73.45
AP;Amapá;Homens;2019;Causas acidentais;84;21.5;27.54
AP;Amapá;Homens;2019;Lesão autoprovocada;47;13.41;13.03
AP;Amapá;Homens;2019;Demais causas externas;46;11.77;11.15
AP;Amapá;Homens;2020;Lesão de trânsito;59;14.99;17.57
AP;Amapá;Homens;2020;Agressão;296;75.21;71
AP;Amapá;Homens;2020;Causas acidentais;85;21.6;26.35
AP;Amapá;Homens;2020;Lesão autoprovocada;38;10.73;10.1
AP;Amapá;Homens;2020;Demais causas externas;89;22.61;21.86
AP;Amapá;Homens;2021;Lesão de trânsito;75;18.94;22.69
AP;Amapá;Homens;2021;Agressão;385;97.21;88.65
AP;Amapá;Homens;2021;Causas acidentais;90;22.72;28.66
AP;Amapá;Homens;2021;Lesão autoprovocada;46;12.88;13.03
AP;Amapá;Homens;2021;Demais causas externas;84;21.21;21.52
AP;Amapá;Homens;2022;Lesão de trânsito;81;20.34;24.41
AP;Amapá;Homens;2022;Agressão;292;73.33;72.18
AP;Amapá;Homens;2022;Causas acidentais;86;21.6;27.64
AP;Amapá;Homens;2022;Lesão autoprovocada;58;16.11;16.84
AP;Amapá;Homens;2022;Demais causas externas;71;17.83;17.04
AP;Amapá;Homens;2023;Lesão de trânsito;72;18;24.14
AP;Amapá;Homens;2023;Agressão;370;92.52;86.01
AP;Amapá;Homens;2023;Causas acidentais;91;22.75;27.13
AP;Amapá;Homens;2023;Lesão autoprovocada;60;16.53;16.8
AP;Amapá;Homens;2023;Demais causas externas;165;41.26;39.22
AP;Amapá;Homens;2024;Lesão de trânsito;81;20.17;23.51
AP;Amapá;Homens;2024;Agressão;247;61.51;58.83
AP;Amapá;Homens;2024;Causas acidentais;96;23.91;30.18
AP;Amapá;Homens;2024;Lesão autoprovocada;48;13.11;13.02
AP;Amapá;Homens;2024;Demais causas externas;139;34.61;34.87
AP;Amapá;Homens;2025;Lesão de trânsito;68;16.86;19.04
AP;Amapá;Homens;2025;Agressão;214;53.07;51.82
AP;Amapá;Homens;2025;Causas acidentais;78;19.34;22.65
AP;Amapá;Homens;2025;Lesão autoprovocada;55;14.9;14.92
AP;Amapá;Homens;2025;Demais causas externas;139;34.47;33.9
AP;Amapá;Mulheres;2000;Lesão de trânsito;7;2.81;3.14
AP;Amapá;Mulheres;2000;Agressão;4;1.6;1.92
AP;Amapá;Mulheres;2000;Causas acidentais;13;5.21;3.73
AP;Amapá;Mulheres;2000;Lesão autoprovocada;3;1.43;1.09
AP;Amapá;Mulheres;2000;Demais causas externas;3;1.2;2.02
AP;Amapá;Mulheres;2001;Lesão de trânsito;21;8.07;10.6
AP;Amapá;Mulheres;2001;Agressão;12;4.61;5.63
AP;Amapá;Mulheres;2001;Causas acidentais;12;4.61;4.75
AP;Amapá;Mulheres;2001;Lesão autoprovocada;4;1.81;1.56
AP;Amapá;Mulheres;2002;Lesão de trânsito;25;9.22;10.73
AP;Amapá;Mulheres;2002;Agressão;12;4.43;4.95
AP;Amapá;Mulheres;2002;Causas acidentais;13;4.8;3.59
AP;Amapá;Mulheres;2002;Lesão autoprovocada;8;3.47;3.85
AP;Amapá;Mulheres;2002;Demais causas externas;3;1.11;0.74
AP;Amapá;Mulheres;2003;Lesão de trânsito;27;9.6;13.69
AP;Amapá;Mulheres;2003;Agressão;15;5.33;5.16
AP;Amapá;Mulheres;2003;Causas acidentais;16;5.69;5.35
AP;Amapá;Mulheres;2003;Lesão autoprovocada;8;3.32;2.82
AP;Amapá;Mulheres;2003;Demais causas externas;2;0.71;0.65
AP;Amapá;Mulheres;2004;Lesão de trânsito;23;7.89;8.79
AP;Amapá;Mulheres;2004;Agressão;15;5.15;4.92
AP;Amapá;Mulheres;2004;Causas acidentais;13;4.46;5.9
AP;Amapá;Mulheres;2004;Lesão autoprovocada;4;1.59;1.48
AP;Amapá;Mulheres;2004;Demais causas externas;2;0.69;1.85
AP;Amapá;Mulheres;2005;Lesão de trânsito;18;5.98;8.14
AP;Amapá;Mulheres;2005;Agressão;15;4.98;6.29
AP;Amapá;Mulheres;2005;Causas acidentais;16;5.31;4.04
AP;Amapá;Mulheres;2005;Lesão autoprovocada;12;4.6;4.63
AP;Amapá;Mulheres;2006;Lesão de trânsito;28;9.03;9.38
AP;Amapá;Mulheres;2006;Agressão;13;4.19;5.8
AP;Amapá;Mulheres;2006;Causas acidentais;16;5.16;4.1
AP;Amapá;Mulheres;2006;Lesão autoprovocada;7;2.59;2.95
AP;Amapá;Mulheres;2006;Demais causas externas;1;0.32;0.19
AP;Amapá;Mulheres;2007;Lesão de trânsito;19;5.96;6.57
AP;Amapá;Mulheres;2007;Agressão;11;3.45;3.35
AP;Amapá;Mulheres;2007;Causas acidentais;11;3.45;2.88
AP;Amapá;Mulheres;2007;Lesão autoprovocada;4;1.43;1.18
AP;Amapá;Mulheres;2007;Demais causas externas;1;0.31;0.26
AP;Amapá;Mulheres;2008;Lesão de trânsito;22;6.72;7.01
AP;Amapá;Mulheres;2008;Agressão;13;3.97;4.16
AP;Amapá;Mulheres;2008;Causas acidentais;20;6.11;4.93
AP;Amapá;Mulheres;2008;Lesão autoprovocada;4;1.39;0.87
AP;Amapá;Mulheres;2008;Demais causas externas;3;0.92;1.2
AP;Amapá;Mulheres;2009;Lesão de trânsito;21;6.26;7.38
AP;Amapá;Mulheres;2009;Agressão;12;3.58;4.31
AP;Amapá;Mulheres;2009;Causas acidentais;17;5.06;3.03
AP;Amapá;Mulheres;2009;Lesão autoprovocada;5;1.68;1.22
AP;Amapá;Mulheres;2009;Demais causas externas;1;0.3;0.23
AP;Amapá;Mulheres;2010;Lesão de trânsito;21;6.12;9.54
AP;Amapá;Mulheres;2010;Agressão;16;4.67;6.38
AP;Amapá;Mulheres;2010;Causas acidentais;11;3.21;2.8
AP;Amapá;Mulheres;2010;Lesão autoprovocada;6;1.97;1.71
AP;Amapá;Mulheres;2010;Demais causas externas;5;1.46;2.01
AP;Amapá;Mulheres;2011;Lesão de trânsito;37;10.59;13.59
AP;Amapá;Mulheres;2011;Agressão;19;5.44;5.27
AP;Amapá;Mulheres;2011;Causas acidentais;21;6.01;5.09
AP;Amapá;Mulheres;2011;Lesão autoprovocada;7;2.25;2.64
AP;Amapá;Mulheres;2011;Demais causas externas;7;2;2.32
AP;Amapá;Mulheres;2012;Lesão de trânsito;25;7.04;9.06
AP;Amapá;Mulheres;2012;Agressão;17;4.79;4.64
AP;Amapá;Mulheres;2012;Causas acidentais;20;5.63;6.65
AP;Amapá;Mulheres;2012;Lesão autoprovocada;5;1.58;1.4
AP;Amapá;Mulheres;2012;Demais causas externas;9;2.53;4.59
AP;Amapá;Mulheres;2013;Lesão de trânsito;22;6.09;5.91
AP;Amapá;Mulheres;2013;Agressão;19;5.26;6.02
AP;Amapá;Mulheres;2013;Causas acidentais;12;3.32;4.02
AP;Amapá;Mulheres;2013;Lesão autoprovocada;5;1.55;1.65
AP;Amapá;Mulheres;2013;Demais causas externas;20;5.54;9.88
AP;Amapá;Mulheres;2014;Lesão de trânsito;31;8.44;12.17
AP;Amapá;Mulheres;2014;Agressão;20;5.45;5.62
AP;Amapá;Mulheres;2014;Causas acidentais;11;3;2.49
AP;Amapá;Mulheres;2014;Lesão autoprovocada;4;1.22;0.82
AP;Amapá;Mulheres;2014;Demais causas externas;5;1.36;2.86
AP;Amapá;Mulheres;2015;Lesão de trânsito;17;4.56;5.22
AP;Amapá;Mulheres;2015;Agressão;18;4.83;5.87
AP;Amapá;Mulheres;2015;Causas acidentais;6;1.61;1.94
AP;Amapá;Mulheres;2015;Lesão autoprovocada;12;3.59;2.8
AP;Amapá;Mulheres;2015;Demais causas externas;6;1.61;2.18
AP;Amapá;Mulheres;2016;Lesão de trânsito;20;5.3;6.48
AP;Amapá;Mulheres;2016;Agressão;17;4.5;4.74
AP;Amapá;Mulheres;2016;Causas acidentais;11;2.91;3.33
AP;Amapá;Mulheres;2016;Lesão autoprovocada;5;1.47;1.33
AP;Amapá;Mulheres;2016;Demais causas externas;2;0.53;0.41
AP;Amapá;Mulheres;2017;Lesão de trânsito;17;4.45;4.92
AP;Amapá;Mulheres;2017;Agressão;27;7.07;6.49
AP;Amapá;Mulheres;2017;Causas acidentais;22;5.76;5.29
AP;Amapá;Mulheres;2017;Lesão autoprovocada;8;2.33;2.27
AP;Amapá;Mulheres;2018;Lesão de trânsito;21;5.45;7.1
AP;Amapá;Mulheres;2018;Agressão;15;3.89;4.08
AP;Amapá;Mulheres;2018;Causas acidentais;17;4.41;5.28
AP;Amapá;Mulheres;2018;Lesão autoprovocada;20;5.77;5.07
AP;Amapá;Mulheres;2018;Demais causas externas;2;0.52;0.78
AP;Amapá;Mulheres;2019;Lesão de trânsito;17;4.37;4.87
AP;Amapá;Mulheres;2019;Agressão;17;4.37;4.72
AP;Amapá;Mulheres;2019;Causas acidentais;21;5.4;7.37
AP;Amapá;Mulheres;2019;Lesão autoprovocada;14;3.99;3.55
AP;Amapá;Mulheres;2019;Demais causas externas;5;1.29;1.16
AP;Amapá;Mulheres;2020;Lesão de trânsito;13;3.32;3.85
AP;Amapá;Mulheres;2020;Agressão;22;5.61;5.74
AP;Amapá;Mulheres;2020;Causas acidentais;52;13.27;16.79
AP;Amapá;Mulheres;2020;Lesão autoprovocada;13;3.67;3.1
AP;Amapá;Mulheres;2020;Demais causas externas;10;2.55;3.3
AP;Amapá;Mulheres;2021;Lesão de trânsito;23;5.83;6.75
AP;Amapá;Mulheres;2021;Agressão;19;4.81;4.44
AP;Amapá;Mulheres;2021;Causas acidentais;39;9.88;13.43
AP;Amapá;Mulheres;2021;Lesão autoprovocada;17;4.75;4.09
AP;Amapá;Mulheres;2021;Demais causas externas;6;1.52;2.01
AP;Amapá;Mulheres;2022;Lesão de trânsito;22;5.54;6.45
AP;Amapá;Mulheres;2022;Agressão;14;3.52;3.85
AP;Amapá;Mulheres;2022;Causas acidentais;27;6.8;10.18
AP;Amapá;Mulheres;2022;Lesão autoprovocada;23;6.38;6.04
AP;Amapá;Mulheres;2022;Demais causas externas;17;4.28;5.86
AP;Amapá;Mulheres;2023;Lesão de trânsito;15;3.76;3.89
AP;Amapá;Mulheres;2023;Agressão;15;3.76;3.51
AP;Amapá;Mulheres;2023;Causas acidentais;19;4.76;7.19
AP;Amapá;Mulheres;2023;Lesão autoprovocada;13;3.57;3.31
AP;Amapá;Mulheres;2023;Demais causas externas;13;3.26;4.34
AP;Amapá;Mulheres;2024;Lesão de trânsito;17;4.24;5.09
AP;Amapá;Mulheres;2024;Agressão;10;2.49;2.76
AP;Amapá;Mulheres;2024;Causas acidentais;33;8.22;12.01
AP;Amapá;Mulheres;2024;Lesão autoprovocada;17;4.63;4.36
AP;Amapá;Mulheres;2024;Demais causas externas;13;3.24;4.95
AP;Amapá;Mulheres;2025;Lesão de trânsito;17;4.22;4.62
AP;Amapá;Mulheres;2025;Agressão;15;3.72;3.58
AP;Amapá;Mulheres;2025;Causas acidentais;27;6.7;8.97
AP;Amapá;Mulheres;2025;Lesão autoprovocada;19;5.13;5.06
AP;Amapá;Mulheres;2025;Demais causas externas;18;4.46;6.08
BA;Bahia;Ambos;2000;Lesão de trânsito;1198;9.06;10.3
BA;Bahia;Ambos;2000;Agressão;1242;9.39;9.75
BA;Bahia;Ambos;2000;Causas acidentais;1779;13.46;15.41
BA;Bahia;Ambos;2000;Lesão autoprovocada;202;1.71;2.08
BA;Bahia;Ambos;2000;Demais causas externas;1878;14.21;16.41
BA;Bahia;Ambos;2001;Lesão de trânsito;1233;9.24;10.48
BA;Bahia;Ambos;2001;Agressão;1622;12.16;12.11
BA;Bahia;Ambos;2001;Causas acidentais;1145;8.58;9.59
BA;Bahia;Ambos;2001;Lesão autoprovocada;241;2.01;2.36
BA;Bahia;Ambos;2001;Demais causas externas;2265;16.98;19.59
BA;Bahia;Ambos;2002;Lesão de trânsito;1341;9.97;11.01
BA;Bahia;Ambos;2002;Agressão;1759;13.08;12.71
BA;Bahia;Ambos;2002;Causas acidentais;1297;9.64;10.57
BA;Bahia;Ambos;2002;Lesão autoprovocada;241;1.99;2.25
BA;Bahia;Ambos;2002;Demais causas externas;2622;19.49;22.29
BA;Bahia;Ambos;2003;Lesão de trânsito;1307;9.64;10.72
BA;Bahia;Ambos;2003;Agressão;2164;15.96;15.14
BA;Bahia;Ambos;2003;Causas acidentais;1286;9.48;10.43
BA;Bahia;Ambos;2003;Lesão autoprovocada;298;2.43;2.87
BA;Bahia;Ambos;2003;Demais causas externas;2290;16.89;18.79
BA;Bahia;Ambos;2004;Lesão de trânsito;1318;9.64;10.66
BA;Bahia;Ambos;2004;Agressão;2261;16.55;15.93
BA;Bahia;Ambos;2004;Causas acidentais;1398;10.23;11.28
BA;Bahia;Ambos;2004;Lesão autoprovocada;259;2.09;2.41
BA;Bahia;Ambos;2004;Demais causas externas;2282;16.7;18.37
BA;Bahia;Ambos;2005;Lesão de trânsito;1755;12.75;13.79
BA;Bahia;Ambos;2005;Agressão;2816;20.46;19.29
BA;Bahia;Ambos;2005;Causas acidentais;1463;10.63;12.11
BA;Bahia;Ambos;2005;Lesão autoprovocada;360;2.88;3.26
BA;Bahia;Ambos;2005;Demais causas externas;1239;9;10.1
BA;Bahia;Ambos;2006;Lesão de trânsito;1756;12.67;13.91
BA;Bahia;Ambos;2006;Agressão;3288;23.72;22.04
BA;Bahia;Ambos;2006;Causas acidentais;1695;12.23;13.63
BA;Bahia;Ambos;2006;Lesão autoprovocada;388;3.07;3.41
BA;Bahia;Ambos;2006;Demais causas externas;1308;9.44;10.49
BA;Bahia;Ambos;2007;Lesão de trânsito;1967;14.1;15.18
BA;Bahia;Ambos;2007;Agressão;3628;26.01;24.02
BA;Bahia;Ambos;2007;Causas acidentais;1578;11.31;12.43
BA;Bahia;Ambos;2007;Lesão autoprovocada;424;3.33;3.68
BA;Bahia;Ambos;2007;Demais causas externas;1843;13.21;13.94
BA;Bahia;Ambos;2008;Lesão de trânsito;1746;12.44;13.34
BA;Bahia;Ambos;2008;Agressão;4788;34.11;30.53
BA;Bahia;Ambos;2008;Causas acidentais;1481;10.55;11.57
BA;Bahia;Ambos;2008;Lesão autoprovocada;380;2.95;3.34
BA;Bahia;Ambos;2008;Demais causas externas;2258;16.09;17.18
BA;Bahia;Ambos;2009;Lesão de trânsito;1862;13.19;13.92
BA;Bahia;Ambos;2009;Agressão;5384;38.13;34.04
BA;Bahia;Ambos;2009;Causas acidentais;1548;10.96;11.73
BA;Bahia;Ambos;2009;Lesão autoprovocada;377;2.91;3.21
BA;Bahia;Ambos;2009;Demais causas externas;2322;16.44;17.56
BA;Bahia;Ambos;2010;Lesão de trânsito;2593;18.28;19.16
BA;Bahia;Ambos;2010;Agressão;5756;40.57;36.66
BA;Bahia;Ambos;2010;Causas acidentais;1878;13.24;14.59
BA;Bahia;Ambos;2010;Lesão autoprovocada;432;3.31;3.56
BA;Bahia;Ambos;2010;Demais causas externas;1509;10.64;11.25
BA;Bahia;Ambos;2011;Lesão de trânsito;2630;18.47;19.34
BA;Bahia;Ambos;2011;Agressão;5464;38.38;34.81
BA;Bahia;Ambos;2011;Causas acidentais;1685;11.83;13.16
BA;Bahia;Ambos;2011;Lesão autoprovocada;432;3.29;3.47
BA;Bahia;Ambos;2011;Demais causas externas;1757;12.34;12.9
BA;Bahia;Ambos;2012;Lesão de trânsito;2854;19.97;20.69
BA;Bahia;Ambos;2012;Agressão;5938;41.55;37.88
BA;Bahia;Ambos;2012;Causas acidentais;1714;11.99;13.09
BA;Bahia;Ambos;2012;Lesão autoprovocada;477;3.61;3.79
BA;Bahia;Ambos;2012;Demais causas externas;2250;15.74;15.99
BA;Bahia;Ambos;2013;Lesão de trânsito;2666;18.58;19.41
BA;Bahia;Ambos;2013;Agressão;5554;38.7;35.65
BA;Bahia;Ambos;2013;Causas acidentais;1859;12.95;14.13
BA;Bahia;Ambos;2013;Lesão autoprovocada;491;3.69;4.02
BA;Bahia;Ambos;2013;Demais causas externas;1975;13.76;14.23
BA;Bahia;Ambos;2014;Lesão de trânsito;2737;18.99;19.48
BA;Bahia;Ambos;2014;Agressão;5917;41.06;38.05
BA;Bahia;Ambos;2014;Causas acidentais;1892;13.13;14.2
BA;Bahia;Ambos;2014;Lesão autoprovocada;448;3.35;3.57
BA;Bahia;Ambos;2014;Demais causas externas;2053;14.25;14.58
BA;Bahia;Ambos;2015;Lesão de trânsito;2265;15.65;15.96
BA;Bahia;Ambos;2015;Agressão;5787;39.99;37.53
BA;Bahia;Ambos;2015;Causas acidentais;1929;13.33;14.3
BA;Bahia;Ambos;2015;Lesão autoprovocada;503;3.74;3.94
BA;Bahia;Ambos;2015;Demais causas externas;2267;15.67;15.86
BA;Bahia;Ambos;2016;Lesão de trânsito;2389;16.45;16.75
BA;Bahia;Ambos;2016;Agressão;6807;46.86;44.21
BA;Bahia;Ambos;2016;Causas acidentais;1894;13.04;13.85
BA;Bahia;Ambos;2016;Lesão autoprovocada;532;3.94;4.07
BA;Bahia;Ambos;2016;Demais causas externas;2085;14.35;14.34
BA;Bahia;Ambos;2017;Lesão de trânsito;2330;15.98;16.29
BA;Bahia;Ambos;2017;Agressão;6873;47.14;44.57
BA;Bahia;Ambos;2017;Causas acidentais;1908;13.09;13.76
BA;Bahia;Ambos;2017;Lesão autoprovocada;603;4.44;4.59
BA;Bahia;Ambos;2017;Demais causas externas;2071;14.21;14.15
BA;Bahia;Ambos;2018;Lesão de trânsito;2112;14.43;14.65
BA;Bahia;Ambos;2018;Agressão;6184;42.26;40.29
BA;Bahia;Ambos;2018;Causas acidentais;1821;12.44;12.88
BA;Bahia;Ambos;2018;Lesão autoprovocada;563;4.13;4.23
BA;Bahia;Ambos;2018;Demais causas externas;2416;16.51;16.4
BA;Bahia;Ambos;2019;Lesão de trânsito;2314;15.75;15.93
BA;Bahia;Ambos;2019;Agressão;5719;38.92;37.41
BA;Bahia;Ambos;2019;Causas acidentais;1853;12.61;12.93
BA;Bahia;Ambos;2019;Lesão autoprovocada;649;4.74;4.83
BA;Bahia;Ambos;2019;Demais causas externas;2358;16.05;16.01
BA;Bahia;Ambos;2020;Lesão de trânsito;2311;15.67;15.72
BA;Bahia;Ambos;2020;Agressão;6336;42.96;41.65
BA;Bahia;Ambos;2020;Causas acidentais;2066;14.01;14.19
BA;Bahia;Ambos;2020;Lesão autoprovocada;737;5.36;5.42
BA;Bahia;Ambos;2020;Demais causas externas;1925;13.05;12.88
BA;Bahia;Ambos;2021;Lesão de trânsito;2345;15.86;15.86
BA;Bahia;Ambos;2021;Agressão;6461;43.69;42.6
BA;Bahia;Ambos;2021;Causas acidentais;2029;13.72;13.74
BA;Bahia;Ambos;2021;Lesão autoprovocada;837;6.06;6.07
BA;Bahia;Ambos;2021;Demais causas externas;1972;13.33;13.2
BA;Bahia;Ambos;2022;Lesão de trânsito;2441;16.48;16.41
BA;Bahia;Ambos;2022;Agressão;5991;40.45;39.73
BA;Bahia;Ambos;2022;Causas acidentais;2407;16.25;16.06
BA;Bahia;Ambos;2022;Lesão autoprovocada;879;6.34;6.32
BA;Bahia;Ambos;2022;Demais causas externas;1930;13.03;12.81
BA;Bahia;Ambos;2023;Lesão de trânsito;2747;18.52;18.35
BA;Bahia;Ambos;2023;Agressão;5829;39.31;38.93
BA;Bahia;Ambos;2023;Causas acidentais;2391;16.12;15.7
BA;Bahia;Ambos;2023;Lesão autoprovocada;917;6.59;6.58
BA;Bahia;Ambos;2023;Demais causas externas;1885;12.71;12.43
BA;Bahia;Ambos;2024;Lesão de trânsito;3041;20.48;20.24
BA;Bahia;Ambos;2024;Agressão;4922;33.14;33.1
BA;Bahia;Ambos;2024;Causas acidentais;2690;18.11;17.33
BA;Bahia;Ambos;2024;Lesão autoprovocada;926;6.63;6.59
BA;Bahia;Ambos;2024;Demais causas externas;2250;15.15;14.97
BA;Bahia;Ambos;2025;Lesão de trânsito;2858;19.22;18.95
BA;Bahia;Ambos;2025;Agressão;4634;31.16;31.41
BA;Bahia;Ambos;2025;Causas acidentais;2333;15.69;14.72
BA;Bahia;Ambos;2025;Lesão autoprovocada;849;6.06;6.03
BA;Bahia;Ambos;2025;Demais causas externas;2217;14.91;14.52
BA;Bahia;Homens;2000;Lesão de trânsito;980;15.08;17.42
BA;Bahia;Homens;2000;Agressão;1108;17.05;17.74
BA;Bahia;Homens;2000;Causas acidentais;1358;20.9;24.27
BA;Bahia;Homens;2000;Lesão autoprovocada;158;2.72;3.57
BA;Bahia;Homens;2000;Demais causas externas;1551;23.87;27.34
BA;Bahia;Homens;2001;Lesão de trânsito;1024;15.62;18.06
BA;Bahia;Homens;2001;Agressão;1500;22.88;22.64
BA;Bahia;Homens;2001;Causas acidentais;869;13.26;15.01
BA;Bahia;Homens;2001;Lesão autoprovocada;193;3.29;3.96
BA;Bahia;Homens;2001;Demais causas externas;1873;28.57;33.2
BA;Bahia;Homens;2002;Lesão de trânsito;1121;16.96;18.93
BA;Bahia;Homens;2002;Agressão;1634;24.72;24.12
BA;Bahia;Homens;2002;Causas acidentais;1019;15.42;17.1
BA;Bahia;Homens;2002;Lesão autoprovocada;196;3.31;3.86
BA;Bahia;Homens;2002;Demais causas externas;2115;32;36.36
BA;Bahia;Homens;2003;Lesão de trânsito;1078;16.18;18.35
BA;Bahia;Homens;2003;Agressão;2012;30.2;28.53
BA;Bahia;Homens;2003;Causas acidentais;990;14.86;16.46
BA;Bahia;Homens;2003;Lesão autoprovocada;233;3.89;4.77
BA;Bahia;Homens;2003;Demais causas externas;1893;28.41;31.38
BA;Bahia;Homens;2004;Lesão de trânsito;1081;16.11;18.16
BA;Bahia;Homens;2004;Agressão;2063;30.74;29.56
BA;Bahia;Homens;2004;Causas acidentais;1055;15.72;17.48
BA;Bahia;Homens;2004;Lesão autoprovocada;200;3.3;3.9
BA;Bahia;Homens;2004;Demais causas externas;1883;28.05;30.92
BA;Bahia;Homens;2005;Lesão de trânsito;1471;21.76;23.89
BA;Bahia;Homens;2005;Agressão;2604;38.52;36.28
BA;Bahia;Homens;2005;Causas acidentais;1111;16.44;18.93
BA;Bahia;Homens;2005;Lesão autoprovocada;280;4.58;5.36
BA;Bahia;Homens;2005;Demais causas externas;1003;14.84;16.67
BA;Bahia;Homens;2006;Lesão de trânsito;1457;21.42;23.93
BA;Bahia;Homens;2006;Agressão;3042;44.72;41.52
BA;Bahia;Homens;2006;Causas acidentais;1270;18.67;21.09
BA;Bahia;Homens;2006;Lesão autoprovocada;333;5.39;6.09
BA;Bahia;Homens;2006;Demais causas externas;1004;14.76;16.44
BA;Bahia;Homens;2007;Lesão de trânsito;1618;23.65;25.8
BA;Bahia;Homens;2007;Agressão;3377;49.35;45.56
BA;Bahia;Homens;2007;Causas acidentais;1186;17.33;19.2
BA;Bahia;Homens;2007;Lesão autoprovocada;359;5.76;6.61
BA;Bahia;Homens;2007;Demais causas externas;1492;21.8;22.84
BA;Bahia;Homens;2008;Lesão de trânsito;1432;20.81;22.66
BA;Bahia;Homens;2008;Agressão;4455;64.75;58.17
BA;Bahia;Homens;2008;Causas acidentais;1103;16.03;17.99
BA;Bahia;Homens;2008;Lesão autoprovocada;334;5.32;6.19
BA;Bahia;Homens;2008;Demais causas externas;1826;26.54;28.43
BA;Bahia;Homens;2009;Lesão de trânsito;1549;22.39;24.09
BA;Bahia;Homens;2009;Agressão;5032;72.75;64.88
BA;Bahia;Homens;2009;Causas acidentais;1188;17.18;18.58
BA;Bahia;Homens;2009;Lesão autoprovocada;319;5.04;5.66
BA;Bahia;Homens;2009;Demais causas externas;1833;26.5;28.35
BA;Bahia;Homens;2010;Lesão de trânsito;2149;30.95;32.84
BA;Bahia;Homens;2010;Agressão;5313;76.51;69.15
BA;Bahia;Homens;2010;Causas acidentais;1383;19.92;22.38
BA;Bahia;Homens;2010;Lesão autoprovocada;339;5.32;5.86
BA;Bahia;Homens;2010;Demais causas externas;1204;17.34;18.25
BA;Bahia;Homens;2011;Lesão de trânsito;2207;31.69;33.66
BA;Bahia;Homens;2011;Agressão;5009;71.92;65.27
BA;Bahia;Homens;2011;Causas acidentais;1240;17.8;20.11
BA;Bahia;Homens;2011;Lesão autoprovocada;355;5.55;5.93
BA;Bahia;Homens;2011;Demais causas externas;1389;19.94;20.85
BA;Bahia;Homens;2012;Lesão de trânsito;2398;34.31;36.11
BA;Bahia;Homens;2012;Agressão;5496;78.64;71.64
BA;Bahia;Homens;2012;Causas acidentais;1223;17.5;19.42
BA;Bahia;Homens;2012;Lesão autoprovocada;383;5.95;6.38
BA;Bahia;Homens;2012;Demais causas externas;1830;26.19;26.48
BA;Bahia;Homens;2013;Lesão de trânsito;2251;32.09;34.03
BA;Bahia;Homens;2013;Agressão;5122;73.02;67.38
BA;Bahia;Homens;2013;Causas acidentais;1314;18.73;20.87
BA;Bahia;Homens;2013;Lesão autoprovocada;395;6.1;6.79
BA;Bahia;Homens;2013;Demais causas externas;1558;22.21;22.91
BA;Bahia;Homens;2014;Lesão de trânsito;2322;32.98;34.25
BA;Bahia;Homens;2014;Agressão;5524;78.47;72.6
BA;Bahia;Homens;2014;Causas acidentais;1385;19.67;21.83
BA;Bahia;Homens;2014;Lesão autoprovocada;368;5.66;6.21
BA;Bahia;Homens;2014;Demais causas externas;1627;23.11;23.69
BA;Bahia;Homens;2015;Lesão de trânsito;1955;27.67;28.65
BA;Bahia;Homens;2015;Agressão;5394;76.33;71.66
BA;Bahia;Homens;2015;Causas acidentais;1376;19.47;21.39
BA;Bahia;Homens;2015;Lesão autoprovocada;419;6.41;6.84
BA;Bahia;Homens;2015;Demais causas externas;1837;26;26.23
BA;Bahia;Homens;2016;Lesão de trânsito;2033;28.67;29.57
BA;Bahia;Homens;2016;Agressão;6369;89.82;84.5
BA;Bahia;Homens;2016;Causas acidentais;1291;18.21;19.89
BA;Bahia;Homens;2016;Lesão autoprovocada;431;6.56;6.9
BA;Bahia;Homens;2016;Demais causas externas;1745;24.61;24.74
BA;Bahia;Homens;2017;Lesão de trânsito;1962;27.58;28.54
BA;Bahia;Homens;2017;Agressão;6373;89.6;84.54
BA;Bahia;Homens;2017;Causas acidentais;1290;18.14;19.85
BA;Bahia;Homens;2017;Lesão autoprovocada;496;7.52;7.93
BA;Bahia;Homens;2017;Demais causas externas;1712;24.07;24.15
BA;Bahia;Homens;2018;Lesão de trânsito;1785;25.01;25.75
BA;Bahia;Homens;2018;Agressão;5748;80.55;76.53
BA;Bahia;Homens;2018;Causas acidentais;1281;17.95;19.34
BA;Bahia;Homens;2018;Lesão autoprovocada;480;7.25;7.57
BA;Bahia;Homens;2018;Demais causas externas;1965;27.54;27.43
BA;Bahia;Homens;2019;Lesão de trânsito;1980;27.64;28.39
BA;Bahia;Homens;2019;Agressão;5319;74.26;71.02
BA;Bahia;Homens;2019;Causas acidentais;1308;18.26;19.63
BA;Bahia;Homens;2019;Lesão autoprovocada;531;7.99;8.33
BA;Bahia;Homens;2019;Demais causas externas;1884;26.3;26.72
BA;Bahia;Homens;2020;Lesão de trânsito;1985;27.62;28.07
BA;Bahia;Homens;2020;Agressão;5890;81.96;79.12
BA;Bahia;Homens;2020;Causas acidentais;1460;20.32;21.6
BA;Bahia;Homens;2020;Lesão autoprovocada;606;9.08;9.34
BA;Bahia;Homens;2020;Demais causas externas;1531;21.31;21.22
BA;Bahia;Homens;2021;Lesão de trânsito;2016;28;28.38
BA;Bahia;Homens;2021;Agressão;6000;83.33;80.72
BA;Bahia;Homens;2021;Causas acidentais;1367;18.98;20.07
BA;Bahia;Homens;2021;Lesão autoprovocada;686;10.24;10.44
BA;Bahia;Homens;2021;Demais causas externas;1546;21.47;21.51
BA;Bahia;Homens;2022;Lesão de trânsito;2077;28.82;29.11
BA;Bahia;Homens;2022;Agressão;5575;77.36;75.4
BA;Bahia;Homens;2022;Causas acidentais;1582;21.95;23.1
BA;Bahia;Homens;2022;Lesão autoprovocada;718;10.69;10.76
BA;Bahia;Homens;2022;Demais causas externas;1523;21.13;21.03
BA;Bahia;Homens;2023;Lesão de trânsito;2353;32.63;32.74
BA;Bahia;Homens;2023;Agressão;5364;74.38;73.09
BA;Bahia;Homens;2023;Causas acidentais;1554;21.55;22.35
BA;Bahia;Homens;2023;Lesão autoprovocada;764;11.33;11.46
BA;Bahia;Homens;2023;Demais causas externas;1481;20.54;20.54
BA;Bahia;Homens;2024;Lesão de trânsito;2551;35.34;35.33
BA;Bahia;Homens;2024;Agressão;4514;62.54;61.84
BA;Bahia;Homens;2024;Causas acidentais;1763;24.42;25
BA;Bahia;Homens;2024;Lesão autoprovocada;729;10.77;10.84
BA;Bahia;Homens;2024;Demais causas externas;1856;25.71;25.8
BA;Bahia;Homens;2025;Lesão de trânsito;2467;34.15;34.06
BA;Bahia;Homens;2025;Agressão;4283;59.28;59.13
BA;Bahia;Homens;2025;Causas acidentais;1498;20.73;20.92
BA;Bahia;Homens;2025;Lesão autoprovocada;707;10.42;10.47
BA;Bahia;Homens;2025;Demais causas externas;1736;24.03;24.2
BA;Bahia;Mulheres;2000;Lesão de trânsito;217;3.23;3.58
BA;Bahia;Mulheres;2000;Agressão;132;1.96;2.05
BA;Bahia;Mulheres;2000;Causas acidentais;419;6.23;7
BA;Bahia;Mulheres;2000;Lesão autoprovocada;44;0.73;0.71
BA;Bahia;Mulheres;2000;Demais causas externas;326;4.85;6.04
BA;Bahia;Mulheres;2001;Lesão de trânsito;209;3.08;3.35
BA;Bahia;Mulheres;2001;Agressão;122;1.8;1.97
BA;Bahia;Mulheres;2001;Causas acidentais;275;4.05;4.44
BA;Bahia;Mulheres;2001;Lesão autoprovocada;48;0.79;0.87
BA;Bahia;Mulheres;2001;Demais causas externas;391;5.76;6.8
BA;Bahia;Mulheres;2002;Lesão de trânsito;219;3.2;3.5
BA;Bahia;Mulheres;2002;Agressão;123;1.8;1.75
BA;Bahia;Mulheres;2002;Causas acidentais;278;4.06;4.37
BA;Bahia;Mulheres;2002;Lesão autoprovocada;44;0.71;0.72
BA;Bahia;Mulheres;2002;Demais causas externas;506;7.39;9.03
BA;Bahia;Mulheres;2003;Lesão de trânsito;229;3.32;3.55
BA;Bahia;Mulheres;2003;Agressão;152;2.2;2.25
BA;Bahia;Mulheres;2003;Causas acidentais;296;4.29;4.7
BA;Bahia;Mulheres;2003;Lesão autoprovocada;65;1.04;1.13
BA;Bahia;Mulheres;2003;Demais causas externas;396;5.74;6.9
BA;Bahia;Mulheres;2004;Lesão de trânsito;237;3.41;3.63
BA;Bahia;Mulheres;2004;Agressão;195;2.8;2.85
BA;Bahia;Mulheres;2004;Causas acidentais;342;4.92;5.39
BA;Bahia;Mulheres;2004;Lesão autoprovocada;59;0.93;1.03
BA;Bahia;Mulheres;2004;Demais causas externas;396;5.7;6.54
BA;Bahia;Mulheres;2005;Lesão de trânsito;284;4.05;4.3
BA;Bahia;Mulheres;2005;Agressão;211;3.01;2.98
BA;Bahia;Mulheres;2005;Causas acidentais;351;5.01;5.71
BA;Bahia;Mulheres;2005;Lesão autoprovocada;80;1.25;1.32
BA;Bahia;Mulheres;2005;Demais causas externas;230;3.28;3.94
BA;Bahia;Mulheres;2006;Lesão de trânsito;298;4.22;4.58
BA;Bahia;Mulheres;2006;Agressão;243;3.44;3.37
BA;Bahia;Mulheres;2006;Causas acidentais;424;6.01;6.61
BA;Bahia;Mulheres;2006;Lesão autoprovocada;55;0.85;0.92
BA;Bahia;Mulheres;2006;Demais causas externas;299;4.24;4.88
BA;Bahia;Mulheres;2007;Lesão de trânsito;346;4.87;5.22
BA;Bahia;Mulheres;2007;Agressão;249;3.5;3.41
BA;Bahia;Mulheres;2007;Causas acidentais;392;5.52;6.09
BA;Bahia;Mulheres;2007;Lesão autoprovocada;65;1;1
BA;Bahia;Mulheres;2007;Demais causas externas;342;4.81;5.44
BA;Bahia;Mulheres;2008;Lesão de trânsito;310;4.33;4.64
BA;Bahia;Mulheres;2008;Agressão;314;4.39;4.07
BA;Bahia;Mulheres;2008;Causas acidentais;376;5.25;5.58
BA;Bahia;Mulheres;2008;Lesão autoprovocada;46;0.7;0.73
BA;Bahia;Mulheres;2008;Demais causas externas;427;5.97;6.61
BA;Bahia;Mulheres;2009;Lesão de trânsito;312;4.33;4.44
BA;Bahia;Mulheres;2009;Agressão;343;4.76;4.53
BA;Bahia;Mulheres;2009;Causas acidentais;358;4.97;5.32
BA;Bahia;Mulheres;2009;Lesão autoprovocada;58;0.87;0.96
BA;Bahia;Mulheres;2009;Demais causas externas;483;6.7;7.42
BA;Bahia;Mulheres;2010;Lesão de trânsito;438;6.05;6.38
BA;Bahia;Mulheres;2010;Agressão;435;6.01;5.63
BA;Bahia;Mulheres;2010;Causas acidentais;492;6.79;7.34
BA;Bahia;Mulheres;2010;Lesão autoprovocada;93;1.39;1.47
BA;Bahia;Mulheres;2010;Demais causas externas;302;4.17;4.67
BA;Bahia;Mulheres;2011;Lesão de trânsito;420;5.78;6.03
BA;Bahia;Mulheres;2011;Agressão;444;6.11;5.8
BA;Bahia;Mulheres;2011;Causas acidentais;445;6.12;6.7
BA;Bahia;Mulheres;2011;Lesão autoprovocada;77;1.14;1.2
BA;Bahia;Mulheres;2011;Demais causas externas;365;5.02;5.41
BA;Bahia;Mulheres;2012;Lesão de trânsito;450;6.16;6.35
BA;Bahia;Mulheres;2012;Agressão;433;5.93;5.66
BA;Bahia;Mulheres;2012;Causas acidentais;489;6.69;7.1
BA;Bahia;Mulheres;2012;Lesão autoprovocada;94;1.39;1.41
BA;Bahia;Mulheres;2012;Demais causas externas;416;5.7;6.07
BA;Bahia;Mulheres;2013;Lesão de trânsito;413;5.63;5.88
BA;Bahia;Mulheres;2013;Agressão;421;5.74;5.41
BA;Bahia;Mulheres;2013;Causas acidentais;544;7.41;7.83
BA;Bahia;Mulheres;2013;Lesão autoprovocada;96;1.41;1.49
BA;Bahia;Mulheres;2013;Demais causas externas;414;5.64;5.97
BA;Bahia;Mulheres;2014;Lesão de trânsito;415;5.63;5.8
BA;Bahia;Mulheres;2014;Agressão;385;5.22;5.06
BA;Bahia;Mulheres;2014;Causas acidentais;507;6.88;7.14
BA;Bahia;Mulheres;2014;Lesão autoprovocada;80;1.17;1.18
BA;Bahia;Mulheres;2014;Demais causas externas;422;5.73;5.94
BA;Bahia;Mulheres;2015;Lesão de trânsito;310;4.19;4.22
BA;Bahia;Mulheres;2015;Agressão;382;5.16;4.97
BA;Bahia;Mulheres;2015;Causas acidentais;552;7.46;7.65
BA;Bahia;Mulheres;2015;Lesão autoprovocada;84;1.22;1.29
BA;Bahia;Mulheres;2015;Demais causas externas;430;5.81;6.01
BA;Bahia;Mulheres;2016;Lesão de trânsito;355;4.77;4.83
BA;Bahia;Mulheres;2016;Agressão;436;5.86;5.68
BA;Bahia;Mulheres;2016;Causas acidentais;601;8.08;8.13
BA;Bahia;Mulheres;2016;Lesão autoprovocada;100;1.44;1.47
BA;Bahia;Mulheres;2016;Demais causas externas;335;4.5;4.52
BA;Bahia;Mulheres;2017;Lesão de trânsito;367;4.92;4.95
BA;Bahia;Mulheres;2017;Agressão;486;6.51;6.27
BA;Bahia;Mulheres;2017;Causas acidentais;618;8.28;8.09
BA;Bahia;Mulheres;2017;Lesão autoprovocada;107;1.53;1.55
BA;Bahia;Mulheres;2017;Demais causas externas;353;4.73;4.67
BA;Bahia;Mulheres;2018;Lesão de trânsito;326;4.35;4.36
BA;Bahia;Mulheres;2018;Agressão;427;5.7;5.53
BA;Bahia;Mulheres;2018;Causas acidentais;538;7.18;6.9
BA;Bahia;Mulheres;2018;Lesão autoprovocada;83;1.19;1.21
BA;Bahia;Mulheres;2018;Demais causas externas;448;5.98;5.84
BA;Bahia;Mulheres;2019;Lesão de trânsito;333;4.42;4.41
BA;Bahia;Mulheres;2019;Agressão;395;5.25;5.12
BA;Bahia;Mulheres;2019;Causas acidentais;543;7.21;6.83
BA;Bahia;Mulheres;2019;Lesão autoprovocada;118;1.68;1.68
BA;Bahia;Mulheres;2019;Demais causas externas;467;6.2;5.88
BA;Bahia;Mulheres;2020;Lesão de trânsito;325;4.3;4.28
BA;Bahia;Mulheres;2020;Agressão;441;5.83;5.69
BA;Bahia;Mulheres;2020;Causas acidentais;603;7.97;7.38
BA;Bahia;Mulheres;2020;Lesão autoprovocada;131;1.85;1.84
BA;Bahia;Mulheres;2020;Demais causas externas;393;5.2;4.84
BA;Bahia;Mulheres;2021;Lesão de trânsito;329;4.34;4.28
BA;Bahia;Mulheres;2021;Agressão;459;6.05;5.92
BA;Bahia;Mulheres;2021;Causas acidentais;662;8.72;7.91
BA;Bahia;Mulheres;2021;Lesão autoprovocada;151;2.12;2.11
BA;Bahia;Mulheres;2021;Demais causas externas;425;5.6;5.13
BA;Bahia;Mulheres;2022;Lesão de trânsito;361;4.75;4.7
BA;Bahia;Mulheres;2022;Agressão;411;5.4;5.37
BA;Bahia;Mulheres;2022;Causas acidentais;823;10.82;9.64
BA;Bahia;Mulheres;2022;Lesão autoprovocada;161;2.25;2.25
BA;Bahia;Mulheres;2022;Demais causas externas;404;5.31;4.78
BA;Bahia;Mulheres;2023;Lesão de trânsito;394;5.17;5.1
BA;Bahia;Mulheres;2023;Agressão;459;6.03;6.01
BA;Bahia;Mulheres;2023;Causas acidentais;836;10.97;9.47
BA;Bahia;Mulheres;2023;Lesão autoprovocada;153;2.13;2.13
BA;Bahia;Mulheres;2023;Demais causas externas;400;5.25;4.61
BA;Bahia;Mulheres;2024;Lesão de trânsito;489;6.41;6.25
BA;Bahia;Mulheres;2024;Agressão;407;5.33;5.38
BA;Bahia;Mulheres;2024;Causas acidentais;927;12.15;10.32
BA;Bahia;Mulheres;2024;Lesão autoprovocada;197;2.74;2.73
BA;Bahia;Mulheres;2024;Demais causas externas;392;5.14;4.44
BA;Bahia;Mulheres;2025;Lesão de trânsito;391;5.11;5
BA;Bahia;Mulheres;2025;Agressão;344;4.5;4.57
BA;Bahia;Mulheres;2025;Causas acidentais;831;10.87;8.96
BA;Bahia;Mulheres;2025;Lesão autoprovocada;142;1.96;1.98
BA;Bahia;Mulheres;2025;Demais causas externas;480;6.28;5.26
CE;Ceará;Ambos;2000;Lesão de trânsito;1232;15.98;18.85
CE;Ceará;Ambos;2000;Agressão;1232;15.98;17.37
CE;Ceará;Ambos;2000;Causas acidentais;1063;13.78;15.48
CE;Ceará;Ambos;2000;Lesão autoprovocada;269;3.91;4.49
CE;Ceará;Ambos;2000;Demais causas externas;145;1.88;2.39
CE;Ceará;Ambos;2001;Lesão de trânsito;1344;17.2;19.67
CE;Ceará;Ambos;2001;Agressão;1284;16.43;17.7
CE;Ceará;Ambos;2001;Causas acidentais;850;10.88;12.43
CE;Ceará;Ambos;2001;Lesão autoprovocada;376;5.38;6.22
CE;Ceará;Ambos;2001;Demais causas externas;219;2.8;3.53
CE;Ceará;Ambos;2002;Lesão de trânsito;1501;18.97;22.03
CE;Ceará;Ambos;2002;Agressão;1444;18.25;19.47
CE;Ceará;Ambos;2002;Causas acidentais;895;11.31;12.63
CE;Ceará;Ambos;2002;Lesão autoprovocada;460;6.47;7.38
CE;Ceará;Ambos;2002;Demais causas externas;179;2.26;2.79
CE;Ceará;Ambos;2003;Lesão de trânsito;1543;19.29;21.92
CE;Ceará;Ambos;2003;Agressão;1562;19.52;20.95
CE;Ceará;Ambos;2003;Causas acidentais;960;12;13.42
CE;Ceará;Ambos;2003;Lesão autoprovocada;419;5.81;6.38
CE;Ceará;Ambos;2003;Demais causas externas;281;3.51;4.22
CE;Ceará;Ambos;2004;Lesão de trânsito;1630;20.16;22.92
CE;Ceará;Ambos;2004;Agressão;1582;19.57;20.41
CE;Ceará;Ambos;2004;Causas acidentais;1004;12.42;13.88
CE;Ceará;Ambos;2004;Lesão autoprovocada;458;6.26;6.99
CE;Ceará;Ambos;2004;Demais causas externas;229;2.83;3.38
CE;Ceará;Ambos;2005;Lesão de trânsito;1724;21.11;23.8
CE;Ceará;Ambos;2005;Agressão;1697;20.78;21.13
CE;Ceará;Ambos;2005;Causas acidentais;936;11.46;13.01
CE;Ceará;Ambos;2005;Lesão autoprovocada;537;7.23;8.1
CE;Ceará;Ambos;2005;Demais causas externas;216;2.64;3.05
CE;Ceará;Ambos;2006;Lesão de trânsito;1675;20.31;22.48
CE;Ceará;Ambos;2006;Agressão;1792;21.72;22.04
CE;Ceará;Ambos;2006;Causas acidentais;1011;12.26;14.17
CE;Ceará;Ambos;2006;Lesão autoprovocada;493;6.56;7.39
CE;Ceará;Ambos;2006;Demais causas externas;297;3.6;4.19
CE;Ceará;Ambos;2007;Lesão de trânsito;1676;20.13;22
CE;Ceará;Ambos;2007;Agressão;1932;23.2;23.01
CE;Ceará;Ambos;2007;Causas acidentais;986;11.84;13.51
CE;Ceará;Ambos;2007;Lesão autoprovocada;525;6.9;7.57
CE;Ceará;Ambos;2007;Demais causas externas;526;6.32;7.38
CE;Ceará;Ambos;2008;Lesão de trânsito;1676;19.95;21.89
CE;Ceará;Ambos;2008;Agressão;2019;24.03;23.59
CE;Ceará;Ambos;2008;Causas acidentais;1080;12.85;14.61
CE;Ceará;Ambos;2008;Lesão autoprovocada;545;7.08;7.85
CE;Ceará;Ambos;2008;Demais causas externas;481;5.72;6.74
CE;Ceará;Ambos;2009;Lesão de trânsito;1544;18.22;19.5
CE;Ceará;Ambos;2009;Agressão;2164;25.54;24.93
CE;Ceará;Ambos;2009;Causas acidentais;1027;12.12;13.61
CE;Ceará;Ambos;2009;Lesão autoprovocada;501;6.44;6.94
CE;Ceará;Ambos;2009;Demais causas externas;613;7.23;8.31
CE;Ceará;Ambos;2010;Lesão de trânsito;2065;24.19;25.95
CE;Ceará;Ambos;2010;Agressão;2687;31.47;30.34
CE;Ceará;Ambos;2010;Causas acidentais;1040;12.18;13.54
CE;Ceará;Ambos;2010;Lesão autoprovocada;488;6.22;6.61
CE;Ceará;Ambos;2010;Demais causas externas;767;8.98;10.14
CE;Ceará;Ambos;2011;Lesão de trânsito;2067;24.06;25.69
CE;Ceará;Ambos;2011;Agressão;2790;32.47;30.77
CE;Ceará;Ambos;2011;Causas acidentais;1072;12.48;13.72
CE;Ceará;Ambos;2011;Lesão autoprovocada;553;6.98;7.43
CE;Ceará;Ambos;2011;Demais causas externas;938;10.92;11.69
CE;Ceará;Ambos;2012;Lesão de trânsito;2442;28.24;29.73
CE;Ceará;Ambos;2012;Agressão;3841;44.43;41.28
CE;Ceará;Ambos;2012;Causas acidentais;990;11.45;12.71
CE;Ceará;Ambos;2012;Lesão autoprovocada;510;6.39;6.82
CE;Ceará;Ambos;2012;Demais causas externas;650;7.52;8.18
CE;Ceará;Ambos;2013;Lesão de trânsito;2362;27.15;28.69
CE;Ceará;Ambos;2013;Agressão;4473;51.41;47.74
CE;Ceará;Ambos;2013;Causas acidentais;1134;13.03;14.34
CE;Ceará;Ambos;2013;Lesão autoprovocada;590;7.33;7.73
CE;Ceará;Ambos;2013;Demais causas externas;522;6;6.42
CE;Ceará;Ambos;2014;Lesão de trânsito;2634;30.08;31.07
CE;Ceará;Ambos;2014;Agressão;4625;52.81;48.71
CE;Ceará;Ambos;2014;Causas acidentais;1088;12.42;13.58
CE;Ceará;Ambos;2014;Lesão autoprovocada;566;6.98;7.29
CE;Ceará;Ambos;2014;Demais causas externas;384;4.39;4.46
CE;Ceará;Ambos;2015;Lesão de trânsito;2305;26.14;27.08
CE;Ceará;Ambos;2015;Agressão;4163;47.22;44.04
CE;Ceará;Ambos;2015;Causas acidentais;1166;13.23;14.32
CE;Ceará;Ambos;2015;Lesão autoprovocada;565;6.92;7.22
CE;Ceará;Ambos;2015;Demais causas externas;625;7.09;7.57
CE;Ceará;Ambos;2016;Lesão de trânsito;1962;22.11;22.8
CE;Ceará;Ambos;2016;Agressão;3637;40.99;38.61
CE;Ceará;Ambos;2016;Causas acidentais;1183;13.33;14.26
CE;Ceará;Ambos;2016;Lesão autoprovocada;590;7.17;7.47
CE;Ceará;Ambos;2016;Demais causas externas;757;8.53;9.01
CE;Ceará;Ambos;2017;Lesão de trânsito;1612;18.06;18.65
CE;Ceará;Ambos;2017;Agressão;5432;60.87;56.9
CE;Ceará;Ambos;2017;Causas acidentais;1185;13.28;14.06
CE;Ceará;Ambos;2017;Lesão autoprovocada;644;7.78;8.05
CE;Ceará;Ambos;2017;Demais causas externas;934;10.47;10.91
CE;Ceará;Ambos;2018;Lesão de trânsito;1602;17.85;18.28
CE;Ceará;Ambos;2018;Agressão;4893;54.51;51.73
CE;Ceará;Ambos;2018;Causas acidentais;1143;12.73;13.19
CE;Ceará;Ambos;2018;Lesão autoprovocada;655;7.86;8.13
CE;Ceará;Ambos;2018;Demais causas externas;893;9.95;10.34
CE;Ceará;Ambos;2019;Lesão de trânsito;1385;15.33;15.63
CE;Ceará;Ambos;2019;Agressão;2399;26.55;25.42
CE;Ceará;Ambos;2019;Causas acidentais;1101;12.19;12.56
CE;Ceará;Ambos;2019;Lesão autoprovocada;628;7.49;7.6
CE;Ceará;Ambos;2019;Demais causas externas;1313;14.53;14.97
CE;Ceará;Ambos;2020;Lesão de trânsito;1327;14.6;14.81
CE;Ceará;Ambos;2020;Agressão;3984;43.83;41.98
CE;Ceará;Ambos;2020;Causas acidentais;954;10.5;10.67
CE;Ceará;Ambos;2020;Lesão autoprovocada;606;7.18;7.31
CE;Ceará;Ambos;2020;Demais causas externas;1800;19.8;20.12
CE;Ceará;Ambos;2021;Lesão de trânsito;1314;14.39;14.59
CE;Ceará;Ambos;2021;Agressão;3465;37.95;36.65
CE;Ceará;Ambos;2021;Causas acidentais;1143;12.52;12.57
CE;Ceará;Ambos;2021;Lesão autoprovocada;823;9.69;9.78
CE;Ceará;Ambos;2021;Demais causas externas;1412;15.47;15.65
CE;Ceará;Ambos;2022;Lesão de trânsito;1424;15.54;15.67
CE;Ceará;Ambos;2022;Agressão;3020;32.96;32.11
CE;Ceará;Ambos;2022;Causas acidentais;1378;15.04;15.07
CE;Ceará;Ambos;2022;Lesão autoprovocada;790;9.25;9.33
CE;Ceará;Ambos;2022;Demais causas externas;1569;17.12;17.23
CE;Ceará;Ambos;2023;Lesão de trânsito;1394;15.16;15.23
CE;Ceará;Ambos;2023;Agressão;2980;32.4;31.8
CE;Ceará;Ambos;2023;Causas acidentais;1467;15.95;15.72
CE;Ceará;Ambos;2023;Lesão autoprovocada;799;9.3;9.34
CE;Ceará;Ambos;2023;Demais causas externas;1666;18.12;18.14
CE;Ceará;Ambos;2024;Lesão de trânsito;1504;16.29;16.29
CE;Ceará;Ambos;2024;Agressão;3152;34.14;33.73
CE;Ceará;Ambos;2024;Causas acidentais;1620;17.54;16.93
CE;Ceará;Ambos;2024;Lesão autoprovocada;815;9.42;9.43
CE;Ceará;Ambos;2024;Demais causas externas;1950;21.12;20.7
CE;Ceará;Ambos;2025;Lesão de trânsito;1517;16.37;16.27
CE;Ceará;Ambos;2025;Agressão;2562;27.64;27.51
CE;Ceará;Ambos;2025;Causas acidentais;1521;16.41;15.48
CE;Ceará;Ambos;2025;Lesão autoprovocada;724;8.32;8.32
CE;Ceará;Ambos;2025;Demais causas externas;2797;30.18;29.79
CE;Ceará;Homens;2000;Lesão de trânsito;1020;27.1;32.7
CE;Ceará;Homens;2000;Agressão;1125;29.89;32.84
CE;Ceará;Homens;2000;Causas acidentais;849;22.56;25.79
CE;Ceará;Homens;2000;Lesão autoprovocada;214;6.41;7.52
CE;Ceará;Homens;2000;Demais causas externas;98;2.6;3.34
CE;Ceará;Homens;2001;Lesão de trânsito;1138;29.83;34.82
CE;Ceará;Homens;2001;Agressão;1170;30.67;33.46
CE;Ceará;Homens;2001;Causas acidentais;684;17.93;20.75
CE;Ceará;Homens;2001;Lesão autoprovocada;313;9.22;10.87
CE;Ceará;Homens;2001;Demais causas externas;148;3.88;4.93
CE;Ceará;Homens;2002;Lesão de trânsito;1259;32.61;38.54
CE;Ceará;Homens;2002;Agressão;1319;34.16;36.98
CE;Ceará;Homens;2002;Causas acidentais;703;18.21;20.56
CE;Ceará;Homens;2002;Lesão autoprovocada;357;10.35;11.81
CE;Ceará;Homens;2002;Demais causas externas;136;3.52;4.25
CE;Ceará;Homens;2003;Lesão de trânsito;1294;33.15;38.62
CE;Ceará;Homens;2003;Agressão;1459;37.38;40.73
CE;Ceará;Homens;2003;Causas acidentais;755;19.34;21.95
CE;Ceará;Homens;2003;Lesão autoprovocada;329;9.39;10.67
CE;Ceará;Homens;2003;Demais causas externas;224;5.74;7.1
CE;Ceará;Homens;2004;Lesão de trânsito;1399;35.47;41.16
CE;Ceará;Homens;2004;Agressão;1459;37;38.98
CE;Ceará;Homens;2004;Causas acidentais;798;20.23;23.15
CE;Ceará;Homens;2004;Lesão autoprovocada;370;10.41;11.93
CE;Ceará;Homens;2004;Demais causas externas;177;4.49;5.39
CE;Ceará;Homens;2005;Lesão de trânsito;1441;36.18;42.01
CE;Ceará;Homens;2005;Agressão;1553;38.99;39.77
CE;Ceará;Homens;2005;Causas acidentais;713;17.9;20.67
CE;Ceará;Homens;2005;Lesão autoprovocada;436;12.1;13.87
CE;Ceará;Homens;2005;Demais causas externas;164;4.12;4.8
CE;Ceará;Homens;2006;Lesão de trânsito;1424;35.41;39.98
CE;Ceará;Homens;2006;Agressão;1658;41.23;42.12
CE;Ceará;Homens;2006;Causas acidentais;802;19.94;23.68
CE;Ceará;Homens;2006;Lesão autoprovocada;397;10.88;12.65
CE;Ceará;Homens;2006;Demais causas externas;213;5.3;6.25
CE;Ceará;Homens;2007;Lesão de trânsito;1418;34.94;39.04
CE;Ceará;Homens;2007;Agressão;1805;44.48;44.43
CE;Ceará;Homens;2007;Causas acidentais;758;18.68;21.93
CE;Ceará;Homens;2007;Lesão autoprovocada;421;11.4;12.73
CE;Ceará;Homens;2007;Demais causas externas;394;9.71;11.43
CE;Ceará;Homens;2008;Lesão de trânsito;1394;34.05;38.36
CE;Ceará;Homens;2008;Agressão;1902;46.46;45.74
CE;Ceará;Homens;2008;Causas acidentais;858;20.96;24.47
CE;Ceará;Homens;2008;Lesão autoprovocada;431;11.55;13.26
CE;Ceará;Homens;2008;Demais causas externas;336;8.21;9.77
CE;Ceará;Homens;2009;Lesão de trânsito;1296;31.4;34.32
CE;Ceará;Homens;2009;Agressão;2024;49.04;48.18
CE;Ceará;Homens;2009;Causas acidentais;802;19.43;22.44
CE;Ceará;Homens;2009;Lesão autoprovocada;400;10.61;11.73
CE;Ceará;Homens;2009;Demais causas externas;442;10.71;12.45
CE;Ceará;Homens;2010;Lesão de trânsito;1746;42;46.07
CE;Ceará;Homens;2010;Agressão;2514;60.48;58.42
CE;Ceará;Homens;2010;Causas acidentais;839;20.18;23.03
CE;Ceará;Homens;2010;Lesão autoprovocada;387;10.17;10.98
CE;Ceará;Homens;2010;Demais causas externas;566;13.62;15.65
CE;Ceará;Homens;2011;Lesão de trânsito;1795;42.92;46.85
CE;Ceará;Homens;2011;Agressão;2603;62.24;59.23
CE;Ceará;Homens;2011;Causas acidentais;813;19.44;22.09
CE;Ceará;Homens;2011;Lesão autoprovocada;449;11.7;12.73
CE;Ceará;Homens;2011;Demais causas externas;687;16.43;17.5
CE;Ceará;Homens;2012;Lesão de trânsito;2081;49.46;53
CE;Ceará;Homens;2012;Agressão;3621;86.06;79.78
CE;Ceará;Homens;2012;Causas acidentais;722;17.16;19.84
CE;Ceará;Homens;2012;Lesão autoprovocada;419;10.83;11.81
CE;Ceará;Homens;2012;Demais causas externas;490;11.65;12.91
CE;Ceará;Homens;2013;Lesão de trânsito;2014;47.58;51.34
CE;Ceará;Homens;2013;Agressão;4195;99.1;91.82
CE;Ceará;Homens;2013;Causas acidentais;859;20.29;23.24
CE;Ceará;Homens;2013;Lesão autoprovocada;475;12.18;13.11
CE;Ceará;Homens;2013;Demais causas externas;382;9.02;9.84
CE;Ceará;Homens;2014;Lesão de trânsito;2221;52.15;54.76
CE;Ceará;Homens;2014;Agressão;4340;101.9;93.59
CE;Ceará;Homens;2014;Causas acidentais;765;17.96;20.26
CE;Ceará;Homens;2014;Lesão autoprovocada;458;11.66;12.49
CE;Ceará;Homens;2014;Demais causas externas;252;5.92;5.99
CE;Ceará;Homens;2015;Lesão de trânsito;1967;45.88;48.48
CE;Ceará;Homens;2015;Agressão;3909;91.18;84.57
CE;Ceará;Homens;2015;Causas acidentais;845;19.71;22.19
CE;Ceará;Homens;2015;Lesão autoprovocada;442;11.17;12.02
CE;Ceará;Homens;2015;Demais causas externas;445;10.38;11.35
CE;Ceará;Homens;2016;Lesão de trânsito;1665;38.59;40.46
CE;Ceará;Homens;2016;Agressão;3419;79.25;74.32
CE;Ceará;Homens;2016;Causas acidentais;839;19.45;21.72
CE;Ceará;Homens;2016;Lesão autoprovocada;486;12.2;13.11
CE;Ceará;Homens;2016;Demais causas externas;614;14.23;15.36
CE;Ceará;Homens;2017;Lesão de trânsito;1386;31.95;33.69
CE;Ceará;Homens;2017;Agressão;5058;116.58;108.13
CE;Ceará;Homens;2017;Causas acidentais;807;18.6;20.77
CE;Ceará;Homens;2017;Lesão autoprovocada;534;13.32;14.03
CE;Ceará;Homens;2017;Demais causas externas;768;17.7;18.94
CE;Ceará;Homens;2018;Lesão de trânsito;1391;31.88;33.29
CE;Ceará;Homens;2018;Agressão;4418;101.24;95.55
CE;Ceará;Homens;2018;Causas acidentais;793;18.17;19.85
CE;Ceará;Homens;2018;Lesão autoprovocada;539;13.37;14.1
CE;Ceará;Homens;2018;Demais causas externas;733;16.8;18
CE;Ceará;Homens;2019;Lesão de trânsito;1172;26.68;27.67
CE;Ceará;Homens;2019;Agressão;2179;49.61;47.26
CE;Ceará;Homens;2019;Causas acidentais;786;17.89;19.65
CE;Ceará;Homens;2019;Lesão autoprovocada;496;12.22;12.6
CE;Ceará;Homens;2019;Demais causas externas;1037;23.61;25.16
CE;Ceará;Homens;2020;Lesão de trânsito;1165;26.37;27.22
CE;Ceará;Homens;2020;Agressão;3665;82.96;78.57
CE;Ceará;Homens;2020;Causas acidentais;697;15.78;16.94
CE;Ceará;Homens;2020;Lesão autoprovocada;487;11.91;12.44
CE;Ceará;Homens;2020;Demais causas externas;1470;33.27;34.66
CE;Ceará;Homens;2021;Lesão de trânsito;1126;25.38;26.24
CE;Ceará;Homens;2021;Agressão;3130;70.56;67.39
CE;Ceará;Homens;2021;Causas acidentais;775;17.47;18.72
CE;Ceará;Homens;2021;Lesão autoprovocada;658;16;16.49
CE;Ceará;Homens;2021;Demais causas externas;1110;25.02;26.01
CE;Ceará;Homens;2022;Lesão de trânsito;1228;27.59;28.4
CE;Ceará;Homens;2022;Agressão;2745;61.67;59.35
CE;Ceará;Homens;2022;Causas acidentais;960;21.57;23.2
CE;Ceará;Homens;2022;Lesão autoprovocada;624;15.1;15.51
CE;Ceará;Homens;2022;Demais causas externas;1278;28.71;29.65
CE;Ceará;Homens;2023;Lesão de trânsito;1192;26.69;27.32
CE;Ceará;Homens;2023;Agressão;2732;61.16;59.28
CE;Ceará;Homens;2023;Causas acidentais;967;21.65;23.03
CE;Ceará;Homens;2023;Lesão autoprovocada;635;15.27;15.58
CE;Ceará;Homens;2023;Demais causas externas;1366;30.58;31.47
CE;Ceará;Homens;2024;Lesão de trânsito;1308;29.17;29.64
CE;Ceará;Homens;2024;Agressão;2883;64.29;62.74
CE;Ceará;Homens;2024;Causas acidentais;1089;24.28;25.38
CE;Ceará;Homens;2024;Lesão autoprovocada;671;16.03;16.32
CE;Ceará;Homens;2024;Demais causas externas;1624;36.21;36.18
CE;Ceará;Homens;2025;Lesão de trânsito;1317;29.26;29.45
CE;Ceará;Homens;2025;Agressão;2331;51.79;50.86
CE;Ceará;Homens;2025;Causas acidentais;982;21.82;22.48
CE;Ceará;Homens;2025;Lesão autoprovocada;579;13.74;13.92
CE;Ceará;Homens;2025;Demais causas externas;2305;51.21;51.56
CE;Ceará;Mulheres;2000;Lesão de trânsito;211;5.35;6.09
CE;Ceará;Mulheres;2000;Agressão;106;2.69;2.93
CE;Ceará;Mulheres;2000;Causas acidentais;213;5.4;5.92
CE;Ceará;Mulheres;2000;Lesão autoprovocada;55;1.56;1.72
CE;Ceará;Mulheres;2000;Demais causas externas;47;1.19;1.52
CE;Ceará;Mulheres;2001;Lesão de trânsito;206;5.15;5.72
CE;Ceará;Mulheres;2001;Agressão;114;2.85;3.05
CE;Ceará;Mulheres;2001;Causas acidentais;166;4.15;4.75
CE;Ceará;Mulheres;2001;Lesão autoprovocada;63;1.75;1.96
CE;Ceará;Mulheres;2001;Demais causas externas;71;1.77;2.26
CE;Ceará;Mulheres;2002;Lesão de trânsito;241;5.95;6.83
CE;Ceará;Mulheres;2002;Agressão;125;3.09;3.19
CE;Ceará;Mulheres;2002;Causas acidentais;192;4.74;5.32
CE;Ceará;Mulheres;2002;Lesão autoprovocada;101;2.76;3.26
CE;Ceará;Mulheres;2002;Demais causas externas;42;1.04;1.41
CE;Ceará;Mulheres;2003;Lesão de trânsito;249;6.08;6.62
CE;Ceará;Mulheres;2003;Agressão;103;2.51;2.62
CE;Ceará;Mulheres;2003;Causas acidentais;203;4.95;5.52
CE;Ceará;Mulheres;2003;Lesão autoprovocada;90;2.43;2.48
CE;Ceará;Mulheres;2003;Demais causas externas;57;1.39;1.61
CE;Ceará;Mulheres;2004;Lesão de trânsito;229;5.53;6.17
CE;Ceará;Mulheres;2004;Agressão;123;2.97;3.1
CE;Ceará;Mulheres;2004;Causas acidentais;206;4.97;5.38
CE;Ceará;Mulheres;2004;Lesão autoprovocada;88;2.34;2.49
CE;Ceará;Mulheres;2004;Demais causas externas;52;1.26;1.55
CE;Ceará;Mulheres;2005;Lesão de trânsito;283;6.76;7.22
CE;Ceará;Mulheres;2005;Agressão;143;3.42;3.66
CE;Ceará;Mulheres;2005;Causas acidentais;223;5.33;6.01
CE;Ceará;Mulheres;2005;Lesão autoprovocada;101;2.64;2.86
CE;Ceará;Mulheres;2005;Demais causas externas;52;1.24;1.45
CE;Ceará;Mulheres;2006;Lesão de trânsito;249;5.89;6.41
CE;Ceará;Mulheres;2006;Agressão;134;3.17;3.29
CE;Ceará;Mulheres;2006;Causas acidentais;209;4.94;5.53
CE;Ceará;Mulheres;2006;Lesão autoprovocada;96;2.48;2.63
CE;Ceará;Mulheres;2006;Demais causas externas;84;1.99;2.31
CE;Ceará;Mulheres;2007;Lesão de trânsito;257;6.02;6.4
CE;Ceará;Mulheres;2007;Agressão;126;2.95;3.01
CE;Ceará;Mulheres;2007;Causas acidentais;227;5.32;5.83
CE;Ceará;Mulheres;2007;Lesão autoprovocada;104;2.65;2.87
CE;Ceará;Mulheres;2007;Demais causas externas;132;3.09;3.66
CE;Ceará;Mulheres;2008;Lesão de trânsito;282;6.54;6.94
CE;Ceará;Mulheres;2008;Agressão;117;2.72;2.86
CE;Ceará;Mulheres;2008;Causas acidentais;222;5.15;5.66
CE;Ceará;Mulheres;2008;Lesão autoprovocada;114;2.88;3.03
CE;Ceará;Mulheres;2008;Demais causas externas;145;3.37;3.95
CE;Ceará;Mulheres;2009;Lesão de trânsito;248;5.7;5.95
CE;Ceará;Mulheres;2009;Agressão;138;3.17;3.14
CE;Ceará;Mulheres;2009;Causas acidentais;225;5.18;5.58
CE;Ceará;Mulheres;2009;Lesão autoprovocada;101;2.52;2.6
CE;Ceará;Mulheres;2009;Demais causas externas;171;3.93;4.48
CE;Ceará;Mulheres;2010;Lesão de trânsito;319;7.28;7.63
CE;Ceará;Mulheres;2010;Agressão;173;3.95;4
CE;Ceará;Mulheres;2010;Causas acidentais;201;4.59;4.89
CE;Ceará;Mulheres;2010;Lesão autoprovocada;101;2.5;2.65
CE;Ceará;Mulheres;2010;Demais causas externas;201;4.59;5.13
CE;Ceará;Mulheres;2011;Lesão de trânsito;272;6.17;6.41
CE;Ceará;Mulheres;2011;Agressão;187;4.24;4.05
CE;Ceará;Mulheres;2011;Causas acidentais;259;5.87;6.17
CE;Ceará;Mulheres;2011;Lesão autoprovocada;104;2.55;2.66
CE;Ceará;Mulheres;2011;Demais causas externas;250;5.67;6.36
CE;Ceará;Mulheres;2012;Lesão de trânsito;361;8.13;8.52
CE;Ceará;Mulheres;2012;Agressão;219;4.93;4.81
CE;Ceará;Mulheres;2012;Causas acidentais;268;6.04;6.25
CE;Ceará;Mulheres;2012;Lesão autoprovocada;91;2.21;2.31
CE;Ceará;Mulheres;2012;Demais causas externas;160;3.6;3.84
CE;Ceará;Mulheres;2013;Lesão de trânsito;348;7.79;8.15
CE;Ceará;Mulheres;2013;Agressão;278;6.22;5.95
CE;Ceará;Mulheres;2013;Causas acidentais;275;6.15;6.42
CE;Ceará;Mulheres;2013;Lesão autoprovocada;115;2.77;2.89
CE;Ceará;Mulheres;2013;Demais causas externas;140;3.13;3.33
CE;Ceará;Mulheres;2014;Lesão de trânsito;413;9.18;9.38
CE;Ceará;Mulheres;2014;Agressão;285;6.34;5.98
CE;Ceará;Mulheres;2014;Causas acidentais;323;7.18;7.44
CE;Ceará;Mulheres;2014;Lesão autoprovocada;108;2.58;2.6
CE;Ceará;Mulheres;2014;Demais causas externas;132;2.93;3.03
CE;Ceará;Mulheres;2015;Lesão de trânsito;338;7.46;7.59
CE;Ceará;Mulheres;2015;Agressão;254;5.61;5.46
CE;Ceará;Mulheres;2015;Causas acidentais;321;7.09;7.16
CE;Ceará;Mulheres;2015;Lesão autoprovocada;123;2.92;2.92
CE;Ceará;Mulheres;2015;Demais causas externas;179;3.95;4.08
CE;Ceará;Mulheres;2016;Lesão de trânsito;297;6.51;6.67
CE;Ceará;Mulheres;2016;Agressão;218;4.78;4.64
CE;Ceará;Mulheres;2016;Causas acidentais;344;7.55;7.48
CE;Ceará;Mulheres;2016;Lesão autoprovocada;104;2.45;2.44
CE;Ceará;Mulheres;2016;Demais causas externas;143;3.14;3.2
CE;Ceará;Mulheres;2017;Lesão de trânsito;226;4.93;5.02
CE;Ceará;Mulheres;2017;Agressão;374;8.16;7.81
CE;Ceará;Mulheres;2017;Causas acidentais;378;8.24;7.91
CE;Ceará;Mulheres;2017;Lesão autoprovocada;110;2.58;2.66
CE;Ceará;Mulheres;2017;Demais causas externas;166;3.62;3.63
CE;Ceará;Mulheres;2018;Lesão de trânsito;210;4.55;4.61
CE;Ceará;Mulheres;2018;Agressão;475;10.3;9.84
CE;Ceará;Mulheres;2018;Causas acidentais;350;7.59;7.16
CE;Ceará;Mulheres;2018;Lesão autoprovocada;116;2.7;2.77
CE;Ceará;Mulheres;2018;Demais causas externas;160;3.47;3.4
CE;Ceará;Mulheres;2019;Lesão de trânsito;213;4.59;4.59
CE;Ceará;Mulheres;2019;Agressão;220;4.74;4.61
CE;Ceará;Mulheres;2019;Causas acidentais;315;6.78;6.27
CE;Ceará;Mulheres;2019;Lesão autoprovocada;132;3.05;3.07
CE;Ceará;Mulheres;2019;Demais causas externas;276;5.94;5.81
CE;Ceará;Mulheres;2020;Lesão de trânsito;162;3.47;3.43
CE;Ceará;Mulheres;2020;Agressão;318;6.81;6.64
CE;Ceará;Mulheres;2020;Causas acidentais;257;5.5;5
CE;Ceará;Mulheres;2020;Lesão autoprovocada;119;2.73;2.72
CE;Ceará;Mulheres;2020;Demais causas externas;330;7.06;6.85
CE;Ceará;Mulheres;2021;Lesão de trânsito;188;4.01;3.96
CE;Ceará;Mulheres;2021;Agressão;335;7.14;7
CE;Ceará;Mulheres;2021;Causas acidentais;368;7.84;7.02
CE;Ceará;Mulheres;2021;Lesão autoprovocada;165;3.76;3.76
CE;Ceará;Mulheres;2021;Demais causas externas;302;6.43;6.22
CE;Ceará;Mulheres;2022;Lesão de trânsito;196;4.16;4.12
CE;Ceará;Mulheres;2022;Agressão;275;5.84;5.79
CE;Ceará;Mulheres;2022;Causas acidentais;418;8.87;7.89
CE;Ceará;Mulheres;2022;Lesão autoprovocada;166;3.77;3.75
CE;Ceará;Mulheres;2022;Demais causas externas;291;6.18;5.89
CE;Ceará;Mulheres;2023;Lesão de trânsito;202;4.27;4.2
CE;Ceará;Mulheres;2023;Agressão;248;5.24;5.23
CE;Ceará;Mulheres;2023;Causas acidentais;500;10.57;9.07
CE;Ceará;Mulheres;2023;Lesão autoprovocada;164;3.7;3.69
CE;Ceará;Mulheres;2023;Demais causas externas;300;6.34;5.98
CE;Ceará;Mulheres;2024;Lesão de trânsito;196;4.13;4.06
CE;Ceará;Mulheres;2024;Agressão;269;5.66;5.68
CE;Ceará;Mulheres;2024;Causas acidentais;531;11.18;9.35
CE;Ceará;Mulheres;2024;Lesão autoprovocada;144;3.22;3.22
CE;Ceará;Mulheres;2024;Demais causas externas;326;6.86;6.41
CE;Ceará;Mulheres;2025;Lesão de trânsito;199;4.17;4.13
CE;Ceará;Mulheres;2025;Agressão;231;4.85;4.88
CE;Ceará;Mulheres;2025;Causas acidentais;539;11.31;9.27
CE;Ceará;Mulheres;2025;Lesão autoprovocada;145;3.23;3.23
CE;Ceará;Mulheres;2025;Demais causas externas;491;10.3;9.74
DF;Distrito Federal;Ambos;2000;Lesão de trânsito;520;23.79;26.84
DF;Distrito Federal;Ambos;2000;Agressão;687;31.43;28.42
DF;Distrito Federal;Ambos;2000;Causas acidentais;269;12.31;17.42
DF;Distrito Federal;Ambos;2000;Lesão autoprovocada;86;4.41;5
DF;Distrito Federal;Ambos;2000;Demais causas externas;34;1.56;2.09
DF;Distrito Federal;Ambos;2001;Lesão de trânsito;488;21.72;24.98
DF;Distrito Federal;Ambos;2001;Agressão;693;30.84;27.25
DF;Distrito Federal;Ambos;2001;Causas acidentais;291;12.95;18.59
DF;Distrito Federal;Ambos;2001;Lesão autoprovocada;79;3.93;3.68
DF;Distrito Federal;Ambos;2001;Demais causas externas;19;0.85;1.02
DF;Distrito Federal;Ambos;2002;Lesão de trânsito;519;22.52;25.94
DF;Distrito Federal;Ambos;2002;Agressão;641;27.82;24.38
DF;Distrito Federal;Ambos;2002;Causas acidentais;305;13.24;18.47
DF;Distrito Federal;Ambos;2002;Lesão autoprovocada;90;4.35;4.48
DF;Distrito Federal;Ambos;2002;Demais causas externas;15;0.65;1.03
DF;Distrito Federal;Ambos;2003;Lesão de trânsito;587;24.89;28.69
DF;Distrito Federal;Ambos;2003;Agressão;742;31.46;27.84
DF;Distrito Federal;Ambos;2003;Causas acidentais;299;12.68;18.11
DF;Distrito Federal;Ambos;2003;Lesão autoprovocada;86;4.05;4.71
DF;Distrito Federal;Ambos;2003;Demais causas externas;9;0.38;0.57
DF;Distrito Federal;Ambos;2004;Lesão de trânsito;505;20.97;24.45
DF;Distrito Federal;Ambos;2004;Agressão;696;28.9;25.81
DF;Distrito Federal;Ambos;2004;Causas acidentais;325;13.49;21.65
DF;Distrito Federal;Ambos;2004;Lesão autoprovocada;99;4.55;5.04
DF;Distrito Federal;Ambos;2004;Demais causas externas;16;0.66;1.01
DF;Distrito Federal;Ambos;2005;Lesão de trânsito;527;21.46;23.82
DF;Distrito Federal;Ambos;2005;Agressão;657;26.75;23.49
DF;Distrito Federal;Ambos;2005;Causas acidentais;316;12.87;20
DF;Distrito Federal;Ambos;2005;Lesão autoprovocada;89;4;4.48
DF;Distrito Federal;Ambos;2005;Demais causas externas;33;1.34;1.47
DF;Distrito Federal;Ambos;2006;Lesão de trânsito;471;18.84;21.62
DF;Distrito Federal;Ambos;2006;Agressão;660;26.4;23.53
DF;Distrito Federal;Ambos;2006;Causas acidentais;336;13.44;20.87
DF;Distrito Federal;Ambos;2006;Lesão autoprovocada;108;4.76;5.27
DF;Distrito Federal;Ambos;2006;Demais causas externas;61;2.44;3.34
DF;Distrito Federal;Ambos;2007;Lesão de trânsito;555;21.85;23.82
DF;Distrito Federal;Ambos;2007;Agressão;710;27.95;24.02
DF;Distrito Federal;Ambos;2007;Causas acidentais;341;13.43;19.24
DF;Distrito Federal;Ambos;2007;Lesão autoprovocada;103;4.45;4.33
DF;Distrito Federal;Ambos;2007;Demais causas externas;37;1.46;1.77
DF;Distrito Federal;Ambos;2008;Lesão de trânsito;527;20.45;22.7
DF;Distrito Federal;Ambos;2008;Agressão;812;31.51;27.28
DF;Distrito Federal;Ambos;2008;Causas acidentais;361;14.01;20.84
DF;Distrito Federal;Ambos;2008;Lesão autoprovocada;117;4.97;5.25
DF;Distrito Federal;Ambos;2008;Demais causas externas;31;1.2;1.52
DF;Distrito Federal;Ambos;2009;Lesão de trânsito;520;19.91;21.7
DF;Distrito Federal;Ambos;2009;Agressão;880;33.69;29.03
DF;Distrito Federal;Ambos;2009;Causas acidentais;359;13.74;20.68
DF;Distrito Federal;Ambos;2009;Lesão autoprovocada;129;5.4;5.45
DF;Distrito Federal;Ambos;2009;Demais causas externas;30;1.15;1.5
DF;Distrito Federal;Ambos;2010;Lesão de trânsito;555;20.99;22.73
DF;Distrito Federal;Ambos;2010;Agressão;786;29.73;25.19
DF;Distrito Federal;Ambos;2010;Causas acidentais;364;13.77;21.17
DF;Distrito Federal;Ambos;2010;Lesão autoprovocada;148;6.11;6.6
DF;Distrito Federal;Ambos;2010;Demais causas externas;25;0.95;1.14
DF;Distrito Federal;Ambos;2011;Lesão de trânsito;552;20.65;22.27
DF;Distrito Federal;Ambos;2011;Agressão;901;33.71;28.78
DF;Distrito Federal;Ambos;2011;Causas acidentais;361;13.51;18.08
DF;Distrito Federal;Ambos;2011;Lesão autoprovocada;100;4.07;4.17
DF;Distrito Federal;Ambos;2011;Demais causas externas;26;0.97;1.04
DF;Distrito Federal;Ambos;2012;Lesão de trânsito;552;20.42;21.81
DF;Distrito Federal;Ambos;2012;Agressão;952;35.22;30.56
DF;Distrito Federal;Ambos;2012;Causas acidentais;352;13.02;18.7
DF;Distrito Federal;Ambos;2012;Lesão autoprovocada;135;5.43;5.82
DF;Distrito Federal;Ambos;2012;Demais causas externas;60;2.22;2.53
DF;Distrito Federal;Ambos;2013;Lesão de trânsito;525;19.21;19.97
DF;Distrito Federal;Ambos;2013;Agressão;835;30.55;26.61
DF;Distrito Federal;Ambos;2013;Causas acidentais;350;12.8;18.74
DF;Distrito Federal;Ambos;2013;Lesão autoprovocada;124;4.92;5.01
DF;Distrito Federal;Ambos;2013;Demais causas externas;54;1.98;2.41
DF;Distrito Federal;Ambos;2014;Lesão de trânsito;520;18.81;19.55
DF;Distrito Federal;Ambos;2014;Agressão;841;30.42;27.06
DF;Distrito Federal;Ambos;2014;Causas acidentais;349;12.62;18.19
DF;Distrito Federal;Ambos;2014;Lesão autoprovocada;135;5.3;5.36
DF;Distrito Federal;Ambos;2014;Demais causas externas;55;1.99;2.29
DF;Distrito Federal;Ambos;2015;Lesão de trânsito;463;16.57;17.73
DF;Distrito Federal;Ambos;2015;Agressão;741;26.51;24.56
DF;Distrito Federal;Ambos;2015;Causas acidentais;317;11.34;15.93
DF;Distrito Federal;Ambos;2015;Lesão autoprovocada;130;5.04;5.27
DF;Distrito Federal;Ambos;2015;Demais causas externas;61;2.18;2.57
DF;Distrito Federal;Ambos;2016;Lesão de trânsito;435;15.41;16.17
DF;Distrito Federal;Ambos;2016;Agressão;758;26.85;25.06
DF;Distrito Federal;Ambos;2016;Causas acidentais;384;13.6;19.07
DF;Distrito Federal;Ambos;2016;Lesão autoprovocada;152;5.83;5.86
DF;Distrito Federal;Ambos;2016;Demais causas externas;44;1.56;1.72
DF;Distrito Federal;Ambos;2017;Lesão de trânsito;339;11.89;12.47
DF;Distrito Federal;Ambos;2017;Agressão;608;21.33;19.96
DF;Distrito Federal;Ambos;2017;Causas acidentais;392;13.75;18.35
DF;Distrito Federal;Ambos;2017;Lesão autoprovocada;168;6.38;6.32
DF;Distrito Federal;Ambos;2017;Demais causas externas;42;1.47;1.72
DF;Distrito Federal;Ambos;2018;Lesão de trânsito;350;12.17;12.9
DF;Distrito Federal;Ambos;2018;Agressão;528;18.36;17.3
DF;Distrito Federal;Ambos;2018;Causas acidentais;411;14.29;18.8
DF;Distrito Federal;Ambos;2018;Lesão autoprovocada;187;7.04;7.02
DF;Distrito Federal;Ambos;2018;Demais causas externas;82;2.85;3.31
DF;Distrito Federal;Ambos;2019;Lesão de trânsito;334;11.52;11.98
DF;Distrito Federal;Ambos;2019;Agressão;473;16.31;15.69
DF;Distrito Federal;Ambos;2019;Causas acidentais;392;13.52;16.98
DF;Distrito Federal;Ambos;2019;Lesão autoprovocada;199;7.41;7.37
DF;Distrito Federal;Ambos;2019;Demais causas externas;78;2.69;2.97
DF;Distrito Federal;Ambos;2020;Lesão de trânsito;321;10.99;11.21
DF;Distrito Federal;Ambos;2020;Agressão;442;15.13;14.55
DF;Distrito Federal;Ambos;2020;Causas acidentais;443;15.16;18.36
DF;Distrito Federal;Ambos;2020;Lesão autoprovocada;198;7.3;7.11
DF;Distrito Federal;Ambos;2020;Demais causas externas;107;3.66;4.19
DF;Distrito Federal;Ambos;2021;Lesão de trânsito;323;10.99;11.2
DF;Distrito Federal;Ambos;2021;Agressão;374;12.73;12.3
DF;Distrito Federal;Ambos;2021;Causas acidentais;437;14.87;17.3
DF;Distrito Federal;Ambos;2021;Lesão autoprovocada;190;6.95;6.77
DF;Distrito Federal;Ambos;2021;Demais causas externas;138;4.7;5.21
DF;Distrito Federal;Ambos;2022;Lesão de trânsito;336;11.38;11.42
DF;Distrito Federal;Ambos;2022;Agressão;345;11.69;11.28
DF;Distrito Federal;Ambos;2022;Causas acidentais;493;16.7;19.06
DF;Distrito Federal;Ambos;2022;Lesão autoprovocada;252;9.15;8.98
DF;Distrito Federal;Ambos;2022;Demais causas externas;82;2.78;2.93
DF;Distrito Federal;Ambos;2023;Lesão de trânsito;314;10.58;10.77
DF;Distrito Federal;Ambos;2023;Agressão;321;10.82;10.4
DF;Distrito Federal;Ambos;2023;Causas acidentais;444;14.96;16.58
DF;Distrito Federal;Ambos;2023;Lesão autoprovocada;280;10.08;9.91
DF;Distrito Federal;Ambos;2023;Demais causas externas;149;5.02;5.33
DF;Distrito Federal;Ambos;2024;Lesão de trânsito;322;10.8;10.7
DF;Distrito Federal;Ambos;2024;Agressão;293;9.82;9.53
DF;Distrito Federal;Ambos;2024;Causas acidentais;597;20.01;21.43
DF;Distrito Federal;Ambos;2024;Lesão autoprovocada;296;10.56;10.44
DF;Distrito Federal;Ambos;2024;Demais causas externas;149;5;5.2
DF;Distrito Federal;Ambos;2025;Lesão de trânsito;302;10.08;10.01
DF;Distrito Federal;Ambos;2025;Agressão;261;8.71;8.41
DF;Distrito Federal;Ambos;2025;Causas acidentais;365;12.18;12.8
DF;Distrito Federal;Ambos;2025;Lesão autoprovocada;247;8.75;8.6
DF;Distrito Federal;Ambos;2025;Demais causas externas;353;11.78;12.23
DF;Distrito Federal;Homens;2000;Lesão de trânsito;412;39.24;45.05
DF;Distrito Federal;Homens;2000;Agressão;644;61.34;57.01
DF;Distrito Federal;Homens;2000;Causas acidentais;195;18.57;25.4
DF;Distrito Federal;Homens;2000;Lesão autoprovocada;65;6.99;8.55
DF;Distrito Federal;Homens;2000;Demais causas externas;27;2.57;3.52
DF;Distrito Federal;Homens;2001;Lesão de trânsito;394;36.51;42.89
DF;Distrito Federal;Homens;2001;Agressão;649;60.14;54.51
DF;Distrito Federal;Homens;2001;Causas acidentais;214;19.83;27.74
DF;Distrito Federal;Homens;2001;Lesão autoprovocada;67;6.99;6.55
DF;Distrito Federal;Homens;2001;Demais causas externas;11;1.02;0.82
DF;Distrito Federal;Homens;2002;Lesão de trânsito;403;36.41;42.42
DF;Distrito Federal;Homens;2002;Agressão;591;53.4;47.64
DF;Distrito Federal;Homens;2002;Causas acidentais;216;19.52;26.18
DF;Distrito Federal;Homens;2002;Lesão autoprovocada;66;6.69;7.05
DF;Distrito Federal;Homens;2002;Demais causas externas;11;0.99;1.69
DF;Distrito Federal;Homens;2003;Lesão de trânsito;453;40;46.71
DF;Distrito Federal;Homens;2003;Agressão;678;59.87;54.18
DF;Distrito Federal;Homens;2003;Causas acidentais;233;20.57;27.25
DF;Distrito Federal;Homens;2003;Lesão autoprovocada;68;6.71;7.99
DF;Distrito Federal;Homens;2003;Demais causas externas;5;0.44;0.62
DF;Distrito Federal;Homens;2004;Lesão de trânsito;416;35.97;42.18
DF;Distrito Federal;Homens;2004;Agressão;642;55.51;50.28
DF;Distrito Federal;Homens;2004;Causas acidentais;237;20.49;32.09
DF;Distrito Federal;Homens;2004;Lesão autoprovocada;71;6.84;7.85
DF;Distrito Federal;Homens;2004;Demais causas externas;11;0.95;1.73
DF;Distrito Federal;Homens;2005;Lesão de trânsito;416;35.29;39.3
DF;Distrito Federal;Homens;2005;Agressão;610;51.74;45.73
DF;Distrito Federal;Homens;2005;Causas acidentais;220;18.66;26.65
DF;Distrito Federal;Homens;2005;Lesão autoprovocada;66;6.22;6.82
DF;Distrito Federal;Homens;2005;Demais causas externas;24;2.04;2.09
DF;Distrito Federal;Homens;2006;Lesão de trânsito;373;31.08;35.61
DF;Distrito Federal;Homens;2006;Agressão;611;50.92;45.84
DF;Distrito Federal;Homens;2006;Causas acidentais;221;18.42;26.17
DF;Distrito Federal;Homens;2006;Lesão autoprovocada;72;6.65;7.67
DF;Distrito Federal;Homens;2006;Demais causas externas;45;3.75;4.97
DF;Distrito Federal;Homens;2007;Lesão de trânsito;438;35.93;39.93
DF;Distrito Federal;Homens;2007;Agressão;655;53.73;46.28
DF;Distrito Federal;Homens;2007;Causas acidentais;234;19.2;25.15
DF;Distrito Federal;Homens;2007;Lesão autoprovocada;79;7.16;7.09
DF;Distrito Federal;Homens;2007;Demais causas externas;22;1.8;2.35
DF;Distrito Federal;Homens;2008;Lesão de trânsito;408;33;38.08
DF;Distrito Federal;Homens;2008;Agressão;748;60.49;52.84
DF;Distrito Federal;Homens;2008;Causas acidentais;243;19.65;27.06
DF;Distrito Federal;Homens;2008;Lesão autoprovocada;87;7.75;8.39
DF;Distrito Federal;Homens;2008;Demais causas externas;22;1.78;1.89
DF;Distrito Federal;Homens;2009;Lesão de trânsito;400;31.92;35.6
DF;Distrito Federal;Homens;2009;Agressão;804;64.16;55.6
DF;Distrito Federal;Homens;2009;Causas acidentais;238;18.99;27.23
DF;Distrito Federal;Homens;2009;Lesão autoprovocada;103;9.03;9.34
DF;Distrito Federal;Homens;2009;Demais causas externas;21;1.68;2.22
DF;Distrito Federal;Homens;2010;Lesão de trânsito;443;34.93;38.56
DF;Distrito Federal;Homens;2010;Agressão;720;56.78;48.55
DF;Distrito Federal;Homens;2010;Causas acidentais;249;19.64;29.54
DF;Distrito Federal;Homens;2010;Lesão autoprovocada;111;9.6;10.72
DF;Distrito Federal;Homens;2010;Demais causas externas;13;1.03;1.15
DF;Distrito Federal;Homens;2011;Lesão de trânsito;434;33.86;37.65
DF;Distrito Federal;Homens;2011;Agressão;822;64.13;55.2
DF;Distrito Federal;Homens;2011;Causas acidentais;260;20.29;27.03
DF;Distrito Federal;Homens;2011;Lesão autoprovocada;78;6.66;7
DF;Distrito Federal;Homens;2011;Demais causas externas;23;1.79;2.02
DF;Distrito Federal;Homens;2012;Lesão de trânsito;435;33.57;36.61
DF;Distrito Federal;Homens;2012;Agressão;873;67.37;58.96
DF;Distrito Federal;Homens;2012;Causas acidentais;232;17.9;24.86
DF;Distrito Federal;Homens;2012;Lesão autoprovocada;97;8.18;9.12
DF;Distrito Federal;Homens;2012;Demais causas externas;50;3.86;4.29
DF;Distrito Federal;Homens;2013;Lesão de trânsito;405;30.91;33.36
DF;Distrito Federal;Homens;2013;Agressão;757;57.77;50.14
DF;Distrito Federal;Homens;2013;Causas acidentais;217;16.56;23.97
DF;Distrito Federal;Homens;2013;Lesão autoprovocada;96;8;8.39
DF;Distrito Federal;Homens;2013;Demais causas externas;33;2.52;3
DF;Distrito Federal;Homens;2014;Lesão de trânsito;386;29.13;30.85
DF;Distrito Federal;Homens;2014;Agressão;781;58.95;51.93
DF;Distrito Federal;Homens;2014;Causas acidentais;215;16.23;23.77
DF;Distrito Federal;Homens;2014;Lesão autoprovocada;103;8.48;8.69
DF;Distrito Federal;Homens;2014;Demais causas externas;41;3.09;3.8
DF;Distrito Federal;Homens;2015;Lesão de trânsito;354;26.43;28.96
DF;Distrito Federal;Homens;2015;Agressão;681;50.84;47.29
DF;Distrito Federal;Homens;2015;Causas acidentais;196;14.63;21
DF;Distrito Federal;Homens;2015;Lesão autoprovocada;92;7.49;7.98
DF;Distrito Federal;Homens;2015;Demais causas externas;46;3.43;4.14
DF;Distrito Federal;Homens;2016;Lesão de trânsito;345;25.5;27.46
DF;Distrito Federal;Homens;2016;Agressão;694;51.29;47.84
DF;Distrito Federal;Homens;2016;Causas acidentais;232;17.15;24.53
DF;Distrito Federal;Homens;2016;Lesão autoprovocada;118;9.5;9.76
DF;Distrito Federal;Homens;2016;Demais causas externas;34;2.51;2.69
DF;Distrito Federal;Homens;2017;Lesão de trânsito;264;19.33;20.9
DF;Distrito Federal;Homens;2017;Agressão;562;41.15;38.3
DF;Distrito Federal;Homens;2017;Causas acidentais;230;16.84;22.66
DF;Distrito Federal;Homens;2017;Lesão autoprovocada;126;10.05;10.06
DF;Distrito Federal;Homens;2017;Demais causas externas;30;2.2;2.67
DF;Distrito Federal;Homens;2018;Lesão de trânsito;290;21.05;23.26
DF;Distrito Federal;Homens;2018;Agressão;471;34.19;32.19
DF;Distrito Federal;Homens;2018;Causas acidentais;250;18.15;25
DF;Distrito Federal;Homens;2018;Lesão autoprovocada;128;10.11;10.28
DF;Distrito Federal;Homens;2018;Demais causas externas;62;4.5;5.56
DF;Distrito Federal;Homens;2019;Lesão de trânsito;274;19.73;21.13
DF;Distrito Federal;Homens;2019;Agressão;418;30.1;28.75
DF;Distrito Federal;Homens;2019;Causas acidentais;247;17.79;23.74
DF;Distrito Federal;Homens;2019;Lesão autoprovocada;145;11.34;11.34
DF;Distrito Federal;Homens;2019;Demais causas externas;56;4.03;4.4
DF;Distrito Federal;Homens;2020;Lesão de trânsito;258;18.45;19.43
DF;Distrito Federal;Homens;2020;Agressão;407;29.1;27.79
DF;Distrito Federal;Homens;2020;Causas acidentais;290;20.74;26.59
DF;Distrito Federal;Homens;2020;Lesão autoprovocada;153;11.85;11.74
DF;Distrito Federal;Homens;2020;Demais causas externas;72;5.15;6.17
DF;Distrito Federal;Homens;2021;Lesão de trânsito;253;18;18.72
DF;Distrito Federal;Homens;2021;Agressão;328;23.34;22.46
DF;Distrito Federal;Homens;2021;Causas acidentais;299;21.27;26.09
DF;Distrito Federal;Homens;2021;Lesão autoprovocada;145;11.14;10.91
DF;Distrito Federal;Homens;2021;Demais causas externas;94;6.69;7.57
DF;Distrito Federal;Homens;2022;Lesão de trânsito;269;19.06;19.69
DF;Distrito Federal;Homens;2022;Agressão;309;21.89;21.14
DF;Distrito Federal;Homens;2022;Causas acidentais;299;21.18;25.53
DF;Distrito Federal;Homens;2022;Lesão autoprovocada;186;14.19;13.99
DF;Distrito Federal;Homens;2022;Demais causas externas;59;4.18;4.56
DF;Distrito Federal;Homens;2023;Lesão de trânsito;257;18.12;19.29
DF;Distrito Federal;Homens;2023;Agressão;276;19.46;18.62
DF;Distrito Federal;Homens;2023;Causas acidentais;284;20.03;23.56
DF;Distrito Federal;Homens;2023;Lesão autoprovocada;215;16.26;16.14
DF;Distrito Federal;Homens;2023;Demais causas externas;97;6.84;7.58
DF;Distrito Federal;Homens;2024;Lesão de trânsito;272;19.09;19.46
DF;Distrito Federal;Homens;2024;Agressão;259;18.18;17.63
DF;Distrito Federal;Homens;2024;Causas acidentais;381;26.74;30.53
DF;Distrito Federal;Homens;2024;Lesão autoprovocada;232;17.41;17.25
DF;Distrito Federal;Homens;2024;Demais causas externas;105;7.37;8.26
DF;Distrito Federal;Homens;2025;Lesão de trânsito;231;16.14;16.43
DF;Distrito Federal;Homens;2025;Agressão;230;16.07;15.44
DF;Distrito Federal;Homens;2025;Causas acidentais;238;16.63;19.53
DF;Distrito Federal;Homens;2025;Lesão autoprovocada;196;14.6;14.35
DF;Distrito Federal;Homens;2025;Demais causas externas;226;15.79;17.54
DF;Distrito Federal;Mulheres;2000;Lesão de trânsito;105;9.24;10.9
DF;Distrito Federal;Mulheres;2000;Agressão;41;3.61;2.98
DF;Distrito Federal;Mulheres;2000;Causas acidentais;73;6.43;10.5
DF;Distrito Federal;Mulheres;2000;Lesão autoprovocada;21;2.06;2.07
DF;Distrito Federal;Mulheres;2000;Demais causas externas;7;0.62;0.83
DF;Distrito Federal;Mulheres;2001;Lesão de trânsito;94;8.05;9.43
DF;Distrito Federal;Mulheres;2001;Agressão;44;3.77;3.05
DF;Distrito Federal;Mulheres;2001;Causas acidentais;77;6.59;10.53
DF;Distrito Federal;Mulheres;2001;Lesão autoprovocada;12;1.14;1.12
DF;Distrito Federal;Mulheres;2001;Demais causas externas;8;0.69;1.11
DF;Distrito Federal;Mulheres;2002;Lesão de trânsito;116;9.69;11.64
DF;Distrito Federal;Mulheres;2002;Agressão;50;4.18;3.58
DF;Distrito Federal;Mulheres;2002;Causas acidentais;89;7.43;11.66
DF;Distrito Federal;Mulheres;2002;Lesão autoprovocada;24;2.22;2.26
DF;Distrito Federal;Mulheres;2002;Demais causas externas;4;0.33;0.55
DF;Distrito Federal;Mulheres;2003;Lesão de trânsito;134;10.93;13.18
DF;Distrito Federal;Mulheres;2003;Agressão;62;5.06;4.31
DF;Distrito Federal;Mulheres;2003;Causas acidentais;66;5.38;10
DF;Distrito Federal;Mulheres;2003;Lesão autoprovocada;18;1.62;1.91
DF;Distrito Federal;Mulheres;2003;Demais causas externas;4;0.33;0.5
DF;Distrito Federal;Mulheres;2004;Lesão de trânsito;88;7.03;9.02
DF;Distrito Federal;Mulheres;2004;Agressão;52;4.15;3.93
DF;Distrito Federal;Mulheres;2004;Causas acidentais;88;7.03;12.69
DF;Distrito Federal;Mulheres;2004;Lesão autoprovocada;28;2.46;2.59
DF;Distrito Federal;Mulheres;2004;Demais causas externas;5;0.4;0.48
DF;Distrito Federal;Mulheres;2005;Lesão de trânsito;111;8.69;10.51
DF;Distrito Federal;Mulheres;2005;Agressão;47;3.68;3.5
DF;Distrito Federal;Mulheres;2005;Causas acidentais;96;7.52;13.83
DF;Distrito Federal;Mulheres;2005;Lesão autoprovocada;23;1.98;2.42
DF;Distrito Federal;Mulheres;2005;Demais causas externas;9;0.7;0.94
DF;Distrito Federal;Mulheres;2006;Lesão de trânsito;98;7.54;9.72
DF;Distrito Federal;Mulheres;2006;Agressão;49;3.77;3.7
DF;Distrito Federal;Mulheres;2006;Causas acidentais;115;8.85;15.62
DF;Distrito Federal;Mulheres;2006;Lesão autoprovocada;36;3.03;3.36
DF;Distrito Federal;Mulheres;2006;Demais causas externas;16;1.23;1.9
DF;Distrito Federal;Mulheres;2007;Lesão de trânsito;117;8.86;10.05
DF;Distrito Federal;Mulheres;2007;Agressão;55;4.16;4.01
DF;Distrito Federal;Mulheres;2007;Causas acidentais;107;8.1;13.65
DF;Distrito Federal;Mulheres;2007;Lesão autoprovocada;24;1.98;1.9
DF;Distrito Federal;Mulheres;2007;Demais causas externas;15;1.14;1.32
DF;Distrito Federal;Mulheres;2008;Lesão de trânsito;119;8.88;9.66
DF;Distrito Federal;Mulheres;2008;Agressão;64;4.78;4.27
DF;Distrito Federal;Mulheres;2008;Causas acidentais;118;8.8;15.12
DF;Distrito Federal;Mulheres;2008;Lesão autoprovocada;30;2.44;2.58
DF;Distrito Federal;Mulheres;2008;Demais causas externas;9;0.67;1.13
DF;Distrito Federal;Mulheres;2009;Lesão de trânsito;120;8.83;9.82
DF;Distrito Federal;Mulheres;2009;Agressão;76;5.59;5.05
DF;Distrito Federal;Mulheres;2009;Causas acidentais;121;8.9;14.94
DF;Distrito Federal;Mulheres;2009;Lesão autoprovocada;26;2.08;2.07
DF;Distrito Federal;Mulheres;2009;Demais causas externas;9;0.66;0.93
DF;Distrito Federal;Mulheres;2010;Lesão de trânsito;112;8.14;9.24
DF;Distrito Federal;Mulheres;2010;Agressão;66;4.8;4.02
DF;Distrito Federal;Mulheres;2010;Causas acidentais;115;8.36;14.24
DF;Distrito Federal;Mulheres;2010;Lesão autoprovocada;37;2.92;3.07
DF;Distrito Federal;Mulheres;2010;Demais causas externas;12;0.87;1.09
DF;Distrito Federal;Mulheres;2011;Lesão de trânsito;118;8.48;9.24
DF;Distrito Federal;Mulheres;2011;Agressão;79;5.68;4.78
DF;Distrito Federal;Mulheres;2011;Causas acidentais;101;7.26;10.55
DF;Distrito Federal;Mulheres;2011;Lesão autoprovocada;22;1.71;1.74
DF;Distrito Federal;Mulheres;2011;Demais causas externas;3;0.22;0.24
DF;Distrito Federal;Mulheres;2012;Lesão de trânsito;117;8.31;9.29
DF;Distrito Federal;Mulheres;2012;Agressão;77;5.47;4.82
DF;Distrito Federal;Mulheres;2012;Causas acidentais;119;8.46;13.17
DF;Distrito Federal;Mulheres;2012;Lesão autoprovocada;38;2.92;3.06
DF;Distrito Federal;Mulheres;2012;Demais causas externas;10;0.71;0.97
DF;Distrito Federal;Mulheres;2013;Lesão de trânsito;120;8.43;8.61
DF;Distrito Federal;Mulheres;2013;Agressão;78;5.48;4.97
DF;Distrito Federal;Mulheres;2013;Causas acidentais;133;9.34;13.99
DF;Distrito Federal;Mulheres;2013;Lesão autoprovocada;28;2.13;2.12
DF;Distrito Federal;Mulheres;2013;Demais causas externas;21;1.48;1.9
DF;Distrito Federal;Mulheres;2014;Lesão de trânsito;134;9.31;9.81
DF;Distrito Federal;Mulheres;2014;Agressão;60;4.17;4.16
DF;Distrito Federal;Mulheres;2014;Causas acidentais;134;9.31;13.47
DF;Distrito Federal;Mulheres;2014;Lesão autoprovocada;32;2.4;2.44
DF;Distrito Federal;Mulheres;2014;Demais causas externas;14;0.97;1.07
DF;Distrito Federal;Mulheres;2015;Lesão de trânsito;109;7.49;8.09
DF;Distrito Federal;Mulheres;2015;Agressão;58;3.99;3.73
DF;Distrito Federal;Mulheres;2015;Causas acidentais;121;8.31;11.63
DF;Distrito Federal;Mulheres;2015;Lesão autoprovocada;38;2.82;2.96
DF;Distrito Federal;Mulheres;2015;Demais causas externas;15;1.03;1.24
DF;Distrito Federal;Mulheres;2016;Lesão de trânsito;90;6.12;6.49
DF;Distrito Federal;Mulheres;2016;Agressão;64;4.35;4.04
DF;Distrito Federal;Mulheres;2016;Causas acidentais;152;10.34;14.31
DF;Distrito Federal;Mulheres;2016;Lesão autoprovocada;34;2.49;2.48
DF;Distrito Federal;Mulheres;2016;Demais causas externas;10;0.68;0.85
DF;Distrito Federal;Mulheres;2017;Lesão de trânsito;75;5.05;5.31
DF;Distrito Federal;Mulheres;2017;Agressão;46;3.1;2.94
DF;Distrito Federal;Mulheres;2017;Causas acidentais;162;10.91;14.33
DF;Distrito Federal;Mulheres;2017;Lesão autoprovocada;42;3.05;3.03
DF;Distrito Federal;Mulheres;2017;Demais causas externas;12;0.81;0.94
DF;Distrito Federal;Mulheres;2018;Lesão de trânsito;60;4.01;4.2
DF;Distrito Federal;Mulheres;2018;Agressão;55;3.67;3.42
DF;Distrito Federal;Mulheres;2018;Causas acidentais;161;10.75;13.54
DF;Distrito Federal;Mulheres;2018;Lesão autoprovocada;59;4.24;4.2
DF;Distrito Federal;Mulheres;2018;Demais causas externas;20;1.34;1.54
DF;Distrito Federal;Mulheres;2019;Lesão de trânsito;60;3.97;4.07
DF;Distrito Federal;Mulheres;2019;Agressão;55;3.64;3.53
DF;Distrito Federal;Mulheres;2019;Causas acidentais;145;9.6;11.47
DF;Distrito Federal;Mulheres;2019;Lesão autoprovocada;54;3.84;3.84
DF;Distrito Federal;Mulheres;2019;Demais causas externas;22;1.46;1.67
DF;Distrito Federal;Mulheres;2020;Lesão de trânsito;63;4.14;4.15
DF;Distrito Federal;Mulheres;2020;Agressão;35;2.3;2.25
DF;Distrito Federal;Mulheres;2020;Causas acidentais;153;10.05;11.57
DF;Distrito Federal;Mulheres;2020;Lesão autoprovocada;45;3.17;3.05
DF;Distrito Federal;Mulheres;2020;Demais causas externas;35;2.3;2.53
DF;Distrito Federal;Mulheres;2021;Lesão de trânsito;70;4.57;4.65
DF;Distrito Federal;Mulheres;2021;Agressão;46;3;2.88
DF;Distrito Federal;Mulheres;2021;Causas acidentais;138;9;10.02
DF;Distrito Federal;Mulheres;2021;Lesão autoprovocada;45;3.14;3.11
DF;Distrito Federal;Mulheres;2021;Demais causas externas;44;2.87;3.13
DF;Distrito Federal;Mulheres;2022;Lesão de trânsito;65;4.22;4.25
DF;Distrito Federal;Mulheres;2022;Agressão;35;2.27;2.2
DF;Distrito Federal;Mulheres;2022;Causas acidentais;193;12.53;13.39
DF;Distrito Federal;Mulheres;2022;Lesão autoprovocada;66;4.57;4.54
DF;Distrito Federal;Mulheres;2022;Demais causas externas;23;1.49;1.57
DF;Distrito Federal;Mulheres;2023;Lesão de trânsito;57;3.68;3.65
DF;Distrito Federal;Mulheres;2023;Agressão;44;2.84;2.8
DF;Distrito Federal;Mulheres;2023;Causas acidentais;160;10.33;10.61
DF;Distrito Federal;Mulheres;2023;Lesão autoprovocada;65;4.46;4.41
DF;Distrito Federal;Mulheres;2023;Demais causas externas;52;3.36;3.41
DF;Distrito Federal;Mulheres;2024;Lesão de trânsito;50;3.21;3.16
DF;Distrito Federal;Mulheres;2024;Agressão;34;2.18;2.14
DF;Distrito Federal;Mulheres;2024;Causas acidentais;216;13.86;13.6
DF;Distrito Federal;Mulheres;2024;Lesão autoprovocada;64;4.35;4.32
DF;Distrito Federal;Mulheres;2024;Demais causas externas;44;2.82;2.76
DF;Distrito Federal;Mulheres;2025;Lesão de trânsito;71;4.53;4.47
DF;Distrito Federal;Mulheres;2025;Agressão;30;1.92;1.92
DF;Distrito Federal;Mulheres;2025;Causas acidentais;127;8.11;7.61
DF;Distrito Federal;Mulheres;2025;Lesão autoprovocada;51;3.44;3.35
DF;Distrito Federal;Mulheres;2025;Demais causas externas;127;8.11;7.67
ES;Espírito Santo;Ambos;2000;Lesão de trânsito;824;25.9;28.82
ES;Espírito Santo;Ambos;2000;Agressão;1432;45.02;44.56
ES;Espírito Santo;Ambos;2000;Causas acidentais;514;16.16;19.16
ES;Espírito Santo;Ambos;2000;Lesão autoprovocada;106;3.67;4.29
ES;Espírito Santo;Ambos;2000;Demais causas externas;60;1.89;2.37
ES;Espírito Santo;Ambos;2001;Lesão de trânsito;816;25.27;28.25
ES;Espírito Santo;Ambos;2001;Agressão;1452;44.96;43.85
ES;Espírito Santo;Ambos;2001;Causas acidentais;521;16.13;19.76
ES;Espírito Santo;Ambos;2001;Lesão autoprovocada;116;3.95;4.2
ES;Espírito Santo;Ambos;2001;Demais causas externas;67;2.07;2.68
ES;Espírito Santo;Ambos;2002;Lesão de trânsito;927;28.28;30.95
ES;Espírito Santo;Ambos;2002;Agressão;1644;50.16;47.75
ES;Espírito Santo;Ambos;2002;Causas acidentais;478;14.58;17.5
ES;Espírito Santo;Ambos;2002;Lesão autoprovocada;128;4.29;4.63
ES;Espírito Santo;Ambos;2002;Demais causas externas;51;1.56;1.88
ES;Espírito Santo;Ambos;2003;Lesão de trânsito;818;24.6;26.66
ES;Espírito Santo;Ambos;2003;Agressão;1629;48.98;46.76
ES;Espírito Santo;Ambos;2003;Causas acidentais;531;15.97;19.61
ES;Espírito Santo;Ambos;2003;Lesão autoprovocada;150;4.94;5.69
ES;Espírito Santo;Ambos;2003;Demais causas externas;63;1.89;2.38
ES;Espírito Santo;Ambos;2004;Lesão de trânsito;866;25.67;27.74
ES;Espírito Santo;Ambos;2004;Agressão;1619;48;45.25
ES;Espírito Santo;Ambos;2004;Causas acidentais;572;16.96;21.34
ES;Espírito Santo;Ambos;2004;Lesão autoprovocada;151;4.89;5.31
ES;Espírito Santo;Ambos;2004;Demais causas externas;65;1.93;2.32
ES;Espírito Santo;Ambos;2005;Lesão de trânsito;874;25.55;27.38
ES;Espírito Santo;Ambos;2005;Agressão;1602;46.83;43.9
ES;Espírito Santo;Ambos;2005;Causas acidentais;589;17.22;21.01
ES;Espírito Santo;Ambos;2005;Lesão autoprovocada;166;5.29;6
ES;Espírito Santo;Ambos;2005;Demais causas externas;86;2.51;3.17
ES;Espírito Santo;Ambos;2006;Lesão de trânsito;914;26.37;27.92
ES;Espírito Santo;Ambos;2006;Agressão;1762;50.83;47.06
ES;Espírito Santo;Ambos;2006;Causas acidentais;621;17.91;21.83
ES;Espírito Santo;Ambos;2006;Lesão autoprovocada;157;4.92;5.15
ES;Espírito Santo;Ambos;2006;Demais causas externas;120;3.46;3.83
ES;Espírito Santo;Ambos;2007;Lesão de trânsito;1041;29.64;31.07
ES;Espírito Santo;Ambos;2007;Agressão;1877;53.45;49.92
ES;Espírito Santo;Ambos;2007;Causas acidentais;708;20.16;24.17
ES;Espírito Santo;Ambos;2007;Lesão autoprovocada;136;4.2;4.55
ES;Espírito Santo;Ambos;2007;Demais causas externas;119;3.39;3.9
ES;Espírito Santo;Ambos;2008;Lesão de trânsito;1066;29.97;30.95
ES;Espírito Santo;Ambos;2008;Agressão;1946;54.7;50.42
ES;Espírito Santo;Ambos;2008;Causas acidentais;642;18.05;21.87
ES;Espírito Santo;Ambos;2008;Lesão autoprovocada;151;4.59;5.17
ES;Espírito Santo;Ambos;2008;Demais causas externas;179;5.03;5.74
ES;Espírito Santo;Ambos;2009;Lesão de trânsito;951;26.4;27.37
ES;Espírito Santo;Ambos;2009;Agressão;1984;55.07;50.35
ES;Espírito Santo;Ambos;2009;Causas acidentais;690;19.15;22.8
ES;Espírito Santo;Ambos;2009;Lesão autoprovocada;150;4.5;4.77
ES;Espírito Santo;Ambos;2009;Demais causas externas;155;4.3;4.72
ES;Espírito Santo;Ambos;2010;Lesão de trânsito;1116;30.65;31.58
ES;Espírito Santo;Ambos;2010;Agressão;1792;49.22;45.75
ES;Espírito Santo;Ambos;2010;Causas acidentais;749;20.57;24.84
ES;Espírito Santo;Ambos;2010;Lesão autoprovocada;160;4.74;5.11
ES;Espírito Santo;Ambos;2010;Demais causas externas;127;3.49;3.9
ES;Espírito Santo;Ambos;2011;Lesão de trânsito;1134;30.85;31.75
ES;Espírito Santo;Ambos;2011;Agressão;1672;45.48;42.52
ES;Espírito Santo;Ambos;2011;Causas acidentais;668;18.17;21.46
ES;Espírito Santo;Ambos;2011;Lesão autoprovocada;162;4.75;5.03
ES;Espírito Santo;Ambos;2011;Demais causas externas;168;4.57;4.92
ES;Espírito Santo;Ambos;2012;Lesão de trânsito;1163;31.31;32.07
ES;Espírito Santo;Ambos;2012;Agressão;1667;44.88;42.45
ES;Espírito Santo;Ambos;2012;Causas acidentais;790;21.27;25
ES;Espírito Santo;Ambos;2012;Lesão autoprovocada;178;5.16;5.16
ES;Espírito Santo;Ambos;2012;Demais causas externas;197;5.3;5.8
ES;Espírito Santo;Ambos;2013;Lesão de trânsito;1067;28.42;29.17
ES;Espírito Santo;Ambos;2013;Agressão;1619;43.13;40.44
ES;Espírito Santo;Ambos;2013;Causas acidentais;834;22.22;25.61
ES;Espírito Santo;Ambos;2013;Lesão autoprovocada;158;4.53;4.67
ES;Espírito Santo;Ambos;2013;Demais causas externas;216;5.75;6.33
ES;Espírito Santo;Ambos;2014;Lesão de trânsito;991;26.12;26.61
ES;Espírito Santo;Ambos;2014;Agressão;1608;42.38;40.32
ES;Espírito Santo;Ambos;2014;Causas acidentais;919;24.22;27.73
ES;Espírito Santo;Ambos;2014;Lesão autoprovocada;172;4.88;5.08
ES;Espírito Santo;Ambos;2014;Demais causas externas;232;6.12;6.45
ES;Espírito Santo;Ambos;2015;Lesão de trânsito;846;22.07;22.35
ES;Espírito Santo;Ambos;2015;Agressão;1448;37.77;36.11
ES;Espírito Santo;Ambos;2015;Causas acidentais;891;23.24;25.87
ES;Espírito Santo;Ambos;2015;Lesão autoprovocada;189;5.31;5.47
ES;Espírito Santo;Ambos;2015;Demais causas externas;265;6.91;7.45
ES;Espírito Santo;Ambos;2016;Lesão de trânsito;834;21.55;21.92
ES;Espírito Santo;Ambos;2016;Agressão;1267;32.73;31.69
ES;Espírito Santo;Ambos;2016;Causas acidentais;874;22.58;24.96
ES;Espírito Santo;Ambos;2016;Lesão autoprovocada;175;4.87;4.93
ES;Espírito Santo;Ambos;2016;Demais causas externas;283;7.31;7.65
ES;Espírito Santo;Ambos;2017;Lesão de trânsito;922;23.61;23.85
ES;Espírito Santo;Ambos;2017;Agressão;1518;38.88;37.93
ES;Espírito Santo;Ambos;2017;Causas acidentais;922;23.61;25.7
ES;Espírito Santo;Ambos;2017;Lesão autoprovocada;207;5.71;5.76
ES;Espírito Santo;Ambos;2017;Demais causas externas;213;5.46;5.7
ES;Espírito Santo;Ambos;2018;Lesão de trânsito;778;19.76;20.02
ES;Espírito Santo;Ambos;2018;Agressão;1163;29.54;28.94
ES;Espírito Santo;Ambos;2018;Causas acidentais;917;23.29;24.72
ES;Espírito Santo;Ambos;2018;Lesão autoprovocada;239;6.53;6.53
ES;Espírito Santo;Ambos;2018;Demais causas externas;312;7.92;7.98
ES;Espírito Santo;Ambos;2019;Lesão de trânsito;774;19.5;19.63
ES;Espírito Santo;Ambos;2019;Agressão;1038;26.15;25.82
ES;Espírito Santo;Ambos;2019;Causas acidentais;924;23.27;24.18
ES;Espírito Santo;Ambos;2019;Lesão autoprovocada;248;6.72;6.71
ES;Espírito Santo;Ambos;2019;Demais causas externas;318;8.01;8.1
ES;Espírito Santo;Ambos;2020;Lesão de trânsito;757;18.92;18.7
ES;Espírito Santo;Ambos;2020;Agressão;1225;30.61;30.03
ES;Espírito Santo;Ambos;2020;Causas acidentais;878;21.94;22.32
ES;Espírito Santo;Ambos;2020;Lesão autoprovocada;251;6.74;6.75
ES;Espírito Santo;Ambos;2020;Demais causas externas;353;8.82;8.03
ES;Espírito Santo;Ambos;2021;Lesão de trânsito;795;19.74;19.56
ES;Espírito Santo;Ambos;2021;Agressão;1248;30.99;30.02
ES;Espírito Santo;Ambos;2021;Causas acidentais;1185;29.42;29.46
ES;Espírito Santo;Ambos;2021;Lesão autoprovocada;259;6.9;6.86
ES;Espírito Santo;Ambos;2021;Demais causas externas;257;6.38;6.22
ES;Espírito Santo;Ambos;2022;Lesão de trânsito;825;20.37;20.17
ES;Espírito Santo;Ambos;2022;Agressão;1143;28.22;28.11
ES;Espírito Santo;Ambos;2022;Causas acidentais;1098;27.11;26.96
ES;Espírito Santo;Ambos;2022;Lesão autoprovocada;238;6.3;6.26
ES;Espírito Santo;Ambos;2022;Demais causas externas;512;12.64;12.04
ES;Espírito Santo;Ambos;2023;Lesão de trânsito;810;19.87;19.8
ES;Espírito Santo;Ambos;2023;Agressão;1154;28.31;28.51
ES;Espírito Santo;Ambos;2023;Causas acidentais;1398;34.3;33.3
ES;Espírito Santo;Ambos;2023;Lesão autoprovocada;300;7.87;7.83
ES;Espírito Santo;Ambos;2023;Demais causas externas;297;7.29;6.84
ES;Espírito Santo;Ambos;2024;Lesão de trânsito;933;22.74;22.43
ES;Espírito Santo;Ambos;2024;Agressão;1043;25.43;25.37
ES;Espírito Santo;Ambos;2024;Causas acidentais;1454;35.45;33.69
ES;Espírito Santo;Ambos;2024;Lesão autoprovocada;358;9.32;9.22
ES;Espírito Santo;Ambos;2024;Demais causas externas;236;5.75;5.43
ES;Espírito Santo;Ambos;2025;Lesão de trânsito;950;23.02;22.81
ES;Espírito Santo;Ambos;2025;Agressão;903;21.88;22.35
ES;Espírito Santo;Ambos;2025;Causas acidentais;1504;36.44;33.78
ES;Espírito Santo;Ambos;2025;Lesão autoprovocada;308;7.96;7.85
ES;Espírito Santo;Ambos;2025;Demais causas externas;375;9.09;8.55
ES;Espírito Santo;Homens;2000;Lesão de trânsito;654;41.66;46.7
ES;Espírito Santo;Homens;2000;Agressão;1319;84.01;83.51
ES;Espírito Santo;Homens;2000;Causas acidentais;403;25.67;30.56
ES;Espírito Santo;Homens;2000;Lesão autoprovocada;91;6.41;7.79
ES;Espírito Santo;Homens;2000;Demais causas externas;53;3.38;4.34
ES;Espírito Santo;Homens;2001;Lesão de trânsito;675;42.37;47.48
ES;Espírito Santo;Homens;2001;Agressão;1319;82.79;80.82
ES;Espírito Santo;Homens;2001;Causas acidentais;385;24.17;29.24
ES;Espírito Santo;Homens;2001;Lesão autoprovocada;97;6.72;7.37
ES;Espírito Santo;Homens;2001;Demais causas externas;57;3.58;4.54
ES;Espírito Santo;Homens;2002;Lesão de trânsito;759;46.96;51.76
ES;Espírito Santo;Homens;2002;Agressão;1494;92.44;88.51
ES;Espírito Santo;Homens;2002;Causas acidentais;363;22.46;26.56
ES;Espírito Santo;Homens;2002;Lesão autoprovocada;107;7.29;7.94
ES;Espírito Santo;Homens;2002;Demais causas externas;38;2.35;2.66
ES;Espírito Santo;Homens;2003;Lesão de trânsito;683;41.67;45.73
ES;Espírito Santo;Homens;2003;Agressão;1487;90.71;86.54
ES;Espírito Santo;Homens;2003;Causas acidentais;397;24.22;29.31
ES;Espírito Santo;Homens;2003;Lesão autoprovocada;118;7.91;9.38
ES;Espírito Santo;Homens;2003;Demais causas externas;45;2.75;3.53
ES;Espírito Santo;Homens;2004;Lesão de trânsito;714;42.96;46.9
ES;Espírito Santo;Homens;2004;Agressão;1482;89.16;84.08
ES;Espírito Santo;Homens;2004;Causas acidentais;419;25.21;31.54
ES;Espírito Santo;Homens;2004;Lesão autoprovocada;116;7.65;8.46
ES;Espírito Santo;Homens;2004;Demais causas externas;47;2.83;3.33
ES;Espírito Santo;Homens;2005;Lesão de trânsito;716;42.49;46.63
ES;Espírito Santo;Homens;2005;Agressão;1453;86.23;80.93
ES;Espírito Santo;Homens;2005;Causas acidentais;427;25.34;30.69
ES;Espírito Santo;Homens;2005;Lesão autoprovocada;128;8.31;9.38
ES;Espírito Santo;Homens;2005;Demais causas externas;52;3.09;3.94
ES;Espírito Santo;Homens;2006;Lesão de trânsito;765;44.81;47.95
ES;Espírito Santo;Homens;2006;Agressão;1578;92.43;85.64
ES;Espírito Santo;Homens;2006;Causas acidentais;450;26.36;31.99
ES;Espírito Santo;Homens;2006;Lesão autoprovocada;112;7.16;7.58
ES;Espírito Santo;Homens;2006;Demais causas externas;88;5.15;5.85
ES;Espírito Santo;Homens;2007;Lesão de trânsito;881;50.95;53.81
ES;Espírito Santo;Homens;2007;Agressão;1691;97.8;91.41
ES;Espírito Santo;Homens;2007;Causas acidentais;512;29.61;35.53
ES;Espírito Santo;Homens;2007;Lesão autoprovocada;104;6.55;7.3
ES;Espírito Santo;Homens;2007;Demais causas externas;87;5.03;5.71
ES;Espírito Santo;Homens;2008;Lesão de trânsito;898;51.29;53.53
ES;Espírito Santo;Homens;2008;Agressão;1755;100.23;92.36
ES;Espírito Santo;Homens;2008;Causas acidentais;456;26.04;32.02
ES;Espírito Santo;Homens;2008;Lesão autoprovocada;111;6.89;8.07
ES;Espírito Santo;Homens;2008;Demais causas externas;132;7.54;8.9
ES;Espírito Santo;Homens;2009;Lesão de trânsito;782;44.12;46.09
ES;Espírito Santo;Homens;2009;Agressão;1768;99.74;90.91
ES;Espírito Santo;Homens;2009;Causas acidentais;485;27.36;32.97
ES;Espírito Santo;Homens;2009;Lesão autoprovocada;108;6.6;7.1
ES;Espírito Santo;Homens;2009;Demais causas externas;109;6.15;7.06
ES;Espírito Santo;Homens;2010;Lesão de trânsito;912;50.92;52.8
ES;Espírito Santo;Homens;2010;Agressão;1618;90.35;83.74
ES;Espírito Santo;Homens;2010;Causas acidentais;543;30.32;37.42
ES;Espírito Santo;Homens;2010;Lesão autoprovocada;121;7.31;8.14
ES;Espírito Santo;Homens;2010;Demais causas externas;95;5.3;6.03
ES;Espírito Santo;Homens;2011;Lesão de trânsito;946;52.33;54.11
ES;Espírito Santo;Homens;2011;Agressão;1505;83.26;77.66
ES;Espírito Santo;Homens;2011;Causas acidentais;475;26.28;31.83
ES;Espírito Santo;Homens;2011;Lesão autoprovocada;125;7.48;8.13
ES;Espírito Santo;Homens;2011;Demais causas externas;128;7.08;7.92
ES;Espírito Santo;Homens;2012;Lesão de trânsito;963;52.74;54.34
ES;Espírito Santo;Homens;2012;Agressão;1504;82.36;77.73
ES;Espírito Santo;Homens;2012;Causas acidentais;521;28.53;34.67
ES;Espírito Santo;Homens;2012;Lesão autoprovocada;131;7.75;7.73
ES;Espírito Santo;Homens;2012;Demais causas externas;158;8.65;9.59
ES;Espírito Santo;Homens;2013;Lesão de trânsito;902;48.88;50.8
ES;Espírito Santo;Homens;2013;Agressão;1448;78.47;73.03
ES;Espírito Santo;Homens;2013;Causas acidentais;535;28.99;34.42
ES;Espírito Santo;Homens;2013;Lesão autoprovocada;110;6.44;6.6
ES;Espírito Santo;Homens;2013;Demais causas externas;157;8.51;9.68
ES;Espírito Santo;Homens;2014;Lesão de trânsito;812;43.54;44.82
ES;Espírito Santo;Homens;2014;Agressão;1468;78.72;74.43
ES;Espírito Santo;Homens;2014;Causas acidentais;608;32.6;39.07
ES;Espírito Santo;Homens;2014;Lesão autoprovocada;120;6.95;7.42
ES;Espírito Santo;Homens;2014;Demais causas externas;181;9.71;10.51
ES;Espírito Santo;Homens;2015;Lesão de trânsito;689;36.56;37.62
ES;Espírito Santo;Homens;2015;Agressão;1306;69.31;65.79
ES;Espírito Santo;Homens;2015;Causas acidentais;583;30.94;36.11
ES;Espírito Santo;Homens;2015;Lesão autoprovocada;135;7.74;8.16
ES;Espírito Santo;Homens;2015;Demais causas externas;186;9.87;10.86
ES;Espírito Santo;Homens;2016;Lesão de trânsito;689;36.22;37.1
ES;Espírito Santo;Homens;2016;Agressão;1163;61.14;58.87
ES;Espírito Santo;Homens;2016;Causas acidentais;555;29.18;34.37
ES;Espírito Santo;Homens;2016;Lesão autoprovocada;125;7.1;7.3
ES;Espírito Santo;Homens;2016;Demais causas externas;219;11.51;12.3
ES;Espírito Santo;Homens;2017;Lesão de trânsito;785;40.92;41.85
ES;Espírito Santo;Homens;2017;Agressão;1366;71.21;69.03
ES;Espírito Santo;Homens;2017;Causas acidentais;573;29.87;34.8
ES;Espírito Santo;Homens;2017;Lesão autoprovocada;160;9.01;9.19
ES;Espírito Santo;Homens;2017;Demais causas externas;143;7.46;8.05
ES;Espírito Santo;Homens;2018;Lesão de trânsito;655;33.87;34.86
ES;Espírito Santo;Homens;2018;Agressão;1061;54.87;53.34
ES;Espírito Santo;Homens;2018;Causas acidentais;591;30.56;34.58
ES;Espírito Santo;Homens;2018;Lesão autoprovocada;180;10.05;10.16
ES;Espírito Santo;Homens;2018;Demais causas externas;218;11.27;11.64
ES;Espírito Santo;Homens;2019;Lesão de trânsito;662;33.96;34.59
ES;Espírito Santo;Homens;2019;Agressão;941;48.28;47.22
ES;Espírito Santo;Homens;2019;Causas acidentais;581;29.81;33.2
ES;Espírito Santo;Homens;2019;Lesão autoprovocada;179;9.91;10
ES;Espírito Santo;Homens;2019;Demais causas externas;228;11.7;12.04
ES;Espírito Santo;Homens;2020;Lesão de trânsito;648;33;33.1
ES;Espírito Santo;Homens;2020;Agressão;1118;56.93;55.62
ES;Espírito Santo;Homens;2020;Causas acidentais;553;28.16;30.6
ES;Espírito Santo;Homens;2020;Lesão autoprovocada;192;10.54;10.71
ES;Espírito Santo;Homens;2020;Demais causas externas;262;13.34;12.55
ES;Espírito Santo;Homens;2021;Lesão de trânsito;654;33.11;33.17
ES;Espírito Santo;Homens;2021;Agressão;1122;56.8;54.51
ES;Espírito Santo;Homens;2021;Causas acidentais;734;37.16;39.91
ES;Espírito Santo;Homens;2021;Lesão autoprovocada;188;10.24;10.23
ES;Espírito Santo;Homens;2021;Demais causas externas;173;8.76;8.83
ES;Espírito Santo;Homens;2022;Lesão de trânsito;673;33.89;33.98
ES;Espírito Santo;Homens;2022;Agressão;1038;52.27;51.58
ES;Espírito Santo;Homens;2022;Causas acidentais;685;34.49;37.26
ES;Espírito Santo;Homens;2022;Lesão autoprovocada;180;9.74;9.78
ES;Espírito Santo;Homens;2022;Demais causas externas;369;18.58;18.08
ES;Espírito Santo;Homens;2023;Lesão de trânsito;661;33.1;33.31
ES;Espírito Santo;Homens;2023;Agressão;1054;52.77;52.58
ES;Espírito Santo;Homens;2023;Causas acidentais;866;43.36;45.7
ES;Espírito Santo;Homens;2023;Lesão autoprovocada;218;11.71;11.76
ES;Espírito Santo;Homens;2023;Demais causas externas;227;11.37;10.88
ES;Espírito Santo;Homens;2024;Lesão de trânsito;770;38.32;38.26
ES;Espírito Santo;Homens;2024;Agressão;929;46.24;45.99
ES;Espírito Santo;Homens;2024;Causas acidentais;890;44.3;45.71
ES;Espírito Santo;Homens;2024;Lesão autoprovocada;247;13.17;12.99
ES;Espírito Santo;Homens;2024;Demais causas externas;177;8.81;8.59
ES;Espírito Santo;Homens;2025;Lesão de trânsito;807;39.94;39.91
ES;Espírito Santo;Homens;2025;Agressão;823;40.73;41.32
ES;Espírito Santo;Homens;2025;Causas acidentais;886;43.85;44.72
ES;Espírito Santo;Homens;2025;Lesão autoprovocada;230;12.18;12.09
ES;Espírito Santo;Homens;2025;Demais causas externas;281;13.91;13.46
ES;Espírito Santo;Mulheres;2000;Lesão de trânsito;170;10.55;11.78
ES;Espírito Santo;Mulheres;2000;Agressão;113;7.01;6.79
ES;Espírito Santo;Mulheres;2000;Causas acidentais;111;6.89;8.38
ES;Espírito Santo;Mulheres;2000;Lesão autoprovocada;15;1.02;1.04
ES;Espírito Santo;Mulheres;2000;Demais causas externas;7;0.43;0.53
ES;Espírito Santo;Mulheres;2001;Lesão de trânsito;140;8.55;9.9
ES;Espírito Santo;Mulheres;2001;Agressão;132;8.07;8.06
ES;Espírito Santo;Mulheres;2001;Causas acidentais;136;8.31;10.64
ES;Espírito Santo;Mulheres;2001;Lesão autoprovocada;19;1.27;1.22
ES;Espírito Santo;Mulheres;2001;Demais causas externas;10;0.61;0.88
ES;Espírito Santo;Mulheres;2002;Lesão de trânsito;168;10.11;11.15
ES;Espírito Santo;Mulheres;2002;Agressão;149;8.97;8.29
ES;Espírito Santo;Mulheres;2002;Causas acidentais;115;6.92;8.83
ES;Espírito Santo;Mulheres;2002;Lesão autoprovocada;21;1.38;1.48
ES;Espírito Santo;Mulheres;2002;Demais causas externas;13;0.78;1.08
ES;Espírito Santo;Mulheres;2003;Lesão de trânsito;134;7.95;8.59
ES;Espírito Santo;Mulheres;2003;Agressão;141;8.36;8.24
ES;Espírito Santo;Mulheres;2003;Causas acidentais;134;7.95;10.25
ES;Espírito Santo;Mulheres;2003;Lesão autoprovocada;32;2.07;2.31
ES;Espírito Santo;Mulheres;2003;Demais causas externas;17;1.01;1.32
ES;Espírito Santo;Mulheres;2004;Lesão de trânsito;151;8.83;9.57
ES;Espírito Santo;Mulheres;2004;Agressão;137;8.01;7.68
ES;Espírito Santo;Mulheres;2004;Causas acidentais;153;8.94;11.75
ES;Espírito Santo;Mulheres;2004;Lesão autoprovocada;35;2.23;2.38
ES;Espírito Santo;Mulheres;2004;Demais causas externas;18;1.05;1.36
ES;Espírito Santo;Mulheres;2005;Lesão de trânsito;158;9.1;9.44
ES;Espírito Santo;Mulheres;2005;Agressão;149;8.59;8.09
ES;Espírito Santo;Mulheres;2005;Causas acidentais;162;9.33;11.8
ES;Espírito Santo;Mulheres;2005;Lesão autoprovocada;38;2.38;2.82
ES;Espírito Santo;Mulheres;2005;Demais causas externas;34;1.96;2.47
ES;Espírito Santo;Mulheres;2006;Lesão de trânsito;149;8.47;9.06
ES;Espírito Santo;Mulheres;2006;Agressão;183;10.4;9.82
ES;Espírito Santo;Mulheres;2006;Causas acidentais;171;9.72;12.25
ES;Espírito Santo;Mulheres;2006;Lesão autoprovocada;45;2.77;2.87
ES;Espírito Santo;Mulheres;2006;Demais causas externas;32;1.82;1.91
ES;Espírito Santo;Mulheres;2007;Lesão de trânsito;160;8.97;9.64
ES;Espírito Santo;Mulheres;2007;Agressão;186;10.43;9.89
ES;Espírito Santo;Mulheres;2007;Causas acidentais;196;10.99;13.35
ES;Espírito Santo;Mulheres;2007;Lesão autoprovocada;32;1.94;2.03
ES;Espírito Santo;Mulheres;2007;Demais causas externas;32;1.79;2.16
ES;Espírito Santo;Mulheres;2008;Lesão de trânsito;168;9.3;9.61
ES;Espírito Santo;Mulheres;2008;Agressão;190;10.52;9.85
ES;Espírito Santo;Mulheres;2008;Causas acidentais;186;10.3;12.34
ES;Espírito Santo;Mulheres;2008;Lesão autoprovocada;40;2.39;2.52
ES;Espírito Santo;Mulheres;2008;Demais causas externas;47;2.6;2.82
ES;Espírito Santo;Mulheres;2009;Lesão de trânsito;169;9.24;9.78
ES;Espírito Santo;Mulheres;2009;Agressão;216;11.8;11.09
ES;Espírito Santo;Mulheres;2009;Causas acidentais;205;11.2;13.17
ES;Espírito Santo;Mulheres;2009;Lesão autoprovocada;42;2.47;2.59
ES;Espírito Santo;Mulheres;2009;Demais causas externas;46;2.51;2.63
ES;Espírito Santo;Mulheres;2010;Lesão de trânsito;202;10.92;11.47
ES;Espírito Santo;Mulheres;2010;Agressão;174;9.41;8.98
ES;Espírito Santo;Mulheres;2010;Causas acidentais;206;11.14;13.17
ES;Espírito Santo;Mulheres;2010;Lesão autoprovocada;39;2.27;2.33
ES;Espírito Santo;Mulheres;2010;Demais causas externas;32;1.73;1.95
ES;Espírito Santo;Mulheres;2011;Lesão de trânsito;188;10.06;10.66
ES;Espírito Santo;Mulheres;2011;Agressão;167;8.94;8.43
ES;Espírito Santo;Mulheres;2011;Causas acidentais;193;10.33;11.91
ES;Espírito Santo;Mulheres;2011;Lesão autoprovocada;37;2.13;2.16
ES;Espírito Santo;Mulheres;2011;Demais causas externas;39;2.09;2.15
ES;Espírito Santo;Mulheres;2012;Lesão de trânsito;200;10.59;10.94
ES;Espírito Santo;Mulheres;2012;Agressão;163;8.63;8.23
ES;Espírito Santo;Mulheres;2012;Causas acidentais;269;14.25;16.01
ES;Espírito Santo;Mulheres;2012;Lesão autoprovocada;47;2.67;2.72
ES;Espírito Santo;Mulheres;2012;Demais causas externas;39;2.07;2.29
ES;Espírito Santo;Mulheres;2013;Lesão de trânsito;164;8.59;8.79
ES;Espírito Santo;Mulheres;2013;Agressão;171;8.96;8.57
ES;Espírito Santo;Mulheres;2013;Causas acidentais;299;15.67;17.06
ES;Espírito Santo;Mulheres;2013;Lesão autoprovocada;48;2.7;2.84
ES;Espírito Santo;Mulheres;2013;Demais causas externas;59;3.09;3.23
ES;Espírito Santo;Mulheres;2014;Lesão de trânsito;179;9.28;9.43
ES;Espírito Santo;Mulheres;2014;Agressão;140;7.26;6.99
ES;Espírito Santo;Mulheres;2014;Causas acidentais;311;16.12;17.44
ES;Espírito Santo;Mulheres;2014;Lesão autoprovocada;52;2.89;2.96
ES;Espírito Santo;Mulheres;2014;Demais causas externas;51;2.64;2.73
ES;Espírito Santo;Mulheres;2015;Lesão de trânsito;157;8.05;8.09
ES;Espírito Santo;Mulheres;2015;Agressão;141;7.23;7.05
ES;Espírito Santo;Mulheres;2015;Causas acidentais;308;15.8;16.34
ES;Espírito Santo;Mulheres;2015;Lesão autoprovocada;54;2.97;3.02
ES;Espírito Santo;Mulheres;2015;Demais causas externas;78;4;4.12
ES;Espírito Santo;Mulheres;2016;Lesão de trânsito;145;7.36;7.59
ES;Espírito Santo;Mulheres;2016;Agressão;104;5.28;5.14
ES;Espírito Santo;Mulheres;2016;Causas acidentais;319;16.2;16.38
ES;Espírito Santo;Mulheres;2016;Lesão autoprovocada;50;2.73;2.73
ES;Espírito Santo;Mulheres;2016;Demais causas externas;64;3.25;3.32
ES;Espírito Santo;Mulheres;2017;Lesão de trânsito;137;6.9;6.91
ES;Espírito Santo;Mulheres;2017;Agressão;151;7.6;7.47
ES;Espírito Santo;Mulheres;2017;Causas acidentais;349;17.57;17.29
ES;Espírito Santo;Mulheres;2017;Lesão autoprovocada;47;2.54;2.54
ES;Espírito Santo;Mulheres;2017;Demais causas externas;70;3.52;3.55
ES;Espírito Santo;Mulheres;2018;Lesão de trânsito;123;6.14;6.22
ES;Espírito Santo;Mulheres;2018;Agressão;100;4.99;4.96
ES;Espírito Santo;Mulheres;2018;Causas acidentais;326;16.27;15.69
ES;Espírito Santo;Mulheres;2018;Lesão autoprovocada;58;3.11;3.09
ES;Espírito Santo;Mulheres;2018;Demais causas externas;93;4.64;4.48
ES;Espírito Santo;Mulheres;2019;Lesão de trânsito;112;5.54;5.58
ES;Espírito Santo;Mulheres;2019;Agressão;97;4.8;4.72
ES;Espírito Santo;Mulheres;2019;Causas acidentais;343;16.97;15.94
ES;Espírito Santo;Mulheres;2019;Lesão autoprovocada;69;3.66;3.62
ES;Espírito Santo;Mulheres;2019;Demais causas externas;90;4.45;4.37
ES;Espírito Santo;Mulheres;2020;Lesão de trânsito;106;5.2;5.08
ES;Espírito Santo;Mulheres;2020;Agressão;101;4.96;4.8
ES;Espírito Santo;Mulheres;2020;Causas acidentais;324;15.9;14.71
ES;Espírito Santo;Mulheres;2020;Lesão autoprovocada;59;3.1;3.07
ES;Espírito Santo;Mulheres;2020;Demais causas externas;85;4.17;3.8
ES;Espírito Santo;Mulheres;2021;Lesão de trânsito;141;6.87;6.76
ES;Espírito Santo;Mulheres;2021;Agressão;125;6.09;5.98
ES;Espírito Santo;Mulheres;2021;Causas acidentais;451;21.98;19.77
ES;Espírito Santo;Mulheres;2021;Lesão autoprovocada;71;3.7;3.68
ES;Espírito Santo;Mulheres;2021;Demais causas externas;83;4.04;3.69
ES;Espírito Santo;Mulheres;2022;Lesão de trânsito;150;7.26;7.19
ES;Espírito Santo;Mulheres;2022;Agressão;102;4.94;4.89
ES;Espírito Santo;Mulheres;2022;Causas acidentais;411;19.9;17.61
ES;Espírito Santo;Mulheres;2022;Lesão autoprovocada;58;3;2.97
ES;Espírito Santo;Mulheres;2022;Demais causas externas;142;6.88;6.39
ES;Espírito Santo;Mulheres;2023;Lesão de trânsito;148;7.12;7.04
ES;Espírito Santo;Mulheres;2023;Agressão;99;4.76;4.73
ES;Espírito Santo;Mulheres;2023;Causas acidentais;532;25.59;22.09
ES;Espírito Santo;Mulheres;2023;Lesão autoprovocada;82;4.21;4.17
ES;Espírito Santo;Mulheres;2023;Demais causas externas;70;3.37;3.1
ES;Espírito Santo;Mulheres;2024;Lesão de trânsito;162;7.74;7.57
ES;Espírito Santo;Mulheres;2024;Agressão;110;5.26;5.1
ES;Espírito Santo;Mulheres;2024;Causas acidentais;563;26.9;22.59
ES;Espírito Santo;Mulheres;2024;Lesão autoprovocada;111;5.65;5.68
ES;Espírito Santo;Mulheres;2024;Demais causas externas;59;2.82;2.46
ES;Espírito Santo;Mulheres;2025;Lesão de trânsito;142;6.74;6.5
ES;Espírito Santo;Mulheres;2025;Agressão;76;3.61;3.66
ES;Espírito Santo;Mulheres;2025;Causas acidentais;618;29.34;24.15
ES;Espírito Santo;Mulheres;2025;Lesão autoprovocada;78;3.94;3.88
ES;Espírito Santo;Mulheres;2025;Demais causas externas;94;4.46;4.03
GO;Goiás;Ambos;2000;Lesão de trânsito;1381;26.85;29.92
GO;Goiás;Ambos;2000;Agressão;1082;21.04;20.66
GO;Goiás;Ambos;2000;Causas acidentais;563;10.95;13.01
GO;Goiás;Ambos;2000;Lesão autoprovocada;327;7.06;7.93
GO;Goiás;Ambos;2000;Demais causas externas;297;5.78;7.18
GO;Goiás;Ambos;2001;Lesão de trânsito;1341;25.52;29.14
GO;Goiás;Ambos;2001;Agressão;1166;22.19;21.74
GO;Goiás;Ambos;2001;Causas acidentais;688;13.1;15.29
GO;Goiás;Ambos;2001;Lesão autoprovocada;331;6.98;7.97
GO;Goiás;Ambos;2001;Demais causas externas;197;3.75;4.51
GO;Goiás;Ambos;2002;Lesão de trânsito;1513;28.21;31.43
GO;Goiás;Ambos;2002;Agressão;1368;25.5;24.58
GO;Goiás;Ambos;2002;Causas acidentais;672;12.53;14.5
GO;Goiás;Ambos;2002;Lesão autoprovocada;381;7.84;8.73
GO;Goiás;Ambos;2002;Demais causas externas;147;2.74;3.41
GO;Goiás;Ambos;2003;Lesão de trânsito;1484;27.12;30.3
GO;Goiás;Ambos;2003;Agressão;1346;24.6;23.51
GO;Goiás;Ambos;2003;Causas acidentais;657;12.01;14.59
GO;Goiás;Ambos;2003;Lesão autoprovocada;328;6.6;7.24
GO;Goiás;Ambos;2003;Demais causas externas;162;2.96;3.51
GO;Goiás;Ambos;2004;Lesão de trânsito;1618;29;32.26
GO;Goiás;Ambos;2004;Agressão;1524;27.31;25.81
GO;Goiás;Ambos;2004;Causas acidentais;672;12.04;14.71
GO;Goiás;Ambos;2004;Lesão autoprovocada;334;6.57;7.23
GO;Goiás;Ambos;2004;Demais causas externas;162;2.9;3.56
GO;Goiás;Ambos;2005;Lesão de trânsito;1576;27.71;30.39
GO;Goiás;Ambos;2005;Agressão;1466;25.78;23.75
GO;Goiás;Ambos;2005;Causas acidentais;740;13.01;15.77
GO;Goiás;Ambos;2005;Lesão autoprovocada;336;6.47;7.06
GO;Goiás;Ambos;2005;Demais causas externas;226;3.97;4.62
GO;Goiás;Ambos;2006;Lesão de trânsito;1446;24.96;27.43
GO;Goiás;Ambos;2006;Agressão;1508;26.03;24.51
GO;Goiás;Ambos;2006;Causas acidentais;655;11.31;13.84
GO;Goiás;Ambos;2006;Lesão autoprovocada;293;5.52;6.04
GO;Goiás;Ambos;2006;Demais causas externas;226;3.9;4.36
GO;Goiás;Ambos;2007;Lesão de trânsito;1492;25.3;27.26
GO;Goiás;Ambos;2007;Agressão;1521;25.79;23.92
GO;Goiás;Ambos;2007;Causas acidentais;719;12.19;14.88
GO;Goiás;Ambos;2007;Lesão autoprovocada;303;5.59;6.12
GO;Goiás;Ambos;2007;Demais causas externas;259;4.39;5.08
GO;Goiás;Ambos;2008;Lesão de trânsito;1685;28.09;30.15
GO;Goiás;Ambos;2008;Agressão;1792;29.87;27.38
GO;Goiás;Ambos;2008;Causas acidentais;703;11.72;14.67
GO;Goiás;Ambos;2008;Lesão autoprovocada;378;6.84;7.57
GO;Goiás;Ambos;2008;Demais causas externas;307;5.12;5.48
GO;Goiás;Ambos;2009;Lesão de trânsito;1744;28.59;30.23
GO;Goiás;Ambos;2009;Agressão;1902;31.18;28.67
GO;Goiás;Ambos;2009;Causas acidentais;734;12.03;15.13
GO;Goiás;Ambos;2009;Lesão autoprovocada;307;5.45;5.72
GO;Goiás;Ambos;2009;Demais causas externas;234;3.84;4.41
GO;Goiás;Ambos;2010;Lesão de trânsito;2010;32.5;34.77
GO;Goiás;Ambos;2010;Agressão;1979;32;29.13
GO;Goiás;Ambos;2010;Causas acidentais;768;12.42;16.27
GO;Goiás;Ambos;2010;Lesão autoprovocada;315;5.51;5.92
GO;Goiás;Ambos;2010;Demais causas externas;207;3.35;3.65
GO;Goiás;Ambos;2011;Lesão de trânsito;1906;30.43;32.3
GO;Goiás;Ambos;2011;Agressão;2271;36.25;33.15
GO;Goiás;Ambos;2011;Causas acidentais;842;13.44;16.84
GO;Goiás;Ambos;2011;Lesão autoprovocada;338;5.82;6.33
GO;Goiás;Ambos;2011;Demais causas externas;185;2.95;3.42
GO;Goiás;Ambos;2012;Lesão de trânsito;2054;32.34;33.93
GO;Goiás;Ambos;2012;Agressão;2793;43.98;40.09
GO;Goiás;Ambos;2012;Causas acidentais;904;14.23;18.1
GO;Goiás;Ambos;2012;Lesão autoprovocada;402;6.82;7.17
GO;Goiás;Ambos;2012;Demais causas externas;218;3.43;3.68
GO;Goiás;Ambos;2013;Lesão de trânsito;2011;31.22;32.71
GO;Goiás;Ambos;2013;Agressão;2972;46.14;42.15
GO;Goiás;Ambos;2013;Causas acidentais;985;15.29;19.67
GO;Goiás;Ambos;2013;Lesão autoprovocada;427;7.14;7.49
GO;Goiás;Ambos;2013;Demais causas externas;180;2.79;2.99
GO;Goiás;Ambos;2014;Lesão de trânsito;2148;32.87;34.38
GO;Goiás;Ambos;2014;Agressão;2886;44.16;40.37
GO;Goiás;Ambos;2014;Causas acidentais;1071;16.39;20.9
GO;Goiás;Ambos;2014;Lesão autoprovocada;454;7.49;7.79
GO;Goiás;Ambos;2014;Demais causas externas;169;2.59;2.78
GO;Goiás;Ambos;2015;Lesão de trânsito;1866;28.14;29.34
GO;Goiás;Ambos;2015;Agressão;2995;45.17;41.48
GO;Goiás;Ambos;2015;Causas acidentais;1102;16.62;20.47
GO;Goiás;Ambos;2015;Lesão autoprovocada;435;7.08;7.36
GO;Goiás;Ambos;2015;Demais causas externas;209;3.15;3.31
GO;Goiás;Ambos;2016;Lesão de trânsito;1774;26.4;27.33
GO;Goiás;Ambos;2016;Agressão;3027;45.04;41.98
GO;Goiás;Ambos;2016;Causas acidentais;1097;16.32;20.23
GO;Goiás;Ambos;2016;Lesão autoprovocada;481;7.72;7.87
GO;Goiás;Ambos;2016;Demais causas externas;200;2.98;3.15
GO;Goiás;Ambos;2017;Lesão de trânsito;1644;24.16;24.84
GO;Goiás;Ambos;2017;Agressão;2856;41.97;39.08
GO;Goiás;Ambos;2017;Causas acidentais;1220;17.93;21.77
GO;Goiás;Ambos;2017;Lesão autoprovocada;497;7.87;8.01
GO;Goiás;Ambos;2017;Demais causas externas;235;3.45;3.59
GO;Goiás;Ambos;2018;Lesão de trânsito;1527;22.17;22.77
GO;Goiás;Ambos;2018;Agressão;2599;37.73;35.56
GO;Goiás;Ambos;2018;Causas acidentais;1233;17.9;21.32
GO;Goiás;Ambos;2018;Lesão autoprovocada;499;7.81;7.91
GO;Goiás;Ambos;2018;Demais causas externas;327;4.75;5.1
GO;Goiás;Ambos;2019;Lesão de trânsito;1470;21.08;21.35
GO;Goiás;Ambos;2019;Agressão;2107;30.21;28.81
GO;Goiás;Ambos;2019;Causas acidentais;1240;17.78;20.89
GO;Goiás;Ambos;2019;Lesão autoprovocada;580;8.95;9
GO;Goiás;Ambos;2019;Demais causas externas;432;6.19;6.38
GO;Goiás;Ambos;2020;Lesão de trânsito;1589;22.51;22.72
GO;Goiás;Ambos;2020;Agressão;2013;28.51;27.24
GO;Goiás;Ambos;2020;Causas acidentais;1367;19.36;21.94
GO;Goiás;Ambos;2020;Lesão autoprovocada;596;9.07;9.09
GO;Goiás;Ambos;2020;Demais causas externas;493;6.98;7.08
GO;Goiás;Ambos;2021;Lesão de trânsito;1670;23.41;23.46
GO;Goiás;Ambos;2021;Agressão;1645;23.06;22.31
GO;Goiás;Ambos;2021;Causas acidentais;1367;19.16;21.57
GO;Goiás;Ambos;2021;Lesão autoprovocada;653;9.82;9.85
GO;Goiás;Ambos;2021;Demais causas externas;570;7.99;8.23
GO;Goiás;Ambos;2022;Lesão de trânsito;1706;23.69;23.73
GO;Goiás;Ambos;2022;Agressão;1526;21.19;20.39
GO;Goiás;Ambos;2022;Causas acidentais;1404;19.5;21.75
GO;Goiás;Ambos;2022;Lesão autoprovocada;712;10.59;10.58
GO;Goiás;Ambos;2022;Demais causas externas;578;8.03;8.18
GO;Goiás;Ambos;2023;Lesão de trânsito;1657;22.78;22.7
GO;Goiás;Ambos;2023;Agressão;1439;19.78;19.06
GO;Goiás;Ambos;2023;Causas acidentais;1546;21.25;22.83
GO;Goiás;Ambos;2023;Lesão autoprovocada;711;10.45;10.37
GO;Goiás;Ambos;2023;Demais causas externas;471;6.47;6.55
GO;Goiás;Ambos;2024;Lesão de trânsito;1894;25.77;25.64
GO;Goiás;Ambos;2024;Agressão;1222;16.62;16.15
GO;Goiás;Ambos;2024;Causas acidentais;1652;22.47;23.85
GO;Goiás;Ambos;2024;Lesão autoprovocada;773;11.22;11.09
GO;Goiás;Ambos;2024;Demais causas externas;482;6.56;6.55
GO;Goiás;Ambos;2025;Lesão de trânsito;1771;23.86;23.68
GO;Goiás;Ambos;2025;Agressão;1107;14.91;14.63
GO;Goiás;Ambos;2025;Causas acidentais;1665;22.43;23.32
GO;Goiás;Ambos;2025;Lesão autoprovocada;789;11.32;11.26
GO;Goiás;Ambos;2025;Demais causas externas;483;6.51;6.51
GO;Goiás;Homens;2000;Lesão de trânsito;1121;43.85;49.16
GO;Goiás;Homens;2000;Agressão;937;36.66;36.23
GO;Goiás;Homens;2000;Causas acidentais;449;17.56;20.53
GO;Goiás;Homens;2000;Lesão autoprovocada;261;11.36;12.97
GO;Goiás;Homens;2000;Demais causas externas;225;8.8;10.71
GO;Goiás;Homens;2001;Lesão de trânsito;1081;41.42;47.18
GO;Goiás;Homens;2001;Agressão;1034;39.62;38.95
GO;Goiás;Homens;2001;Causas acidentais;560;21.46;24.39
GO;Goiás;Homens;2001;Lesão autoprovocada;260;11.06;12.68
GO;Goiás;Homens;2001;Demais causas externas;145;5.56;6.4
GO;Goiás;Homens;2002;Lesão de trânsito;1199;45.02;50.26
GO;Goiás;Homens;2002;Agressão;1223;45.92;44.23
GO;Goiás;Homens;2002;Causas acidentais;510;19.15;21.56
GO;Goiás;Homens;2002;Lesão autoprovocada;307;12.76;14.29
GO;Goiás;Homens;2002;Demais causas externas;107;4.02;4.8
GO;Goiás;Homens;2003;Lesão de trânsito;1214;44.7;50.1
GO;Goiás;Homens;2003;Agressão;1201;44.22;42.59
GO;Goiás;Homens;2003;Causas acidentais;490;18.04;21.07
GO;Goiás;Homens;2003;Lesão autoprovocada;269;10.94;12.22
GO;Goiás;Homens;2003;Demais causas externas;131;4.82;5.7
GO;Goiás;Homens;2004;Lesão de trânsito;1303;47.07;52.9
GO;Goiás;Homens;2004;Agressão;1377;49.74;47.25
GO;Goiás;Homens;2004;Causas acidentais;528;19.07;22.15
GO;Goiás;Homens;2004;Lesão autoprovocada;246;9.78;10.95
GO;Goiás;Homens;2004;Demais causas externas;125;4.52;5.63
GO;Goiás;Homens;2005;Lesão de trânsito;1291;45.77;50.87
GO;Goiás;Homens;2005;Agressão;1332;47.22;43.73
GO;Goiás;Homens;2005;Causas acidentais;573;20.31;23.61
GO;Goiás;Homens;2005;Lesão autoprovocada;264;10.28;11.48
GO;Goiás;Homens;2005;Demais causas externas;163;5.78;6.59
GO;Goiás;Homens;2006;Lesão de trânsito;1165;40.55;44.75
GO;Goiás;Homens;2006;Agressão;1363;47.44;44.72
GO;Goiás;Homens;2006;Causas acidentais;502;17.47;20.6
GO;Goiás;Homens;2006;Lesão autoprovocada;238;9.07;10.24
GO;Goiás;Homens;2006;Demais causas externas;176;6.13;6.7
GO;Goiás;Homens;2007;Lesão de trânsito;1209;41.35;45.16
GO;Goiás;Homens;2007;Agressão;1382;47.27;43.93
GO;Goiás;Homens;2007;Causas acidentais;548;18.74;21.79
GO;Goiás;Homens;2007;Lesão autoprovocada;246;9.19;10.2
GO;Goiás;Homens;2007;Demais causas externas;197;6.74;7.8
GO;Goiás;Homens;2008;Lesão de trânsito;1346;45.26;48.9
GO;Goiás;Homens;2008;Agressão;1629;54.78;50.24
GO;Goiás;Homens;2008;Causas acidentais;552;18.56;22.43
GO;Goiás;Homens;2008;Lesão autoprovocada;302;11.06;12.33
GO;Goiás;Homens;2008;Demais causas externas;254;8.54;8.97
GO;Goiás;Homens;2009;Lesão de trânsito;1408;46.57;49.87
GO;Goiás;Homens;2009;Agressão;1733;57.32;52.77
GO;Goiás;Homens;2009;Causas acidentais;535;17.7;21.08
GO;Goiás;Homens;2009;Lesão autoprovocada;236;8.48;9
GO;Goiás;Homens;2009;Demais causas externas;189;6.25;7.16
GO;Goiás;Homens;2010;Lesão de trânsito;1601;52.22;55.87
GO;Goiás;Homens;2010;Agressão;1795;58.55;53.49
GO;Goiás;Homens;2010;Causas acidentais;531;17.32;21.07
GO;Goiás;Homens;2010;Lesão autoprovocada;247;8.73;9.58
GO;Goiás;Homens;2010;Demais causas externas;147;4.79;5.31
GO;Goiás;Homens;2011;Lesão de trânsito;1530;49.27;52.57
GO;Goiás;Homens;2011;Agressão;2004;64.54;59.13
GO;Goiás;Homens;2011;Causas acidentais;600;19.32;23.26
GO;Goiás;Homens;2011;Lesão autoprovocada;272;9.48;10.54
GO;Goiás;Homens;2011;Demais causas externas;138;4.44;5.07
GO;Goiás;Homens;2012;Lesão de trânsito;1639;52.06;54.77
GO;Goiás;Homens;2012;Agressão;2540;80.68;73.95
GO;Goiás;Homens;2012;Causas acidentais;644;20.46;24.87
GO;Goiás;Homens;2012;Lesão autoprovocada;317;10.88;11.58
GO;Goiás;Homens;2012;Demais causas externas;167;5.3;5.57
GO;Goiás;Homens;2013;Lesão de trânsito;1597;50.01;52.8
GO;Goiás;Homens;2013;Agressão;2695;84.4;77.26
GO;Goiás;Homens;2013;Causas acidentais;642;20.11;24.57
GO;Goiás;Homens;2013;Lesão autoprovocada;336;11.37;12.04
GO;Goiás;Homens;2013;Demais causas externas;138;4.32;4.55
GO;Goiás;Homens;2014;Lesão de trânsito;1735;53.56;56.67
GO;Goiás;Homens;2014;Agressão;2590;79.95;73.12
GO;Goiás;Homens;2014;Causas acidentais;696;21.48;26.55
GO;Goiás;Homens;2014;Lesão autoprovocada;359;11.97;12.74
GO;Goiás;Homens;2014;Demais causas externas;118;3.64;3.95
GO;Goiás;Homens;2015;Lesão de trânsito;1486;45.22;47.64
GO;Goiás;Homens;2015;Agressão;2732;83.14;76.38
GO;Goiás;Homens;2015;Causas acidentais;738;22.46;26.79
GO;Goiás;Homens;2015;Lesão autoprovocada;339;11.16;11.91
GO;Goiás;Homens;2015;Demais causas externas;153;4.66;4.78
GO;Goiás;Homens;2016;Lesão de trânsito;1475;44.29;46.56
GO;Goiás;Homens;2016;Agressão;2780;83.48;77.88
GO;Goiás;Homens;2016;Causas acidentais;708;21.26;25.77
GO;Goiás;Homens;2016;Lesão autoprovocada;382;12.4;12.86
GO;Goiás;Homens;2016;Demais causas externas;132;3.96;4.08
GO;Goiás;Homens;2017;Lesão de trânsito;1307;38.77;40.43
GO;Goiás;Homens;2017;Agressão;2594;76.94;71.59
GO;Goiás;Homens;2017;Causas acidentais;803;23.82;28.87
GO;Goiás;Homens;2017;Lesão autoprovocada;393;12.6;13.09
GO;Goiás;Homens;2017;Demais causas externas;171;5.07;5.27
GO;Goiás;Homens;2018;Lesão de trânsito;1271;37.26;38.87
GO;Goiás;Homens;2018;Agressão;2372;69.53;65.46
GO;Goiás;Homens;2018;Causas acidentais;822;24.09;28.82
GO;Goiás;Homens;2018;Lesão autoprovocada;387;12.25;12.68
GO;Goiás;Homens;2018;Demais causas externas;252;7.39;7.89
GO;Goiás;Homens;2019;Lesão de trânsito;1164;33.71;34.51
GO;Goiás;Homens;2019;Agressão;1943;56.27;53.45
GO;Goiás;Homens;2019;Causas acidentais;785;22.73;26.79
GO;Goiás;Homens;2019;Lesão autoprovocada;450;14.06;14.33
GO;Goiás;Homens;2019;Demais causas externas;337;9.76;9.86
GO;Goiás;Homens;2020;Lesão de trânsito;1278;36.58;37.64
GO;Goiás;Homens;2020;Agressão;1876;53.7;51.09
GO;Goiás;Homens;2020;Causas acidentais;947;27.11;31.25
GO;Goiás;Homens;2020;Lesão autoprovocada;468;14.43;14.71
GO;Goiás;Homens;2020;Demais causas externas;412;11.79;12.05
GO;Goiás;Homens;2021;Lesão de trânsito;1365;38.7;39.24
GO;Goiás;Homens;2021;Agressão;1497;42.44;40.84
GO;Goiás;Homens;2021;Causas acidentais;888;25.18;28.82
GO;Goiás;Homens;2021;Lesão autoprovocada;490;14.94;15.23
GO;Goiás;Homens;2021;Demais causas externas;440;12.47;12.78
GO;Goiás;Homens;2022;Lesão de trânsito;1389;39.04;39.77
GO;Goiás;Homens;2022;Agressão;1376;38.67;37.06
GO;Goiás;Homens;2022;Causas acidentais;879;24.7;28.41
GO;Goiás;Homens;2022;Lesão autoprovocada;547;16.5;16.68
GO;Goiás;Homens;2022;Demais causas externas;459;12.9;13.26
GO;Goiás;Homens;2023;Lesão de trânsito;1351;37.6;38
GO;Goiás;Homens;2023;Agressão;1314;36.57;35.11
GO;Goiás;Homens;2023;Causas acidentais;993;27.64;30.33
GO;Goiás;Homens;2023;Lesão autoprovocada;553;16.49;16.56
GO;Goiás;Homens;2023;Demais causas externas;365;10.16;10.42
GO;Goiás;Homens;2024;Lesão de trânsito;1544;42.55;42.89
GO;Goiás;Homens;2024;Agressão;1096;30.2;29.28
GO;Goiás;Homens;2024;Causas acidentais;1061;29.24;32.09
GO;Goiás;Homens;2024;Lesão autoprovocada;609;17.95;17.85
GO;Goiás;Homens;2024;Demais causas externas;368;10.14;10.4
GO;Goiás;Homens;2025;Lesão de trânsito;1426;38.92;39.14
GO;Goiás;Homens;2025;Agressão;993;27.1;26.55
GO;Goiás;Homens;2025;Causas acidentais;1040;28.39;30.89
GO;Goiás;Homens;2025;Lesão autoprovocada;610;17.78;17.8
GO;Goiás;Homens;2025;Demais causas externas;359;9.8;9.94
GO;Goiás;Mulheres;2000;Lesão de trânsito;259;10.01;11.03
GO;Goiás;Mulheres;2000;Agressão;142;5.49;5.38
GO;Goiás;Mulheres;2000;Causas acidentais;114;4.41;5.67
GO;Goiás;Mulheres;2000;Lesão autoprovocada;66;2.83;2.99
GO;Goiás;Mulheres;2000;Demais causas externas;72;2.78;3.76
GO;Goiás;Mulheres;2001;Lesão de trânsito;260;9.83;11.51
GO;Goiás;Mulheres;2001;Agressão;131;4.95;4.94
GO;Goiás;Mulheres;2001;Causas acidentais;128;4.84;6.38
GO;Goiás;Mulheres;2001;Lesão autoprovocada;71;2.97;3.41
GO;Goiás;Mulheres;2001;Demais causas externas;51;1.93;2.62
GO;Goiás;Mulheres;2002;Lesão de trânsito;314;11.63;13.11
GO;Goiás;Mulheres;2002;Agressão;145;5.37;5.43
GO;Goiás;Mulheres;2002;Causas acidentais;162;6;7.58
GO;Goiás;Mulheres;2002;Lesão autoprovocada;74;3.02;3.3
GO;Goiás;Mulheres;2002;Demais causas externas;40;1.48;2.01
GO;Goiás;Mulheres;2003;Lesão de trânsito;270;9.79;11.08
GO;Goiás;Mulheres;2003;Agressão;143;5.19;4.96
GO;Goiás;Mulheres;2003;Causas acidentais;167;6.06;8.18
GO;Goiás;Mulheres;2003;Lesão autoprovocada;59;2.35;2.43
GO;Goiás;Mulheres;2003;Demais causas externas;29;1.05;1.39
GO;Goiás;Mulheres;2004;Lesão de trânsito;314;11.17;12.27
GO;Goiás;Mulheres;2004;Agressão;142;5.05;5.01
GO;Goiás;Mulheres;2004;Causas acidentais;144;5.12;7.49
GO;Goiás;Mulheres;2004;Lesão autoprovocada;88;3.43;3.62
GO;Goiás;Mulheres;2004;Demais causas externas;35;1.24;1.54
GO;Goiás;Mulheres;2005;Lesão de trânsito;285;9.94;10.76
GO;Goiás;Mulheres;2005;Agressão;133;4.64;4.32
GO;Goiás;Mulheres;2005;Causas acidentais;167;5.83;8.11
GO;Goiás;Mulheres;2005;Lesão autoprovocada;72;2.74;2.83
GO;Goiás;Mulheres;2005;Demais causas externas;62;2.16;2.67
GO;Goiás;Mulheres;2006;Lesão de trânsito;280;9.59;10.73
GO;Goiás;Mulheres;2006;Agressão;143;4.9;4.89
GO;Goiás;Mulheres;2006;Causas acidentais;153;5.24;7.28
GO;Goiás;Mulheres;2006;Lesão autoprovocada;55;2.05;2
GO;Goiás;Mulheres;2006;Demais causas externas;50;1.71;2.13
GO;Goiás;Mulheres;2007;Lesão de trânsito;282;9.49;10.03
GO;Goiás;Mulheres;2007;Agressão;139;4.68;4.48
GO;Goiás;Mulheres;2007;Causas acidentais;170;5.72;8.08
GO;Goiás;Mulheres;2007;Lesão autoprovocada;57;2.08;2.2
GO;Goiás;Mulheres;2007;Demais causas externas;62;2.09;2.47
GO;Goiás;Mulheres;2008;Lesão de trânsito;338;11.17;12.17
GO;Goiás;Mulheres;2008;Agressão;160;5.29;5.12
GO;Goiás;Mulheres;2008;Causas acidentais;150;4.96;7.23
GO;Goiás;Mulheres;2008;Lesão autoprovocada;76;2.72;3.02
GO;Goiás;Mulheres;2008;Demais causas externas;52;1.72;2.16
GO;Goiás;Mulheres;2009;Lesão de trânsito;334;10.86;11.41
GO;Goiás;Mulheres;2009;Agressão;165;5.36;5.25
GO;Goiás;Mulheres;2009;Causas acidentais;198;6.44;9.3
GO;Goiás;Mulheres;2009;Lesão autoprovocada;71;2.49;2.59
GO;Goiás;Mulheres;2009;Demais causas externas;43;1.4;1.8
GO;Goiás;Mulheres;2010;Lesão de trânsito;409;13.11;14.52
GO;Goiás;Mulheres;2010;Agressão;182;5.83;5.41
GO;Goiás;Mulheres;2010;Causas acidentais;237;7.6;11.45
GO;Goiás;Mulheres;2010;Lesão autoprovocada;68;2.35;2.42
GO;Goiás;Mulheres;2010;Demais causas externas;56;1.8;2.08
GO;Goiás;Mulheres;2011;Lesão de trânsito;374;11.84;12.86
GO;Goiás;Mulheres;2011;Agressão;262;8.29;7.79
GO;Goiás;Mulheres;2011;Causas acidentais;238;7.53;10.64
GO;Goiás;Mulheres;2011;Lesão autoprovocada;66;2.25;2.34
GO;Goiás;Mulheres;2011;Demais causas externas;46;1.46;1.83
GO;Goiás;Mulheres;2012;Lesão de trânsito;414;12.93;13.92
GO;Goiás;Mulheres;2012;Agressão;247;7.71;6.97
GO;Goiás;Mulheres;2012;Causas acidentais;259;8.09;11.44
GO;Goiás;Mulheres;2012;Lesão autoprovocada;85;2.85;3
GO;Goiás;Mulheres;2012;Demais causas externas;51;1.59;1.86
GO;Goiás;Mulheres;2013;Lesão de trânsito;413;12.71;13.53
GO;Goiás;Mulheres;2013;Agressão;271;8.34;7.79
GO;Goiás;Mulheres;2013;Causas acidentais;343;10.56;14.76
GO;Goiás;Mulheres;2013;Lesão autoprovocada;91;3.01;3.16
GO;Goiás;Mulheres;2013;Demais causas externas;41;1.26;1.48
GO;Goiás;Mulheres;2014;Lesão de trânsito;412;12.5;13.13
GO;Goiás;Mulheres;2014;Agressão;290;8.8;8.26
GO;Goiás;Mulheres;2014;Causas acidentais;372;11.29;15.31
GO;Goiás;Mulheres;2014;Lesão autoprovocada;95;3.1;3.1
GO;Goiás;Mulheres;2014;Demais causas externas;50;1.52;1.67
GO;Goiás;Mulheres;2015;Lesão de trânsito;379;11.33;11.93
GO;Goiás;Mulheres;2015;Agressão;255;7.62;7.18
GO;Goiás;Mulheres;2015;Causas acidentais;362;10.82;14.24
GO;Goiás;Mulheres;2015;Lesão autoprovocada;96;3.09;3.09
GO;Goiás;Mulheres;2015;Demais causas externas;56;1.67;1.9
GO;Goiás;Mulheres;2016;Lesão de trânsito;297;8.76;9.06
GO;Goiás;Mulheres;2016;Agressão;238;7.02;6.62
GO;Goiás;Mulheres;2016;Causas acidentais;389;11.47;14.74
GO;Goiás;Mulheres;2016;Lesão autoprovocada;99;3.14;3.13
GO;Goiás;Mulheres;2016;Demais causas externas;67;1.98;2.22
GO;Goiás;Mulheres;2017;Lesão de trânsito;335;9.75;10.01
GO;Goiás;Mulheres;2017;Agressão;255;7.43;6.99
GO;Goiás;Mulheres;2017;Causas acidentais;413;12.03;14.98
GO;Goiás;Mulheres;2017;Lesão autoprovocada;104;3.26;3.21
GO;Goiás;Mulheres;2017;Demais causas externas;63;1.83;1.99
GO;Goiás;Mulheres;2018;Lesão de trânsito;254;7.31;7.51
GO;Goiás;Mulheres;2018;Agressão;220;6.33;6
GO;Goiás;Mulheres;2018;Causas acidentais;410;11.79;14.23
GO;Goiás;Mulheres;2018;Lesão autoprovocada;112;3.46;3.42
GO;Goiás;Mulheres;2018;Demais causas externas;74;2.13;2.43
GO;Goiás;Mulheres;2019;Lesão de trânsito;303;8.6;8.74
GO;Goiás;Mulheres;2019;Agressão;161;4.57;4.45
GO;Goiás;Mulheres;2019;Causas acidentais;455;12.92;15.17
GO;Goiás;Mulheres;2019;Lesão autoprovocada;130;3.96;3.95
GO;Goiás;Mulheres;2019;Demais causas externas;92;2.61;2.95
GO;Goiás;Mulheres;2020;Lesão de trânsito;307;8.61;8.59
GO;Goiás;Mulheres;2020;Agressão;134;3.76;3.62
GO;Goiás;Mulheres;2020;Causas acidentais;419;11.75;13.25
GO;Goiás;Mulheres;2020;Lesão autoprovocada;127;3.82;3.78
GO;Goiás;Mulheres;2020;Demais causas externas;78;2.19;2.33
GO;Goiás;Mulheres;2021;Lesão de trânsito;304;8.43;8.43
GO;Goiás;Mulheres;2021;Agressão;145;4.02;3.97
GO;Goiás;Mulheres;2021;Causas acidentais;478;13.25;14.67
GO;Goiás;Mulheres;2021;Lesão autoprovocada;163;4.84;4.77
GO;Goiás;Mulheres;2021;Demais causas externas;130;3.6;3.79
GO;Goiás;Mulheres;2022;Lesão de trânsito;315;8.65;8.59
GO;Goiás;Mulheres;2022;Agressão;146;4.01;3.92
GO;Goiás;Mulheres;2022;Causas acidentais;523;14.36;15.49
GO;Goiás;Mulheres;2022;Lesão autoprovocada;164;4.81;4.76
GO;Goiás;Mulheres;2022;Demais causas externas;118;3.24;3.33
GO;Goiás;Mulheres;2023;Lesão de trânsito;305;8.28;8.2
GO;Goiás;Mulheres;2023;Agressão;121;3.29;3.25
GO;Goiás;Mulheres;2023;Causas acidentais;551;14.97;15.61
GO;Goiás;Mulheres;2023;Lesão autoprovocada;158;4.58;4.5
GO;Goiás;Mulheres;2023;Demais causas externas;105;2.85;2.87
GO;Goiás;Mulheres;2024;Lesão de trânsito;349;9.38;9.27
GO;Goiás;Mulheres;2024;Agressão;122;3.28;3.19
GO;Goiás;Mulheres;2024;Causas acidentais;589;15.83;16.08
GO;Goiás;Mulheres;2024;Lesão autoprovocada;163;4.66;4.62
GO;Goiás;Mulheres;2024;Demais causas externas;111;2.98;2.94
GO;Goiás;Mulheres;2025;Lesão de trânsito;343;9.12;9.04
GO;Goiás;Mulheres;2025;Agressão;113;3.01;2.88
GO;Goiás;Mulheres;2025;Causas acidentais;625;16.62;16.24
GO;Goiás;Mulheres;2025;Lesão autoprovocada;179;5.06;5.03
GO;Goiás;Mulheres;2025;Demais causas externas;124;3.3;3.21
MA;Maranhão;Ambos;2000;Lesão de trânsito;480;8.13;10.08
MA;Maranhão;Ambos;2000;Agressão;351;5.94;6.73
MA;Maranhão;Ambos;2000;Causas acidentais;381;6.45;7.35
MA;Maranhão;Ambos;2000;Lesão autoprovocada;71;1.37;1.58
MA;Maranhão;Ambos;2000;Demais causas externas;328;5.55;6.89
MA;Maranhão;Ambos;2001;Lesão de trânsito;543;9.07;11.18
MA;Maranhão;Ambos;2001;Agressão;562;9.39;10.51
MA;Maranhão;Ambos;2001;Causas acidentais;375;6.26;7.11
MA;Maranhão;Ambos;2001;Lesão autoprovocada;109;2.08;2.21
MA;Maranhão;Ambos;2001;Demais causas externas;243;4.06;5.13
MA;Maranhão;Ambos;2002;Lesão de trânsito;690;11.39;13.95
MA;Maranhão;Ambos;2002;Agressão;606;10;11.17
MA;Maranhão;Ambos;2002;Causas acidentais;372;6.14;6.92
MA;Maranhão;Ambos;2002;Lesão autoprovocada;125;2.35;2.7
MA;Maranhão;Ambos;2002;Demais causas externas;237;3.91;4.85
MA;Maranhão;Ambos;2003;Lesão de trânsito;725;11.82;14.2
MA;Maranhão;Ambos;2003;Agressão;792;12.91;14.57
MA;Maranhão;Ambos;2003;Causas acidentais;475;7.74;8.9
MA;Maranhão;Ambos;2003;Lesão autoprovocada;90;1.66;1.76
MA;Maranhão;Ambos;2003;Demais causas externas;147;2.4;2.99
MA;Maranhão;Ambos;2004;Lesão de trânsito;855;13.78;16.72
MA;Maranhão;Ambos;2004;Agressão;729;11.75;12.73
MA;Maranhão;Ambos;2004;Causas acidentais;452;7.28;8.46
MA;Maranhão;Ambos;2004;Lesão autoprovocada;99;1.8;2.11
MA;Maranhão;Ambos;2004;Demais causas externas;120;1.93;2.4
MA;Maranhão;Ambos;2005;Lesão de trânsito;945;15.05;17.78
MA;Maranhão;Ambos;2005;Agressão;935;14.89;15.97
MA;Maranhão;Ambos;2005;Causas acidentais;609;9.7;11.11
MA;Maranhão;Ambos;2005;Lesão autoprovocada;116;2.08;2.6
MA;Maranhão;Ambos;2005;Demais causas externas;124;1.98;2.63
MA;Maranhão;Ambos;2006;Lesão de trânsito;883;13.89;16.62
MA;Maranhão;Ambos;2006;Agressão;963;15.15;16.1
MA;Maranhão;Ambos;2006;Causas acidentais;579;9.11;10.09
MA;Maranhão;Ambos;2006;Lesão autoprovocada;159;2.82;3.3
MA;Maranhão;Ambos;2006;Demais causas externas;154;2.42;3.05
MA;Maranhão;Ambos;2007;Lesão de trânsito;1088;16.92;19.96
MA;Maranhão;Ambos;2007;Agressão;1126;17.51;18.26
MA;Maranhão;Ambos;2007;Causas acidentais;582;9.05;10.01
MA;Maranhão;Ambos;2007;Lesão autoprovocada;160;2.8;3.18
MA;Maranhão;Ambos;2007;Demais causas externas;187;2.91;3.55
MA;Maranhão;Ambos;2008;Lesão de trânsito;1217;18.73;21.92
MA;Maranhão;Ambos;2008;Agressão;1273;19.59;20.41
MA;Maranhão;Ambos;2008;Causas acidentais;653;10.05;11.26
MA;Maranhão;Ambos;2008;Lesão autoprovocada;179;3.09;3.39
MA;Maranhão;Ambos;2008;Demais causas externas;180;2.77;3.47
MA;Maranhão;Ambos;2009;Lesão de trânsito;1181;17.99;21.08
MA;Maranhão;Ambos;2009;Agressão;1397;21.28;21.69
MA;Maranhão;Ambos;2009;Causas acidentais;663;10.1;11.57
MA;Maranhão;Ambos;2009;Lesão autoprovocada;156;2.66;3.12
MA;Maranhão;Ambos;2009;Demais causas externas;188;2.86;3.44
MA;Maranhão;Ambos;2010;Lesão de trânsito;1354;20.45;23.55
MA;Maranhão;Ambos;2010;Agressão;1515;22.88;23.28
MA;Maranhão;Ambos;2010;Causas acidentais;604;9.12;10.34
MA;Maranhão;Ambos;2010;Lesão autoprovocada;208;3.5;3.85
MA;Maranhão;Ambos;2010;Demais causas externas;206;3.11;3.73
MA;Maranhão;Ambos;2011;Lesão de trânsito;1515;22.72;25.48
MA;Maranhão;Ambos;2011;Agressão;1591;23.86;24.73
MA;Maranhão;Ambos;2011;Causas acidentais;603;9.04;10.38
MA;Maranhão;Ambos;2011;Lesão autoprovocada;218;3.63;3.99
MA;Maranhão;Ambos;2011;Demais causas externas;208;3.12;3.82
MA;Maranhão;Ambos;2012;Lesão de trânsito;1760;26.22;29.3
MA;Maranhão;Ambos;2012;Agressão;1775;26.45;26.53
MA;Maranhão;Ambos;2012;Causas acidentais;714;10.64;12.06
MA;Maranhão;Ambos;2012;Lesão autoprovocada;206;3.4;3.63
MA;Maranhão;Ambos;2012;Demais causas externas;208;3.1;3.55
MA;Maranhão;Ambos;2013;Lesão de trânsito;1626;24.08;27.1
MA;Maranhão;Ambos;2013;Agressão;2163;32.03;31.8
MA;Maranhão;Ambos;2013;Causas acidentais;765;11.33;12.76
MA;Maranhão;Ambos;2013;Lesão autoprovocada;242;3.95;4.3
MA;Maranhão;Ambos;2013;Demais causas externas;230;3.41;4.15
MA;Maranhão;Ambos;2014;Lesão de trânsito;1808;26.62;29.1
MA;Maranhão;Ambos;2014;Agressão;2457;36.17;35.61
MA;Maranhão;Ambos;2014;Causas acidentais;792;11.66;13.16
MA;Maranhão;Ambos;2014;Lesão autoprovocada;255;4.13;4.45
MA;Maranhão;Ambos;2014;Demais causas externas;268;3.95;4.82
MA;Maranhão;Ambos;2015;Lesão de trânsito;1633;23.9;26
MA;Maranhão;Ambos;2015;Agressão;2438;35.69;35.6
MA;Maranhão;Ambos;2015;Causas acidentais;769;11.26;12.64
MA;Maranhão;Ambos;2015;Lesão autoprovocada;280;4.49;4.85
MA;Maranhão;Ambos;2015;Demais causas externas;262;3.84;4.46
MA;Maranhão;Ambos;2016;Lesão de trânsito;1692;24.65;26.44
MA;Maranhão;Ambos;2016;Agressão;2408;35.08;34.95
MA;Maranhão;Ambos;2016;Causas acidentais;774;11.28;12.98
MA;Maranhão;Ambos;2016;Lesão autoprovocada;294;4.69;5.05
MA;Maranhão;Ambos;2016;Demais causas externas;284;4.14;4.88
MA;Maranhão;Ambos;2017;Lesão de trânsito;1448;21.01;22.63
MA;Maranhão;Ambos;2017;Agressão;2180;31.64;31.03
MA;Maranhão;Ambos;2017;Causas acidentais;924;13.41;14.81
MA;Maranhão;Ambos;2017;Lesão autoprovocada;318;5.04;5.43
MA;Maranhão;Ambos;2017;Demais causas externas;206;2.99;3.64
MA;Maranhão;Ambos;2018;Lesão de trânsito;1374;19.86;21.4
MA;Maranhão;Ambos;2018;Agressão;1980;28.63;28.15
MA;Maranhão;Ambos;2018;Causas acidentais;924;13.36;14.7
MA;Maranhão;Ambos;2018;Lesão autoprovocada;313;4.93;5.32
MA;Maranhão;Ambos;2018;Demais causas externas;220;3.18;3.66
MA;Maranhão;Ambos;2019;Lesão de trânsito;1301;18.73;20.26
MA;Maranhão;Ambos;2019;Agressão;1703;24.52;24.32
MA;Maranhão;Ambos;2019;Causas acidentais;888;12.78;14.38
MA;Maranhão;Ambos;2019;Lesão autoprovocada;334;5.24;5.56
MA;Maranhão;Ambos;2019;Demais causas externas;288;4.15;4.96
MA;Maranhão;Ambos;2020;Lesão de trânsito;1426;20.46;21.72
MA;Maranhão;Ambos;2020;Agressão;2100;30.12;29.52
MA;Maranhão;Ambos;2020;Causas acidentais;929;13.33;14.61
MA;Maranhão;Ambos;2020;Lesão autoprovocada;341;5.32;5.72
MA;Maranhão;Ambos;2020;Demais causas externas;195;2.8;3.12
MA;Maranhão;Ambos;2021;Lesão de trânsito;1455;20.82;21.98
MA;Maranhão;Ambos;2021;Agressão;1998;28.59;28.19
MA;Maranhão;Ambos;2021;Causas acidentais;955;13.67;14.98
MA;Maranhão;Ambos;2021;Lesão autoprovocada;386;5.99;6.15
MA;Maranhão;Ambos;2021;Demais causas externas;262;3.75;4.21
MA;Maranhão;Ambos;2022;Lesão de trânsito;1394;19.92;20.87
MA;Maranhão;Ambos;2022;Agressão;1938;27.69;27.26
MA;Maranhão;Ambos;2022;Causas acidentais;876;12.52;13.77
MA;Maranhão;Ambos;2022;Lesão autoprovocada;395;6.12;6.42
MA;Maranhão;Ambos;2022;Demais causas externas;251;3.59;3.98
MA;Maranhão;Ambos;2023;Lesão de trânsito;1537;21.95;22.9
MA;Maranhão;Ambos;2023;Agressão;2005;28.63;28
MA;Maranhão;Ambos;2023;Causas acidentais;944;13.48;14.56
MA;Maranhão;Ambos;2023;Lesão autoprovocada;460;7.1;7.33
MA;Maranhão;Ambos;2023;Demais causas externas;209;2.98;3.25
MA;Maranhão;Ambos;2024;Lesão de trânsito;1665;23.75;24.38
MA;Maranhão;Ambos;2024;Agressão;2160;30.81;30.08
MA;Maranhão;Ambos;2024;Causas acidentais;1058;15.09;16.28
MA;Maranhão;Ambos;2024;Lesão autoprovocada;438;6.73;6.92
MA;Maranhão;Ambos;2024;Demais causas externas;252;3.59;3.83
MA;Maranhão;Ambos;2025;Lesão de trânsito;1615;23.01;23.64
MA;Maranhão;Ambos;2025;Agressão;2102;29.95;29.41
MA;Maranhão;Ambos;2025;Causas acidentais;1045;14.89;15.87
MA;Maranhão;Ambos;2025;Lesão autoprovocada;453;6.93;7.14
MA;Maranhão;Ambos;2025;Demais causas externas;258;3.68;3.89
MA;Maranhão;Homens;2000;Lesão de trânsito;389;13.21;16.72
MA;Maranhão;Homens;2000;Agressão;319;10.83;12.27
MA;Maranhão;Homens;2000;Causas acidentais;302;10.26;11.68
MA;Maranhão;Homens;2000;Lesão autoprovocada;50;1.94;2.28
MA;Maranhão;Homens;2000;Demais causas externas;257;8.73;10.81
MA;Maranhão;Homens;2001;Lesão de trânsito;452;15.15;18.9
MA;Maranhão;Homens;2001;Agressão;508;17.03;19.1
MA;Maranhão;Homens;2001;Causas acidentais;300;10.06;11.42
MA;Maranhão;Homens;2001;Lesão autoprovocada;88;3.37;3.66
MA;Maranhão;Homens;2001;Demais causas externas;186;6.24;7.75
MA;Maranhão;Homens;2002;Lesão de trânsito;545;18.05;22.34
MA;Maranhão;Homens;2002;Agressão;567;18.78;21.04
MA;Maranhão;Homens;2002;Causas acidentais;291;9.64;10.99
MA;Maranhão;Homens;2002;Lesão autoprovocada;80;3.02;3.55
MA;Maranhão;Homens;2002;Demais causas externas;185;6.13;7.59
MA;Maranhão;Homens;2003;Lesão de trânsito;568;18.59;22.84
MA;Maranhão;Homens;2003;Agressão;723;23.67;26.9
MA;Maranhão;Homens;2003;Causas acidentais;357;11.69;13.77
MA;Maranhão;Homens;2003;Lesão autoprovocada;56;2.08;2.4
MA;Maranhão;Homens;2003;Demais causas externas;110;3.6;4.44
MA;Maranhão;Homens;2004;Lesão de trânsito;677;21.91;27.22
MA;Maranhão;Homens;2004;Agressão;676;21.88;23.87
MA;Maranhão;Homens;2004;Causas acidentais;348;11.26;13.07
MA;Maranhão;Homens;2004;Lesão autoprovocada;69;2.53;3.06
MA;Maranhão;Homens;2004;Demais causas externas;93;3.01;3.76
MA;Maranhão;Homens;2005;Lesão de trânsito;748;23.94;29.06
MA;Maranhão;Homens;2005;Agressão;877;28.07;30.3
MA;Maranhão;Homens;2005;Causas acidentais;467;14.95;17.42
MA;Maranhão;Homens;2005;Lesão autoprovocada;93;3.37;4.3
MA;Maranhão;Homens;2005;Demais causas externas;94;3.01;3.98
MA;Maranhão;Homens;2006;Lesão de trânsito;723;22.87;27.91
MA;Maranhão;Homens;2006;Agressão;898;28.4;30.46
MA;Maranhão;Homens;2006;Causas acidentais;434;13.73;15.21
MA;Maranhão;Homens;2006;Lesão autoprovocada;122;4.36;5.17
MA;Maranhão;Homens;2006;Demais causas externas;105;3.32;4.05
MA;Maranhão;Homens;2007;Lesão de trânsito;885;27.68;33.23
MA;Maranhão;Homens;2007;Agressão;1063;33.25;34.94
MA;Maranhão;Homens;2007;Causas acidentais;452;14.14;15.72
MA;Maranhão;Homens;2007;Lesão autoprovocada;133;4.69;5.35
MA;Maranhão;Homens;2007;Demais causas externas;128;4;4.77
MA;Maranhão;Homens;2008;Lesão de trânsito;1012;31.33;37.61
MA;Maranhão;Homens;2008;Agressão;1192;36.91;38.67
MA;Maranhão;Homens;2008;Causas acidentais;509;15.76;17.5
MA;Maranhão;Homens;2008;Lesão autoprovocada;140;4.88;5.44
MA;Maranhão;Homens;2008;Demais causas externas;140;4.33;5.37
MA;Maranhão;Homens;2009;Lesão de trânsito;974;29.87;35.54
MA;Maranhão;Homens;2009;Agressão;1310;40.17;41.29
MA;Maranhão;Homens;2009;Causas acidentais;503;15.43;18.02
MA;Maranhão;Homens;2009;Lesão autoprovocada;118;4.06;4.85
MA;Maranhão;Homens;2009;Demais causas externas;140;4.29;5.19
MA;Maranhão;Homens;2010;Lesão de trânsito;1096;33.35;39.2
MA;Maranhão;Homens;2010;Agressão;1398;42.54;43.43
MA;Maranhão;Homens;2010;Causas acidentais;479;14.57;16.62
MA;Maranhão;Homens;2010;Lesão autoprovocada;170;5.79;6.52
MA;Maranhão;Homens;2010;Demais causas externas;154;4.69;5.6
MA;Maranhão;Homens;2011;Lesão de trânsito;1282;38.76;44.32
MA;Maranhão;Homens;2011;Agressão;1460;44.14;46.11
MA;Maranhão;Homens;2011;Causas acidentais;464;14.03;16.23
MA;Maranhão;Homens;2011;Lesão autoprovocada;182;6.13;6.86
MA;Maranhão;Homens;2011;Demais causas externas;162;4.9;5.97
MA;Maranhão;Homens;2012;Lesão de trânsito;1461;43.9;49.91
MA;Maranhão;Homens;2012;Agressão;1660;49.88;50.17
MA;Maranhão;Homens;2012;Causas acidentais;526;15.81;17.95
MA;Maranhão;Homens;2012;Lesão autoprovocada;162;5.4;5.9
MA;Maranhão;Homens;2012;Demais causas externas;147;4.42;5.05
MA;Maranhão;Homens;2013;Lesão de trânsito;1359;40.61;46.46
MA;Maranhão;Homens;2013;Agressão;2031;60.68;60.6
MA;Maranhão;Homens;2013;Causas acidentais;580;17.33;19.61
MA;Maranhão;Homens;2013;Lesão autoprovocada;197;6.51;7.18
MA;Maranhão;Homens;2013;Demais causas externas;159;4.75;5.69
MA;Maranhão;Homens;2014;Lesão de trânsito;1525;45.32;50.09
MA;Maranhão;Homens;2014;Agressão;2302;68.41;67.93
MA;Maranhão;Homens;2014;Causas acidentais;584;17.35;19.47
MA;Maranhão;Homens;2014;Lesão autoprovocada;209;6.85;7.44
MA;Maranhão;Homens;2014;Demais causas externas;193;5.74;6.99
MA;Maranhão;Homens;2015;Lesão de trânsito;1393;41.18;45.49
MA;Maranhão;Homens;2015;Agressão;2286;67.58;67.93
MA;Maranhão;Homens;2015;Causas acidentais;567;16.76;18.86
MA;Maranhão;Homens;2015;Lesão autoprovocada;221;7.19;7.94
MA;Maranhão;Homens;2015;Demais causas externas;191;5.65;6.54
MA;Maranhão;Homens;2016;Lesão de trânsito;1414;41.62;45.21
MA;Maranhão;Homens;2016;Agressão;2247;66.14;66.44
MA;Maranhão;Homens;2016;Causas acidentais;573;16.87;19.32
MA;Maranhão;Homens;2016;Lesão autoprovocada;230;7.43;8.21
MA;Maranhão;Homens;2016;Demais causas externas;200;5.89;7.03
MA;Maranhão;Homens;2017;Lesão de trânsito;1218;35.73;39.2
MA;Maranhão;Homens;2017;Agressão;2051;60.17;59.46
MA;Maranhão;Homens;2017;Causas acidentais;712;20.89;23.02
MA;Maranhão;Homens;2017;Lesão autoprovocada;262;8.42;9.38
MA;Maranhão;Homens;2017;Demais causas externas;141;4.14;5.02
MA;Maranhão;Homens;2018;Lesão de trânsito;1167;34.12;37.41
MA;Maranhão;Homens;2018;Agressão;1854;54.2;53.96
MA;Maranhão;Homens;2018;Causas acidentais;674;19.7;21.6
MA;Maranhão;Homens;2018;Lesão autoprovocada;247;7.9;8.64
MA;Maranhão;Homens;2018;Demais causas externas;143;4.18;4.82
MA;Maranhão;Homens;2019;Lesão de trânsito;1098;31.97;35.25
MA;Maranhão;Homens;2019;Agressão;1583;46.09;46.18
MA;Maranhão;Homens;2019;Causas acidentais;655;19.07;21.72
MA;Maranhão;Homens;2019;Lesão autoprovocada;265;8.43;9.11
MA;Maranhão;Homens;2019;Demais causas externas;177;5.15;6.3
MA;Maranhão;Homens;2020;Lesão de trânsito;1187;34.46;37.2
MA;Maranhão;Homens;2020;Agressão;1958;56.84;55.96
MA;Maranhão;Homens;2020;Causas acidentais;686;19.92;22.06
MA;Maranhão;Homens;2020;Lesão autoprovocada;284;8.99;9.84
MA;Maranhão;Homens;2020;Demais causas externas;128;3.72;4.27
MA;Maranhão;Homens;2021;Lesão de trânsito;1223;35.44;38.06
MA;Maranhão;Homens;2021;Agressão;1867;54.1;53.65
MA;Maranhão;Homens;2021;Causas acidentais;718;20.81;23.2
MA;Maranhão;Homens;2021;Lesão autoprovocada;308;9.72;10.17
MA;Maranhão;Homens;2021;Demais causas externas;163;4.72;5.4
MA;Maranhão;Homens;2022;Lesão de trânsito;1131;32.75;34.98
MA;Maranhão;Homens;2022;Agressão;1804;52.23;51.86
MA;Maranhão;Homens;2022;Causas acidentais;617;17.86;20.04
MA;Maranhão;Homens;2022;Lesão autoprovocada;317;9.98;10.68
MA;Maranhão;Homens;2022;Demais causas externas;172;4.98;5.52
MA;Maranhão;Homens;2023;Lesão de trânsito;1305;37.77;40.06
MA;Maranhão;Homens;2023;Agressão;1859;53.81;52.94
MA;Maranhão;Homens;2023;Causas acidentais;674;19.51;21.51
MA;Maranhão;Homens;2023;Lesão autoprovocada;370;11.61;12.18
MA;Maranhão;Homens;2023;Demais causas externas;140;4.05;4.47
MA;Maranhão;Homens;2024;Lesão de trânsito;1402;40.55;42.19
MA;Maranhão;Homens;2024;Agressão;1999;57.82;56.69
MA;Maranhão;Homens;2024;Causas acidentais;749;21.67;23.66
MA;Maranhão;Homens;2024;Lesão autoprovocada;369;11.53;11.98
MA;Maranhão;Homens;2024;Demais causas externas;172;4.98;5.31
MA;Maranhão;Homens;2025;Lesão de trânsito;1363;39.4;41.03
MA;Maranhão;Homens;2025;Agressão;1967;56.86;56
MA;Maranhão;Homens;2025;Causas acidentais;749;21.65;23.61
MA;Maranhão;Homens;2025;Lesão autoprovocada;363;11.31;11.84
MA;Maranhão;Homens;2025;Demais causas externas;193;5.58;5.99
MA;Maranhão;Mulheres;2000;Lesão de trânsito;91;3.07;3.56
MA;Maranhão;Mulheres;2000;Agressão;32;1.08;1.27
MA;Maranhão;Mulheres;2000;Causas acidentais;78;2.63;3.02
MA;Maranhão;Mulheres;2000;Lesão autoprovocada;21;0.81;0.88
MA;Maranhão;Mulheres;2000;Demais causas externas;71;2.4;3.02
MA;Maranhão;Mulheres;2001;Lesão de trânsito;91;3.03;3.63
MA;Maranhão;Mulheres;2001;Agressão;54;1.8;2.09
MA;Maranhão;Mulheres;2001;Causas acidentais;75;2.5;2.82
MA;Maranhão;Mulheres;2001;Lesão autoprovocada;21;0.8;0.79
MA;Maranhão;Mulheres;2001;Demais causas externas;56;1.86;2.54
MA;Maranhão;Mulheres;2002;Lesão de trânsito;145;4.77;5.76
MA;Maranhão;Mulheres;2002;Agressão;39;1.28;1.49
MA;Maranhão;Mulheres;2002;Causas acidentais;81;2.66;2.93
MA;Maranhão;Mulheres;2002;Lesão autoprovocada;45;1.68;1.88
MA;Maranhão;Mulheres;2002;Demais causas externas;52;1.71;2.17
MA;Maranhão;Mulheres;2003;Lesão de trânsito;157;5.1;5.77
MA;Maranhão;Mulheres;2003;Agressão;69;2.24;2.49
MA;Maranhão;Mulheres;2003;Causas acidentais;118;3.83;4.13
MA;Maranhão;Mulheres;2003;Lesão autoprovocada;34;1.25;1.14
MA;Maranhão;Mulheres;2003;Demais causas externas;37;1.2;1.57
MA;Maranhão;Mulheres;2004;Lesão de trânsito;178;5.71;6.54
MA;Maranhão;Mulheres;2004;Agressão;53;1.7;1.82
MA;Maranhão;Mulheres;2004;Causas acidentais;104;3.34;3.97
MA;Maranhão;Mulheres;2004;Lesão autoprovocada;30;1.09;1.18
MA;Maranhão;Mulheres;2004;Demais causas externas;27;0.87;1.07
MA;Maranhão;Mulheres;2005;Lesão de trânsito;196;6.22;6.91
MA;Maranhão;Mulheres;2005;Agressão;58;1.84;1.97
MA;Maranhão;Mulheres;2005;Causas acidentais;142;4.5;4.99
MA;Maranhão;Mulheres;2005;Lesão autoprovocada;23;0.82;0.99
MA;Maranhão;Mulheres;2005;Demais causas externas;30;0.95;1.31
MA;Maranhão;Mulheres;2006;Lesão de trânsito;160;5.01;5.71
MA;Maranhão;Mulheres;2006;Agressão;65;2.04;2.13
MA;Maranhão;Mulheres;2006;Causas acidentais;145;4.54;5.07
MA;Maranhão;Mulheres;2006;Lesão autoprovocada;37;1.3;1.5
MA;Maranhão;Mulheres;2006;Demais causas externas;49;1.53;2.06
MA;Maranhão;Mulheres;2007;Lesão de trânsito;203;6.28;7.21
MA;Maranhão;Mulheres;2007;Agressão;62;1.92;2.07
MA;Maranhão;Mulheres;2007;Causas acidentais;130;4.02;4.44
MA;Maranhão;Mulheres;2007;Lesão autoprovocada;27;0.94;1.08
MA;Maranhão;Mulheres;2007;Demais causas externas;58;1.79;2.36
MA;Maranhão;Mulheres;2008;Lesão de trânsito;204;6.24;6.81
MA;Maranhão;Mulheres;2008;Agressão;81;2.48;2.69
MA;Maranhão;Mulheres;2008;Causas acidentais;143;4.37;5.18
MA;Maranhão;Mulheres;2008;Lesão autoprovocada;39;1.33;1.43
MA;Maranhão;Mulheres;2008;Demais causas externas;40;1.22;1.65
MA;Maranhão;Mulheres;2009;Lesão de trânsito;207;6.26;7.21
MA;Maranhão;Mulheres;2009;Agressão;87;2.63;2.72
MA;Maranhão;Mulheres;2009;Causas acidentais;160;4.84;5.39
MA;Maranhão;Mulheres;2009;Lesão autoprovocada;38;1.28;1.49
MA;Maranhão;Mulheres;2009;Demais causas externas;47;1.42;1.75
MA;Maranhão;Mulheres;2010;Lesão de trânsito;258;7.74;8.55
MA;Maranhão;Mulheres;2010;Agressão;117;3.51;3.79
MA;Maranhão;Mulheres;2010;Causas acidentais;124;3.72;4.24
MA;Maranhão;Mulheres;2010;Lesão autoprovocada;38;1.27;1.3
MA;Maranhão;Mulheres;2010;Demais causas externas;52;1.56;1.93
MA;Maranhão;Mulheres;2011;Lesão de trânsito;233;6.94;7.48
MA;Maranhão;Mulheres;2011;Agressão;131;3.9;4.15
MA;Maranhão;Mulheres;2011;Causas acidentais;139;4.14;4.75
MA;Maranhão;Mulheres;2011;Lesão autoprovocada;36;1.19;1.25
MA;Maranhão;Mulheres;2011;Demais causas externas;46;1.37;1.78
MA;Maranhão;Mulheres;2012;Lesão de trânsito;299;8.84;9.64
MA;Maranhão;Mulheres;2012;Agressão;114;3.37;3.72
MA;Maranhão;Mulheres;2012;Causas acidentais;187;5.53;6.34
MA;Maranhão;Mulheres;2012;Lesão autoprovocada;43;1.4;1.44
MA;Maranhão;Mulheres;2012;Demais causas externas;60;1.77;2.07
MA;Maranhão;Mulheres;2013;Lesão de trânsito;267;7.84;8.73
MA;Maranhão;Mulheres;2013;Agressão;131;3.85;4.02
MA;Maranhão;Mulheres;2013;Causas acidentais;184;5.4;6.15
MA;Maranhão;Mulheres;2013;Lesão autoprovocada;45;1.45;1.61
MA;Maranhão;Mulheres;2013;Demais causas externas;71;2.08;2.66
MA;Maranhão;Mulheres;2014;Lesão de trânsito;283;8.26;9.1
MA;Maranhão;Mulheres;2014;Agressão;152;4.43;4.44
MA;Maranhão;Mulheres;2014;Causas acidentais;207;6.04;7.04
MA;Maranhão;Mulheres;2014;Lesão autoprovocada;46;1.47;1.6
MA;Maranhão;Mulheres;2014;Demais causas externas;75;2.19;2.78
MA;Maranhão;Mulheres;2015;Lesão de trânsito;239;6.93;7.45
MA;Maranhão;Mulheres;2015;Agressão;148;4.29;4.45
MA;Maranhão;Mulheres;2015;Causas acidentais;202;5.86;6.62
MA;Maranhão;Mulheres;2015;Lesão autoprovocada;59;1.87;1.91
MA;Maranhão;Mulheres;2015;Demais causas externas;71;2.06;2.48
MA;Maranhão;Mulheres;2016;Lesão de trânsito;278;8.02;8.58
MA;Maranhão;Mulheres;2016;Agressão;159;4.59;4.68
MA;Maranhão;Mulheres;2016;Causas acidentais;201;5.8;6.87
MA;Maranhão;Mulheres;2016;Lesão autoprovocada;64;2.01;2.09
MA;Maranhão;Mulheres;2016;Demais causas externas;84;2.42;2.89
MA;Maranhão;Mulheres;2017;Lesão de trânsito;229;6.58;6.91
MA;Maranhão;Mulheres;2017;Agressão;127;3.65;3.64
MA;Maranhão;Mulheres;2017;Causas acidentais;211;6.06;6.94
MA;Maranhão;Mulheres;2017;Lesão autoprovocada;56;1.75;1.72
MA;Maranhão;Mulheres;2017;Demais causas externas;65;1.87;2.34
MA;Maranhão;Mulheres;2018;Lesão de trânsito;206;5.89;6.25
MA;Maranhão;Mulheres;2018;Agressão;122;3.49;3.29
MA;Maranhão;Mulheres;2018;Causas acidentais;250;7.15;8.04
MA;Maranhão;Mulheres;2018;Lesão autoprovocada;65;2.02;2.2
MA;Maranhão;Mulheres;2018;Demais causas externas;76;2.17;2.55
MA;Maranhão;Mulheres;2019;Lesão de trânsito;203;5.78;6.12
MA;Maranhão;Mulheres;2019;Agressão;114;3.25;3.25
MA;Maranhão;Mulheres;2019;Causas acidentais;232;6.61;7.41
MA;Maranhão;Mulheres;2019;Lesão autoprovocada;69;2.13;2.21
MA;Maranhão;Mulheres;2019;Demais causas externas;110;3.13;3.73
MA;Maranhão;Mulheres;2020;Lesão de trânsito;239;6.78;7.09
MA;Maranhão;Mulheres;2020;Agressão;140;3.97;3.99
MA;Maranhão;Mulheres;2020;Causas acidentais;243;6.89;7.5
MA;Maranhão;Mulheres;2020;Lesão autoprovocada;57;1.75;1.86
MA;Maranhão;Mulheres;2020;Demais causas externas;67;1.9;2.07
MA;Maranhão;Mulheres;2021;Lesão de trânsito;232;6.56;6.78
MA;Maranhão;Mulheres;2021;Agressão;131;3.7;3.69
MA;Maranhão;Mulheres;2021;Causas acidentais;236;6.67;7.22
MA;Maranhão;Mulheres;2021;Lesão autoprovocada;77;2.36;2.38
MA;Maranhão;Mulheres;2021;Demais causas externas;99;2.8;3.1
MA;Maranhão;Mulheres;2022;Lesão de trânsito;262;7.39;7.58
MA;Maranhão;Mulheres;2022;Agressão;127;3.58;3.54
MA;Maranhão;Mulheres;2022;Causas acidentais;256;7.22;7.79
MA;Maranhão;Mulheres;2022;Lesão autoprovocada;78;2.38;2.45
MA;Maranhão;Mulheres;2022;Demais causas externas;79;2.23;2.51
MA;Maranhão;Mulheres;2023;Lesão de trânsito;231;6.51;6.72
MA;Maranhão;Mulheres;2023;Agressão;139;3.92;3.91
MA;Maranhão;Mulheres;2023;Causas acidentais;266;7.5;8
MA;Maranhão;Mulheres;2023;Lesão autoprovocada;90;2.73;2.78
MA;Maranhão;Mulheres;2023;Demais causas externas;69;1.94;2.12
MA;Maranhão;Mulheres;2024;Lesão de trânsito;262;7.37;7.54
MA;Maranhão;Mulheres;2024;Agressão;157;4.42;4.38
MA;Maranhão;Mulheres;2024;Causas acidentais;308;8.67;9.24
MA;Maranhão;Mulheres;2024;Lesão autoprovocada;69;2.09;2.15
MA;Maranhão;Mulheres;2024;Demais causas externas;80;2.25;2.41
MA;Maranhão;Mulheres;2025;Lesão de trânsito;252;7.08;7.17
MA;Maranhão;Mulheres;2025;Agressão;132;3.71;3.69
MA;Maranhão;Mulheres;2025;Causas acidentais;293;8.23;8.59
MA;Maranhão;Mulheres;2025;Lesão autoprovocada;90;2.71;2.75
MA;Maranhão;Mulheres;2025;Demais causas externas;65;1.83;1.91
MG;Minas Gerais;Ambos;2000;Lesão de trânsito;2285;12.55;13.74
MG;Minas Gerais;Ambos;2000;Agressão;2107;11.57;11.45
MG;Minas Gerais;Ambos;2000;Causas acidentais;1859;10.21;11.43
MG;Minas Gerais;Ambos;2000;Lesão autoprovocada;602;3.64;3.93
MG;Minas Gerais;Ambos;2000;Demais causas externas;1349;7.41;8.46
MG;Minas Gerais;Ambos;2001;Lesão de trânsito;2551;13.85;15.09
MG;Minas Gerais;Ambos;2001;Agressão;2366;12.84;12.71
MG;Minas Gerais;Ambos;2001;Causas acidentais;1806;9.8;11.19
MG;Minas Gerais;Ambos;2001;Lesão autoprovocada;800;4.77;5.18
MG;Minas Gerais;Ambos;2001;Demais causas externas;1353;7.34;8.53
MG;Minas Gerais;Ambos;2002;Lesão de trânsito;2799;15.03;16.11
MG;Minas Gerais;Ambos;2002;Agressão;2993;16.07;15.65
MG;Minas Gerais;Ambos;2002;Causas acidentais;1996;10.72;11.91
MG;Minas Gerais;Ambos;2002;Lesão autoprovocada;803;4.72;5.08
MG;Minas Gerais;Ambos;2002;Demais causas externas;1007;5.41;6.4
MG;Minas Gerais;Ambos;2003;Lesão de trânsito;2965;15.76;16.88
MG;Minas Gerais;Ambos;2003;Agressão;3865;20.54;19.69
MG;Minas Gerais;Ambos;2003;Causas acidentais;1949;10.36;11.87
MG;Minas Gerais;Ambos;2003;Lesão autoprovocada;948;5.5;5.96
MG;Minas Gerais;Ambos;2003;Demais causas externas;1079;5.73;6.85
MG;Minas Gerais;Ambos;2004;Lesão de trânsito;3301;17.37;18.53
MG;Minas Gerais;Ambos;2004;Agressão;4283;22.54;21.6
MG;Minas Gerais;Ambos;2004;Causas acidentais;1778;9.36;10.47
MG;Minas Gerais;Ambos;2004;Lesão autoprovocada;906;5.19;5.45
MG;Minas Gerais;Ambos;2004;Demais causas externas;1177;6.2;7.32
MG;Minas Gerais;Ambos;2005;Lesão de trânsito;3369;17.57;18.58
MG;Minas Gerais;Ambos;2005;Agressão;4219;22.01;21.09
MG;Minas Gerais;Ambos;2005;Causas acidentais;1932;10.08;11.28
MG;Minas Gerais;Ambos;2005;Lesão autoprovocada;994;5.63;6.06
MG;Minas Gerais;Ambos;2005;Demais causas externas;1157;6.03;6.94
MG;Minas Gerais;Ambos;2006;Lesão de trânsito;3627;18.76;19.8
MG;Minas Gerais;Ambos;2006;Agressão;4175;21.59;20.6
MG;Minas Gerais;Ambos;2006;Causas acidentais;1967;10.17;11.52
MG;Minas Gerais;Ambos;2006;Lesão autoprovocada;1022;5.72;6.03
MG;Minas Gerais;Ambos;2006;Demais causas externas;1392;7.2;8.16
MG;Minas Gerais;Ambos;2007;Lesão de trânsito;3723;19.1;19.93
MG;Minas Gerais;Ambos;2007;Agressão;4120;21.14;20.22
MG;Minas Gerais;Ambos;2007;Causas acidentais;2208;11.33;12.67
MG;Minas Gerais;Ambos;2007;Lesão autoprovocada;1028;5.7;6.01
MG;Minas Gerais;Ambos;2007;Demais causas externas;1336;6.86;7.72
MG;Minas Gerais;Ambos;2008;Lesão de trânsito;3834;19.53;20.15
MG;Minas Gerais;Ambos;2008;Agressão;3880;19.76;18.8
MG;Minas Gerais;Ambos;2008;Causas acidentais;2015;10.26;11.61
MG;Minas Gerais;Ambos;2008;Lesão autoprovocada;1050;5.76;6.02
MG;Minas Gerais;Ambos;2008;Demais causas externas;1408;7.17;7.91
MG;Minas Gerais;Ambos;2009;Lesão de trânsito;3821;19.32;20.01
MG;Minas Gerais;Ambos;2009;Agressão;3741;18.92;18.02
MG;Minas Gerais;Ambos;2009;Causas acidentais;2144;10.84;12.08
MG;Minas Gerais;Ambos;2009;Lesão autoprovocada;1123;6.1;6.36
MG;Minas Gerais;Ambos;2009;Demais causas externas;1852;9.37;10.22
MG;Minas Gerais;Ambos;2010;Lesão de trânsito;4176;21;21.52
MG;Minas Gerais;Ambos;2010;Agressão;3641;18.31;17.5
MG;Minas Gerais;Ambos;2010;Causas acidentais;2349;11.81;13.13
MG;Minas Gerais;Ambos;2010;Lesão autoprovocada;1102;5.94;6.15
MG;Minas Gerais;Ambos;2010;Demais causas externas;1663;8.36;9.04
MG;Minas Gerais;Ambos;2011;Lesão de trânsito;4456;22.3;22.66
MG;Minas Gerais;Ambos;2011;Agressão;4260;21.32;20.45
MG;Minas Gerais;Ambos;2011;Causas acidentais;2468;12.35;13.48
MG;Minas Gerais;Ambos;2011;Lesão autoprovocada;1258;6.74;6.91
MG;Minas Gerais;Ambos;2011;Demais causas externas;1821;9.11;9.84
MG;Minas Gerais;Ambos;2012;Lesão de trânsito;4290;21.35;21.56
MG;Minas Gerais;Ambos;2012;Agressão;4558;22.68;21.6
MG;Minas Gerais;Ambos;2012;Causas acidentais;2573;12.8;13.78
MG;Minas Gerais;Ambos;2012;Lesão autoprovocada;1264;6.73;6.92
MG;Minas Gerais;Ambos;2012;Demais causas externas;1552;7.72;8.13
MG;Minas Gerais;Ambos;2013;Lesão de trânsito;4140;20.48;20.67
MG;Minas Gerais;Ambos;2013;Agressão;4713;23.31;22.24
MG;Minas Gerais;Ambos;2013;Causas acidentais;2473;12.23;12.97
MG;Minas Gerais;Ambos;2013;Lesão autoprovocada;1159;6.13;6.25
MG;Minas Gerais;Ambos;2013;Demais causas externas;1685;8.34;8.64
MG;Minas Gerais;Ambos;2014;Lesão de trânsito;4212;20.71;20.74
MG;Minas Gerais;Ambos;2014;Agressão;4718;23.19;22.27
MG;Minas Gerais;Ambos;2014;Causas acidentais;2712;13.33;13.95
MG;Minas Gerais;Ambos;2014;Lesão autoprovocada;1357;7.13;7.24
MG;Minas Gerais;Ambos;2014;Demais causas externas;1846;9.08;9.34
MG;Minas Gerais;Ambos;2015;Lesão de trânsito;3816;18.64;18.59
MG;Minas Gerais;Ambos;2015;Agressão;4525;22.11;21.35
MG;Minas Gerais;Ambos;2015;Causas acidentais;2637;12.88;13.25
MG;Minas Gerais;Ambos;2015;Lesão autoprovocada;1303;6.8;6.87
MG;Minas Gerais;Ambos;2015;Demais causas externas;1721;8.41;8.53
MG;Minas Gerais;Ambos;2016;Lesão de trânsito;3539;17.19;17.12
MG;Minas Gerais;Ambos;2016;Agressão;4615;22.42;21.72
MG;Minas Gerais;Ambos;2016;Causas acidentais;2729;13.26;13.42
MG;Minas Gerais;Ambos;2016;Lesão autoprovocada;1302;6.75;6.77
MG;Minas Gerais;Ambos;2016;Demais causas externas;1847;8.97;9.01
MG;Minas Gerais;Ambos;2017;Lesão de trânsito;3628;17.53;17.39
MG;Minas Gerais;Ambos;2017;Agressão;4278;20.67;20.15
MG;Minas Gerais;Ambos;2017;Causas acidentais;2973;14.37;14.27
MG;Minas Gerais;Ambos;2017;Lesão autoprovocada;1515;7.81;7.78
MG;Minas Gerais;Ambos;2017;Demais causas externas;1930;9.33;9.24
MG;Minas Gerais;Ambos;2018;Lesão de trânsito;3186;15.32;15.12
MG;Minas Gerais;Ambos;2018;Agressão;3355;16.13;15.84
MG;Minas Gerais;Ambos;2018;Causas acidentais;3127;15.03;14.69
MG;Minas Gerais;Ambos;2018;Lesão autoprovocada;1530;7.85;7.81
MG;Minas Gerais;Ambos;2018;Demais causas externas;1584;7.61;7.41
MG;Minas Gerais;Ambos;2019;Lesão de trânsito;3095;14.8;14.58
MG;Minas Gerais;Ambos;2019;Agressão;2866;13.7;13.55
MG;Minas Gerais;Ambos;2019;Causas acidentais;3499;16.73;16.08
MG;Minas Gerais;Ambos;2019;Lesão autoprovocada;1732;8.83;8.74
MG;Minas Gerais;Ambos;2019;Demais causas externas;1921;9.18;8.86
MG;Minas Gerais;Ambos;2020;Lesão de trânsito;2888;13.73;13.48
MG;Minas Gerais;Ambos;2020;Agressão;2731;12.98;12.9
MG;Minas Gerais;Ambos;2020;Causas acidentais;3247;15.44;14.56
MG;Minas Gerais;Ambos;2020;Lesão autoprovocada;1647;8.34;8.23
MG;Minas Gerais;Ambos;2020;Demais causas externas;1903;9.05;8.62
MG;Minas Gerais;Ambos;2021;Lesão de trânsito;3155;14.94;14.6
MG;Minas Gerais;Ambos;2021;Agressão;2561;12.13;12.1
MG;Minas Gerais;Ambos;2021;Causas acidentais;3525;16.69;15.49
MG;Minas Gerais;Ambos;2021;Lesão autoprovocada;1800;9.07;8.94
MG;Minas Gerais;Ambos;2021;Demais causas externas;2325;11.01;10.36
MG;Minas Gerais;Ambos;2022;Lesão de trânsito;3080;14.54;14.18
MG;Minas Gerais;Ambos;2022;Agressão;2686;12.68;12.69
MG;Minas Gerais;Ambos;2022;Causas acidentais;3890;18.37;16.68
MG;Minas Gerais;Ambos;2022;Lesão autoprovocada;2048;10.28;10.13
MG;Minas Gerais;Ambos;2022;Demais causas externas;2317;10.94;10.24
MG;Minas Gerais;Ambos;2023;Lesão de trânsito;3249;15.29;14.85
MG;Minas Gerais;Ambos;2023;Agressão;2772;13.05;13.13
MG;Minas Gerais;Ambos;2023;Causas acidentais;4063;19.12;17.11
MG;Minas Gerais;Ambos;2023;Lesão autoprovocada;1996;9.97;9.8
MG;Minas Gerais;Ambos;2023;Demais causas externas;2591;12.19;11.31
MG;Minas Gerais;Ambos;2024;Lesão de trânsito;3338;15.65;15.13
MG;Minas Gerais;Ambos;2024;Agressão;2692;12.63;12.77
MG;Minas Gerais;Ambos;2024;Causas acidentais;4009;18.8;16.38
MG;Minas Gerais;Ambos;2024;Lesão autoprovocada;1824;9.06;8.92
MG;Minas Gerais;Ambos;2024;Demais causas externas;3588;16.83;15.57
MG;Minas Gerais;Ambos;2025;Lesão de trânsito;3142;14.69;14.23
MG;Minas Gerais;Ambos;2025;Agressão;2079;9.72;9.89
MG;Minas Gerais;Ambos;2025;Causas acidentais;3460;16.17;13.81
MG;Minas Gerais;Ambos;2025;Lesão autoprovocada;1623;8.02;7.9
MG;Minas Gerais;Ambos;2025;Demais causas externas;4892;22.87;20.81
MG;Minas Gerais;Homens;2000;Lesão de trânsito;1804;20.09;22.23
MG;Minas Gerais;Homens;2000;Agressão;1855;20.65;20.44
MG;Minas Gerais;Homens;2000;Causas acidentais;1463;16.29;18.32
MG;Minas Gerais;Homens;2000;Lesão autoprovocada;491;6.03;6.6
MG;Minas Gerais;Homens;2000;Demais causas externas;1032;11.49;13.24
MG;Minas Gerais;Homens;2001;Lesão de trânsito;2056;22.63;24.91
MG;Minas Gerais;Homens;2001;Agressão;2124;23.38;23.12
MG;Minas Gerais;Homens;2001;Causas acidentais;1403;15.45;17.76
MG;Minas Gerais;Homens;2001;Lesão autoprovocada;633;7.67;8.49
MG;Minas Gerais;Homens;2001;Demais causas externas;1014;11.16;13.11
MG;Minas Gerais;Homens;2002;Lesão de trânsito;2241;24.41;26.45
MG;Minas Gerais;Homens;2002;Agressão;2699;29.39;28.58
MG;Minas Gerais;Homens;2002;Causas acidentais;1537;16.74;18.81
MG;Minas Gerais;Homens;2002;Lesão autoprovocada;623;7.45;8.14
MG;Minas Gerais;Homens;2002;Demais causas externas;736;8.02;9.56
MG;Minas Gerais;Homens;2003;Lesão de trânsito;2398;25.85;28.03
MG;Minas Gerais;Homens;2003;Agressão;3489;37.61;35.96
MG;Minas Gerais;Homens;2003;Causas acidentais;1475;15.9;18.37
MG;Minas Gerais;Homens;2003;Lesão autoprovocada;767;9.06;10.06
MG;Minas Gerais;Homens;2003;Demais causas externas;789;8.51;10.37
MG;Minas Gerais;Homens;2004;Lesão de trânsito;2660;28.41;30.62
MG;Minas Gerais;Homens;2004;Agressão;3910;41.76;39.8
MG;Minas Gerais;Homens;2004;Causas acidentais;1375;14.68;16.59
MG;Minas Gerais;Homens;2004;Lesão autoprovocada;711;8.29;8.8
MG;Minas Gerais;Homens;2004;Demais causas externas;857;9.15;10.86
MG;Minas Gerais;Homens;2005;Lesão de trânsito;2729;28.89;30.83
MG;Minas Gerais;Homens;2005;Agressão;3842;40.67;38.71
MG;Minas Gerais;Homens;2005;Causas acidentais;1484;15.71;17.7
MG;Minas Gerais;Homens;2005;Lesão autoprovocada;779;8.98;9.82
MG;Minas Gerais;Homens;2005;Demais causas externas;842;8.91;10.45
MG;Minas Gerais;Homens;2006;Lesão de trânsito;2906;30.51;32.59
MG;Minas Gerais;Homens;2006;Agressão;3782;39.71;37.72
MG;Minas Gerais;Homens;2006;Causas acidentais;1474;15.47;17.68
MG;Minas Gerais;Homens;2006;Lesão autoprovocada;812;9.26;9.91
MG;Minas Gerais;Homens;2006;Demais causas externas;1020;10.71;12.19
MG;Minas Gerais;Homens;2007;Lesão de trânsito;3060;31.88;33.63
MG;Minas Gerais;Homens;2007;Agressão;3717;38.73;36.84
MG;Minas Gerais;Homens;2007;Causas acidentais;1633;17.02;19.4
MG;Minas Gerais;Homens;2007;Lesão autoprovocada;812;9.17;9.86
MG;Minas Gerais;Homens;2007;Demais causas externas;958;9.98;11.34
MG;Minas Gerais;Homens;2008;Lesão de trânsito;3069;31.75;33.06
MG;Minas Gerais;Homens;2008;Agressão;3504;36.25;34.36
MG;Minas Gerais;Homens;2008;Causas acidentais;1448;14.98;17.3
MG;Minas Gerais;Homens;2008;Lesão autoprovocada;824;9.21;9.77
MG;Minas Gerais;Homens;2008;Demais causas externas;1023;10.58;11.83
MG;Minas Gerais;Homens;2009;Lesão de trânsito;3067;31.51;32.94
MG;Minas Gerais;Homens;2009;Agressão;3339;34.31;32.44
MG;Minas Gerais;Homens;2009;Causas acidentais;1546;15.88;18.14
MG;Minas Gerais;Homens;2009;Lesão autoprovocada;878;9.72;10.29
MG;Minas Gerais;Homens;2009;Demais causas externas;1307;13.43;14.77
MG;Minas Gerais;Homens;2010;Lesão de trânsito;3367;34.41;35.59
MG;Minas Gerais;Homens;2010;Agressão;3233;33.04;31.46
MG;Minas Gerais;Homens;2010;Causas acidentais;1687;17.24;19.78
MG;Minas Gerais;Homens;2010;Lesão autoprovocada;861;9.46;9.85
MG;Minas Gerais;Homens;2010;Demais causas externas;1239;12.66;13.89
MG;Minas Gerais;Homens;2011;Lesão de trânsito;3621;36.84;37.73
MG;Minas Gerais;Homens;2011;Agressão;3802;38.69;36.9
MG;Minas Gerais;Homens;2011;Causas acidentais;1759;17.9;20.18
MG;Minas Gerais;Homens;2011;Lesão autoprovocada;972;10.62;11.04
MG;Minas Gerais;Homens;2011;Demais causas externas;1260;12.82;14.17
MG;Minas Gerais;Homens;2012;Lesão de trânsito;3511;35.53;36.12
MG;Minas Gerais;Homens;2012;Agressão;4096;41.45;39.18
MG;Minas Gerais;Homens;2012;Causas acidentais;1809;18.31;20.36
MG;Minas Gerais;Homens;2012;Lesão autoprovocada;989;10.73;11.13
MG;Minas Gerais;Homens;2012;Demais causas externas;1126;11.4;12.29
MG;Minas Gerais;Homens;2013;Lesão de trânsito;3383;34.04;34.63
MG;Minas Gerais;Homens;2013;Agressão;4282;43.08;40.77
MG;Minas Gerais;Homens;2013;Causas acidentais;1732;17.43;19.19
MG;Minas Gerais;Homens;2013;Lesão autoprovocada;905;9.76;10.06
MG;Minas Gerais;Homens;2013;Demais causas externas;1246;12.54;13.33
MG;Minas Gerais;Homens;2014;Lesão de trânsito;3438;34.38;34.77
MG;Minas Gerais;Homens;2014;Agressão;4313;43.13;41.11
MG;Minas Gerais;Homens;2014;Causas acidentais;1859;18.59;20.4
MG;Minas Gerais;Homens;2014;Lesão autoprovocada;1078;11.55;11.89
MG;Minas Gerais;Homens;2014;Demais causas externas;1310;13.1;13.83
MG;Minas Gerais;Homens;2015;Lesão de trânsito;3107;30.88;31.09
MG;Minas Gerais;Homens;2015;Agressão;4107;40.82;39.11
MG;Minas Gerais;Homens;2015;Causas acidentais;1791;17.8;19.15
MG;Minas Gerais;Homens;2015;Lesão autoprovocada;1007;10.72;10.97
MG;Minas Gerais;Homens;2015;Demais causas externas;1220;12.12;12.66
MG;Minas Gerais;Homens;2016;Lesão de trânsito;2844;28.11;28.34
MG;Minas Gerais;Homens;2016;Agressão;4239;41.89;40.2
MG;Minas Gerais;Homens;2016;Causas acidentais;1925;19.03;20.31
MG;Minas Gerais;Homens;2016;Lesão autoprovocada;1015;10.75;10.88
MG;Minas Gerais;Homens;2016;Demais causas externas;1285;12.7;13.19
MG;Minas Gerais;Homens;2017;Lesão de trânsito;2905;28.57;28.62
MG;Minas Gerais;Homens;2017;Agressão;3891;38.27;36.94
MG;Minas Gerais;Homens;2017;Causas acidentais;1984;19.51;20.68
MG;Minas Gerais;Homens;2017;Lesão autoprovocada;1197;12.6;12.68
MG;Minas Gerais;Homens;2017;Demais causas externas;1368;13.45;13.86
MG;Minas Gerais;Homens;2018;Lesão de trânsito;2570;25.15;25.08
MG;Minas Gerais;Homens;2018;Agressão;3005;29.41;28.63
MG;Minas Gerais;Homens;2018;Causas acidentais;2039;19.96;20.83
MG;Minas Gerais;Homens;2018;Lesão autoprovocada;1199;12.56;12.62
MG;Minas Gerais;Homens;2018;Demais causas externas;1132;11.08;11.19
MG;Minas Gerais;Homens;2019;Lesão de trânsito;2591;25.22;25.13
MG;Minas Gerais;Homens;2019;Agressão;2571;25.03;24.53
MG;Minas Gerais;Homens;2019;Causas acidentais;2337;22.75;23.44
MG;Minas Gerais;Homens;2019;Lesão autoprovocada;1373;14.29;14.24
MG;Minas Gerais;Homens;2019;Demais causas externas;1384;13.47;13.54
MG;Minas Gerais;Homens;2020;Lesão de trânsito;2404;23.28;23.05
MG;Minas Gerais;Homens;2020;Agressão;2462;23.84;23.46
MG;Minas Gerais;Homens;2020;Causas acidentais;2214;21.44;21.74
MG;Minas Gerais;Homens;2020;Lesão autoprovocada;1289;13.33;13.26
MG;Minas Gerais;Homens;2020;Demais causas externas;1312;12.7;12.65
MG;Minas Gerais;Homens;2021;Lesão de trânsito;2597;25.05;24.69
MG;Minas Gerais;Homens;2021;Agressão;2312;22.31;22.03
MG;Minas Gerais;Homens;2021;Causas acidentais;2344;22.61;22.62
MG;Minas Gerais;Homens;2021;Lesão autoprovocada;1372;14.12;13.99
MG;Minas Gerais;Homens;2021;Demais causas externas;1600;15.44;15.31
MG;Minas Gerais;Homens;2022;Lesão de trânsito;2533;24.38;23.92
MG;Minas Gerais;Homens;2022;Agressão;2412;23.21;22.96
MG;Minas Gerais;Homens;2022;Causas acidentais;2484;23.9;23.65
MG;Minas Gerais;Homens;2022;Lesão autoprovocada;1597;16.38;16.19
MG;Minas Gerais;Homens;2022;Demais causas externas;1624;15.63;15.36
MG;Minas Gerais;Homens;2023;Lesão de trânsito;2645;25.38;24.88
MG;Minas Gerais;Homens;2023;Agressão;2493;23.92;23.79
MG;Minas Gerais;Homens;2023;Causas acidentais;2612;25.06;24.38
MG;Minas Gerais;Homens;2023;Lesão autoprovocada;1546;15.78;15.56
MG;Minas Gerais;Homens;2023;Demais causas externas;1845;17.7;17.2
MG;Minas Gerais;Homens;2024;Lesão de trânsito;2706;25.88;25.23
MG;Minas Gerais;Homens;2024;Agressão;2429;23.23;23.22
MG;Minas Gerais;Homens;2024;Causas acidentais;2536;24.25;23.14
MG;Minas Gerais;Homens;2024;Lesão autoprovocada;1400;14.22;14
MG;Minas Gerais;Homens;2024;Demais causas externas;2592;24.79;23.97
MG;Minas Gerais;Homens;2025;Lesão de trânsito;2558;24.39;23.77
MG;Minas Gerais;Homens;2025;Agressão;1846;17.6;17.68
MG;Minas Gerais;Homens;2025;Causas acidentais;2201;20.98;19.67
MG;Minas Gerais;Homens;2025;Lesão autoprovocada;1244;12.58;12.38
MG;Minas Gerais;Homens;2025;Demais causas externas;3436;32.76;31.27
MG;Minas Gerais;Mulheres;2000;Lesão de trânsito;481;5.21;5.64
MG;Minas Gerais;Mulheres;2000;Agressão;252;2.73;2.72
MG;Minas Gerais;Mulheres;2000;Causas acidentais;396;4.29;4.89
MG;Minas Gerais;Mulheres;2000;Lesão autoprovocada;111;1.32;1.4
MG;Minas Gerais;Mulheres;2000;Demais causas externas;315;3.41;3.91
MG;Minas Gerais;Mulheres;2001;Lesão de trânsito;495;5.3;5.77
MG;Minas Gerais;Mulheres;2001;Agressão;241;2.58;2.58
MG;Minas Gerais;Mulheres;2001;Causas acidentais;402;4.3;4.99
MG;Minas Gerais;Mulheres;2001;Lesão autoprovocada;167;1.96;2.1
MG;Minas Gerais;Mulheres;2001;Demais causas externas;338;3.62;4.23
MG;Minas Gerais;Mulheres;2002;Lesão de trânsito;557;5.9;6.29
MG;Minas Gerais;Mulheres;2002;Agressão;294;3.11;3.06
MG;Minas Gerais;Mulheres;2002;Causas acidentais;459;4.86;5.39
MG;Minas Gerais;Mulheres;2002;Lesão autoprovocada;180;2.08;2.19
MG;Minas Gerais;Mulheres;2002;Demais causas externas;271;2.87;3.43
MG;Minas Gerais;Mulheres;2003;Lesão de trânsito;567;5.94;6.33
MG;Minas Gerais;Mulheres;2003;Agressão;376;3.94;3.85
MG;Minas Gerais;Mulheres;2003;Causas acidentais;474;4.97;5.67
MG;Minas Gerais;Mulheres;2003;Lesão autoprovocada;180;2.05;2.13
MG;Minas Gerais;Mulheres;2003;Demais causas externas;289;3.03;3.62
MG;Minas Gerais;Mulheres;2004;Lesão de trânsito;640;6.64;7.08
MG;Minas Gerais;Mulheres;2004;Agressão;373;3.87;3.82
MG;Minas Gerais;Mulheres;2004;Causas acidentais;403;4.18;4.71
MG;Minas Gerais;Mulheres;2004;Lesão autoprovocada;195;2.2;2.26
MG;Minas Gerais;Mulheres;2004;Demais causas externas;320;3.32;3.96
MG;Minas Gerais;Mulheres;2005;Lesão de trânsito;640;6.58;6.98
MG;Minas Gerais;Mulheres;2005;Agressão;377;3.88;3.89
MG;Minas Gerais;Mulheres;2005;Causas acidentais;448;4.61;5.21
MG;Minas Gerais;Mulheres;2005;Lesão autoprovocada;215;2.39;2.54
MG;Minas Gerais;Mulheres;2005;Demais causas externas;315;3.24;3.69
MG;Minas Gerais;Mulheres;2006;Lesão de trânsito;721;7.35;7.75
MG;Minas Gerais;Mulheres;2006;Agressão;391;3.99;3.88
MG;Minas Gerais;Mulheres;2006;Causas acidentais;493;5.03;5.66
MG;Minas Gerais;Mulheres;2006;Lesão autoprovocada;210;2.31;2.41
MG;Minas Gerais;Mulheres;2006;Demais causas externas;372;3.79;4.29
MG;Minas Gerais;Mulheres;2007;Lesão de trânsito;662;6.69;6.99
MG;Minas Gerais;Mulheres;2007;Agressão;403;4.07;4.01
MG;Minas Gerais;Mulheres;2007;Causas acidentais;575;5.81;6.37
MG;Minas Gerais;Mulheres;2007;Lesão autoprovocada;216;2.35;2.42
MG;Minas Gerais;Mulheres;2007;Demais causas externas;378;3.82;4.25
MG;Minas Gerais;Mulheres;2008;Lesão de trânsito;763;7.66;7.96
MG;Minas Gerais;Mulheres;2008;Agressão;375;3.76;3.64
MG;Minas Gerais;Mulheres;2008;Causas acidentais;567;5.69;6.26
MG;Minas Gerais;Mulheres;2008;Lesão autoprovocada;226;2.44;2.51
MG;Minas Gerais;Mulheres;2008;Demais causas externas;383;3.84;4.17
MG;Minas Gerais;Mulheres;2009;Lesão de trânsito;754;7.51;7.8
MG;Minas Gerais;Mulheres;2009;Agressão;402;4;3.94
MG;Minas Gerais;Mulheres;2009;Causas acidentais;597;5.95;6.39
MG;Minas Gerais;Mulheres;2009;Lesão autoprovocada;244;2.6;2.71
MG;Minas Gerais;Mulheres;2009;Demais causas externas;544;5.42;5.84
MG;Minas Gerais;Mulheres;2010;Lesão de trânsito;809;8.01;8.2
MG;Minas Gerais;Mulheres;2010;Agressão;407;4.03;3.91
MG;Minas Gerais;Mulheres;2010;Causas acidentais;659;6.52;6.94
MG;Minas Gerais;Mulheres;2010;Lesão autoprovocada;241;2.55;2.66
MG;Minas Gerais;Mulheres;2010;Demais causas externas;422;4.18;4.49
MG;Minas Gerais;Mulheres;2011;Lesão de trânsito;833;8.2;8.41
MG;Minas Gerais;Mulheres;2011;Agressão;457;4.5;4.39
MG;Minas Gerais;Mulheres;2011;Causas acidentais;709;6.98;7.21
MG;Minas Gerais;Mulheres;2011;Lesão autoprovocada;285;3;3.04
MG;Minas Gerais;Mulheres;2011;Demais causas externas;559;5.51;5.69
MG;Minas Gerais;Mulheres;2012;Lesão de trânsito;778;7.62;7.74
MG;Minas Gerais;Mulheres;2012;Agressão;460;4.5;4.37
MG;Minas Gerais;Mulheres;2012;Causas acidentais;763;7.47;7.56
MG;Minas Gerais;Mulheres;2012;Lesão autoprovocada;275;2.87;2.97
MG;Minas Gerais;Mulheres;2012;Demais causas externas;423;4.14;4.22
MG;Minas Gerais;Mulheres;2013;Lesão de trânsito;754;7.34;7.41
MG;Minas Gerais;Mulheres;2013;Agressão;427;4.16;4.05
MG;Minas Gerais;Mulheres;2013;Causas acidentais;738;7.18;7.05
MG;Minas Gerais;Mulheres;2013;Lesão autoprovocada;254;2.63;2.69
MG;Minas Gerais;Mulheres;2013;Demais causas externas;437;4.25;4.3
MG;Minas Gerais;Mulheres;2014;Lesão de trânsito;774;7.48;7.47
MG;Minas Gerais;Mulheres;2014;Agressão;403;3.9;3.79
MG;Minas Gerais;Mulheres;2014;Causas acidentais;851;8.23;7.92
MG;Minas Gerais;Mulheres;2014;Lesão autoprovocada;279;2.87;2.9
MG;Minas Gerais;Mulheres;2014;Demais causas externas;531;5.13;5.06
MG;Minas Gerais;Mulheres;2015;Lesão de trânsito;709;6.81;6.73
MG;Minas Gerais;Mulheres;2015;Agressão;415;3.99;3.92
MG;Minas Gerais;Mulheres;2015;Causas acidentais;846;8.13;7.67
MG;Minas Gerais;Mulheres;2015;Lesão autoprovocada;296;3.03;3.05
MG;Minas Gerais;Mulheres;2015;Demais causas externas;496;4.77;4.58
MG;Minas Gerais;Mulheres;2016;Lesão de trânsito;694;6.63;6.51
MG;Minas Gerais;Mulheres;2016;Agressão;375;3.58;3.53
MG;Minas Gerais;Mulheres;2016;Causas acidentais;804;7.68;7.04
MG;Minas Gerais;Mulheres;2016;Lesão autoprovocada;287;2.92;2.91
MG;Minas Gerais;Mulheres;2016;Demais causas externas;561;5.36;5.05
MG;Minas Gerais;Mulheres;2017;Lesão de trânsito;723;6.87;6.7
MG;Minas Gerais;Mulheres;2017;Agressão;387;3.68;3.62
MG;Minas Gerais;Mulheres;2017;Causas acidentais;987;9.38;8.29
MG;Minas Gerais;Mulheres;2017;Lesão autoprovocada;318;3.22;3.16
MG;Minas Gerais;Mulheres;2017;Demais causas externas;560;5.32;4.87
MG;Minas Gerais;Mulheres;2018;Lesão de trânsito;615;5.81;5.68
MG;Minas Gerais;Mulheres;2018;Agressão;349;3.3;3.29
MG;Minas Gerais;Mulheres;2018;Causas acidentais;1086;10.26;8.95
MG;Minas Gerais;Mulheres;2018;Lesão autoprovocada;331;3.33;3.3
MG;Minas Gerais;Mulheres;2018;Demais causas externas;451;4.26;3.84
MG;Minas Gerais;Mulheres;2019;Lesão de trânsito;503;4.73;4.63
MG;Minas Gerais;Mulheres;2019;Agressão;295;2.77;2.76
MG;Minas Gerais;Mulheres;2019;Causas acidentais;1161;10.91;9.31
MG;Minas Gerais;Mulheres;2019;Lesão autoprovocada;359;3.59;3.56
MG;Minas Gerais;Mulheres;2019;Demais causas externas;535;5.03;4.42
MG;Minas Gerais;Mulheres;2020;Lesão de trânsito;484;4.52;4.41
MG;Minas Gerais;Mulheres;2020;Agressão;269;2.51;2.51
MG;Minas Gerais;Mulheres;2020;Causas acidentais;1029;9.61;7.96
MG;Minas Gerais;Mulheres;2020;Lesão autoprovocada;358;3.55;3.52
MG;Minas Gerais;Mulheres;2020;Demais causas externas;589;5.5;4.75
MG;Minas Gerais;Mulheres;2021;Lesão de trânsito;555;5.16;5.03
MG;Minas Gerais;Mulheres;2021;Agressão;248;2.31;2.31
MG;Minas Gerais;Mulheres;2021;Causas acidentais;1180;10.98;8.89
MG;Minas Gerais;Mulheres;2021;Lesão autoprovocada;428;4.22;4.18
MG;Minas Gerais;Mulheres;2021;Demais causas externas;722;6.72;5.67
MG;Minas Gerais;Mulheres;2022;Lesão de trânsito;547;5.07;4.85
MG;Minas Gerais;Mulheres;2022;Agressão;272;2.52;2.54
MG;Minas Gerais;Mulheres;2022;Causas acidentais;1406;13.03;10.34
MG;Minas Gerais;Mulheres;2022;Lesão autoprovocada;451;4.43;4.41
MG;Minas Gerais;Mulheres;2022;Demais causas externas;692;6.42;5.39
MG;Minas Gerais;Mulheres;2023;Lesão de trânsito;604;5.58;5.29
MG;Minas Gerais;Mulheres;2023;Agressão;279;2.58;2.6
MG;Minas Gerais;Mulheres;2023;Causas acidentais;1451;13.4;10.43
MG;Minas Gerais;Mulheres;2023;Lesão autoprovocada;450;4.4;4.38
MG;Minas Gerais;Mulheres;2023;Demais causas externas;741;6.84;5.64
MG;Minas Gerais;Mulheres;2024;Lesão de trânsito;632;5.82;5.52
MG;Minas Gerais;Mulheres;2024;Agressão;263;2.42;2.41
MG;Minas Gerais;Mulheres;2024;Causas acidentais;1473;13.56;10.16
MG;Minas Gerais;Mulheres;2024;Lesão autoprovocada;424;4.12;4.13
MG;Minas Gerais;Mulheres;2024;Demais causas externas;993;9.14;7.59
MG;Minas Gerais;Mulheres;2025;Lesão de trânsito;584;5.36;5.12
MG;Minas Gerais;Mulheres;2025;Agressão;232;2.13;2.19
MG;Minas Gerais;Mulheres;2025;Causas acidentais;1259;11.55;8.43
MG;Minas Gerais;Mulheres;2025;Lesão autoprovocada;379;3.67;3.64
MG;Minas Gerais;Mulheres;2025;Demais causas externas;1453;13.32;10.84
MS;Mato Grosso do Sul;Ambos;2000;Lesão de trânsito;407;18.82;21.42
MS;Mato Grosso do Sul;Ambos;2000;Agressão;650;30.06;30.6
MS;Mato Grosso do Sul;Ambos;2000;Causas acidentais;280;12.95;15.65
MS;Mato Grosso do Sul;Ambos;2000;Lesão autoprovocada;173;8.88;9.41
MS;Mato Grosso do Sul;Ambos;2000;Demais causas externas;135;6.24;7.61
MS;Mato Grosso do Sul;Ambos;2001;Lesão de trânsito;502;22.87;26.18
MS;Mato Grosso do Sul;Ambos;2001;Agressão;621;28.29;29.31
MS;Mato Grosso do Sul;Ambos;2001;Causas acidentais;299;13.62;15.43
MS;Mato Grosso do Sul;Ambos;2001;Lesão autoprovocada;138;6.96;7.34
MS;Mato Grosso do Sul;Ambos;2001;Demais causas externas;93;4.24;5.49
MS;Mato Grosso do Sul;Ambos;2002;Lesão de trânsito;629;28.24;31.53
MS;Mato Grosso do Sul;Ambos;2002;Agressão;684;30.71;30.72
MS;Mato Grosso do Sul;Ambos;2002;Causas acidentais;311;13.96;15.7
MS;Mato Grosso do Sul;Ambos;2002;Lesão autoprovocada;168;8.33;8.45
MS;Mato Grosso do Sul;Ambos;2002;Demais causas externas;54;2.42;3.3
MS;Mato Grosso do Sul;Ambos;2003;Lesão de trânsito;582;25.75;29.08
MS;Mato Grosso do Sul;Ambos;2003;Agressão;705;31.19;31.27
MS;Mato Grosso do Sul;Ambos;2003;Causas acidentais;301;13.32;15.74
MS;Mato Grosso do Sul;Ambos;2003;Lesão autoprovocada;187;9.11;9.45
MS;Mato Grosso do Sul;Ambos;2003;Demais causas externas;78;3.45;4.83
MS;Mato Grosso do Sul;Ambos;2004;Lesão de trânsito;678;29.57;33.22
MS;Mato Grosso do Sul;Ambos;2004;Agressão;652;28.43;28.6
MS;Mato Grosso do Sul;Ambos;2004;Causas acidentais;353;15.39;17.32
MS;Mato Grosso do Sul;Ambos;2004;Lesão autoprovocada;192;9.2;9.52
MS;Mato Grosso do Sul;Ambos;2004;Demais causas externas;82;3.58;4.99
MS;Mato Grosso do Sul;Ambos;2005;Lesão de trânsito;694;29.83;32.68
MS;Mato Grosso do Sul;Ambos;2005;Agressão;628;27;26.95
MS;Mato Grosso do Sul;Ambos;2005;Causas acidentais;335;14.4;17.32
MS;Mato Grosso do Sul;Ambos;2005;Lesão autoprovocada;194;9.15;9.47
MS;Mato Grosso do Sul;Ambos;2005;Demais causas externas;94;4.04;5.11
MS;Mato Grosso do Sul;Ambos;2006;Lesão de trânsito;693;29.37;31.38
MS;Mato Grosso do Sul;Ambos;2006;Agressão;677;28.69;28.93
MS;Mato Grosso do Sul;Ambos;2006;Causas acidentais;288;12.2;14.32
MS;Mato Grosso do Sul;Ambos;2006;Lesão autoprovocada;194;9.01;9.28
MS;Mato Grosso do Sul;Ambos;2006;Demais causas externas;103;4.36;5.23
MS;Mato Grosso do Sul;Ambos;2007;Lesão de trânsito;687;28.72;30.88
MS;Mato Grosso do Sul;Ambos;2007;Agressão;700;29.26;28.69
MS;Mato Grosso do Sul;Ambos;2007;Causas acidentais;318;13.29;16.25
MS;Mato Grosso do Sul;Ambos;2007;Lesão autoprovocada;188;8.59;8.9
MS;Mato Grosso do Sul;Ambos;2007;Demais causas externas;113;4.72;5.92
MS;Mato Grosso do Sul;Ambos;2008;Lesão de trânsito;715;29.48;32.13
MS;Mato Grosso do Sul;Ambos;2008;Agressão;695;28.66;28.17
MS;Mato Grosso do Sul;Ambos;2008;Causas acidentais;319;13.15;16.12
MS;Mato Grosso do Sul;Ambos;2008;Lesão autoprovocada;182;8.19;8.08
MS;Mato Grosso do Sul;Ambos;2008;Demais causas externas;93;3.83;4.83
MS;Mato Grosso do Sul;Ambos;2009;Lesão de trânsito;697;28.34;30.22
MS;Mato Grosso do Sul;Ambos;2009;Agressão;723;29.4;28.88
MS;Mato Grosso do Sul;Ambos;2009;Causas acidentais;393;15.98;19.19
MS;Mato Grosso do Sul;Ambos;2009;Lesão autoprovocada;205;9.08;9.7
MS;Mato Grosso do Sul;Ambos;2009;Demais causas externas;92;3.74;4.69
MS;Mato Grosso do Sul;Ambos;2010;Lesão de trânsito;764;30.68;32.51
MS;Mato Grosso do Sul;Ambos;2010;Agressão;646;25.94;25.66
MS;Mato Grosso do Sul;Ambos;2010;Causas acidentais;399;16.02;19.16
MS;Mato Grosso do Sul;Ambos;2010;Lesão autoprovocada;188;8.22;8.25
MS;Mato Grosso do Sul;Ambos;2010;Demais causas externas;123;4.94;5.72
MS;Mato Grosso do Sul;Ambos;2011;Lesão de trânsito;841;33.37;35.65
MS;Mato Grosso do Sul;Ambos;2011;Agressão;670;26.59;26.51
MS;Mato Grosso do Sul;Ambos;2011;Causas acidentais;398;15.79;18.82
MS;Mato Grosso do Sul;Ambos;2011;Lesão autoprovocada;211;9.11;9.23
MS;Mato Grosso do Sul;Ambos;2011;Demais causas externas;104;4.13;5.13
MS;Mato Grosso do Sul;Ambos;2012;Lesão de trânsito;798;31.26;33.19
MS;Mato Grosso do Sul;Ambos;2012;Agressão;682;26.72;26.7
MS;Mato Grosso do Sul;Ambos;2012;Causas acidentais;408;15.99;19.12
MS;Mato Grosso do Sul;Ambos;2012;Lesão autoprovocada;210;8.95;9.02
MS;Mato Grosso do Sul;Ambos;2012;Demais causas externas;89;3.49;4.23
MS;Mato Grosso do Sul;Ambos;2013;Lesão de trânsito;798;30.86;32.6
MS;Mato Grosso do Sul;Ambos;2013;Agressão;628;24.29;24.02
MS;Mato Grosso do Sul;Ambos;2013;Causas acidentais;443;17.13;20.17
MS;Mato Grosso do Sul;Ambos;2013;Lesão autoprovocada;228;9.59;9.72
MS;Mato Grosso do Sul;Ambos;2013;Demais causas externas;94;3.64;4.1
MS;Mato Grosso do Sul;Ambos;2014;Lesão de trânsito;826;31.54;33.36
MS;Mato Grosso do Sul;Ambos;2014;Agressão;699;26.69;26.39
MS;Mato Grosso do Sul;Ambos;2014;Causas acidentais;387;14.78;17.06
MS;Mato Grosso do Sul;Ambos;2014;Lesão autoprovocada;204;8.47;8.37
MS;Mato Grosso do Sul;Ambos;2014;Demais causas externas;108;4.12;4.98
MS;Mato Grosso do Sul;Ambos;2015;Lesão de trânsito;657;24.76;26.17
MS;Mato Grosso do Sul;Ambos;2015;Agressão;627;23.63;23.65
MS;Mato Grosso do Sul;Ambos;2015;Causas acidentais;377;14.21;16.1
MS;Mato Grosso do Sul;Ambos;2015;Lesão autoprovocada;230;9.43;9.5
MS;Mato Grosso do Sul;Ambos;2015;Demais causas externas;95;3.58;4.15
MS;Mato Grosso do Sul;Ambos;2016;Lesão de trânsito;630;23.47;24.74
MS;Mato Grosso do Sul;Ambos;2016;Agressão;653;24.32;24.47
MS;Mato Grosso do Sul;Ambos;2016;Causas acidentais;407;15.16;17.24
MS;Mato Grosso do Sul;Ambos;2016;Lesão autoprovocada;223;9.04;9.05
MS;Mato Grosso do Sul;Ambos;2016;Demais causas externas;192;7.15;8.16
MS;Mato Grosso do Sul;Ambos;2017;Lesão de trânsito;587;21.62;22.56
MS;Mato Grosso do Sul;Ambos;2017;Agressão;632;23.27;23.64
MS;Mato Grosso do Sul;Ambos;2017;Causas acidentais;462;17.01;19.62
MS;Mato Grosso do Sul;Ambos;2017;Lesão autoprovocada;259;10.37;10.44
MS;Mato Grosso do Sul;Ambos;2017;Demais causas externas;122;4.49;4.96
MS;Mato Grosso do Sul;Ambos;2018;Lesão de trânsito;565;20.57;21.38
MS;Mato Grosso do Sul;Ambos;2018;Agressão;535;19.48;19.62
MS;Mato Grosso do Sul;Ambos;2018;Causas acidentais;469;17.08;19.5
MS;Mato Grosso do Sul;Ambos;2018;Lesão autoprovocada;268;10.61;10.59
MS;Mato Grosso do Sul;Ambos;2018;Demais causas externas;148;5.39;5.66
MS;Mato Grosso do Sul;Ambos;2019;Lesão de trânsito;617;22.22;22.99
MS;Mato Grosso do Sul;Ambos;2019;Agressão;462;16.64;16.74
MS;Mato Grosso do Sul;Ambos;2019;Causas acidentais;410;14.76;16.52
MS;Mato Grosso do Sul;Ambos;2019;Lesão autoprovocada;263;10.29;10.33
MS;Mato Grosso do Sul;Ambos;2019;Demais causas externas;158;5.69;6.01
MS;Mato Grosso do Sul;Ambos;2020;Lesão de trânsito;619;22.05;22.59
MS;Mato Grosso do Sul;Ambos;2020;Agressão;477;16.99;17.16
MS;Mato Grosso do Sul;Ambos;2020;Causas acidentais;369;13.15;14.23
MS;Mato Grosso do Sul;Ambos;2020;Lesão autoprovocada;244;9.43;9.49
MS;Mato Grosso do Sul;Ambos;2020;Demais causas externas;197;7.02;7.27
MS;Mato Grosso do Sul;Ambos;2021;Lesão de trânsito;638;22.53;23.12
MS;Mato Grosso do Sul;Ambos;2021;Agressão;528;18.64;18.75
MS;Mato Grosso do Sul;Ambos;2021;Causas acidentais;411;14.51;15.6
MS;Mato Grosso do Sul;Ambos;2021;Lesão autoprovocada;305;11.67;11.68
MS;Mato Grosso do Sul;Ambos;2021;Demais causas externas;209;7.38;7.71
MS;Mato Grosso do Sul;Ambos;2022;Lesão de trânsito;646;22.63;23.28
MS;Mato Grosso do Sul;Ambos;2022;Agressão;510;17.87;18.14
MS;Mato Grosso do Sul;Ambos;2022;Causas acidentais;514;18.01;19.34
MS;Mato Grosso do Sul;Ambos;2022;Lesão autoprovocada;328;12.43;12.47
MS;Mato Grosso do Sul;Ambos;2022;Demais causas externas;263;9.21;9.56
MS;Mato Grosso do Sul;Ambos;2023;Lesão de trânsito;683;23.73;24.3
MS;Mato Grosso do Sul;Ambos;2023;Agressão;494;17.16;17.41
MS;Mato Grosso do Sul;Ambos;2023;Causas acidentais;483;16.78;17.76
MS;Mato Grosso do Sul;Ambos;2023;Lesão autoprovocada;343;12.86;12.98
MS;Mato Grosso do Sul;Ambos;2023;Demais causas externas;229;7.96;8.19
MS;Mato Grosso do Sul;Ambos;2024;Lesão de trânsito;738;25.43;25.94
MS;Mato Grosso do Sul;Ambos;2024;Agressão;453;15.61;15.93
MS;Mato Grosso do Sul;Ambos;2024;Causas acidentais;560;19.3;20.15
MS;Mato Grosso do Sul;Ambos;2024;Lesão autoprovocada;358;13.28;13.48
MS;Mato Grosso do Sul;Ambos;2024;Demais causas externas;190;6.55;6.75
MS;Mato Grosso do Sul;Ambos;2025;Lesão de trânsito;705;24.11;24.44
MS;Mato Grosso do Sul;Ambos;2025;Agressão;434;14.84;15.1
MS;Mato Grosso do Sul;Ambos;2025;Causas acidentais;554;18.94;19.53
MS;Mato Grosso do Sul;Ambos;2025;Lesão autoprovocada;330;12.12;12.33
MS;Mato Grosso do Sul;Ambos;2025;Demais causas externas;188;6.43;6.55
MS;Mato Grosso do Sul;Homens;2000;Lesão de trânsito;328;30.4;34.49
MS;Mato Grosso do Sul;Homens;2000;Agressão;576;53.39;54.85
MS;Mato Grosso do Sul;Homens;2000;Causas acidentais;220;20.39;24.15
MS;Mato Grosso do Sul;Homens;2000;Lesão autoprovocada;133;13.7;14.97
MS;Mato Grosso do Sul;Homens;2000;Demais causas externas;103;9.55;11.68
MS;Mato Grosso do Sul;Homens;2001;Lesão de trânsito;408;37.29;42.76
MS;Mato Grosso do Sul;Homens;2001;Agressão;555;50.72;52.86
MS;Mato Grosso do Sul;Homens;2001;Causas acidentais;234;21.38;23.66
MS;Mato Grosso do Sul;Homens;2001;Lesão autoprovocada;106;10.73;11.58
MS;Mato Grosso do Sul;Homens;2001;Demais causas externas;62;5.67;7.53
MS;Mato Grosso do Sul;Homens;2002;Lesão de trânsito;499;44.96;50.72
MS;Mato Grosso do Sul;Homens;2002;Agressão;605;54.51;54.52
MS;Mato Grosso do Sul;Homens;2002;Causas acidentais;239;21.53;23.92
MS;Mato Grosso do Sul;Homens;2002;Lesão autoprovocada;128;12.75;13.36
MS;Mato Grosso do Sul;Homens;2002;Demais causas externas;41;3.69;4.76
MS;Mato Grosso do Sul;Homens;2003;Lesão de trânsito;463;41.12;47.31
MS;Mato Grosso do Sul;Homens;2003;Agressão;640;56.85;57.02
MS;Mato Grosso do Sul;Homens;2003;Causas acidentais;223;19.81;22.79
MS;Mato Grosso do Sul;Homens;2003;Lesão autoprovocada;137;13.43;14.45
MS;Mato Grosso do Sul;Homens;2003;Demais causas externas;58;5.15;7.03
MS;Mato Grosso do Sul;Homens;2004;Lesão de trânsito;544;47.64;54.36
MS;Mato Grosso do Sul;Homens;2004;Agressão;597;52.29;52.74
MS;Mato Grosso do Sul;Homens;2004;Causas acidentais;293;25.66;28.45
MS;Mato Grosso do Sul;Homens;2004;Lesão autoprovocada;146;14.09;14.86
MS;Mato Grosso do Sul;Homens;2004;Demais causas externas;50;4.38;6.05
MS;Mato Grosso do Sul;Homens;2005;Lesão de trânsito;554;47.85;53.13
MS;Mato Grosso do Sul;Homens;2005;Agressão;558;48.19;48.31
MS;Mato Grosso do Sul;Homens;2005;Causas acidentais;256;22.11;25.84
MS;Mato Grosso do Sul;Homens;2005;Lesão autoprovocada;141;13.4;14.54
MS;Mato Grosso do Sul;Homens;2005;Demais causas externas;65;5.61;6.93
MS;Mato Grosso do Sul;Homens;2006;Lesão de trânsito;546;46.51;49.95
MS;Mato Grosso do Sul;Homens;2006;Agressão;621;52.9;53.41
MS;Mato Grosso do Sul;Homens;2006;Causas acidentais;225;19.16;21.58
MS;Mato Grosso do Sul;Homens;2006;Lesão autoprovocada;160;14.97;15.81
MS;Mato Grosso do Sul;Homens;2006;Demais causas externas;83;7.07;8.66
MS;Mato Grosso do Sul;Homens;2007;Lesão de trânsito;562;47.24;51.25
MS;Mato Grosso do Sul;Homens;2007;Agressão;631;53.04;52.39
MS;Mato Grosso do Sul;Homens;2007;Causas acidentais;229;19.25;22.58
MS;Mato Grosso do Sul;Homens;2007;Lesão autoprovocada;141;12.99;13.96
MS;Mato Grosso do Sul;Homens;2007;Demais causas externas;83;6.98;8.42
MS;Mato Grosso do Sul;Homens;2008;Lesão de trânsito;572;47.44;52.38
MS;Mato Grosso do Sul;Homens;2008;Agressão;635;52.67;52.12
MS;Mato Grosso do Sul;Homens;2008;Causas acidentais;224;18.58;22.21
MS;Mato Grosso do Sul;Homens;2008;Lesão autoprovocada;154;13.98;13.77
MS;Mato Grosso do Sul;Homens;2008;Demais causas externas;61;5.06;6.2
MS;Mato Grosso do Sul;Homens;2009;Lesão de trânsito;549;44.92;48.07
MS;Mato Grosso do Sul;Homens;2009;Agressão;658;53.84;53.12
MS;Mato Grosso do Sul;Homens;2009;Causas acidentais;274;22.42;26.37
MS;Mato Grosso do Sul;Homens;2009;Lesão autoprovocada;154;13.77;14.94
MS;Mato Grosso do Sul;Homens;2009;Demais causas externas;69;5.65;7.03
MS;Mato Grosso do Sul;Homens;2010;Lesão de trânsito;619;50.04;53.79
MS;Mato Grosso do Sul;Homens;2010;Agressão;569;46;45.46
MS;Mato Grosso do Sul;Homens;2010;Causas acidentais;284;22.96;27.15
MS;Mato Grosso do Sul;Homens;2010;Lesão autoprovocada;148;13.06;13.36
MS;Mato Grosso do Sul;Homens;2010;Demais causas externas;88;7.11;7.93
MS;Mato Grosso do Sul;Homens;2011;Lesão de trânsito;691;55.22;59.38
MS;Mato Grosso do Sul;Homens;2011;Agressão;592;47.31;47.26
MS;Mato Grosso do Sul;Homens;2011;Causas acidentais;272;21.74;25.58
MS;Mato Grosso do Sul;Homens;2011;Lesão autoprovocada;168;14.64;15.1
MS;Mato Grosso do Sul;Homens;2011;Demais causas externas;71;5.67;6.91
MS;Mato Grosso do Sul;Homens;2012;Lesão de trânsito;656;51.78;55.1
MS;Mato Grosso do Sul;Homens;2012;Agressão;605;47.75;48.14
MS;Mato Grosso do Sul;Homens;2012;Causas acidentais;280;22.1;25.7
MS;Mato Grosso do Sul;Homens;2012;Lesão autoprovocada;167;14.38;14.55
MS;Mato Grosso do Sul;Homens;2012;Demais causas externas;67;5.29;6.52
MS;Mato Grosso do Sul;Homens;2013;Lesão de trânsito;626;48.78;52.43
MS;Mato Grosso do Sul;Homens;2013;Agressão;553;43.09;42.89
MS;Mato Grosso do Sul;Homens;2013;Causas acidentais;281;21.9;25.36
MS;Mato Grosso do Sul;Homens;2013;Lesão autoprovocada;177;15.05;15.49
MS;Mato Grosso do Sul;Homens;2013;Demais causas externas;72;5.61;6.11
MS;Mato Grosso do Sul;Homens;2014;Lesão de trânsito;655;50.39;53.93
MS;Mato Grosso do Sul;Homens;2014;Agressão;614;47.24;47.14
MS;Mato Grosso do Sul;Homens;2014;Causas acidentais;267;20.54;23.48
MS;Mato Grosso do Sul;Homens;2014;Lesão autoprovocada;160;13.42;13.35
MS;Mato Grosso do Sul;Homens;2014;Demais causas externas;66;5.08;6.09
MS;Mato Grosso do Sul;Homens;2015;Lesão de trânsito;526;39.96;42.84
MS;Mato Grosso do Sul;Homens;2015;Agressão;569;43.22;43.52
MS;Mato Grosso do Sul;Homens;2015;Causas acidentais;263;19.98;22.56
MS;Mato Grosso do Sul;Homens;2015;Lesão autoprovocada;181;15;15.38
MS;Mato Grosso do Sul;Homens;2015;Demais causas externas;65;4.94;5.81
MS;Mato Grosso do Sul;Homens;2016;Lesão de trânsito;492;36.93;39.64
MS;Mato Grosso do Sul;Homens;2016;Agressão;573;43.01;43.55
MS;Mato Grosso do Sul;Homens;2016;Causas acidentais;276;20.72;23.43
MS;Mato Grosso do Sul;Homens;2016;Lesão autoprovocada;180;14.74;15.08
MS;Mato Grosso do Sul;Homens;2016;Demais causas externas;139;10.43;11.99
MS;Mato Grosso do Sul;Homens;2017;Lesão de trânsito;451;33.48;35.31
MS;Mato Grosso do Sul;Homens;2017;Agressão;570;42.31;43.45
MS;Mato Grosso do Sul;Homens;2017;Causas acidentais;290;21.53;24.97
MS;Mato Grosso do Sul;Homens;2017;Lesão autoprovocada;200;16.19;16.57
MS;Mato Grosso do Sul;Homens;2017;Demais causas externas;96;7.13;7.92
MS;Mato Grosso do Sul;Homens;2018;Lesão de trânsito;466;34.21;36.15
MS;Mato Grosso do Sul;Homens;2018;Agressão;469;34.43;34.83
MS;Mato Grosso do Sul;Homens;2018;Causas acidentais;290;21.29;24.52
MS;Mato Grosso do Sul;Homens;2018;Lesão autoprovocada;207;16.56;16.77
MS;Mato Grosso do Sul;Homens;2018;Demais causas externas;132;9.69;10.28
MS;Mato Grosso do Sul;Homens;2019;Lesão de trânsito;497;36.08;37.76
MS;Mato Grosso do Sul;Homens;2019;Agressão;401;29.11;29.32
MS;Mato Grosso do Sul;Homens;2019;Causas acidentais;276;20.04;23.05
MS;Mato Grosso do Sul;Homens;2019;Lesão autoprovocada;205;16.21;16.42
MS;Mato Grosso do Sul;Homens;2019;Demais causas externas;126;9.15;9.73
MS;Mato Grosso do Sul;Homens;2020;Lesão de trânsito;508;36.49;37.7
MS;Mato Grosso do Sul;Homens;2020;Agressão;406;29.16;29.49
MS;Mato Grosso do Sul;Homens;2020;Causas acidentais;270;19.39;21.49
MS;Mato Grosso do Sul;Homens;2020;Lesão autoprovocada;192;15;15.26
MS;Mato Grosso do Sul;Homens;2020;Demais causas externas;150;10.77;11.24
MS;Mato Grosso do Sul;Homens;2021;Lesão de trânsito;523;37.25;38.91
MS;Mato Grosso do Sul;Homens;2021;Agressão;461;32.83;33.01
MS;Mato Grosso do Sul;Homens;2021;Causas acidentais;298;21.22;23.54
MS;Mato Grosso do Sul;Homens;2021;Lesão autoprovocada;230;17.79;17.9
MS;Mato Grosso do Sul;Homens;2021;Demais causas externas;161;11.47;12.12
MS;Mato Grosso do Sul;Homens;2022;Lesão de trânsito;507;35.84;37.48
MS;Mato Grosso do Sul;Homens;2022;Agressão;440;31.11;31.56
MS;Mato Grosso do Sul;Homens;2022;Causas acidentais;337;23.82;26.46
MS;Mato Grosso do Sul;Homens;2022;Lesão autoprovocada;247;18.93;19.02
MS;Mato Grosso do Sul;Homens;2022;Demais causas externas;194;13.72;14.49
MS;Mato Grosso do Sul;Homens;2023;Lesão de trânsito;552;38.72;40.18
MS;Mato Grosso do Sul;Homens;2023;Agressão;447;31.35;31.81
MS;Mato Grosso do Sul;Homens;2023;Causas acidentais;342;23.99;26.25
MS;Mato Grosso do Sul;Homens;2023;Lesão autoprovocada;273;20.71;21.04
MS;Mato Grosso do Sul;Homens;2023;Demais causas externas;197;13.82;14.4
MS;Mato Grosso do Sul;Homens;2024;Lesão de trânsito;587;40.84;42.11
MS;Mato Grosso do Sul;Homens;2024;Agressão;397;27.62;28.14
MS;Mato Grosso do Sul;Homens;2024;Causas acidentais;369;25.67;27.86
MS;Mato Grosso do Sul;Homens;2024;Lesão autoprovocada;271;20.34;20.73
MS;Mato Grosso do Sul;Homens;2024;Demais causas externas;161;11.2;11.65
MS;Mato Grosso do Sul;Homens;2025;Lesão de trânsito;568;39.22;40.16
MS;Mato Grosso do Sul;Homens;2025;Agressão;386;26.65;27.11
MS;Mato Grosso do Sul;Homens;2025;Causas acidentais;374;25.82;27.83
MS;Mato Grosso do Sul;Homens;2025;Lesão autoprovocada;249;18.51;18.81
MS;Mato Grosso do Sul;Homens;2025;Demais causas externas;149;10.29;10.55
MS;Mato Grosso do Sul;Mulheres;2000;Lesão de trânsito;78;7.2;8.47
MS;Mato Grosso do Sul;Mulheres;2000;Agressão;72;6.64;6.54
MS;Mato Grosso do Sul;Mulheres;2000;Causas acidentais;60;5.54;7.16
MS;Mato Grosso do Sul;Mulheres;2000;Lesão autoprovocada;40;4.09;3.91
MS;Mato Grosso do Sul;Mulheres;2000;Demais causas externas;30;2.77;3.47
MS;Mato Grosso do Sul;Mulheres;2001;Lesão de trânsito;94;8.54;9.71
MS;Mato Grosso do Sul;Mulheres;2001;Agressão;64;5.82;5.98
MS;Mato Grosso do Sul;Mulheres;2001;Causas acidentais;65;5.91;7.16
MS;Mato Grosso do Sul;Mulheres;2001;Lesão autoprovocada;32;3.21;3.06
MS;Mato Grosso do Sul;Mulheres;2001;Demais causas externas;31;2.82;3.47
MS;Mato Grosso do Sul;Mulheres;2002;Lesão de trânsito;130;11.63;12.6
MS;Mato Grosso do Sul;Mulheres;2002;Agressão;77;6.89;7.28
MS;Mato Grosso do Sul;Mulheres;2002;Causas acidentais;72;6.44;7.54
MS;Mato Grosso do Sul;Mulheres;2002;Lesão autoprovocada;40;3.95;3.66
MS;Mato Grosso do Sul;Mulheres;2002;Demais causas externas;13;1.16;1.79
MS;Mato Grosso do Sul;Mulheres;2003;Lesão de trânsito;119;10.49;11.14
MS;Mato Grosso do Sul;Mulheres;2003;Agressão;64;5.64;5.9
MS;Mato Grosso do Sul;Mulheres;2003;Causas acidentais;78;6.88;8.68
MS;Mato Grosso do Sul;Mulheres;2003;Lesão autoprovocada;50;4.85;4.54
MS;Mato Grosso do Sul;Mulheres;2003;Demais causas externas;20;1.76;2.67
MS;Mato Grosso do Sul;Mulheres;2004;Lesão de trânsito;134;11.64;12.56
MS;Mato Grosso do Sul;Mulheres;2004;Agressão;55;4.78;4.82
MS;Mato Grosso do Sul;Mulheres;2004;Causas acidentais;60;5.21;6.36
MS;Mato Grosso do Sul;Mulheres;2004;Lesão autoprovocada;46;4.38;4.31
MS;Mato Grosso do Sul;Mulheres;2004;Demais causas externas;31;2.69;3.84
MS;Mato Grosso do Sul;Mulheres;2005;Lesão de trânsito;140;11.98;12.65
MS;Mato Grosso do Sul;Mulheres;2005;Agressão;70;5.99;6.04
MS;Mato Grosso do Sul;Mulheres;2005;Causas acidentais;79;6.76;8.95
MS;Mato Grosso do Sul;Mulheres;2005;Lesão autoprovocada;53;4.96;4.56
MS;Mato Grosso do Sul;Mulheres;2005;Demais causas externas;29;2.48;3.28
MS;Mato Grosso do Sul;Mulheres;2006;Lesão de trânsito;147;12.4;13.23
MS;Mato Grosso do Sul;Mulheres;2006;Agressão;55;4.64;4.9
MS;Mato Grosso do Sul;Mulheres;2006;Causas acidentais;63;5.31;7.1
MS;Mato Grosso do Sul;Mulheres;2006;Lesão autoprovocada;34;3.13;2.94
MS;Mato Grosso do Sul;Mulheres;2006;Demais causas externas;19;1.6;1.93
MS;Mato Grosso do Sul;Mulheres;2007;Lesão de trânsito;125;10.4;10.99
MS;Mato Grosso do Sul;Mulheres;2007;Agressão;67;5.57;5.45
MS;Mato Grosso do Sul;Mulheres;2007;Causas acidentais;89;7.4;9.85
MS;Mato Grosso do Sul;Mulheres;2007;Lesão autoprovocada;47;4.26;3.97
MS;Mato Grosso do Sul;Mulheres;2007;Demais causas externas;30;2.49;3.49
MS;Mato Grosso do Sul;Mulheres;2008;Lesão de trânsito;142;11.64;12.42
MS;Mato Grosso do Sul;Mulheres;2008;Agressão;60;4.92;4.77
MS;Mato Grosso do Sul;Mulheres;2008;Causas acidentais;95;7.79;10.03
MS;Mato Grosso do Sul;Mulheres;2008;Lesão autoprovocada;28;2.5;2.55
MS;Mato Grosso do Sul;Mulheres;2008;Demais causas externas;31;2.54;3.49
MS;Mato Grosso do Sul;Mulheres;2009;Lesão de trânsito;148;11.96;12.86
MS;Mato Grosso do Sul;Mulheres;2009;Agressão;65;5.25;5.18
MS;Mato Grosso do Sul;Mulheres;2009;Causas acidentais;119;9.62;12.13
MS;Mato Grosso do Sul;Mulheres;2009;Lesão autoprovocada;51;4.48;4.71
MS;Mato Grosso do Sul;Mulheres;2009;Demais causas externas;23;1.86;2.47
MS;Mato Grosso do Sul;Mulheres;2010;Lesão de trânsito;145;11.57;11.98
MS;Mato Grosso do Sul;Mulheres;2010;Agressão;76;6.06;6.3
MS;Mato Grosso do Sul;Mulheres;2010;Causas acidentais;115;9.18;11.35
MS;Mato Grosso do Sul;Mulheres;2010;Lesão autoprovocada;40;3.47;3.35
MS;Mato Grosso do Sul;Mulheres;2010;Demais causas externas;35;2.79;3.49
MS;Mato Grosso do Sul;Mulheres;2011;Lesão de trânsito;150;11.82;12.73
MS;Mato Grosso do Sul;Mulheres;2011;Agressão;78;6.15;6.3
MS;Mato Grosso do Sul;Mulheres;2011;Causas acidentais;126;9.93;12.17
MS;Mato Grosso do Sul;Mulheres;2011;Lesão autoprovocada;43;3.68;3.57
MS;Mato Grosso do Sul;Mulheres;2011;Demais causas externas;33;2.6;3.39
MS;Mato Grosso do Sul;Mulheres;2012;Lesão de trânsito;142;11.05;12.02
MS;Mato Grosso do Sul;Mulheres;2012;Agressão;77;5.99;5.88
MS;Mato Grosso do Sul;Mulheres;2012;Causas acidentais;128;9.96;12.6
MS;Mato Grosso do Sul;Mulheres;2012;Lesão autoprovocada;43;3.63;3.68
MS;Mato Grosso do Sul;Mulheres;2012;Demais causas externas;22;1.71;2.05
MS;Mato Grosso do Sul;Mulheres;2013;Lesão de trânsito;172;13.21;13.64
MS;Mato Grosso do Sul;Mulheres;2013;Agressão;75;5.76;5.69
MS;Mato Grosso do Sul;Mulheres;2013;Causas acidentais;162;12.44;14.93
MS;Mato Grosso do Sul;Mulheres;2013;Lesão autoprovocada;51;4.25;4.22
MS;Mato Grosso do Sul;Mulheres;2013;Demais causas externas;22;1.69;2.18
MS;Mato Grosso do Sul;Mulheres;2014;Lesão de trânsito;171;12.96;13.58
MS;Mato Grosso do Sul;Mulheres;2014;Agressão;85;6.44;6.18
MS;Mato Grosso do Sul;Mulheres;2014;Causas acidentais;120;9.1;10.8
MS;Mato Grosso do Sul;Mulheres;2014;Lesão autoprovocada;44;3.62;3.56
MS;Mato Grosso do Sul;Mulheres;2014;Demais causas externas;42;3.18;3.88
MS;Mato Grosso do Sul;Mulheres;2015;Lesão de trânsito;131;9.8;10.22
MS;Mato Grosso do Sul;Mulheres;2015;Agressão;58;4.34;4.32
MS;Mato Grosso do Sul;Mulheres;2015;Causas acidentais;113;8.46;9.8
MS;Mato Grosso do Sul;Mulheres;2015;Lesão autoprovocada;49;3.98;3.86
MS;Mato Grosso do Sul;Mulheres;2015;Demais causas externas;30;2.24;2.63
MS;Mato Grosso do Sul;Mulheres;2016;Lesão de trânsito;138;10.2;10.55
MS;Mato Grosso do Sul;Mulheres;2016;Agressão;80;5.91;5.96
MS;Mato Grosso do Sul;Mulheres;2016;Causas acidentais;131;9.68;11.16
MS;Mato Grosso do Sul;Mulheres;2016;Lesão autoprovocada;43;3.45;3.3
MS;Mato Grosso do Sul;Mulheres;2016;Demais causas externas;53;3.92;4.57
MS;Mato Grosso do Sul;Mulheres;2017;Lesão de trânsito;136;9.94;10.32
MS;Mato Grosso do Sul;Mulheres;2017;Agressão;61;4.46;4.49
MS;Mato Grosso do Sul;Mulheres;2017;Causas acidentais;172;12.57;14.35
MS;Mato Grosso do Sul;Mulheres;2017;Lesão autoprovocada;59;4.68;4.54
MS;Mato Grosso do Sul;Mulheres;2017;Demais causas externas;26;1.9;2.11
MS;Mato Grosso do Sul;Mulheres;2018;Lesão de trânsito;99;7.15;7.3
MS;Mato Grosso do Sul;Mulheres;2018;Agressão;66;4.77;4.81
MS;Mato Grosso do Sul;Mulheres;2018;Causas acidentais;179;12.93;14.46
MS;Mato Grosso do Sul;Mulheres;2018;Lesão autoprovocada;61;4.78;4.66
MS;Mato Grosso do Sul;Mulheres;2018;Demais causas externas;16;1.16;1.25
MS;Mato Grosso do Sul;Mulheres;2019;Lesão de trânsito;120;8.57;8.81
MS;Mato Grosso do Sul;Mulheres;2019;Agressão;61;4.36;4.42
MS;Mato Grosso do Sul;Mulheres;2019;Causas acidentais;134;9.58;10.38
MS;Mato Grosso do Sul;Mulheres;2019;Lesão autoprovocada;58;4.49;4.47
MS;Mato Grosso do Sul;Mulheres;2019;Demais causas externas;32;2.29;2.44
MS;Mato Grosso do Sul;Mulheres;2020;Lesão de trânsito;111;7.85;8
MS;Mato Grosso do Sul;Mulheres;2020;Agressão;71;5.02;5.08
MS;Mato Grosso do Sul;Mulheres;2020;Causas acidentais;99;7;7.36
MS;Mato Grosso do Sul;Mulheres;2020;Lesão autoprovocada;52;3.98;3.95
MS;Mato Grosso do Sul;Mulheres;2020;Demais causas externas;46;3.25;3.4
MS;Mato Grosso do Sul;Mulheres;2021;Lesão de trânsito;114;7.98;8.03
MS;Mato Grosso do Sul;Mulheres;2021;Agressão;66;4.62;4.7
MS;Mato Grosso do Sul;Mulheres;2021;Causas acidentais;113;7.91;8.23
MS;Mato Grosso do Sul;Mulheres;2021;Lesão autoprovocada;75;5.68;5.67
MS;Mato Grosso do Sul;Mulheres;2021;Demais causas externas;48;3.36;3.5
MS;Mato Grosso do Sul;Mulheres;2022;Lesão de trânsito;138;9.58;9.76
MS;Mato Grosso do Sul;Mulheres;2022;Agressão;70;4.86;4.94
MS;Mato Grosso do Sul;Mulheres;2022;Causas acidentais;177;12.29;12.6
MS;Mato Grosso do Sul;Mulheres;2022;Lesão autoprovocada;81;6.07;6.11
MS;Mato Grosso do Sul;Mulheres;2022;Demais causas externas;69;4.79;4.85
MS;Mato Grosso do Sul;Mulheres;2023;Lesão de trânsito;130;8.95;9.05
MS;Mato Grosso do Sul;Mulheres;2023;Agressão;47;3.24;3.29
MS;Mato Grosso do Sul;Mulheres;2023;Causas acidentais;141;9.71;9.82
MS;Mato Grosso do Sul;Mulheres;2023;Lesão autoprovocada;70;5.19;5.18
MS;Mato Grosso do Sul;Mulheres;2023;Demais causas externas;32;2.2;2.22
MS;Mato Grosso do Sul;Mulheres;2024;Lesão de trânsito;151;10.31;10.41
MS;Mato Grosso do Sul;Mulheres;2024;Agressão;56;3.82;3.89
MS;Mato Grosso do Sul;Mulheres;2024;Causas acidentais;191;13.04;12.89
MS;Mato Grosso do Sul;Mulheres;2024;Lesão autoprovocada;87;6.38;6.49
MS;Mato Grosso do Sul;Mulheres;2024;Demais causas externas;29;1.98;1.98
MS;Mato Grosso do Sul;Mulheres;2025;Lesão de trânsito;137;9.28;9.35
MS;Mato Grosso do Sul;Mulheres;2025;Agressão;48;3.25;3.32
MS;Mato Grosso do Sul;Mulheres;2025;Causas acidentais;180;12.19;11.79
MS;Mato Grosso do Sul;Mulheres;2025;Lesão autoprovocada;81;5.88;6.02
MS;Mato Grosso do Sul;Mulheres;2025;Demais causas externas;39;2.64;2.6
MT;Mato Grosso;Ambos;2000;Lesão de trânsito;705;26.83;30.77
MT;Mato Grosso;Ambos;2000;Agressão;990;37.67;40.13
MT;Mato Grosso;Ambos;2000;Causas acidentais;499;18.99;22.7
MT;Mato Grosso;Ambos;2000;Lesão autoprovocada;142;6.06;6.65
MT;Mato Grosso;Ambos;2000;Demais causas externas;40;1.52;2.12
MT;Mato Grosso;Ambos;2001;Lesão de trânsito;702;26.18;31.2
MT;Mato Grosso;Ambos;2001;Agressão;973;36.28;39
MT;Mato Grosso;Ambos;2001;Causas acidentais;475;17.71;22.96
MT;Mato Grosso;Ambos;2001;Lesão autoprovocada;144;6;6.71
MT;Mato Grosso;Ambos;2001;Demais causas externas;44;1.64;2.41
MT;Mato Grosso;Ambos;2002;Lesão de trânsito;852;31.17;36.39
MT;Mato Grosso;Ambos;2002;Agressão;948;34.68;37.25
MT;Mato Grosso;Ambos;2002;Causas acidentais;554;20.27;23.69
MT;Mato Grosso;Ambos;2002;Lesão autoprovocada;153;6.23;7.35
MT;Mato Grosso;Ambos;2002;Demais causas externas;74;2.71;3.21
MT;Mato Grosso;Ambos;2003;Lesão de trânsito;719;25.84;30.51
MT;Mato Grosso;Ambos;2003;Agressão;908;32.63;33.29
MT;Mato Grosso;Ambos;2003;Causas acidentais;559;20.09;23.3
MT;Mato Grosso;Ambos;2003;Lesão autoprovocada;162;6.46;7.5
MT;Mato Grosso;Ambos;2003;Demais causas externas;135;4.85;7.02
MT;Mato Grosso;Ambos;2004;Lesão de trânsito;883;31.2;34.7
MT;Mato Grosso;Ambos;2004;Agressão;853;30.14;31.04
MT;Mato Grosso;Ambos;2004;Causas acidentais;501;17.7;21.16
MT;Mato Grosso;Ambos;2004;Lesão autoprovocada;159;6.21;7.3
MT;Mato Grosso;Ambos;2004;Demais causas externas;167;5.9;7.74
MT;Mato Grosso;Ambos;2005;Lesão de trânsito;846;29.41;32.92
MT;Mato Grosso;Ambos;2005;Agressão;906;31.5;31.8
MT;Mato Grosso;Ambos;2005;Causas acidentais;437;15.19;19.31
MT;Mato Grosso;Ambos;2005;Lesão autoprovocada;151;5.79;6.6
MT;Mato Grosso;Ambos;2005;Demais causas externas;244;8.48;11.26
MT;Mato Grosso;Ambos;2006;Lesão de trânsito;805;27.53;30.49
MT;Mato Grosso;Ambos;2006;Agressão;895;30.61;30.77
MT;Mato Grosso;Ambos;2006;Causas acidentais;446;15.25;19.95
MT;Mato Grosso;Ambos;2006;Lesão autoprovocada;169;6.36;7.54
MT;Mato Grosso;Ambos;2006;Demais causas externas;164;5.61;7.37
MT;Mato Grosso;Ambos;2007;Lesão de trânsito;872;29.38;32.18
MT;Mato Grosso;Ambos;2007;Agressão;888;29.92;30.71
MT;Mato Grosso;Ambos;2007;Causas acidentais;419;14.12;17
MT;Mato Grosso;Ambos;2007;Lesão autoprovocada;153;5.67;6.25
MT;Mato Grosso;Ambos;2007;Demais causas externas;163;5.49;7.42
MT;Mato Grosso;Ambos;2008;Lesão de trânsito;1000;33.22;37.22
MT;Mato Grosso;Ambos;2008;Agressão;936;31.1;30.85
MT;Mato Grosso;Ambos;2008;Causas acidentais;491;16.31;21.8
MT;Mato Grosso;Ambos;2008;Lesão autoprovocada;180;6.56;7.21
MT;Mato Grosso;Ambos;2008;Demais causas externas;127;4.22;5.15
MT;Mato Grosso;Ambos;2009;Lesão de trânsito;1069;35.01;37.81
MT;Mato Grosso;Ambos;2009;Agressão;997;32.65;32
MT;Mato Grosso;Ambos;2009;Causas acidentais;522;17.09;22.67
MT;Mato Grosso;Ambos;2009;Lesão autoprovocada;190;6.82;7.32
MT;Mato Grosso;Ambos;2009;Demais causas externas;134;4.39;5.49
MT;Mato Grosso;Ambos;2010;Lesão de trânsito;1112;35.94;39.32
MT;Mato Grosso;Ambos;2010;Agressão;971;31.38;30.42
MT;Mato Grosso;Ambos;2010;Causas acidentais;479;15.48;20.91
MT;Mato Grosso;Ambos;2010;Lesão autoprovocada;161;5.69;6.56
MT;Mato Grosso;Ambos;2010;Demais causas externas;138;4.46;5.07
MT;Mato Grosso;Ambos;2011;Lesão de trânsito;1055;33.67;36.02
MT;Mato Grosso;Ambos;2011;Agressão;990;31.6;30.49
MT;Mato Grosso;Ambos;2011;Causas acidentais;446;14.23;18.13
MT;Mato Grosso;Ambos;2011;Lesão autoprovocada;158;5.5;6.15
MT;Mato Grosso;Ambos;2011;Demais causas externas;166;5.3;6.13
MT;Mato Grosso;Ambos;2012;Lesão de trânsito;1139;35.85;38.41
MT;Mato Grosso;Ambos;2012;Agressão;1060;33.37;31.6
MT;Mato Grosso;Ambos;2012;Causas acidentais;476;14.98;18.54
MT;Mato Grosso;Ambos;2012;Lesão autoprovocada;185;6.35;6.73
MT;Mato Grosso;Ambos;2012;Demais causas externas;167;5.26;5.95
MT;Mato Grosso;Ambos;2013;Lesão de trânsito;1154;35.8;37.96
MT;Mato Grosso;Ambos;2013;Agressão;1154;35.8;34.15
MT;Mato Grosso;Ambos;2013;Causas acidentais;505;15.67;19.68
MT;Mato Grosso;Ambos;2013;Lesão autoprovocada;177;5.98;6.48
MT;Mato Grosso;Ambos;2013;Demais causas externas;187;5.8;6.76
MT;Mato Grosso;Ambos;2014;Lesão de trânsito;1125;34.36;36.45
MT;Mato Grosso;Ambos;2014;Agressão;1356;41.42;40.14
MT;Mato Grosso;Ambos;2014;Causas acidentais;503;15.36;18.94
MT;Mato Grosso;Ambos;2014;Lesão autoprovocada;157;5.22;5.43
MT;Mato Grosso;Ambos;2014;Demais causas externas;188;5.74;6.49
MT;Mato Grosso;Ambos;2015;Lesão de trânsito;1041;31.28;32.7
MT;Mato Grosso;Ambos;2015;Agressão;1199;36.03;34.79
MT;Mato Grosso;Ambos;2015;Causas acidentais;512;15.39;19.59
MT;Mato Grosso;Ambos;2015;Lesão autoprovocada;145;4.75;5.07
MT;Mato Grosso;Ambos;2015;Demais causas externas;168;5.05;5.61
MT;Mato Grosso;Ambos;2016;Lesão de trânsito;1013;29.97;31.32
MT;Mato Grosso;Ambos;2016;Agressão;1179;34.88;33.54
MT;Mato Grosso;Ambos;2016;Causas acidentais;524;15.5;19.61
MT;Mato Grosso;Ambos;2016;Lesão autoprovocada;178;5.74;5.98
MT;Mato Grosso;Ambos;2016;Demais causas externas;185;5.47;6.18
MT;Mato Grosso;Ambos;2017;Lesão de trânsito;999;29.1;30.32
MT;Mato Grosso;Ambos;2017;Agressão;1096;31.92;30.98
MT;Mato Grosso;Ambos;2017;Causas acidentais;598;17.42;21.98
MT;Mato Grosso;Ambos;2017;Lesão autoprovocada;197;6.25;6.49
MT;Mato Grosso;Ambos;2017;Demais causas externas;131;3.82;3.98
MT;Mato Grosso;Ambos;2018;Lesão de trânsito;1039;29.77;30.94
MT;Mato Grosso;Ambos;2018;Agressão;971;27.82;27
MT;Mato Grosso;Ambos;2018;Causas acidentais;528;15.13;18.71
MT;Mato Grosso;Ambos;2018;Lesão autoprovocada;226;7.05;7.34
MT;Mato Grosso;Ambos;2018;Demais causas externas;158;4.53;5
MT;Mato Grosso;Ambos;2019;Lesão de trânsito;961;27.06;28.2
MT;Mato Grosso;Ambos;2019;Agressão;890;25.06;24.63
MT;Mato Grosso;Ambos;2019;Causas acidentais;558;15.71;18.8
MT;Mato Grosso;Ambos;2019;Lesão autoprovocada;241;7.39;7.52
MT;Mato Grosso;Ambos;2019;Demais causas externas;134;3.77;4.17
MT;Mato Grosso;Ambos;2020;Lesão de trânsito;1095;30.32;31.14
MT;Mato Grosso;Ambos;2020;Agressão;963;26.66;26
MT;Mato Grosso;Ambos;2020;Causas acidentais;600;16.61;19.42
MT;Mato Grosso;Ambos;2020;Lesão autoprovocada;261;7.86;8.04
MT;Mato Grosso;Ambos;2020;Demais causas externas;223;6.17;6.93
MT;Mato Grosso;Ambos;2021;Lesão de trânsito;1197;32.65;33.73
MT;Mato Grosso;Ambos;2021;Agressão;871;23.75;23.49
MT;Mato Grosso;Ambos;2021;Causas acidentais;642;17.51;20.67
MT;Mato Grosso;Ambos;2021;Lesão autoprovocada;264;7.83;8.06
MT;Mato Grosso;Ambos;2021;Demais causas externas;195;5.32;5.64
MT;Mato Grosso;Ambos;2022;Lesão de trânsito;1160;31.17;32.25
MT;Mato Grosso;Ambos;2022;Agressão;1047;28.14;27.78
MT;Mato Grosso;Ambos;2022;Causas acidentais;718;19.3;23.2
MT;Mato Grosso;Ambos;2022;Lesão autoprovocada;302;8.82;8.9
MT;Mato Grosso;Ambos;2022;Demais causas externas;194;5.21;5.65
MT;Mato Grosso;Ambos;2023;Lesão de trânsito;1207;31.94;33.05
MT;Mato Grosso;Ambos;2023;Agressão;1074;28.42;28.06
MT;Mato Grosso;Ambos;2023;Causas acidentais;771;20.41;23.82
MT;Mato Grosso;Ambos;2023;Lesão autoprovocada;319;9.16;9.3
MT;Mato Grosso;Ambos;2023;Demais causas externas;188;4.98;5.44
MT;Mato Grosso;Ambos;2024;Lesão de trânsito;1232;32.11;33.04
MT;Mato Grosso;Ambos;2024;Agressão;1038;27.06;26.86
MT;Mato Grosso;Ambos;2024;Causas acidentais;803;20.93;24.32
MT;Mato Grosso;Ambos;2024;Lesão autoprovocada;331;9.34;9.51
MT;Mato Grosso;Ambos;2024;Demais causas externas;194;5.06;5.22
MT;Mato Grosso;Ambos;2025;Lesão de trânsito;1094;28.1;29.04
MT;Mato Grosso;Ambos;2025;Agressão;762;19.57;19.77
MT;Mato Grosso;Ambos;2025;Causas acidentais;682;17.52;20.14
MT;Mato Grosso;Ambos;2025;Lesão autoprovocada;303;8.42;8.47
MT;Mato Grosso;Ambos;2025;Demais causas externas;187;4.8;5.12
MT;Mato Grosso;Homens;2000;Lesão de trânsito;582;43.03;49.42
MT;Mato Grosso;Homens;2000;Agressão;909;67.2;70.41
MT;Mato Grosso;Homens;2000;Causas acidentais;408;30.16;34.87
MT;Mato Grosso;Homens;2000;Lesão autoprovocada;112;9.28;10.19
MT;Mato Grosso;Homens;2000;Demais causas externas;33;2.44;2.97
MT;Mato Grosso;Homens;2001;Lesão de trânsito;585;42.42;49.82
MT;Mato Grosso;Homens;2001;Agressão;880;63.81;68.25
MT;Mato Grosso;Homens;2001;Causas acidentais;394;28.57;34.63
MT;Mato Grosso;Homens;2001;Lesão autoprovocada;103;8.34;9.41
MT;Mato Grosso;Homens;2001;Demais causas externas;33;2.39;3.6
MT;Mato Grosso;Homens;2002;Lesão de trânsito;697;49.64;56.89
MT;Mato Grosso;Homens;2002;Agressão;856;60.96;65.26
MT;Mato Grosso;Homens;2002;Causas acidentais;445;31.69;36.2
MT;Mato Grosso;Homens;2002;Lesão autoprovocada;107;8.48;9.94
MT;Mato Grosso;Homens;2002;Demais causas externas;56;3.99;4.63
MT;Mato Grosso;Homens;2003;Lesão de trânsito;580;40.61;47.78
MT;Mato Grosso;Homens;2003;Agressão;818;57.28;57.89
MT;Mato Grosso;Homens;2003;Causas acidentais;469;32.84;36.96
MT;Mato Grosso;Homens;2003;Lesão autoprovocada;138;10.72;12.49
MT;Mato Grosso;Homens;2003;Demais causas externas;108;7.56;10.41
MT;Mato Grosso;Homens;2004;Lesão de trânsito;755;52.03;57.46
MT;Mato Grosso;Homens;2004;Agressão;754;51.96;53.39
MT;Mato Grosso;Homens;2004;Causas acidentais;432;29.77;33.73
MT;Mato Grosso;Homens;2004;Lesão autoprovocada;120;9.15;11.13
MT;Mato Grosso;Homens;2004;Demais causas externas;131;9.03;11.41
MT;Mato Grosso;Homens;2005;Lesão de trânsito;691;46.91;52.11
MT;Mato Grosso;Homens;2005;Agressão;814;55.25;55.71
MT;Mato Grosso;Homens;2005;Causas acidentais;369;25.05;30.78
MT;Mato Grosso;Homens;2005;Lesão autoprovocada;114;8.53;10.13
MT;Mato Grosso;Homens;2005;Demais causas externas;189;12.83;14.97
MT;Mato Grosso;Homens;2006;Lesão de trânsito;667;44.58;49.13
MT;Mato Grosso;Homens;2006;Agressão;824;55.07;55.37
MT;Mato Grosso;Homens;2006;Causas acidentais;364;24.33;29.83
MT;Mato Grosso;Homens;2006;Lesão autoprovocada;131;9.64;11.89
MT;Mato Grosso;Homens;2006;Demais causas externas;119;7.95;9.69
MT;Mato Grosso;Homens;2007;Lesão de trânsito;716;47.18;51.64
MT;Mato Grosso;Homens;2007;Agressão;793;52.26;53.41
MT;Mato Grosso;Homens;2007;Causas acidentais;353;23.26;27.26
MT;Mato Grosso;Homens;2007;Lesão autoprovocada;123;8.91;10.02
MT;Mato Grosso;Homens;2007;Demais causas externas;122;8.04;10.03
MT;Mato Grosso;Homens;2008;Lesão de trânsito;800;52.02;57.71
MT;Mato Grosso;Homens;2008;Agressão;850;55.27;54.6
MT;Mato Grosso;Homens;2008;Causas acidentais;397;25.82;31.9
MT;Mato Grosso;Homens;2008;Lesão autoprovocada;149;10.63;11.66
MT;Mato Grosso;Homens;2008;Demais causas externas;100;6.5;7.4
MT;Mato Grosso;Homens;2009;Lesão de trânsito;880;56.46;61.08
MT;Mato Grosso;Homens;2009;Agressão;902;57.87;56.63
MT;Mato Grosso;Homens;2009;Causas acidentais;404;25.92;31.33
MT;Mato Grosso;Homens;2009;Lesão autoprovocada;160;11.24;12.13
MT;Mato Grosso;Homens;2009;Demais causas externas;109;6.99;8.19
MT;Mato Grosso;Homens;2010;Lesão de trânsito;907;57.48;62.84
MT;Mato Grosso;Homens;2010;Agressão;889;56.34;54.45
MT;Mato Grosso;Homens;2010;Causas acidentais;365;23.13;29.23
MT;Mato Grosso;Homens;2010;Lesão autoprovocada;121;8.39;9.55
MT;Mato Grosso;Homens;2010;Demais causas externas;114;7.22;8.1
MT;Mato Grosso;Homens;2011;Lesão de trânsito;856;53.62;56.86
MT;Mato Grosso;Homens;2011;Agressão;902;56.5;54.76
MT;Mato Grosso;Homens;2011;Causas acidentais;359;22.49;26.55
MT;Mato Grosso;Homens;2011;Lesão autoprovocada;125;8.54;9.72
MT;Mato Grosso;Homens;2011;Demais causas externas;126;7.89;8.41
MT;Mato Grosso;Homens;2012;Lesão de trânsito;932;57.63;61.99
MT;Mato Grosso;Homens;2012;Agressão;959;59.3;56.26
MT;Mato Grosso;Homens;2012;Causas acidentais;373;23.06;26.63
MT;Mato Grosso;Homens;2012;Lesão autoprovocada;149;10.04;10.76
MT;Mato Grosso;Homens;2012;Demais causas externas;137;8.47;9.18
MT;Mato Grosso;Homens;2013;Lesão de trânsito;937;57.14;60.33
MT;Mato Grosso;Homens;2013;Agressão;1061;64.71;61.88
MT;Mato Grosso;Homens;2013;Causas acidentais;400;24.39;28.78
MT;Mato Grosso;Homens;2013;Lesão autoprovocada;137;9.1;9.8
MT;Mato Grosso;Homens;2013;Demais causas externas;145;8.84;9.95
MT;Mato Grosso;Homens;2014;Lesão de trânsito;922;55.4;58.52
MT;Mato Grosso;Homens;2014;Agressão;1245;74.81;72.67
MT;Mato Grosso;Homens;2014;Causas acidentais;394;23.68;27.47
MT;Mato Grosso;Homens;2014;Lesão autoprovocada;127;8.31;8.74
MT;Mato Grosso;Homens;2014;Demais causas externas;148;8.89;9.64
MT;Mato Grosso;Homens;2015;Lesão de trânsito;871;51.54;53.8
MT;Mato Grosso;Homens;2015;Agressão;1078;63.79;61.8
MT;Mato Grosso;Homens;2015;Causas acidentais;400;23.67;28.32
MT;Mato Grosso;Homens;2015;Lesão autoprovocada;122;7.87;8.46
MT;Mato Grosso;Homens;2015;Demais causas externas;134;7.93;8.49
MT;Mato Grosso;Homens;2016;Lesão de trânsito;820;47.81;49.6
MT;Mato Grosso;Homens;2016;Agressão;1073;62.56;60.14
MT;Mato Grosso;Homens;2016;Causas acidentais;410;23.9;28.84
MT;Mato Grosso;Homens;2016;Lesão autoprovocada;142;9.02;9.37
MT;Mato Grosso;Homens;2016;Demais causas externas;151;8.8;9.63
MT;Mato Grosso;Homens;2017;Lesão de trânsito;809;46.48;48.29
MT;Mato Grosso;Homens;2017;Agressão;1004;57.68;56.08
MT;Mato Grosso;Homens;2017;Causas acidentais;425;24.42;29.78
MT;Mato Grosso;Homens;2017;Lesão autoprovocada;142;8.89;9.38
MT;Mato Grosso;Homens;2017;Demais causas externas;103;5.92;6.04
MT;Mato Grosso;Homens;2018;Lesão de trânsito;848;47.96;50.02
MT;Mato Grosso;Homens;2018;Agressão;883;49.94;48.56
MT;Mato Grosso;Homens;2018;Causas acidentais;388;21.94;25.99
MT;Mato Grosso;Homens;2018;Lesão autoprovocada;173;10.67;11.15
MT;Mato Grosso;Homens;2018;Demais causas externas;125;7.07;7.43
MT;Mato Grosso;Homens;2019;Lesão de trânsito;805;44.78;47.01
MT;Mato Grosso;Homens;2019;Agressão;803;44.66;44.01
MT;Mato Grosso;Homens;2019;Causas acidentais;416;23.14;26.44
MT;Mato Grosso;Homens;2019;Lesão autoprovocada;181;10.97;11.37
MT;Mato Grosso;Homens;2019;Demais causas externas;102;5.67;6.16
MT;Mato Grosso;Homens;2020;Lesão de trânsito;918;50.26;52.04
MT;Mato Grosso;Homens;2020;Agressão;854;46.76;45.69
MT;Mato Grosso;Homens;2020;Causas acidentais;466;25.51;28.85
MT;Mato Grosso;Homens;2020;Lesão autoprovocada;206;12.28;12.55
MT;Mato Grosso;Homens;2020;Demais causas externas;177;9.69;10.52
MT;Mato Grosso;Homens;2021;Lesão de trânsito;985;53.18;55.33
MT;Mato Grosso;Homens;2021;Agressão;789;42.6;42.21
MT;Mato Grosso;Homens;2021;Causas acidentais;469;25.32;28.75
MT;Mato Grosso;Homens;2021;Lesão autoprovocada;211;12.39;12.94
MT;Mato Grosso;Homens;2021;Demais causas externas;153;8.26;8.66
MT;Mato Grosso;Homens;2022;Lesão de trânsito;957;50.98;53.05
MT;Mato Grosso;Homens;2022;Agressão;940;50.07;49.42
MT;Mato Grosso;Homens;2022;Causas acidentais;525;27.96;32.49
MT;Mato Grosso;Homens;2022;Lesão autoprovocada;235;13.61;13.85
MT;Mato Grosso;Homens;2022;Demais causas externas;158;8.42;9.04
MT;Mato Grosso;Homens;2023;Lesão de trânsito;985;51.72;54.06
MT;Mato Grosso;Homens;2023;Agressão;967;50.77;50.31
MT;Mato Grosso;Homens;2023;Causas acidentais;565;29.67;34.12
MT;Mato Grosso;Homens;2023;Lesão autoprovocada;248;14.14;14.55
MT;Mato Grosso;Homens;2023;Demais causas externas;154;8.09;8.71
MT;Mato Grosso;Homens;2024;Lesão de trânsito;1009;52.22;53.83
MT;Mato Grosso;Homens;2024;Agressão;938;48.55;48.17
MT;Mato Grosso;Homens;2024;Causas acidentais;578;29.91;34.04
MT;Mato Grosso;Homens;2024;Lesão autoprovocada;250;14.03;14.38
MT;Mato Grosso;Homens;2024;Demais causas externas;166;8.59;8.82
MT;Mato Grosso;Homens;2025;Lesão de trânsito;850;43.38;45.21
MT;Mato Grosso;Homens;2025;Agressão;680;34.7;35.02
MT;Mato Grosso;Homens;2025;Causas acidentais;465;23.73;26.8
MT;Mato Grosso;Homens;2025;Lesão autoprovocada;229;12.65;12.83
MT;Mato Grosso;Homens;2025;Demais causas externas;153;7.81;8.15
MT;Mato Grosso;Mulheres;2000;Lesão de trânsito;123;9.64;10.41
MT;Mato Grosso;Mulheres;2000;Agressão;81;6.35;7.25
MT;Mato Grosso;Mulheres;2000;Causas acidentais;91;7.13;8.98
MT;Mato Grosso;Mulheres;2000;Lesão autoprovocada;30;2.64;2.75
MT;Mato Grosso;Mulheres;2000;Demais causas externas;7;0.55;1.19
MT;Mato Grosso;Mulheres;2001;Lesão de trânsito;117;8.98;10.92
MT;Mato Grosso;Mulheres;2001;Agressão;92;7.06;7.26
MT;Mato Grosso;Mulheres;2001;Causas acidentais;81;6.22;10.09
MT;Mato Grosso;Mulheres;2001;Lesão autoprovocada;41;3.52;3.74
MT;Mato Grosso;Mulheres;2001;Demais causas externas;11;0.84;1.06
MT;Mato Grosso;Mulheres;2002;Lesão de trânsito;155;11.66;14.16
MT;Mato Grosso;Mulheres;2002;Agressão;92;6.92;7.04
MT;Mato Grosso;Mulheres;2002;Causas acidentais;109;8.2;10.23
MT;Mato Grosso;Mulheres;2002;Lesão autoprovocada;46;3.86;4.46
MT;Mato Grosso;Mulheres;2002;Demais causas externas;15;1.13;1.65
MT;Mato Grosso;Mulheres;2003;Lesão de trânsito;139;10.26;11.82
MT;Mato Grosso;Mulheres;2003;Agressão;90;6.64;7.07
MT;Mato Grosso;Mulheres;2003;Causas acidentais;89;6.57;8.34
MT;Mato Grosso;Mulheres;2003;Lesão autoprovocada;24;1.97;2.04
MT;Mato Grosso;Mulheres;2003;Demais causas externas;27;1.99;3.31
MT;Mato Grosso;Mulheres;2004;Lesão de trânsito;128;9.28;10.34
MT;Mato Grosso;Mulheres;2004;Agressão;99;7.18;7.22
MT;Mato Grosso;Mulheres;2004;Causas acidentais;69;5;7.63
MT;Mato Grosso;Mulheres;2004;Lesão autoprovocada;39;3.13;3.17
MT;Mato Grosso;Mulheres;2004;Demais causas externas;36;2.61;3.72
MT;Mato Grosso;Mulheres;2005;Lesão de trânsito;155;11.05;12.39
MT;Mato Grosso;Mulheres;2005;Agressão;89;6.34;6.25
MT;Mato Grosso;Mulheres;2005;Causas acidentais;67;4.78;6.96
MT;Mato Grosso;Mulheres;2005;Lesão autoprovocada;37;2.91;2.79
MT;Mato Grosso;Mulheres;2005;Demais causas externas;55;3.92;7.15
MT;Mato Grosso;Mulheres;2006;Lesão de trânsito;138;9.67;10.63
MT;Mato Grosso;Mulheres;2006;Agressão;70;4.9;4.84
MT;Mato Grosso;Mulheres;2006;Causas acidentais;82;5.74;9.24
MT;Mato Grosso;Mulheres;2006;Lesão autoprovocada;38;2.93;2.82
MT;Mato Grosso;Mulheres;2006;Demais causas externas;44;3.08;4.82
MT;Mato Grosso;Mulheres;2007;Lesão de trânsito;156;10.76;11.56
MT;Mato Grosso;Mulheres;2007;Agressão;95;6.55;6.76
MT;Mato Grosso;Mulheres;2007;Causas acidentais;66;4.55;6.23
MT;Mato Grosso;Mulheres;2007;Lesão autoprovocada;29;2.2;2.24
MT;Mato Grosso;Mulheres;2007;Demais causas externas;41;2.83;4.6
MT;Mato Grosso;Mulheres;2008;Lesão de trânsito;200;13.58;15.67
MT;Mato Grosso;Mulheres;2008;Agressão;86;5.84;6.03
MT;Mato Grosso;Mulheres;2008;Causas acidentais;94;6.38;11.09
MT;Mato Grosso;Mulheres;2008;Lesão autoprovocada;31;2.31;2.45
MT;Mato Grosso;Mulheres;2008;Demais causas externas;27;1.83;2.73
MT;Mato Grosso;Mulheres;2009;Lesão de trânsito;188;12.58;13.35
MT;Mato Grosso;Mulheres;2009;Agressão;94;6.29;6.37
MT;Mato Grosso;Mulheres;2009;Causas acidentais;117;7.83;13.38
MT;Mato Grosso;Mulheres;2009;Lesão autoprovocada;30;2.2;2.23
MT;Mato Grosso;Mulheres;2009;Demais causas externas;25;1.67;2.62
MT;Mato Grosso;Mulheres;2010;Lesão de trânsito;205;13.52;14.73
MT;Mato Grosso;Mulheres;2010;Agressão;80;5.28;5.54
MT;Mato Grosso;Mulheres;2010;Causas acidentais;114;7.52;12.09
MT;Mato Grosso;Mulheres;2010;Lesão autoprovocada;40;2.89;3.43
MT;Mato Grosso;Mulheres;2010;Demais causas externas;23;1.52;1.91
MT;Mato Grosso;Mulheres;2011;Lesão de trânsito;199;12.95;14.32
MT;Mato Grosso;Mulheres;2011;Agressão;86;5.6;5.37
MT;Mato Grosso;Mulheres;2011;Causas acidentais;87;5.66;9.29
MT;Mato Grosso;Mulheres;2011;Lesão autoprovocada;33;2.34;2.41
MT;Mato Grosso;Mulheres;2011;Demais causas externas;40;2.6;3.72
MT;Mato Grosso;Mulheres;2012;Lesão de trânsito;206;13.21;13.98
MT;Mato Grosso;Mulheres;2012;Agressão;99;6.35;6.11
MT;Mato Grosso;Mulheres;2012;Causas acidentais;101;6.48;9.98
MT;Mato Grosso;Mulheres;2012;Lesão autoprovocada;36;2.51;2.56
MT;Mato Grosso;Mulheres;2012;Demais causas externas;29;1.86;2.59
MT;Mato Grosso;Mulheres;2013;Lesão de trânsito;217;13.7;14.86
MT;Mato Grosso;Mulheres;2013;Agressão;90;5.68;5.57
MT;Mato Grosso;Mulheres;2013;Causas acidentais;105;6.63;10.22
MT;Mato Grosso;Mulheres;2013;Lesão autoprovocada;40;2.75;3.05
MT;Mato Grosso;Mulheres;2013;Demais causas externas;42;2.65;3.42
MT;Mato Grosso;Mulheres;2014;Lesão de trânsito;202;12.55;13.62
MT;Mato Grosso;Mulheres;2014;Agressão;111;6.89;6.61
MT;Mato Grosso;Mulheres;2014;Causas acidentais;109;6.77;10.09
MT;Mato Grosso;Mulheres;2014;Lesão autoprovocada;30;2.03;2.04
MT;Mato Grosso;Mulheres;2014;Demais causas externas;40;2.48;3.23
MT;Mato Grosso;Mulheres;2015;Lesão de trânsito;169;10.32;10.95
MT;Mato Grosso;Mulheres;2015;Agressão;118;7.21;6.91
MT;Mato Grosso;Mulheres;2015;Causas acidentais;112;6.84;10.54
MT;Mato Grosso;Mulheres;2015;Lesão autoprovocada;23;1.53;1.59
MT;Mato Grosso;Mulheres;2015;Demais causas externas;32;1.95;2.63
MT;Mato Grosso;Mulheres;2016;Lesão de trânsito;192;11.53;12.54
MT;Mato Grosso;Mulheres;2016;Agressão;104;6.25;6.18
MT;Mato Grosso;Mulheres;2016;Causas acidentais;114;6.85;10.11
MT;Mato Grosso;Mulheres;2016;Lesão autoprovocada;36;2.35;2.53
MT;Mato Grosso;Mulheres;2016;Demais causas externas;34;2.04;2.63
MT;Mato Grosso;Mulheres;2017;Lesão de trânsito;190;11.23;11.9
MT;Mato Grosso;Mulheres;2017;Agressão;92;5.44;5.21
MT;Mato Grosso;Mulheres;2017;Causas acidentais;172;10.16;13.99
MT;Mato Grosso;Mulheres;2017;Lesão autoprovocada;54;3.47;3.55
MT;Mato Grosso;Mulheres;2017;Demais causas externas;28;1.65;1.85
MT;Mato Grosso;Mulheres;2018;Lesão de trânsito;188;10.91;11.41
MT;Mato Grosso;Mulheres;2018;Agressão;88;5.11;4.92
MT;Mato Grosso;Mulheres;2018;Causas acidentais;139;8.07;11.2
MT;Mato Grosso;Mulheres;2018;Lesão autoprovocada;53;3.35;3.48
MT;Mato Grosso;Mulheres;2018;Demais causas externas;33;1.92;2.49
MT;Mato Grosso;Mulheres;2019;Lesão de trânsito;154;8.78;8.99
MT;Mato Grosso;Mulheres;2019;Agressão;84;4.79;4.79
MT;Mato Grosso;Mulheres;2019;Causas acidentais;142;8.1;10.91
MT;Mato Grosso;Mulheres;2019;Lesão autoprovocada;60;3.72;3.63
MT;Mato Grosso;Mulheres;2019;Demais causas externas;31;1.77;2.12
MT;Mato Grosso;Mulheres;2020;Lesão de trânsito;177;9.91;9.96
MT;Mato Grosso;Mulheres;2020;Agressão;105;5.88;5.85
MT;Mato Grosso;Mulheres;2020;Causas acidentais;134;7.5;9.8
MT;Mato Grosso;Mulheres;2020;Lesão autoprovocada;55;3.35;3.45
MT;Mato Grosso;Mulheres;2020;Demais causas externas;46;2.58;3.26
MT;Mato Grosso;Mulheres;2021;Lesão de trânsito;212;11.68;11.89
MT;Mato Grosso;Mulheres;2021;Agressão;81;4.46;4.44
MT;Mato Grosso;Mulheres;2021;Causas acidentais;170;9.37;12.24
MT;Mato Grosso;Mulheres;2021;Lesão autoprovocada;53;3.17;3.15
MT;Mato Grosso;Mulheres;2021;Demais causas externas;42;2.31;2.57
MT;Mato Grosso;Mulheres;2022;Lesão de trânsito;203;11.01;11.29
MT;Mato Grosso;Mulheres;2022;Agressão;106;5.75;5.71
MT;Mato Grosso;Mulheres;2022;Causas acidentais;193;10.47;13.76
MT;Mato Grosso;Mulheres;2022;Lesão autoprovocada;67;3.94;3.92
MT;Mato Grosso;Mulheres;2022;Demais causas externas;35;1.9;2.23
MT;Mato Grosso;Mulheres;2023;Lesão de trânsito;222;11.85;12.01
MT;Mato Grosso;Mulheres;2023;Agressão;103;5.5;5.43
MT;Mato Grosso;Mulheres;2023;Causas acidentais;206;10.99;13.54
MT;Mato Grosso;Mulheres;2023;Lesão autoprovocada;71;4.11;4.06
MT;Mato Grosso;Mulheres;2023;Demais causas externas;34;1.81;2.13
MT;Mato Grosso;Mulheres;2024;Lesão de trânsito;223;11.71;12.1
MT;Mato Grosso;Mulheres;2024;Agressão;98;5.15;5.15
MT;Mato Grosso;Mulheres;2024;Causas acidentais;225;11.82;14.51
MT;Mato Grosso;Mulheres;2024;Lesão autoprovocada;81;4.6;4.64
MT;Mato Grosso;Mulheres;2024;Demais causas externas;28;1.47;1.58
MT;Mato Grosso;Mulheres;2025;Lesão de trânsito;244;12.61;12.9
MT;Mato Grosso;Mulheres;2025;Agressão;82;4.24;4.32
MT;Mato Grosso;Mulheres;2025;Causas acidentais;217;11.22;13.31
MT;Mato Grosso;Mulheres;2025;Lesão autoprovocada;74;4.13;4.13
MT;Mato Grosso;Mulheres;2025;Demais causas externas;34;1.76;2.02
PA;Pará;Ambos;2000;Lesão de trânsito;658;10.13;13.21
PA;Pará;Ambos;2000;Agressão;806;12.41;14.13
PA;Pará;Ambos;2000;Causas acidentais;497;7.65;9.39
PA;Pará;Ambos;2000;Lesão autoprovocada;116;2.05;2.35
PA;Pará;Ambos;2000;Demais causas externas;156;2.4;3.26
PA;Pará;Ambos;2001;Lesão de trânsito;761;11.49;14
PA;Pará;Ambos;2001;Agressão;965;14.57;16.2
PA;Pará;Ambos;2001;Causas acidentais;569;8.59;10.58
PA;Pará;Ambos;2001;Lesão autoprovocada;146;2.53;2.8
PA;Pará;Ambos;2001;Demais causas externas;191;2.88;3.64
PA;Pará;Ambos;2002;Lesão de trânsito;856;12.69;15.52
PA;Pará;Ambos;2002;Agressão;1192;17.67;19.27
PA;Pará;Ambos;2002;Causas acidentais;656;9.72;11.38
PA;Pará;Ambos;2002;Lesão autoprovocada;140;2.37;2.57
PA;Pará;Ambos;2002;Demais causas externas;203;3.01;3.76
PA;Pará;Ambos;2003;Lesão de trânsito;891;12.97;15.56
PA;Pará;Ambos;2003;Agressão;1404;20.43;21.95
PA;Pará;Ambos;2003;Causas acidentais;653;9.5;11.06
PA;Pará;Ambos;2003;Lesão autoprovocada;137;2.27;2.46
PA;Pará;Ambos;2003;Demais causas externas;138;2.01;2.33
PA;Pará;Ambos;2004;Lesão de trânsito;902;12.89;16.26
PA;Pará;Ambos;2004;Agressão;1519;21.71;23.12
PA;Pará;Ambos;2004;Causas acidentais;671;9.59;11.52
PA;Pará;Ambos;2004;Lesão autoprovocada;136;2.21;2.42
PA;Pará;Ambos;2004;Demais causas externas;139;1.99;2.52
PA;Pará;Ambos;2005;Lesão de trânsito;990;13.91;16.75
PA;Pará;Ambos;2005;Agressão;1926;27.05;27.88
PA;Pará;Ambos;2005;Causas acidentais;663;9.31;11.22
PA;Pará;Ambos;2005;Lesão autoprovocada;166;2.64;2.89
PA;Pará;Ambos;2005;Demais causas externas;181;2.54;3.25
PA;Pará;Ambos;2006;Lesão de trânsito;1044;14.41;17.47
PA;Pará;Ambos;2006;Agressão;2072;28.6;28.76
PA;Pará;Ambos;2006;Causas acidentais;784;10.82;12.74
PA;Pará;Ambos;2006;Lesão autoprovocada;160;2.49;2.71
PA;Pará;Ambos;2006;Demais causas externas;217;3;3.41
PA;Pará;Ambos;2007;Lesão de trânsito;1071;14.54;16.95
PA;Pará;Ambos;2007;Agressão;2193;29.77;29.45
PA;Pará;Ambos;2007;Causas acidentais;746;10.13;11.77
PA;Pará;Ambos;2007;Lesão autoprovocada;180;2.75;3.15
PA;Pará;Ambos;2007;Demais causas externas;195;2.65;3.13
PA;Pará;Ambos;2008;Lesão de trânsito;1118;14.93;17.94
PA;Pará;Ambos;2008;Agressão;2857;38.16;37.85
PA;Pará;Ambos;2008;Causas acidentais;802;10.71;12.51
PA;Pará;Ambos;2008;Lesão autoprovocada;217;3.25;3.67
PA;Pará;Ambos;2008;Demais causas externas;238;3.18;3.36
PA;Pará;Ambos;2009;Lesão de trânsito;1044;13.73;16.02
PA;Pará;Ambos;2009;Agressão;2989;39.32;38.05
PA;Pará;Ambos;2009;Causas acidentais;754;9.92;11.97
PA;Pará;Ambos;2009;Lesão autoprovocada;188;2.77;3.07
PA;Pará;Ambos;2009;Demais causas externas;225;2.96;3.22
PA;Pará;Ambos;2010;Lesão de trânsito;1358;17.63;19.62
PA;Pará;Ambos;2010;Agressão;3516;45.66;45.07
PA;Pará;Ambos;2010;Causas acidentais;805;10.45;12.04
PA;Pará;Ambos;2010;Lesão autoprovocada;188;2.72;3.01
PA;Pará;Ambos;2010;Demais causas externas;258;3.35;3.73
PA;Pará;Ambos;2011;Lesão de trânsito;1378;17.69;20.01
PA;Pará;Ambos;2011;Agressão;3069;39.4;37.8
PA;Pará;Ambos;2011;Causas acidentais;831;10.67;13.01
PA;Pará;Ambos;2011;Lesão autoprovocada;222;3.16;3.37
PA;Pará;Ambos;2011;Demais causas externas;244;3.13;3.68
PA;Pará;Ambos;2012;Lesão de trânsito;1541;19.57;22.23
PA;Pará;Ambos;2012;Agressão;3236;41.09;38.86
PA;Pará;Ambos;2012;Causas acidentais;810;10.29;12.41
PA;Pará;Ambos;2012;Lesão autoprovocada;240;3.37;3.48
PA;Pará;Ambos;2012;Demais causas externas;370;4.7;6.15
PA;Pará;Ambos;2013;Lesão de trânsito;1564;19.65;21.44
PA;Pará;Ambos;2013;Agressão;3403;42.75;40.38
PA;Pará;Ambos;2013;Causas acidentais;902;11.33;13.4
PA;Pará;Ambos;2013;Lesão autoprovocada;232;3.21;3.47
PA;Pará;Ambos;2013;Demais causas externas;386;4.85;5.42
PA;Pará;Ambos;2014;Lesão de trânsito;1579;19.62;21.62
PA;Pará;Ambos;2014;Agressão;3443;42.79;39.97
PA;Pará;Ambos;2014;Causas acidentais;1035;12.86;14.9
PA;Pará;Ambos;2014;Lesão autoprovocada;208;2.84;3.01
PA;Pará;Ambos;2014;Demais causas externas;392;4.87;5.22
PA;Pará;Ambos;2015;Lesão de trânsito;1556;19.14;20.81
PA;Pará;Ambos;2015;Agressão;3675;45.2;43.06
PA;Pará;Ambos;2015;Causas acidentais;960;11.81;13.89
PA;Pará;Ambos;2015;Lesão autoprovocada;266;3.59;3.68
PA;Pará;Ambos;2015;Demais causas externas;393;4.83;5.34
PA;Pará;Ambos;2016;Lesão de trânsito;1559;18.99;20.58
PA;Pará;Ambos;2016;Agressão;4220;51.41;48.25
PA;Pará;Ambos;2016;Causas acidentais;995;12.12;14.61
PA;Pará;Ambos;2016;Lesão autoprovocada;276;3.68;3.86
PA;Pará;Ambos;2016;Demais causas externas;381;4.64;4.91
PA;Pará;Ambos;2017;Lesão de trânsito;1447;17.48;19.03
PA;Pará;Ambos;2017;Agressão;4540;54.86;51.28
PA;Pará;Ambos;2017;Causas acidentais;1058;12.78;15.22
PA;Pará;Ambos;2017;Lesão autoprovocada;301;3.98;4.12
PA;Pará;Ambos;2017;Demais causas externas;368;4.45;4.77
PA;Pará;Ambos;2018;Lesão de trânsito;1386;16.62;17.9
PA;Pará;Ambos;2018;Agressão;4506;54.03;50.72
PA;Pará;Ambos;2018;Causas acidentais;941;11.28;13.46
PA;Pará;Ambos;2018;Lesão autoprovocada;350;4.59;4.6
PA;Pará;Ambos;2018;Demais causas externas;386;4.63;4.79
PA;Pará;Ambos;2019;Lesão de trânsito;1354;16.11;17.11
PA;Pará;Ambos;2019;Agressão;3357;39.94;37.27
PA;Pará;Ambos;2019;Causas acidentais;1020;12.14;14.58
PA;Pará;Ambos;2019;Lesão autoprovocada;348;4.52;4.6
PA;Pará;Ambos;2019;Demais causas externas;408;4.85;5.22
PA;Pará;Ambos;2020;Lesão de trânsito;1545;18.25;19.1
PA;Pará;Ambos;2020;Agressão;2773;32.76;30.93
PA;Pará;Ambos;2020;Causas acidentais;1029;12.16;14.05
PA;Pará;Ambos;2020;Lesão autoprovocada;391;5.03;5.15
PA;Pará;Ambos;2020;Demais causas externas;353;4.17;4.55
PA;Pará;Ambos;2021;Lesão de trânsito;1454;17.07;17.91
PA;Pará;Ambos;2021;Agressão;2773;32.55;30.97
PA;Pará;Ambos;2021;Causas acidentais;1117;13.11;15.1
PA;Pará;Ambos;2021;Lesão autoprovocada;398;5.08;5.12
PA;Pará;Ambos;2021;Demais causas externas;440;5.16;5.28
PA;Pará;Ambos;2022;Lesão de trânsito;1588;18.53;19.41
PA;Pará;Ambos;2022;Agressão;2813;32.82;31.09
PA;Pará;Ambos;2022;Causas acidentais;1125;13.13;15.07
PA;Pará;Ambos;2022;Lesão autoprovocada;499;6.32;6.38
PA;Pará;Ambos;2022;Demais causas externas;409;4.77;4.8
PA;Pará;Ambos;2023;Lesão de trânsito;1587;18.42;19.09
PA;Pará;Ambos;2023;Agressão;2499;29;27.67
PA;Pará;Ambos;2023;Causas acidentais;1169;13.57;15.59
PA;Pará;Ambos;2023;Lesão autoprovocada;526;6.61;6.62
PA;Pará;Ambos;2023;Demais causas externas;397;4.61;4.83
PA;Pará;Ambos;2024;Lesão de trânsito;1799;20.76;21.51
PA;Pará;Ambos;2024;Agressão;2233;25.77;24.64
PA;Pará;Ambos;2024;Causas acidentais;1246;14.38;16.47
PA;Pará;Ambos;2024;Lesão autoprovocada;517;6.44;6.46
PA;Pará;Ambos;2024;Demais causas externas;548;6.32;6.35
PA;Pará;Ambos;2025;Lesão de trânsito;1857;21.32;21.88
PA;Pará;Ambos;2025;Agressão;2148;24.66;23.6
PA;Pará;Ambos;2025;Causas acidentais;1381;15.85;17.94
PA;Pará;Ambos;2025;Lesão autoprovocada;531;6.57;6.44
PA;Pará;Ambos;2025;Demais causas externas;572;6.57;6.57
PA;Pará;Homens;2000;Lesão de trânsito;547;16.71;22.21
PA;Pará;Homens;2000;Agressão;743;22.7;25.7
PA;Pará;Homens;2000;Causas acidentais;397;12.13;15.21
PA;Pará;Homens;2000;Lesão autoprovocada;87;3.05;3.61
PA;Pará;Homens;2000;Demais causas externas;119;3.64;4.79
PA;Pará;Homens;2001;Lesão de trânsito;621;18.61;23.14
PA;Pará;Homens;2001;Agressão;868;26.01;28.54
PA;Pará;Homens;2001;Causas acidentais;475;14.24;17.44
PA;Pará;Homens;2001;Lesão autoprovocada;95;3.26;3.79
PA;Pará;Homens;2001;Demais causas externas;148;4.44;5.8
PA;Pará;Homens;2002;Lesão de trânsito;703;20.68;25.54
PA;Pará;Homens;2002;Agressão;1119;32.91;35.67
PA;Pará;Homens;2002;Causas acidentais;535;15.74;18.2
PA;Pará;Homens;2002;Lesão autoprovocada;94;3.16;3.74
PA;Pará;Homens;2002;Demais causas externas;150;4.41;5.52
PA;Pará;Homens;2003;Lesão de trânsito;744;21.49;26.11
PA;Pará;Homens;2003;Agressão;1310;37.83;40.59
PA;Pará;Homens;2003;Causas acidentais;523;15.1;17.78
PA;Pará;Homens;2003;Lesão autoprovocada;101;3.33;3.87
PA;Pará;Homens;2003;Demais causas externas;105;3.03;3.62
PA;Pará;Homens;2004;Lesão de trânsito;742;21.05;26.64
PA;Pará;Homens;2004;Agressão;1426;40.46;42.9
PA;Pará;Homens;2004;Causas acidentais;565;16.03;19.25
PA;Pará;Homens;2004;Lesão autoprovocada;101;3.26;3.68
PA;Pará;Homens;2004;Demais causas externas;99;2.81;3.44
PA;Pará;Homens;2005;Lesão de trânsito;811;22.61;27.69
PA;Pará;Homens;2005;Agressão;1797;50.11;51.52
PA;Pará;Homens;2005;Causas acidentais;543;15.14;17.86
PA;Pará;Homens;2005;Lesão autoprovocada;123;3.89;4.55
PA;Pará;Homens;2005;Demais causas externas;136;3.79;4.88
PA;Pará;Homens;2006;Lesão de trânsito;833;22.83;27.96
PA;Pará;Homens;2006;Agressão;1929;52.88;53
PA;Pará;Homens;2006;Causas acidentais;638;17.49;20.41
PA;Pará;Homens;2006;Lesão autoprovocada;121;3.75;4.09
PA;Pará;Homens;2006;Demais causas externas;169;4.63;5.35
PA;Pará;Homens;2007;Lesão de trânsito;887;23.91;28.29
PA;Pará;Homens;2007;Agressão;2048;55.22;54.55
PA;Pará;Homens;2007;Causas acidentais;605;16.31;18.84
PA;Pará;Homens;2007;Lesão autoprovocada;139;4.22;5.01
PA;Pará;Homens;2007;Demais causas externas;156;4.21;4.94
PA;Pará;Homens;2008;Lesão de trânsito;925;24.54;29.92
PA;Pará;Homens;2008;Agressão;2686;71.27;70.67
PA;Pará;Homens;2008;Causas acidentais;640;16.98;19.46
PA;Pará;Homens;2008;Lesão autoprovocada;185;5.52;6.28
PA;Pará;Homens;2008;Demais causas externas;187;4.96;5.25
PA;Pará;Homens;2009;Lesão de trânsito;860;22.48;26.59
PA;Pará;Homens;2009;Agressão;2802;73.25;71.21
PA;Pará;Homens;2009;Causas acidentais;596;15.58;18.76
PA;Pará;Homens;2009;Lesão autoprovocada;156;4.57;5.16
PA;Pará;Homens;2009;Demais causas externas;181;4.73;5.06
PA;Pará;Homens;2010;Lesão de trânsito;1149;29.66;33.06
PA;Pará;Homens;2010;Agressão;3282;84.71;83.97
PA;Pará;Homens;2010;Causas acidentais;653;16.85;19.12
PA;Pará;Homens;2010;Lesão autoprovocada;151;4.35;4.88
PA;Pará;Homens;2010;Demais causas externas;199;5.14;5.71
PA;Pará;Homens;2011;Lesão de trânsito;1138;29.04;33.16
PA;Pará;Homens;2011;Agressão;2877;73.42;70.37
PA;Pará;Homens;2011;Causas acidentais;649;16.56;19.8
PA;Pará;Homens;2011;Lesão autoprovocada;171;4.85;5.18
PA;Pará;Homens;2011;Demais causas externas;193;4.93;5.66
PA;Pará;Homens;2012;Lesão de trânsito;1233;31.12;35.55
PA;Pará;Homens;2012;Agressão;2993;75.54;71.96
PA;Pará;Homens;2012;Causas acidentais;647;16.33;19.48
PA;Pará;Homens;2012;Lesão autoprovocada;206;5.76;5.95
PA;Pará;Homens;2012;Demais causas externas;270;6.81;8.69
PA;Pará;Homens;2013;Lesão de trânsito;1302;32.51;35.88
PA;Pará;Homens;2013;Agressão;3156;78.8;75.01
PA;Pará;Homens;2013;Causas acidentais;696;17.38;20.13
PA;Pará;Homens;2013;Lesão autoprovocada;184;5.07;5.59
PA;Pará;Homens;2013;Demais causas externas;302;7.54;8.5
PA;Pará;Homens;2014;Lesão de trânsito;1331;32.88;36.6
PA;Pará;Homens;2014;Agressão;3186;78.7;73.87
PA;Pará;Homens;2014;Causas acidentais;832;20.55;22.91
PA;Pará;Homens;2014;Lesão autoprovocada;167;4.54;4.94
PA;Pará;Homens;2014;Demais causas externas;331;8.18;8.81
PA;Pará;Homens;2015;Lesão de trânsito;1315;32.15;35.35
PA;Pará;Homens;2015;Agressão;3401;83.14;79.65
PA;Pará;Homens;2015;Causas acidentais;761;18.6;21.06
PA;Pará;Homens;2015;Lesão autoprovocada;210;5.64;5.94
PA;Pará;Homens;2015;Demais causas externas;335;8.19;8.99
PA;Pará;Homens;2016;Lesão de trânsito;1319;31.95;34.9
PA;Pará;Homens;2016;Agressão;3918;94.9;89.31
PA;Pará;Homens;2016;Causas acidentais;774;18.75;21.92
PA;Pará;Homens;2016;Lesão autoprovocada;213;5.66;6.02
PA;Pará;Homens;2016;Demais causas externas;326;7.9;8.51
PA;Pará;Homens;2017;Lesão de trânsito;1208;29.02;31.8
PA;Pará;Homens;2017;Agressão;4221;101.42;95.13
PA;Pará;Homens;2017;Causas acidentais;806;19.37;22.44
PA;Pará;Homens;2017;Lesão autoprovocada;230;6.06;6.38
PA;Pará;Homens;2017;Demais causas externas;309;7.42;7.85
PA;Pará;Homens;2018;Lesão de trânsito;1158;27.61;29.92
PA;Pará;Homens;2018;Agressão;4163;99.27;93.81
PA;Pará;Homens;2018;Causas acidentais;721;17.19;20.23
PA;Pará;Homens;2018;Lesão autoprovocada;280;7.31;7.36
PA;Pará;Homens;2018;Demais causas externas;326;7.77;8.03
PA;Pará;Homens;2019;Lesão de trânsito;1153;27.29;29.35
PA;Pará;Homens;2019;Agressão;3107;73.53;69.09
PA;Pará;Homens;2019;Causas acidentais;796;18.84;22.19
PA;Pará;Homens;2019;Lesão autoprovocada;270;6.98;7.27
PA;Pará;Homens;2019;Demais causas externas;338;8;8.51
PA;Pará;Homens;2020;Lesão de trânsito;1292;30.37;32.17
PA;Pará;Homens;2020;Agressão;2570;60.41;57.3
PA;Pará;Homens;2020;Causas acidentais;784;18.43;21.1
PA;Pará;Homens;2020;Lesão autoprovocada;308;7.89;8.33
PA;Pará;Homens;2020;Demais causas externas;278;6.53;7.03
PA;Pará;Homens;2021;Lesão de trânsito;1182;27.62;29.38
PA;Pará;Homens;2021;Agressão;2555;59.69;57.15
PA;Pará;Homens;2021;Causas acidentais;849;19.84;22.59
PA;Pará;Homens;2021;Lesão autoprovocada;321;8.16;8.39
PA;Pará;Homens;2021;Demais causas externas;356;8.32;8.52
PA;Pará;Homens;2022;Lesão de trânsito;1338;31.09;32.86
PA;Pará;Homens;2022;Agressão;2600;60.41;57.5
PA;Pará;Homens;2022;Causas acidentais;851;19.77;22.34
PA;Pará;Homens;2022;Lesão autoprovocada;390;9.85;10.26
PA;Pará;Homens;2022;Demais causas externas;334;7.76;7.8
PA;Pará;Homens;2023;Lesão de trânsito;1327;30.67;32.12
PA;Pará;Homens;2023;Agressão;2300;53.16;51
PA;Pará;Homens;2023;Causas acidentais;869;20.08;22.86
PA;Pará;Homens;2023;Lesão autoprovocada;406;10.17;10.39
PA;Pará;Homens;2023;Demais causas externas;335;7.74;8.09
PA;Pará;Homens;2024;Lesão de trânsito;1512;34.75;36.47
PA;Pará;Homens;2024;Agressão;2061;47.37;45.37
PA;Pará;Homens;2024;Causas acidentais;915;21.03;23.65
PA;Pará;Homens;2024;Lesão autoprovocada;391;9.72;9.95
PA;Pará;Homens;2024;Demais causas externas;471;10.83;10.79
PA;Pará;Homens;2025;Lesão de trânsito;1524;34.85;36.13
PA;Pará;Homens;2025;Agressão;1976;45.18;43.3
PA;Pará;Homens;2025;Causas acidentais;1024;23.41;26.47
PA;Pará;Homens;2025;Lesão autoprovocada;407;10.04;9.96
PA;Pará;Homens;2025;Demais causas externas;488;11.16;11.09
PA;Pará;Mulheres;2000;Lesão de trânsito;110;3.41;3.98
PA;Pará;Mulheres;2000;Agressão;63;1.96;2.21
PA;Pará;Mulheres;2000;Causas acidentais;100;3.1;3.4
PA;Pará;Mulheres;2000;Lesão autoprovocada;29;1.04;1.08
PA;Pará;Mulheres;2000;Demais causas externas;37;1.15;1.65
PA;Pará;Mulheres;2001;Lesão de trânsito;139;4.23;4.69
PA;Pará;Mulheres;2001;Agressão;97;2.95;3.45
PA;Pará;Mulheres;2001;Causas acidentais;94;2.86;3.48
PA;Pará;Mulheres;2001;Lesão autoprovocada;51;1.78;1.76
PA;Pará;Mulheres;2001;Demais causas externas;42;1.28;1.39
PA;Pará;Mulheres;2002;Lesão de trânsito;153;4.57;5.37
PA;Pará;Mulheres;2002;Agressão;73;2.18;2.42
PA;Pará;Mulheres;2002;Causas acidentais;121;3.61;4.31
PA;Pará;Mulheres;2002;Lesão autoprovocada;46;1.57;1.39
PA;Pará;Mulheres;2002;Demais causas externas;53;1.58;1.93
PA;Pará;Mulheres;2003;Lesão de trânsito;146;4.28;4.78
PA;Pará;Mulheres;2003;Agressão;93;2.73;2.84
PA;Pará;Mulheres;2003;Causas acidentais;130;3.81;4.11
PA;Pará;Mulheres;2003;Lesão autoprovocada;36;1.2;1.04
PA;Pará;Mulheres;2003;Demais causas externas;33;0.97;1.03
PA;Pará;Mulheres;2004;Lesão de trânsito;160;4.61;5.63
PA;Pará;Mulheres;2004;Agressão;93;2.68;2.89
PA;Pará;Mulheres;2004;Causas acidentais;106;3.05;3.64
PA;Pará;Mulheres;2004;Lesão autoprovocada;35;1.14;1.17
PA;Pará;Mulheres;2004;Demais causas externas;39;1.12;1.52
PA;Pará;Mulheres;2005;Lesão de trânsito;179;5.07;5.65
PA;Pará;Mulheres;2005;Agressão;127;3.59;3.8
PA;Pará;Mulheres;2005;Causas acidentais;120;3.4;4.34
PA;Pará;Mulheres;2005;Lesão autoprovocada;43;1.37;1.21
PA;Pará;Mulheres;2005;Demais causas externas;45;1.27;1.63
PA;Pará;Mulheres;2006;Lesão de trânsito;211;5.87;6.83
PA;Pará;Mulheres;2006;Agressão;140;3.89;4.16
PA;Pará;Mulheres;2006;Causas acidentais;146;4.06;4.99
PA;Pará;Mulheres;2006;Lesão autoprovocada;39;1.22;1.31
PA;Pará;Mulheres;2006;Demais causas externas;46;1.28;1.43
PA;Pará;Mulheres;2007;Lesão de trânsito;184;5.03;5.55
PA;Pará;Mulheres;2007;Agressão;144;3.94;4.02
PA;Pará;Mulheres;2007;Causas acidentais;141;3.86;4.56
PA;Pará;Mulheres;2007;Lesão autoprovocada;41;1.26;1.28
PA;Pará;Mulheres;2007;Demais causas externas;39;1.07;1.33
PA;Pará;Mulheres;2008;Lesão de trânsito;193;5.19;5.99
PA;Pará;Mulheres;2008;Agressão;167;4.49;4.67
PA;Pará;Mulheres;2008;Causas acidentais;162;4.36;5.31
PA;Pará;Mulheres;2008;Lesão autoprovocada;32;0.96;1.04
PA;Pará;Mulheres;2008;Demais causas externas;51;1.37;1.43
PA;Pará;Mulheres;2009;Lesão de trânsito;183;4.85;5.4
PA;Pará;Mulheres;2009;Agressão;180;4.77;4.67
PA;Pará;Mulheres;2009;Causas acidentais;158;4.18;5.12
PA;Pará;Mulheres;2009;Lesão autoprovocada;32;0.95;0.97
PA;Pará;Mulheres;2009;Demais causas externas;44;1.17;1.38
PA;Pará;Mulheres;2010;Lesão de trânsito;208;5.44;6.12
PA;Pará;Mulheres;2010;Agressão;230;6.01;5.93
PA;Pará;Mulheres;2010;Causas acidentais;152;3.97;4.86
PA;Pará;Mulheres;2010;Lesão autoprovocada;37;1.08;1.13
PA;Pará;Mulheres;2010;Demais causas externas;56;1.46;1.71
PA;Pará;Mulheres;2011;Lesão de trânsito;238;6.15;6.88
PA;Pará;Mulheres;2011;Agressão;186;4.81;5
PA;Pará;Mulheres;2011;Causas acidentais;181;4.68;6.11
PA;Pará;Mulheres;2011;Lesão autoprovocada;51;1.46;1.59
PA;Pará;Mulheres;2011;Demais causas externas;50;1.29;1.68
PA;Pará;Mulheres;2012;Lesão de trânsito;304;7.77;8.87
PA;Pará;Mulheres;2012;Agressão;232;5.93;5.64
PA;Pará;Mulheres;2012;Causas acidentais;163;4.17;5.33
PA;Pará;Mulheres;2012;Lesão autoprovocada;34;0.96;0.98
PA;Pará;Mulheres;2012;Demais causas externas;100;2.56;3.57
PA;Pará;Mulheres;2013;Lesão de trânsito;261;6.6;7.07
PA;Pará;Mulheres;2013;Agressão;230;5.81;5.67
PA;Pará;Mulheres;2013;Causas acidentais;202;5.11;6.55
PA;Pará;Mulheres;2013;Lesão autoprovocada;48;1.33;1.35
PA;Pará;Mulheres;2013;Demais causas externas;83;2.1;2.33
PA;Pará;Mulheres;2014;Lesão de trânsito;248;6.2;6.73
PA;Pará;Mulheres;2014;Agressão;249;6.23;5.98
PA;Pará;Mulheres;2014;Causas acidentais;203;5.08;6.62
PA;Pará;Mulheres;2014;Lesão autoprovocada;41;1.13;1.12
PA;Pará;Mulheres;2014;Demais causas externas;60;1.5;1.64
PA;Pará;Mulheres;2015;Lesão de trânsito;238;5.89;6.35
PA;Pará;Mulheres;2015;Agressão;261;6.46;6.44
PA;Pará;Mulheres;2015;Causas acidentais;198;4.9;6.45
PA;Pará;Mulheres;2015;Lesão autoprovocada;55;1.49;1.41
PA;Pará;Mulheres;2015;Demais causas externas;58;1.44;1.69
PA;Pará;Mulheres;2016;Lesão de trânsito;239;5.86;6.34
PA;Pará;Mulheres;2016;Agressão;294;7.21;7.09
PA;Pará;Mulheres;2016;Causas acidentais;217;5.32;7.18
PA;Pará;Mulheres;2016;Lesão autoprovocada;63;1.69;1.73
PA;Pará;Mulheres;2016;Demais causas externas;53;1.3;1.33
PA;Pará;Mulheres;2017;Lesão de trânsito;236;5.74;6.38
PA;Pará;Mulheres;2017;Agressão;310;7.54;7.38
PA;Pará;Mulheres;2017;Causas acidentais;251;6.1;7.86
PA;Pará;Mulheres;2017;Lesão autoprovocada;69;1.83;1.89
PA;Pará;Mulheres;2017;Demais causas externas;59;1.43;1.71
PA;Pará;Mulheres;2018;Lesão de trânsito;224;5.4;5.96
PA;Pará;Mulheres;2018;Agressão;323;7.79;7.49
PA;Pará;Mulheres;2018;Causas acidentais;218;5.26;6.69
PA;Pará;Mulheres;2018;Lesão autoprovocada;70;1.84;1.86
PA;Pará;Mulheres;2018;Demais causas externas;58;1.4;1.55
PA;Pará;Mulheres;2019;Lesão de trânsito;198;4.74;4.96
PA;Pará;Mulheres;2019;Agressão;232;5.55;5.34
PA;Pará;Mulheres;2019;Causas acidentais;224;5.36;7.05
PA;Pará;Mulheres;2019;Lesão autoprovocada;78;2.03;1.96
PA;Pará;Mulheres;2019;Demais causas externas;66;1.58;1.93
PA;Pará;Mulheres;2020;Lesão de trânsito;253;6.01;6.13
PA;Pará;Mulheres;2020;Agressão;192;4.56;4.47
PA;Pará;Mulheres;2020;Causas acidentais;244;5.79;6.98
PA;Pará;Mulheres;2020;Lesão autoprovocada;83;2.14;2.02
PA;Pará;Mulheres;2020;Demais causas externas;74;1.76;2.05
PA;Pará;Mulheres;2021;Lesão de trânsito;270;6.37;6.57
PA;Pará;Mulheres;2021;Agressão;207;4.88;4.77
PA;Pará;Mulheres;2021;Causas acidentais;267;6.3;7.67
PA;Pará;Mulheres;2021;Lesão autoprovocada;77;1.97;1.9
PA;Pará;Mulheres;2021;Demais causas externas;80;1.89;2.02
PA;Pará;Mulheres;2022;Lesão de trânsito;249;5.84;6.12
PA;Pará;Mulheres;2022;Agressão;202;4.74;4.59
PA;Pará;Mulheres;2022;Causas acidentais;273;6.4;7.77
PA;Pará;Mulheres;2022;Lesão autoprovocada;109;2.77;2.61
PA;Pará;Mulheres;2022;Demais causas externas;72;1.69;1.79
PA;Pará;Mulheres;2023;Lesão de trânsito;258;6.01;6.21
PA;Pará;Mulheres;2023;Agressão;192;4.48;4.3
PA;Pará;Mulheres;2023;Causas acidentais;299;6.97;8.29
PA;Pará;Mulheres;2023;Lesão autoprovocada;120;3.02;2.89
PA;Pará;Mulheres;2023;Demais causas externas;61;1.42;1.59
PA;Pará;Mulheres;2024;Lesão de trânsito;287;6.65;6.76
PA;Pará;Mulheres;2024;Agressão;169;3.92;3.84
PA;Pará;Mulheres;2024;Causas acidentais;331;7.67;9.17
PA;Pará;Mulheres;2024;Lesão autoprovocada;126;3.15;3.07
PA;Pará;Mulheres;2024;Demais causas externas;76;1.76;1.87
PA;Pará;Mulheres;2025;Lesão de trânsito;333;7.68;7.8
PA;Pará;Mulheres;2025;Agressão;169;3.9;3.83
PA;Pará;Mulheres;2025;Causas acidentais;355;8.18;9.48
PA;Pará;Mulheres;2025;Lesão autoprovocada;124;3.08;2.96
PA;Pará;Mulheres;2025;Demais causas externas;82;1.89;2.03
PB;Paraíba;Ambos;2000;Lesão de trânsito;410;11.71;13.37
PB;Paraíba;Ambos;2000;Agressão;507;14.48;14.75
PB;Paraíba;Ambos;2000;Causas acidentais;343;9.8;10.44
PB;Paraíba;Ambos;2000;Lesão autoprovocada;37;1.18;1.37
PB;Paraíba;Ambos;2000;Demais causas externas;94;2.69;3.24
PB;Paraíba;Ambos;2001;Lesão de trânsito;431;12.19;13.61
PB;Paraíba;Ambos;2001;Agressão;484;13.69;14.07
PB;Paraíba;Ambos;2001;Causas acidentais;215;6.08;6.75
PB;Paraíba;Ambos;2001;Lesão autoprovocada;45;1.41;1.64
PB;Paraíba;Ambos;2001;Demais causas externas;67;1.9;2.29
PB;Paraíba;Ambos;2002;Lesão de trânsito;668;18.72;18.7
PB;Paraíba;Ambos;2002;Agressão;607;17.01;16.77
PB;Paraíba;Ambos;2002;Causas acidentais;312;8.74;8.84
PB;Paraíba;Ambos;2002;Lesão autoprovocada;74;2.3;2.61
PB;Paraíba;Ambos;2002;Demais causas externas;71;1.99;2.18
PB;Paraíba;Ambos;2003;Lesão de trânsito;520;14.44;16.08
PB;Paraíba;Ambos;2003;Agressão;615;17.07;17.31
PB;Paraíba;Ambos;2003;Causas acidentais;297;8.25;8.73
PB;Paraíba;Ambos;2003;Lesão autoprovocada;80;2.46;2.73
PB;Paraíba;Ambos;2003;Demais causas externas;72;2;2.48
PB;Paraíba;Ambos;2004;Lesão de trânsito;640;17.61;19.24
PB;Paraíba;Ambos;2004;Agressão;675;18.57;18.79
PB;Paraíba;Ambos;2004;Causas acidentais;449;12.35;13.36
PB;Paraíba;Ambos;2004;Lesão autoprovocada;91;2.76;3.15
PB;Paraíba;Ambos;2004;Demais causas externas;77;2.12;2.5
PB;Paraíba;Ambos;2005;Lesão de trânsito;667;18.19;19.78
PB;Paraíba;Ambos;2005;Agressão;745;20.31;20.26
PB;Paraíba;Ambos;2005;Causas acidentais;379;10.33;11.26
PB;Paraíba;Ambos;2005;Lesão autoprovocada;106;3.18;3.5
PB;Paraíba;Ambos;2005;Demais causas externas;73;1.99;2.34
PB;Paraíba;Ambos;2006;Lesão de trânsito;693;18.73;19.89
PB;Paraíba;Ambos;2006;Agressão;824;22.27;21.97
PB;Paraíba;Ambos;2006;Causas acidentais;414;11.19;11.89
PB;Paraíba;Ambos;2006;Lesão autoprovocada;130;3.86;4.27
PB;Paraíba;Ambos;2006;Demais causas externas;73;1.97;2.08
PB;Paraíba;Ambos;2007;Lesão de trânsito;701;18.8;19.82
PB;Paraíba;Ambos;2007;Agressão;861;23.09;22.54
PB;Paraíba;Ambos;2007;Causas acidentais;346;9.28;9.94
PB;Paraíba;Ambos;2007;Lesão autoprovocada;133;3.91;4.28
PB;Paraíba;Ambos;2007;Demais causas externas;103;2.76;3.05
PB;Paraíba;Ambos;2008;Lesão de trânsito;803;21.37;22.73
PB;Paraíba;Ambos;2008;Agressão;1027;27.33;26.79
PB;Paraíba;Ambos;2008;Causas acidentais;440;11.71;12.51
PB;Paraíba;Ambos;2008;Lesão autoprovocada;156;4.54;4.99
PB;Paraíba;Ambos;2008;Demais causas externas;68;1.81;1.97
PB;Paraíba;Ambos;2009;Lesão de trânsito;789;20.84;21.4
PB;Paraíba;Ambos;2009;Agressão;1263;33.36;32.1
PB;Paraíba;Ambos;2009;Causas acidentais;439;11.59;12.13
PB;Paraíba;Ambos;2009;Lesão autoprovocada;166;4.78;5.21
PB;Paraíba;Ambos;2009;Demais causas externas;74;1.95;2.09
PB;Paraíba;Ambos;2010;Lesão de trânsito;845;22.16;23.35
PB;Paraíba;Ambos;2010;Agressão;1455;38.16;36.4
PB;Paraíba;Ambos;2010;Causas acidentais;358;9.39;9.95
PB;Paraíba;Ambos;2010;Lesão autoprovocada;158;4.51;4.87
PB;Paraíba;Ambos;2010;Demais causas externas;91;2.39;2.59
PB;Paraíba;Ambos;2011;Lesão de trânsito;799;20.83;21.71
PB;Paraíba;Ambos;2011;Agressão;1614;42.08;40.71
PB;Paraíba;Ambos;2011;Causas acidentais;435;11.34;11.86
PB;Paraíba;Ambos;2011;Lesão autoprovocada;163;4.62;4.89
PB;Paraíba;Ambos;2011;Demais causas externas;82;2.14;2.31
PB;Paraíba;Ambos;2012;Lesão de trânsito;969;25.11;25.97
PB;Paraíba;Ambos;2012;Agressão;1525;39.52;38.12
PB;Paraíba;Ambos;2012;Causas acidentais;437;11.33;12.02
PB;Paraíba;Ambos;2012;Lesão autoprovocada;189;5.31;5.64
PB;Paraíba;Ambos;2012;Demais causas externas;71;1.84;1.98
PB;Paraíba;Ambos;2013;Lesão de trânsito;1008;25.97;26.87
PB;Paraíba;Ambos;2013;Agressão;1551;39.96;38.49
PB;Paraíba;Ambos;2013;Causas acidentais;400;10.31;10.81
PB;Paraíba;Ambos;2013;Lesão autoprovocada;199;5.55;5.98
PB;Paraíba;Ambos;2013;Demais causas externas;111;2.86;2.93
PB;Paraíba;Ambos;2014;Lesão de trânsito;958;24.53;25.5
PB;Paraíba;Ambos;2014;Agressão;1551;39.71;38.29
PB;Paraíba;Ambos;2014;Causas acidentais;420;10.75;11.19
PB;Paraíba;Ambos;2014;Lesão autoprovocada;158;4.37;4.63
PB;Paraíba;Ambos;2014;Demais causas externas;86;2.2;2.28
PB;Paraíba;Ambos;2015;Lesão de trânsito;1020;25.94;26.78
PB;Paraíba;Ambos;2015;Agressão;1521;38.68;37.69
PB;Paraíba;Ambos;2015;Causas acidentais;417;10.61;11.11
PB;Paraíba;Ambos;2015;Lesão autoprovocada;221;6.07;6.37
PB;Paraíba;Ambos;2015;Demais causas externas;67;1.7;1.77
PB;Paraíba;Ambos;2016;Lesão de trânsito;1015;25.65;26.5
PB;Paraíba;Ambos;2016;Agressão;1355;34.24;33.7
PB;Paraíba;Ambos;2016;Causas acidentais;541;13.67;14
PB;Paraíba;Ambos;2016;Lesão autoprovocada;181;4.93;5.16
PB;Paraíba;Ambos;2016;Demais causas externas;64;1.62;1.62
PB;Paraíba;Ambos;2017;Lesão de trânsito;912;22.91;23.6
PB;Paraíba;Ambos;2017;Agressão;1337;33.58;33.09
PB;Paraíba;Ambos;2017;Causas acidentais;534;13.41;13.52
PB;Paraíba;Ambos;2017;Lesão autoprovocada;250;6.76;7.02
PB;Paraíba;Ambos;2017;Demais causas externas;62;1.56;1.57
PB;Paraíba;Ambos;2018;Lesão de trânsito;865;21.58;22
PB;Paraíba;Ambos;2018;Agressão;1237;30.86;30.51
PB;Paraíba;Ambos;2018;Causas acidentais;590;14.72;14.65
PB;Paraíba;Ambos;2018;Lesão autoprovocada;237;6.37;6.51
PB;Paraíba;Ambos;2018;Demais causas externas;107;2.67;2.78
PB;Paraíba;Ambos;2019;Lesão de trânsito;772;19.12;19.41
PB;Paraíba;Ambos;2019;Agressão;953;23.6;23.36
PB;Paraíba;Ambos;2019;Causas acidentais;614;15.21;14.9
PB;Paraíba;Ambos;2019;Lesão autoprovocada;251;6.69;6.8
PB;Paraíba;Ambos;2019;Demais causas externas;76;1.88;1.86
PB;Paraíba;Ambos;2020;Lesão de trânsito;788;19.39;19.62
PB;Paraíba;Ambos;2020;Agressão;1141;28.07;28.02
PB;Paraíba;Ambos;2020;Causas acidentais;654;16.09;15.68
PB;Paraíba;Ambos;2020;Lesão autoprovocada;258;6.83;6.95
PB;Paraíba;Ambos;2020;Demais causas externas;135;3.32;3.36
PB;Paraíba;Ambos;2021;Lesão de trânsito;838;20.5;20.84
PB;Paraíba;Ambos;2021;Agressão;1144;27.99;27.98
PB;Paraíba;Ambos;2021;Causas acidentais;600;14.68;14.29
PB;Paraíba;Ambos;2021;Lesão autoprovocada;280;7.36;7.46
PB;Paraíba;Ambos;2021;Demais causas externas;119;2.91;2.9
PB;Paraíba;Ambos;2022;Lesão de trânsito;854;20.8;21.03
PB;Paraíba;Ambos;2022;Agressão;1105;26.91;26.9
PB;Paraíba;Ambos;2022;Causas acidentais;628;15.29;14.72
PB;Paraíba;Ambos;2022;Lesão autoprovocada;328;8.57;8.62
PB;Paraíba;Ambos;2022;Demais causas externas;155;3.77;3.78
PB;Paraíba;Ambos;2023;Lesão de trânsito;837;20.29;20.42
PB;Paraíba;Ambos;2023;Agressão;1078;26.14;26.25
PB;Paraíba;Ambos;2023;Causas acidentais;600;14.55;13.76
PB;Paraíba;Ambos;2023;Lesão autoprovocada;367;9.53;9.62
PB;Paraíba;Ambos;2023;Demais causas externas;121;2.93;2.87
PB;Paraíba;Ambos;2024;Lesão de trânsito;893;21.54;21.68
PB;Paraíba;Ambos;2024;Agressão;1055;25.45;25.68
PB;Paraíba;Ambos;2024;Causas acidentais;752;18.14;16.82
PB;Paraíba;Ambos;2024;Lesão autoprovocada;347;8.94;9.01
PB;Paraíba;Ambos;2024;Demais causas externas;144;3.47;3.33
PB;Paraíba;Ambos;2025;Lesão de trânsito;866;20.79;20.76
PB;Paraíba;Ambos;2025;Agressão;1002;24.06;24.41
PB;Paraíba;Ambos;2025;Causas acidentais;716;17.19;15.67
PB;Paraíba;Ambos;2025;Lesão autoprovocada;300;7.68;7.7
PB;Paraíba;Ambos;2025;Demais causas externas;108;2.59;2.48
PB;Paraíba;Homens;2000;Lesão de trânsito;350;20.6;24.32
PB;Paraíba;Homens;2000;Agressão;463;27.25;28
PB;Paraíba;Homens;2000;Causas acidentais;274;16.13;17.52
PB;Paraíba;Homens;2000;Lesão autoprovocada;33;2.17;2.66
PB;Paraíba;Homens;2000;Demais causas externas;73;4.3;5.45
PB;Paraíba;Homens;2001;Lesão de trânsito;357;20.8;23.86
PB;Paraíba;Homens;2001;Agressão;439;25.58;26.55
PB;Paraíba;Homens;2001;Causas acidentais;177;10.31;11.78
PB;Paraíba;Homens;2001;Lesão autoprovocada;29;1.89;2.33
PB;Paraíba;Homens;2001;Demais causas externas;52;3.03;3.72
PB;Paraíba;Homens;2002;Lesão de trânsito;546;31.5;32.84
PB;Paraíba;Homens;2002;Agressão;551;31.79;32.11
PB;Paraíba;Homens;2002;Causas acidentais;245;14.14;15.34
PB;Paraíba;Homens;2002;Lesão autoprovocada;53;3.41;3.89
PB;Paraíba;Homens;2002;Demais causas externas;55;3.17;3.57
PB;Paraíba;Homens;2003;Lesão de trânsito;432;24.69;28.23
PB;Paraíba;Homens;2003;Agressão;578;33.03;33.77
PB;Paraíba;Homens;2003;Causas acidentais;231;13.2;14.34
PB;Paraíba;Homens;2003;Lesão autoprovocada;65;4.13;4.57
PB;Paraíba;Homens;2003;Demais causas externas;55;3.14;4.17
PB;Paraíba;Homens;2004;Lesão de trânsito;538;30.46;34.48
PB;Paraíba;Homens;2004;Agressão;611;34.6;35.6
PB;Paraíba;Homens;2004;Causas acidentais;379;21.46;24.07
PB;Paraíba;Homens;2004;Lesão autoprovocada;73;4.59;5.43
PB;Paraíba;Homens;2004;Demais causas externas;58;3.28;3.91
PB;Paraíba;Homens;2005;Lesão de trânsito;550;30.87;34.93
PB;Paraíba;Homens;2005;Agressão;683;38.33;38.28
PB;Paraíba;Homens;2005;Causas acidentais;305;17.12;19.42
PB;Paraíba;Homens;2005;Lesão autoprovocada;86;5.35;6.1
PB;Paraíba;Homens;2005;Demais causas externas;51;2.86;3.43
PB;Paraíba;Homens;2006;Lesão de trânsito;569;31.66;34.42
PB;Paraíba;Homens;2006;Agressão;761;42.34;41.98
PB;Paraíba;Homens;2006;Causas acidentais;321;17.86;19.63
PB;Paraíba;Homens;2006;Lesão autoprovocada;95;5.84;6.68
PB;Paraíba;Homens;2006;Demais causas externas;63;3.51;3.81
PB;Paraíba;Homens;2007;Lesão de trânsito;577;31.86;34.12
PB;Paraíba;Homens;2007;Agressão;791;43.67;42.78
PB;Paraíba;Homens;2007;Causas acidentais;269;14.85;16.7
PB;Paraíba;Homens;2007;Lesão autoprovocada;102;6.21;7.13
PB;Paraíba;Homens;2007;Demais causas externas;85;4.69;5.2
PB;Paraíba;Homens;2008;Lesão de trânsito;698;38.26;41.66
PB;Paraíba;Homens;2008;Agressão;940;51.53;50.35
PB;Paraíba;Homens;2008;Causas acidentais;349;19.13;21.05
PB;Paraíba;Homens;2008;Lesão autoprovocada;117;7.05;8.04
PB;Paraíba;Homens;2008;Demais causas externas;56;3.07;3.41
PB;Paraíba;Homens;2009;Lesão de trânsito;674;36.68;38.47
PB;Paraíba;Homens;2009;Agressão;1164;63.34;60.98
PB;Paraíba;Homens;2009;Causas acidentais;359;19.54;20.98
PB;Paraíba;Homens;2009;Lesão autoprovocada;130;7.75;8.75
PB;Paraíba;Homens;2009;Demais causas externas;67;3.65;3.95
PB;Paraíba;Homens;2010;Lesão de trânsito;709;38.33;41.07
PB;Paraíba;Homens;2010;Agressão;1336;72.23;68.45
PB;Paraíba;Homens;2010;Causas acidentais;297;16.06;17.61
PB;Paraíba;Homens;2010;Lesão autoprovocada;138;8.16;8.94
PB;Paraíba;Homens;2010;Demais causas externas;72;3.89;4.42
PB;Paraíba;Homens;2011;Lesão de trânsito;685;36.83;39.36
PB;Paraíba;Homens;2011;Agressão;1474;79.24;76.5
PB;Paraíba;Homens;2011;Causas acidentais;340;18.28;19.93
PB;Paraíba;Homens;2011;Lesão autoprovocada;123;7.22;8.08
PB;Paraíba;Homens;2011;Demais causas externas;61;3.28;3.66
PB;Paraíba;Homens;2012;Lesão de trânsito;835;44.64;47.07
PB;Paraíba;Homens;2012;Agressão;1388;74.21;71.22
PB;Paraíba;Homens;2012;Causas acidentais;300;16.04;17.88
PB;Paraíba;Homens;2012;Lesão autoprovocada;147;8.56;9.43
PB;Paraíba;Homens;2012;Demais causas externas;61;3.26;3.6
PB;Paraíba;Homens;2013;Lesão de trânsito;866;46.04;48.47
PB;Paraíba;Homens;2013;Agressão;1424;75.7;72.65
PB;Paraíba;Homens;2013;Causas acidentais;270;14.35;15.91
PB;Paraíba;Homens;2013;Lesão autoprovocada;157;9.08;10.12
PB;Paraíba;Homens;2013;Demais causas externas;87;4.63;4.8
PB;Paraíba;Homens;2014;Lesão de trânsito;825;43.59;46.19
PB;Paraíba;Homens;2014;Agressão;1433;75.72;72.63
PB;Paraíba;Homens;2014;Causas acidentais;273;14.43;16.05
PB;Paraíba;Homens;2014;Lesão autoprovocada;130;7.46;8.04
PB;Paraíba;Homens;2014;Demais causas externas;66;3.49;3.65
PB;Paraíba;Homens;2015;Lesão de trânsito;873;45.83;48.36
PB;Paraíba;Homens;2015;Agressão;1405;73.76;71.85
PB;Paraíba;Homens;2015;Causas acidentais;267;14.02;15.64
PB;Paraíba;Homens;2015;Lesão autoprovocada;164;9.33;10.03
PB;Paraíba;Homens;2015;Demais causas externas;44;2.31;2.5
PB;Paraíba;Homens;2016;Lesão de trânsito;868;45.28;47.79
PB;Paraíba;Homens;2016;Agressão;1248;65.11;63.9
PB;Paraíba;Homens;2016;Causas acidentais;351;18.31;20.26
PB;Paraíba;Homens;2016;Lesão autoprovocada;147;8.31;9.08
PB;Paraíba;Homens;2016;Demais causas externas;50;2.61;2.73
PB;Paraíba;Homens;2017;Lesão de trânsito;800;41.49;43.53
PB;Paraíba;Homens;2017;Agressão;1249;64.78;63.53
PB;Paraíba;Homens;2017;Causas acidentais;318;16.49;17.98
PB;Paraíba;Homens;2017;Lesão autoprovocada;197;11.05;11.78
PB;Paraíba;Homens;2017;Demais causas externas;40;2.07;2.14
PB;Paraíba;Homens;2018;Lesão de trânsito;744;38.33;39.77
PB;Paraíba;Homens;2018;Agressão;1154;59.45;58.44
PB;Paraíba;Homens;2018;Causas acidentais;368;18.96;20.59
PB;Paraíba;Homens;2018;Lesão autoprovocada;182;10.14;10.63
PB;Paraíba;Homens;2018;Demais causas externas;77;3.97;4.28
PB;Paraíba;Homens;2019;Lesão de trânsito;655;33.49;34.67
PB;Paraíba;Homens;2019;Agressão;880;45;44.33
PB;Paraíba;Homens;2019;Causas acidentais;377;19.28;20.77
PB;Paraíba;Homens;2019;Lesão autoprovocada;199;11.01;11.38
PB;Paraíba;Homens;2019;Demais causas externas;52;2.66;2.76
PB;Paraíba;Homens;2020;Lesão de trânsito;691;35.1;36
PB;Paraíba;Homens;2020;Agressão;1047;53.18;52.78
PB;Paraíba;Homens;2020;Causas acidentais;433;21.99;23.37
PB;Paraíba;Homens;2020;Lesão autoprovocada;209;11.47;11.95
PB;Paraíba;Homens;2020;Demais causas externas;99;5.03;5.39
PB;Paraíba;Homens;2021;Lesão de trânsito;734;37.08;38.39
PB;Paraíba;Homens;2021;Agressão;1061;53.6;53.31
PB;Paraíba;Homens;2021;Causas acidentais;424;21.42;22.64
PB;Paraíba;Homens;2021;Lesão autoprovocada;227;12.38;12.88
PB;Paraíba;Homens;2021;Demais causas externas;75;3.79;3.98
PB;Paraíba;Homens;2022;Lesão de trânsito;731;36.77;37.79
PB;Paraíba;Homens;2022;Agressão;1021;51.36;50.93
PB;Paraíba;Homens;2022;Causas acidentais;408;20.52;21.47
PB;Paraíba;Homens;2022;Lesão autoprovocada;251;13.61;13.99
PB;Paraíba;Homens;2022;Demais causas externas;100;5.03;5.21
PB;Paraíba;Homens;2023;Lesão de trânsito;719;36.01;36.9
PB;Paraíba;Homens;2023;Agressão;997;49.93;49.77
PB;Paraíba;Homens;2023;Causas acidentais;362;18.13;18.84
PB;Paraíba;Homens;2023;Lesão autoprovocada;270;14.54;14.84
PB;Paraíba;Homens;2023;Demais causas externas;75;3.76;3.85
PB;Paraíba;Homens;2024;Lesão de trânsito;765;38.12;38.81
PB;Paraíba;Homens;2024;Agressão;984;49.04;48.91
PB;Paraíba;Homens;2024;Causas acidentais;480;23.92;24.6
PB;Paraíba;Homens;2024;Lesão autoprovocada;261;13.95;14.27
PB;Paraíba;Homens;2024;Demais causas externas;78;3.89;4.01
PB;Paraíba;Homens;2025;Lesão de trânsito;735;36.46;36.96
PB;Paraíba;Homens;2025;Agressão;934;46.33;46.28
PB;Paraíba;Homens;2025;Causas acidentais;447;22.17;22.5
PB;Paraíba;Homens;2025;Lesão autoprovocada;246;13.06;13.2
PB;Paraíba;Homens;2025;Demais causas externas;85;4.22;4.26
PB;Paraíba;Mulheres;2000;Lesão de trânsito;60;3.33;3.54
PB;Paraíba;Mulheres;2000;Agressão;44;2.44;2.45
PB;Paraíba;Mulheres;2000;Causas acidentais;69;3.83;3.97
PB;Paraíba;Mulheres;2000;Lesão autoprovocada;4;0.25;0.24
PB;Paraíba;Mulheres;2000;Demais causas externas;21;1.17;1.31
PB;Paraíba;Mulheres;2001;Lesão de trânsito;74;4.07;4.38
PB;Paraíba;Mulheres;2001;Agressão;45;2.47;2.54
PB;Paraíba;Mulheres;2001;Causas acidentais;38;2.09;2.23
PB;Paraíba;Mulheres;2001;Lesão autoprovocada;16;0.97;1.04
PB;Paraíba;Mulheres;2001;Demais causas externas;15;0.82;1.03
PB;Paraíba;Mulheres;2002;Lesão de trânsito;111;6.05;5.82
PB;Paraíba;Mulheres;2002;Agressão;46;2.51;2.34
PB;Paraíba;Mulheres;2002;Causas acidentais;61;3.32;2.95
PB;Paraíba;Mulheres;2002;Lesão autoprovocada;20;1.2;1.38
PB;Paraíba;Mulheres;2002;Demais causas externas;15;0.82;0.93
PB;Paraíba;Mulheres;2003;Lesão de trânsito;87;4.7;5.1
PB;Paraíba;Mulheres;2003;Agressão;35;1.89;1.92
PB;Paraíba;Mulheres;2003;Causas acidentais;65;3.51;3.64
PB;Paraíba;Mulheres;2003;Lesão autoprovocada;15;0.89;1.08
PB;Paraíba;Mulheres;2003;Demais causas externas;17;0.92;1.06
PB;Paraíba;Mulheres;2004;Lesão de trânsito;100;5.35;5.51
PB;Paraíba;Mulheres;2004;Agressão;60;3.21;3.22
PB;Paraíba;Mulheres;2004;Causas acidentais;68;3.64;3.68
PB;Paraíba;Mulheres;2004;Lesão autoprovocada;18;1.06;1.17
PB;Paraíba;Mulheres;2004;Demais causas externas;19;1.02;1.23
PB;Paraíba;Mulheres;2005;Lesão de trânsito;117;6.2;6.21
PB;Paraíba;Mulheres;2005;Agressão;62;3.29;3.39
PB;Paraíba;Mulheres;2005;Causas acidentais;74;3.92;3.92
PB;Paraíba;Mulheres;2005;Lesão autoprovocada;19;1.1;1.17
PB;Paraíba;Mulheres;2005;Demais causas externas;22;1.17;1.38
PB;Paraíba;Mulheres;2006;Lesão de trânsito;124;6.52;6.77
PB;Paraíba;Mulheres;2006;Agressão;62;3.26;3.26
PB;Paraíba;Mulheres;2006;Causas acidentais;92;4.84;4.92
PB;Paraíba;Mulheres;2006;Lesão autoprovocada;35;2.01;2.16
PB;Paraíba;Mulheres;2006;Demais causas externas;10;0.53;0.51
PB;Paraíba;Mulheres;2007;Lesão de trânsito;124;6.46;6.69
PB;Paraíba;Mulheres;2007;Agressão;68;3.54;3.55
PB;Paraíba;Mulheres;2007;Causas acidentais;77;4.01;3.96
PB;Paraíba;Mulheres;2007;Lesão autoprovocada;31;1.76;1.77
PB;Paraíba;Mulheres;2007;Demais causas externas;18;0.94;1.06
PB;Paraíba;Mulheres;2008;Lesão de trânsito;105;5.43;5.6
PB;Paraíba;Mulheres;2008;Agressão;87;4.5;4.62
PB;Paraíba;Mulheres;2008;Causas acidentais;91;4.71;4.74
PB;Paraíba;Mulheres;2008;Lesão autoprovocada;39;2.2;2.31
PB;Paraíba;Mulheres;2008;Demais causas externas;12;0.62;0.67
PB;Paraíba;Mulheres;2009;Lesão de trânsito;114;5.85;5.87
PB;Paraíba;Mulheres;2009;Agressão;98;5.03;4.92
PB;Paraíba;Mulheres;2009;Causas acidentais;80;4.11;4.07
PB;Paraíba;Mulheres;2009;Lesão autoprovocada;36;2.01;2.1
PB;Paraíba;Mulheres;2009;Demais causas externas;7;0.36;0.38
PB;Paraíba;Mulheres;2010;Lesão de trânsito;136;6.93;7.3
PB;Paraíba;Mulheres;2010;Agressão;119;6.06;6
PB;Paraíba;Mulheres;2010;Causas acidentais;61;3.11;3.06
PB;Paraíba;Mulheres;2010;Lesão autoprovocada;20;1.1;1.25
PB;Paraíba;Mulheres;2010;Demais causas externas;19;0.97;0.97
PB;Paraíba;Mulheres;2011;Lesão de trânsito;114;5.77;5.78
PB;Paraíba;Mulheres;2011;Agressão;140;7.09;6.93
PB;Paraíba;Mulheres;2011;Causas acidentais;95;4.81;4.63
PB;Paraíba;Mulheres;2011;Lesão autoprovocada;40;2.19;2.12
PB;Paraíba;Mulheres;2011;Demais causas externas;21;1.06;1.11
PB;Paraíba;Mulheres;2012;Lesão de trânsito;134;6.74;6.85
PB;Paraíba;Mulheres;2012;Agressão;137;6.89;6.76
PB;Paraíba;Mulheres;2012;Causas acidentais;137;6.89;6.67
PB;Paraíba;Mulheres;2012;Lesão autoprovocada;42;2.28;2.32
PB;Paraíba;Mulheres;2012;Demais causas externas;10;0.5;0.52
PB;Paraíba;Mulheres;2013;Lesão de trânsito;142;7.1;7.1
PB;Paraíba;Mulheres;2013;Agressão;126;6.3;6.12
PB;Paraíba;Mulheres;2013;Causas acidentais;130;6.5;6.16
PB;Paraíba;Mulheres;2013;Lesão autoprovocada;42;2.26;2.36
PB;Paraíba;Mulheres;2013;Demais causas externas;24;1.2;1.19
PB;Paraíba;Mulheres;2014;Lesão de trânsito;133;6.61;6.73
PB;Paraíba;Mulheres;2014;Agressão;117;5.81;5.66
PB;Paraíba;Mulheres;2014;Causas acidentais;147;7.3;6.72
PB;Paraíba;Mulheres;2014;Lesão autoprovocada;28;1.5;1.62
PB;Paraíba;Mulheres;2014;Demais causas externas;20;0.99;0.99
PB;Paraíba;Mulheres;2015;Lesão de trânsito;147;7.25;7.27
PB;Paraíba;Mulheres;2015;Agressão;111;5.48;5.39
PB;Paraíba;Mulheres;2015;Causas acidentais;150;7.4;6.96
PB;Paraíba;Mulheres;2015;Lesão autoprovocada;57;3.02;3.12
PB;Paraíba;Mulheres;2015;Demais causas externas;23;1.13;1.14
PB;Paraíba;Mulheres;2016;Lesão de trânsito;147;7.2;7.27
PB;Paraíba;Mulheres;2016;Agressão;107;5.24;5.16
PB;Paraíba;Mulheres;2016;Causas acidentais;190;9.31;8.35
PB;Paraíba;Mulheres;2016;Lesão autoprovocada;34;1.79;1.77
PB;Paraíba;Mulheres;2016;Demais causas externas;13;0.64;0.62
PB;Paraíba;Mulheres;2017;Lesão de trânsito;112;5.45;5.47
PB;Paraíba;Mulheres;2017;Agressão;88;4.29;4.25
PB;Paraíba;Mulheres;2017;Causas acidentais;216;10.52;9.18
PB;Paraíba;Mulheres;2017;Lesão autoprovocada;53;2.77;2.78
PB;Paraíba;Mulheres;2017;Demais causas externas;22;1.07;0.98
PB;Paraíba;Mulheres;2018;Lesão de trânsito;120;5.8;5.82
PB;Paraíba;Mulheres;2018;Agressão;82;3.97;3.93
PB;Paraíba;Mulheres;2018;Causas acidentais;222;10.74;9.21
PB;Paraíba;Mulheres;2018;Lesão autoprovocada;55;2.85;2.88
PB;Paraíba;Mulheres;2018;Demais causas externas;30;1.45;1.41
PB;Paraíba;Mulheres;2019;Lesão de trânsito;117;5.62;5.62
PB;Paraíba;Mulheres;2019;Agressão;72;3.46;3.48
PB;Paraíba;Mulheres;2019;Causas acidentais;237;11.38;9.6
PB;Paraíba;Mulheres;2019;Lesão autoprovocada;52;2.68;2.72
PB;Paraíba;Mulheres;2019;Demais causas externas;24;1.15;1.08
PB;Paraíba;Mulheres;2020;Lesão de trânsito;97;4.63;4.57
PB;Paraíba;Mulheres;2020;Agressão;94;4.48;4.53
PB;Paraíba;Mulheres;2020;Causas acidentais;221;10.54;8.86
PB;Paraíba;Mulheres;2020;Lesão autoprovocada;49;2.5;2.51
PB;Paraíba;Mulheres;2020;Demais causas externas;36;1.72;1.57
PB;Paraíba;Mulheres;2021;Lesão de trânsito;104;4.93;4.9
PB;Paraíba;Mulheres;2021;Agressão;83;3.94;3.93
PB;Paraíba;Mulheres;2021;Causas acidentais;176;8.35;6.86
PB;Paraíba;Mulheres;2021;Lesão autoprovocada;53;2.69;2.68
PB;Paraíba;Mulheres;2021;Demais causas externas;44;2.09;1.95
PB;Paraíba;Mulheres;2022;Lesão de trânsito;122;5.76;5.68
PB;Paraíba;Mulheres;2022;Agressão;84;3.97;4
PB;Paraíba;Mulheres;2022;Causas acidentais;220;10.39;8.59
PB;Paraíba;Mulheres;2022;Lesão autoprovocada;77;3.89;3.89
PB;Paraíba;Mulheres;2022;Demais causas externas;55;2.6;2.42
PB;Paraíba;Mulheres;2023;Lesão de trânsito;117;5.5;5.41
PB;Paraíba;Mulheres;2023;Agressão;79;3.71;3.73
PB;Paraíba;Mulheres;2023;Causas acidentais;238;11.19;9.1
PB;Paraíba;Mulheres;2023;Lesão autoprovocada;97;4.86;4.93
PB;Paraíba;Mulheres;2023;Demais causas externas;46;2.16;1.93
PB;Paraíba;Mulheres;2024;Lesão de trânsito;128;5.99;6.04
PB;Paraíba;Mulheres;2024;Agressão;70;3.27;3.33
PB;Paraíba;Mulheres;2024;Causas acidentais;272;12.72;9.86
PB;Paraíba;Mulheres;2024;Lesão autoprovocada;86;4.28;4.33
PB;Paraíba;Mulheres;2024;Demais causas externas;66;3.09;2.6
PB;Paraíba;Mulheres;2025;Lesão de trânsito;131;6.1;6.04
PB;Paraíba;Mulheres;2025;Agressão;68;3.17;3.28
PB;Paraíba;Mulheres;2025;Causas acidentais;269;12.52;9.49
PB;Paraíba;Mulheres;2025;Lesão autoprovocada;54;2.67;2.72
PB;Paraíba;Mulheres;2025;Demais causas externas;23;1.07;0.9
PE;Pernambuco;Ambos;2000;Lesão de trânsito;1472;18.06;20.97
PE;Pernambuco;Ambos;2000;Agressão;4290;52.64;52.71
PE;Pernambuco;Ambos;2000;Causas acidentais;1003;12.31;13.51
PE;Pernambuco;Ambos;2000;Lesão autoprovocada;275;3.76;4.42
PE;Pernambuco;Ambos;2000;Demais causas externas;408;5.01;6.04
PE;Pernambuco;Ambos;2001;Lesão de trânsito;1345;16.33;18.61
PE;Pernambuco;Ambos;2001;Agressão;4709;57.18;56.3
PE;Pernambuco;Ambos;2001;Causas acidentais;896;10.88;12.33
PE;Pernambuco;Ambos;2001;Lesão autoprovocada;269;3.64;4.11
PE;Pernambuco;Ambos;2001;Demais causas externas;395;4.8;5.7
PE;Pernambuco;Ambos;2002;Lesão de trânsito;1489;17.89;20.33
PE;Pernambuco;Ambos;2002;Agressão;4396;52.83;51.68
PE;Pernambuco;Ambos;2002;Causas acidentais;899;10.8;11.87
PE;Pernambuco;Ambos;2002;Lesão autoprovocada;257;3.43;3.83
PE;Pernambuco;Ambos;2002;Demais causas externas;431;5.18;6.17
PE;Pernambuco;Ambos;2003;Lesão de trânsito;1434;17.06;19.04
PE;Pernambuco;Ambos;2003;Agressão;4517;53.74;52.62
PE;Pernambuco;Ambos;2003;Causas acidentais;805;9.58;10.64
PE;Pernambuco;Ambos;2003;Lesão autoprovocada;297;3.92;4.24
PE;Pernambuco;Ambos;2003;Demais causas externas;398;4.74;5.52
PE;Pernambuco;Ambos;2004;Lesão de trânsito;1428;16.83;18.63
PE;Pernambuco;Ambos;2004;Agressão;4174;49.18;47.43
PE;Pernambuco;Ambos;2004;Causas acidentais;1007;11.87;12.71
PE;Pernambuco;Ambos;2004;Lesão autoprovocada;293;3.82;4.29
PE;Pernambuco;Ambos;2004;Demais causas externas;505;5.95;7.1
PE;Pernambuco;Ambos;2005;Lesão de trânsito;1444;16.86;18.52
PE;Pernambuco;Ambos;2005;Agressão;4329;50.53;48.45
PE;Pernambuco;Ambos;2005;Causas acidentais;978;11.42;12.67
PE;Pernambuco;Ambos;2005;Lesão autoprovocada;309;3.98;4.42
PE;Pernambuco;Ambos;2005;Demais causas externas;547;6.38;7.76
PE;Pernambuco;Ambos;2006;Lesão de trânsito;1486;17.19;18.75
PE;Pernambuco;Ambos;2006;Agressão;4470;51.7;49.84
PE;Pernambuco;Ambos;2006;Causas acidentais;987;11.42;12.83
PE;Pernambuco;Ambos;2006;Lesão autoprovocada;294;3.74;4.02
PE;Pernambuco;Ambos;2006;Demais causas externas;562;6.5;7.64
PE;Pernambuco;Ambos;2007;Lesão de trânsito;1479;16.96;18.53
PE;Pernambuco;Ambos;2007;Agressão;4556;52.24;49.68
PE;Pernambuco;Ambos;2007;Causas acidentais;1087;12.46;14.13
PE;Pernambuco;Ambos;2007;Lesão autoprovocada;379;4.77;5.24
PE;Pernambuco;Ambos;2007;Demais causas externas;647;7.42;8.8
PE;Pernambuco;Ambos;2008;Lesão de trânsito;1569;17.84;19.24
PE;Pernambuco;Ambos;2008;Agressão;4444;50.53;48.04
PE;Pernambuco;Ambos;2008;Causas acidentais;1081;12.29;13.89
PE;Pernambuco;Ambos;2008;Lesão autoprovocada;364;4.53;4.89
PE;Pernambuco;Ambos;2008;Demais causas externas;699;7.95;9.09
PE;Pernambuco;Ambos;2009;Lesão de trânsito;1762;19.87;21.17
PE;Pernambuco;Ambos;2009;Agressão;3961;44.66;42.73
PE;Pernambuco;Ambos;2009;Causas acidentais;1166;13.15;14.67
PE;Pernambuco;Ambos;2009;Lesão autoprovocada;328;4.04;4.36
PE;Pernambuco;Ambos;2009;Demais causas externas;751;8.47;9.92
PE;Pernambuco;Ambos;2010;Lesão de trânsito;1981;22.18;23.66
PE;Pernambuco;Ambos;2010;Agressão;3470;38.86;37.28
PE;Pernambuco;Ambos;2010;Causas acidentais;1183;13.25;15.13
PE;Pernambuco;Ambos;2010;Lesão autoprovocada;285;3.48;3.71
PE;Pernambuco;Ambos;2010;Demais causas externas;727;8.14;9.12
PE;Pernambuco;Ambos;2011;Lesão de trânsito;2014;22.42;23.46
PE;Pernambuco;Ambos;2011;Agressão;3466;38.59;37.09
PE;Pernambuco;Ambos;2011;Causas acidentais;1301;14.48;16.33
PE;Pernambuco;Ambos;2011;Lesão autoprovocada;291;3.52;3.73
PE;Pernambuco;Ambos;2011;Demais causas externas;699;7.78;8.68
PE;Pernambuco;Ambos;2012;Lesão de trânsito;2037;22.54;23.5
PE;Pernambuco;Ambos;2012;Agressão;3326;36.8;35.16
PE;Pernambuco;Ambos;2012;Causas acidentais;1176;13.01;14.63
PE;Pernambuco;Ambos;2012;Lesão autoprovocada;332;3.99;4.31
PE;Pernambuco;Ambos;2012;Demais causas externas;612;6.77;7.52
PE;Pernambuco;Ambos;2013;Lesão de trânsito;1867;20.52;21.55
PE;Pernambuco;Ambos;2013;Agressão;3124;34.34;32.93
PE;Pernambuco;Ambos;2013;Causas acidentais;1174;12.9;14.41
PE;Pernambuco;Ambos;2013;Lesão autoprovocada;320;3.82;4.06
PE;Pernambuco;Ambos;2013;Demais causas externas;806;8.86;9.92
PE;Pernambuco;Ambos;2014;Lesão de trânsito;1912;20.89;21.82
PE;Pernambuco;Ambos;2014;Agressão;3358;36.68;35.13
PE;Pernambuco;Ambos;2014;Causas acidentais;1243;13.58;15.32
PE;Pernambuco;Ambos;2014;Lesão autoprovocada;325;3.85;4.05
PE;Pernambuco;Ambos;2014;Demais causas externas;642;7.01;7.71
PE;Pernambuco;Ambos;2015;Lesão de trânsito;1886;20.47;21.19
PE;Pernambuco;Ambos;2015;Agressão;3847;41.76;39.7
PE;Pernambuco;Ambos;2015;Causas acidentais;1253;13.6;15.2
PE;Pernambuco;Ambos;2015;Lesão autoprovocada;308;3.62;3.82
PE;Pernambuco;Ambos;2015;Demais causas externas;918;9.96;10.66
PE;Pernambuco;Ambos;2016;Lesão de trânsito;1869;20.18;20.81
PE;Pernambuco;Ambos;2016;Agressão;4440;47.93;45.53
PE;Pernambuco;Ambos;2016;Causas acidentais;1481;15.99;17.7
PE;Pernambuco;Ambos;2016;Lesão autoprovocada;396;4.63;4.83
PE;Pernambuco;Ambos;2016;Demais causas externas;928;10.02;10.53
PE;Pernambuco;Ambos;2017;Lesão de trânsito;1686;18.12;18.66
PE;Pernambuco;Ambos;2017;Agressão;5415;58.2;55.47
PE;Pernambuco;Ambos;2017;Causas acidentais;1506;16.19;17.76
PE;Pernambuco;Ambos;2017;Lesão autoprovocada;438;5.09;5.3
PE;Pernambuco;Ambos;2017;Demais causas externas;725;7.79;8.17
PE;Pernambuco;Ambos;2018;Lesão de trânsito;1560;16.69;17.06
PE;Pernambuco;Ambos;2018;Agressão;4188;44.8;43.01
PE;Pernambuco;Ambos;2018;Causas acidentais;1570;16.79;18.1
PE;Pernambuco;Ambos;2018;Lesão autoprovocada;430;4.96;5.13
PE;Pernambuco;Ambos;2018;Demais causas externas;891;9.53;9.68
PE;Pernambuco;Ambos;2019;Lesão de trânsito;1474;15.69;15.93
PE;Pernambuco;Ambos;2019;Agressão;3474;36.97;35.21
PE;Pernambuco;Ambos;2019;Causas acidentais;1752;18.65;19.69
PE;Pernambuco;Ambos;2019;Lesão autoprovocada;443;5.08;5.2
PE;Pernambuco;Ambos;2019;Demais causas externas;1046;11.13;11.18
PE;Pernambuco;Ambos;2020;Lesão de trânsito;1509;15.99;16.13
PE;Pernambuco;Ambos;2020;Agressão;3782;40.07;38.21
PE;Pernambuco;Ambos;2020;Causas acidentais;1751;18.55;19.31
PE;Pernambuco;Ambos;2020;Lesão autoprovocada;451;5.14;5.19
PE;Pernambuco;Ambos;2020;Demais causas externas;1160;12.29;12.23
PE;Pernambuco;Ambos;2021;Lesão de trânsito;1496;15.8;15.84
PE;Pernambuco;Ambos;2021;Agressão;3435;36.27;35.01
PE;Pernambuco;Ambos;2021;Causas acidentais;1735;18.32;18.91
PE;Pernambuco;Ambos;2021;Lesão autoprovocada;546;6.2;6.28
PE;Pernambuco;Ambos;2021;Demais causas externas;1040;10.98;11.04
PE;Pernambuco;Ambos;2022;Lesão de trânsito;1461;15.39;15.38
PE;Pernambuco;Ambos;2022;Agressão;3409;35.91;34.56
PE;Pernambuco;Ambos;2022;Causas acidentais;1885;19.86;20.25
PE;Pernambuco;Ambos;2022;Lesão autoprovocada;488;5.52;5.58
PE;Pernambuco;Ambos;2022;Demais causas externas;1259;13.26;13.03
PE;Pernambuco;Ambos;2023;Lesão de trânsito;1632;17.15;17.14
PE;Pernambuco;Ambos;2023;Agressão;3685;38.73;37.83
PE;Pernambuco;Ambos;2023;Causas acidentais;2130;22.39;22.52
PE;Pernambuco;Ambos;2023;Lesão autoprovocada;613;6.9;6.94
PE;Pernambuco;Ambos;2023;Demais causas externas;640;6.73;6.4
PE;Pernambuco;Ambos;2024;Lesão de trânsito;1828;19.16;19.01
PE;Pernambuco;Ambos;2024;Agressão;3508;36.78;36.03
PE;Pernambuco;Ambos;2024;Causas acidentais;2212;23.19;22.82
PE;Pernambuco;Ambos;2024;Lesão autoprovocada;681;7.62;7.66
PE;Pernambuco;Ambos;2024;Demais causas externas;637;6.68;6.37
PE;Pernambuco;Ambos;2025;Lesão de trânsito;1755;18.35;18.25
PE;Pernambuco;Ambos;2025;Agressão;3107;32.49;32.23
PE;Pernambuco;Ambos;2025;Causas acidentais;2151;22.5;21.72
PE;Pernambuco;Ambos;2025;Lesão autoprovocada;597;6.65;6.66
PE;Pernambuco;Ambos;2025;Demais causas externas;1228;12.84;12.28
PE;Pernambuco;Homens;2000;Lesão de trânsito;1200;30.61;36.37
PE;Pernambuco;Homens;2000;Agressão;3980;101.51;102.33
PE;Pernambuco;Homens;2000;Causas acidentais;757;19.31;21.4
PE;Pernambuco;Homens;2000;Lesão autoprovocada;209;5.98;7.39
PE;Pernambuco;Homens;2000;Demais causas externas;299;7.63;9.34
PE;Pernambuco;Homens;2001;Lesão de trânsito;1125;28.39;33.38
PE;Pernambuco;Homens;2001;Agressão;4408;111.25;110.23
PE;Pernambuco;Homens;2001;Causas acidentais;695;17.54;20.15
PE;Pernambuco;Homens;2001;Lesão autoprovocada;203;5.74;6.75
PE;Pernambuco;Homens;2001;Demais causas externas;284;7.17;8.62
PE;Pernambuco;Homens;2002;Lesão de trânsito;1266;31.63;37.01
PE;Pernambuco;Homens;2002;Agressão;4118;102.88;101.06
PE;Pernambuco;Homens;2002;Causas acidentais;674;16.84;18.92
PE;Pernambuco;Homens;2002;Lesão autoprovocada;192;5.36;6.21
PE;Pernambuco;Homens;2002;Demais causas externas;320;7.99;9.78
PE;Pernambuco;Homens;2003;Lesão de trânsito;1192;29.49;33.7
PE;Pernambuco;Homens;2003;Agressão;4243;104.96;103.33
PE;Pernambuco;Homens;2003;Causas acidentais;617;15.26;17.38
PE;Pernambuco;Homens;2003;Lesão autoprovocada;219;6.04;6.79
PE;Pernambuco;Homens;2003;Demais causas externas;289;7.15;8.48
PE;Pernambuco;Homens;2004;Lesão de trânsito;1175;28.79;32.74
PE;Pernambuco;Homens;2004;Agressão;3898;95.5;92.49
PE;Pernambuco;Homens;2004;Causas acidentais;812;19.89;21.68
PE;Pernambuco;Homens;2004;Lesão autoprovocada;223;6.08;7.14
PE;Pernambuco;Homens;2004;Demais causas externas;371;9.09;11.1
PE;Pernambuco;Homens;2005;Lesão de trânsito;1189;28.86;32.66
PE;Pernambuco;Homens;2005;Agressão;4047;98.23;94.27
PE;Pernambuco;Homens;2005;Causas acidentais;727;17.65;20.02
PE;Pernambuco;Homens;2005;Lesão autoprovocada;221;5.95;6.97
PE;Pernambuco;Homens;2005;Demais causas externas;405;9.83;12.21
PE;Pernambuco;Homens;2006;Lesão de trânsito;1244;29.92;33.51
PE;Pernambuco;Homens;2006;Agressão;4160;100.07;96.61
PE;Pernambuco;Homens;2006;Causas acidentais;753;18.11;20.85
PE;Pernambuco;Homens;2006;Lesão autoprovocada;211;5.62;6.33
PE;Pernambuco;Homens;2006;Demais causas externas;410;9.86;12.1
PE;Pernambuco;Homens;2007;Lesão de trânsito;1244;29.67;33.09
PE;Pernambuco;Homens;2007;Agressão;4261;101.64;96.54
PE;Pernambuco;Homens;2007;Causas acidentais;788;18.8;21.68
PE;Pernambuco;Homens;2007;Lesão autoprovocada;277;7.3;8.46
PE;Pernambuco;Homens;2007;Demais causas externas;461;11;13.42
PE;Pernambuco;Homens;2008;Lesão de trânsito;1278;30.23;33.46
PE;Pernambuco;Homens;2008;Agressão;4138;97.9;93.01
PE;Pernambuco;Homens;2008;Causas acidentais;788;18.64;21.66
PE;Pernambuco;Homens;2008;Lesão autoprovocada;258;6.73;7.67
PE;Pernambuco;Homens;2008;Demais causas externas;482;11.4;13.32
PE;Pernambuco;Homens;2009;Lesão de trânsito;1437;33.72;36.85
PE;Pernambuco;Homens;2009;Agressão;3654;85.75;82.08
PE;Pernambuco;Homens;2009;Causas acidentais;836;19.62;22.36
PE;Pernambuco;Homens;2009;Lesão autoprovocada;254;6.55;7.29
PE;Pernambuco;Homens;2009;Demais causas externas;514;12.06;14.47
PE;Pernambuco;Homens;2010;Lesão de trânsito;1635;38.11;41.59
PE;Pernambuco;Homens;2010;Agressão;3224;75.16;72.27
PE;Pernambuco;Homens;2010;Causas acidentais;843;19.65;23.11
PE;Pernambuco;Homens;2010;Lesão autoprovocada;204;5.21;5.77
PE;Pernambuco;Homens;2010;Demais causas externas;532;12.4;14.4
PE;Pernambuco;Homens;2011;Lesão de trânsito;1719;39.84;42.72
PE;Pernambuco;Homens;2011;Agressão;3197;74.1;71.58
PE;Pernambuco;Homens;2011;Causas acidentais;913;21.16;24.88
PE;Pernambuco;Homens;2011;Lesão autoprovocada;229;5.81;6.39
PE;Pernambuco;Homens;2011;Demais causas externas;477;11.06;12.7
PE;Pernambuco;Homens;2012;Lesão de trânsito;1687;38.85;41.37
PE;Pernambuco;Homens;2012;Agressão;3106;71.53;68.55
PE;Pernambuco;Homens;2012;Causas acidentais;800;18.42;21.15
PE;Pernambuco;Homens;2012;Lesão autoprovocada;258;6.49;7.33
PE;Pernambuco;Homens;2012;Demais causas externas;400;9.21;10.53
PE;Pernambuco;Homens;2013;Lesão de trânsito;1555;35.58;38.01
PE;Pernambuco;Homens;2013;Agressão;2867;65.6;62.81
PE;Pernambuco;Homens;2013;Causas acidentais;806;18.44;21.23
PE;Pernambuco;Homens;2013;Lesão autoprovocada;259;6.47;7.11
PE;Pernambuco;Homens;2013;Demais causas externas;548;12.54;14.59
PE;Pernambuco;Homens;2014;Lesão de trânsito;1579;35.9;38.24
PE;Pernambuco;Homens;2014;Agressão;3113;70.77;67.76
PE;Pernambuco;Homens;2014;Causas acidentais;817;18.57;22.05
PE;Pernambuco;Homens;2014;Lesão autoprovocada;244;6.04;6.57
PE;Pernambuco;Homens;2014;Demais causas externas;441;10.03;11.41
PE;Pernambuco;Homens;2015;Lesão de trânsito;1595;36.03;38.16
PE;Pernambuco;Homens;2015;Agressão;3606;81.45;77.3
PE;Pernambuco;Homens;2015;Causas acidentais;801;18.09;21.29
PE;Pernambuco;Homens;2015;Lesão autoprovocada;230;5.66;6.16
PE;Pernambuco;Homens;2015;Demais causas externas;649;14.66;16.6
PE;Pernambuco;Homens;2016;Lesão de trânsito;1592;35.77;37.82
PE;Pernambuco;Homens;2016;Agressão;4153;93.3;88.3
PE;Pernambuco;Homens;2016;Causas acidentais;919;20.65;24.18
PE;Pernambuco;Homens;2016;Lesão autoprovocada;314;7.68;8.29
PE;Pernambuco;Homens;2016;Demais causas externas;662;14.87;16.19
PE;Pernambuco;Homens;2017;Lesão de trânsito;1449;32.41;34.03
PE;Pernambuco;Homens;2017;Agressão;5101;114.09;107.7
PE;Pernambuco;Homens;2017;Causas acidentais;913;20.42;23.68
PE;Pernambuco;Homens;2017;Lesão autoprovocada;329;7.99;8.63
PE;Pernambuco;Homens;2017;Demais causas externas;506;11.32;12.28
PE;Pernambuco;Homens;2018;Lesão de trânsito;1351;30.07;31.47
PE;Pernambuco;Homens;2018;Agressão;3940;87.7;83.69
PE;Pernambuco;Homens;2018;Causas acidentais;930;20.7;23.87
PE;Pernambuco;Homens;2018;Lesão autoprovocada;341;8.24;8.72
PE;Pernambuco;Homens;2018;Demais causas externas;625;13.91;14.74
PE;Pernambuco;Homens;2019;Lesão de trânsito;1239;27.43;28.44
PE;Pernambuco;Homens;2019;Agressão;3265;72.3;68.24
PE;Pernambuco;Homens;2019;Causas acidentais;1046;23.16;26.3
PE;Pernambuco;Homens;2019;Lesão autoprovocada;351;8.42;8.83
PE;Pernambuco;Homens;2019;Demais causas externas;743;16.45;17.18
PE;Pernambuco;Homens;2020;Lesão de trânsito;1280;28.22;29.04
PE;Pernambuco;Homens;2020;Agressão;3554;78.35;73.86
PE;Pernambuco;Homens;2020;Causas acidentais;1101;24.27;27.28
PE;Pernambuco;Homens;2020;Lesão autoprovocada;341;8.13;8.38
PE;Pernambuco;Homens;2020;Demais causas externas;852;18.78;19.71
PE;Pernambuco;Homens;2021;Lesão de trânsito;1290;28.35;28.97
PE;Pernambuco;Homens;2021;Agressão;3187;70.04;66.82
PE;Pernambuco;Homens;2021;Causas acidentais;1072;23.56;26.31
PE;Pernambuco;Homens;2021;Lesão autoprovocada;411;9.75;10.14
PE;Pernambuco;Homens;2021;Demais causas externas;723;15.89;16.93
PE;Pernambuco;Homens;2022;Lesão de trânsito;1264;27.71;28.11
PE;Pernambuco;Homens;2022;Agressão;3173;69.57;66.16
PE;Pernambuco;Homens;2022;Causas acidentais;1179;25.85;28.55
PE;Pernambuco;Homens;2022;Lesão autoprovocada;392;9.27;9.56
PE;Pernambuco;Homens;2022;Demais causas externas;873;19.14;19.99
PE;Pernambuco;Homens;2023;Lesão de trânsito;1379;30.17;30.6
PE;Pernambuco;Homens;2023;Agressão;3389;74.15;71.57
PE;Pernambuco;Homens;2023;Causas acidentais;1292;28.27;31.02
PE;Pernambuco;Homens;2023;Lesão autoprovocada;472;11.1;11.4
PE;Pernambuco;Homens;2023;Demais causas externas;434;9.5;9.51
PE;Pernambuco;Homens;2024;Lesão de trânsito;1555;33.93;34.16
PE;Pernambuco;Homens;2024;Agressão;3233;70.55;67.92
PE;Pernambuco;Homens;2024;Causas acidentais;1290;28.15;30.35
PE;Pernambuco;Homens;2024;Lesão autoprovocada;530;12.4;12.68
PE;Pernambuco;Homens;2024;Demais causas externas;429;9.36;9.45
PE;Pernambuco;Homens;2025;Lesão de trânsito;1503;32.72;32.94
PE;Pernambuco;Homens;2025;Agressão;2874;62.57;61.08
PE;Pernambuco;Homens;2025;Causas acidentais;1254;27.3;28.91
PE;Pernambuco;Homens;2025;Lesão autoprovocada;444;10.34;10.52
PE;Pernambuco;Homens;2025;Demais causas externas;842;18.33;18.74
PE;Pernambuco;Mulheres;2000;Lesão de trânsito;272;6.43;7.4
PE;Pernambuco;Mulheres;2000;Agressão;310;7.33;7.41
PE;Pernambuco;Mulheres;2000;Causas acidentais;246;5.82;6.36
PE;Pernambuco;Mulheres;2000;Lesão autoprovocada;66;1.73;1.89
PE;Pernambuco;Mulheres;2000;Demais causas externas;109;2.58;3.15
PE;Pernambuco;Mulheres;2001;Lesão de trânsito;219;5.12;5.62
PE;Pernambuco;Mulheres;2001;Agressão;294;6.88;6.86
PE;Pernambuco;Mulheres;2001;Causas acidentais;201;4.7;5.38
PE;Pernambuco;Mulheres;2001;Lesão autoprovocada;66;1.71;1.81
PE;Pernambuco;Mulheres;2001;Demais causas externas;110;2.57;3.12
PE;Pernambuco;Mulheres;2002;Lesão de trânsito;223;5.16;5.74
PE;Pernambuco;Mulheres;2002;Agressão;274;6.34;6.42
PE;Pernambuco;Mulheres;2002;Causas acidentais;225;5.21;5.6
PE;Pernambuco;Mulheres;2002;Lesão autoprovocada;65;1.66;1.77
PE;Pernambuco;Mulheres;2002;Demais causas externas;110;2.55;2.99
PE;Pernambuco;Mulheres;2003;Lesão de trânsito;242;5.55;6.15
PE;Pernambuco;Mulheres;2003;Agressão;274;6.28;6.2
PE;Pernambuco;Mulheres;2003;Causas acidentais;188;4.31;4.69
PE;Pernambuco;Mulheres;2003;Lesão autoprovocada;78;1.97;2.02
PE;Pernambuco;Mulheres;2003;Demais causas externas;108;2.48;2.93
PE;Pernambuco;Mulheres;2004;Lesão de trânsito;253;5.74;6.23
PE;Pernambuco;Mulheres;2004;Agressão;276;6.27;6.17
PE;Pernambuco;Mulheres;2004;Causas acidentais;194;4.4;4.74
PE;Pernambuco;Mulheres;2004;Lesão autoprovocada;70;1.75;1.83
PE;Pernambuco;Mulheres;2004;Demais causas externas;134;3.04;3.59
PE;Pernambuco;Mulheres;2005;Lesão de trânsito;255;5.73;6.13
PE;Pernambuco;Mulheres;2005;Agressão;282;6.34;6.34
PE;Pernambuco;Mulheres;2005;Causas acidentais;251;5.64;6.14
PE;Pernambuco;Mulheres;2005;Lesão autoprovocada;88;2.17;2.26
PE;Pernambuco;Mulheres;2005;Demais causas externas;142;3.19;3.89
PE;Pernambuco;Mulheres;2006;Lesão de trânsito;242;5.39;5.78
PE;Pernambuco;Mulheres;2006;Agressão;310;6.91;6.93
PE;Pernambuco;Mulheres;2006;Causas acidentais;234;5.21;5.76
PE;Pernambuco;Mulheres;2006;Lesão autoprovocada;83;2.02;2.05
PE;Pernambuco;Mulheres;2006;Demais causas externas;152;3.39;3.78
PE;Pernambuco;Mulheres;2007;Lesão de trânsito;235;5.19;5.74
PE;Pernambuco;Mulheres;2007;Agressão;290;6.4;6.37
PE;Pernambuco;Mulheres;2007;Causas acidentais;299;6.6;7.42
PE;Pernambuco;Mulheres;2007;Lesão autoprovocada;102;2.46;2.52
PE;Pernambuco;Mulheres;2007;Demais causas externas;185;4.09;4.74
PE;Pernambuco;Mulheres;2008;Lesão de trânsito;290;6.35;6.77
PE;Pernambuco;Mulheres;2008;Agressão;298;6.52;6.45
PE;Pernambuco;Mulheres;2008;Causas acidentais;292;6.39;7.01
PE;Pernambuco;Mulheres;2008;Lesão autoprovocada;106;2.53;2.57
PE;Pernambuco;Mulheres;2008;Demais causas externas;214;4.68;5.34
PE;Pernambuco;Mulheres;2009;Lesão de trânsito;325;7.05;7.4
PE;Pernambuco;Mulheres;2009;Agressão;304;6.6;6.52
PE;Pernambuco;Mulheres;2009;Causas acidentais;330;7.16;7.88
PE;Pernambuco;Mulheres;2009;Lesão autoprovocada;74;1.75;1.84
PE;Pernambuco;Mulheres;2009;Demais causas externas;237;5.14;5.86
PE;Pernambuco;Mulheres;2010;Lesão de trânsito;346;7.46;7.99
PE;Pernambuco;Mulheres;2010;Agressão;246;5.3;5.2
PE;Pernambuco;Mulheres;2010;Causas acidentais;340;7.33;8.11
PE;Pernambuco;Mulheres;2010;Lesão autoprovocada;81;1.89;1.97
PE;Pernambuco;Mulheres;2010;Demais causas externas;195;4.2;4.55
PE;Pernambuco;Mulheres;2011;Lesão de trânsito;293;6.28;6.46
PE;Pernambuco;Mulheres;2011;Agressão;261;5.59;5.43
PE;Pernambuco;Mulheres;2011;Causas acidentais;386;8.27;8.88
PE;Pernambuco;Mulheres;2011;Lesão autoprovocada;62;1.44;1.46
PE;Pernambuco;Mulheres;2011;Demais causas externas;219;4.69;5.12
PE;Pernambuco;Mulheres;2012;Lesão de trânsito;349;7.43;7.66
PE;Pernambuco;Mulheres;2012;Agressão;215;4.58;4.43
PE;Pernambuco;Mulheres;2012;Causas acidentais;376;8.01;8.78
PE;Pernambuco;Mulheres;2012;Lesão autoprovocada;74;1.7;1.75
PE;Pernambuco;Mulheres;2012;Demais causas externas;208;4.43;4.79
PE;Pernambuco;Mulheres;2013;Lesão de trânsito;312;6.6;6.96
PE;Pernambuco;Mulheres;2013;Agressão;256;5.42;5.36
PE;Pernambuco;Mulheres;2013;Causas acidentais;367;7.76;8.32
PE;Pernambuco;Mulheres;2013;Lesão autoprovocada;61;1.39;1.43
PE;Pernambuco;Mulheres;2013;Demais causas externas;257;5.44;5.84
PE;Pernambuco;Mulheres;2014;Lesão de trânsito;331;6.96;7.26
PE;Pernambuco;Mulheres;2014;Agressão;239;5.03;4.89
PE;Pernambuco;Mulheres;2014;Causas acidentais;423;8.89;9.43
PE;Pernambuco;Mulheres;2014;Lesão autoprovocada;81;1.84;1.9
PE;Pernambuco;Mulheres;2014;Demais causas externas;200;4.21;4.41
PE;Pernambuco;Mulheres;2015;Lesão de trânsito;288;6.02;6.16
PE;Pernambuco;Mulheres;2015;Agressão;233;4.87;4.64
PE;Pernambuco;Mulheres;2015;Causas acidentais;450;9.4;9.76
PE;Pernambuco;Mulheres;2015;Lesão autoprovocada;78;1.76;1.81
PE;Pernambuco;Mulheres;2015;Demais causas externas;260;5.43;5.56
PE;Pernambuco;Mulheres;2016;Lesão de trânsito;275;5.72;5.82
PE;Pernambuco;Mulheres;2016;Agressão;282;5.86;5.67
PE;Pernambuco;Mulheres;2016;Causas acidentais;562;11.68;12.01
PE;Pernambuco;Mulheres;2016;Lesão autoprovocada;82;1.84;1.86
PE;Pernambuco;Mulheres;2016;Demais causas externas;263;5.47;5.59
PE;Pernambuco;Mulheres;2017;Lesão de trânsito;236;4.88;4.99
PE;Pernambuco;Mulheres;2017;Agressão;309;6.39;6.26
PE;Pernambuco;Mulheres;2017;Causas acidentais;593;12.27;12.27
PE;Pernambuco;Mulheres;2017;Lesão autoprovocada;109;2.42;2.47
PE;Pernambuco;Mulheres;2017;Demais causas externas;215;4.45;4.49
PE;Pernambuco;Mulheres;2018;Lesão de trânsito;208;4.28;4.29
PE;Pernambuco;Mulheres;2018;Agressão;240;4.94;4.84
PE;Pernambuco;Mulheres;2018;Causas acidentais;639;13.16;12.85
PE;Pernambuco;Mulheres;2018;Lesão autoprovocada;89;1.97;2
PE;Pernambuco;Mulheres;2018;Demais causas externas;260;5.35;5.27
PE;Pernambuco;Mulheres;2019;Lesão de trânsito;235;4.82;4.81
PE;Pernambuco;Mulheres;2019;Agressão;204;4.18;4.04
PE;Pernambuco;Mulheres;2019;Causas acidentais;706;14.47;13.72
PE;Pernambuco;Mulheres;2019;Lesão autoprovocada;92;2.02;2.02
PE;Pernambuco;Mulheres;2019;Demais causas externas;299;6.13;5.91
PE;Pernambuco;Mulheres;2020;Lesão de trânsito;227;4.63;4.6
PE;Pernambuco;Mulheres;2020;Agressão;223;4.55;4.5
PE;Pernambuco;Mulheres;2020;Causas acidentais;649;13.24;12.45
PE;Pernambuco;Mulheres;2020;Lesão autoprovocada;110;2.4;2.4
PE;Pernambuco;Mulheres;2020;Demais causas externas;296;6.04;5.91
PE;Pernambuco;Mulheres;2021;Lesão de trânsito;206;4.19;4.16
PE;Pernambuco;Mulheres;2021;Agressão;245;4.98;4.95
PE;Pernambuco;Mulheres;2021;Causas acidentais;661;13.44;12.46
PE;Pernambuco;Mulheres;2021;Lesão autoprovocada;135;2.94;2.94
PE;Pernambuco;Mulheres;2021;Demais causas externas;313;6.36;6.04
PE;Pernambuco;Mulheres;2022;Lesão de trânsito;197;3.99;3.95
PE;Pernambuco;Mulheres;2022;Agressão;229;4.64;4.55
PE;Pernambuco;Mulheres;2022;Causas acidentais;705;14.29;13.06
PE;Pernambuco;Mulheres;2022;Lesão autoprovocada;96;2.08;2.08
PE;Pernambuco;Mulheres;2022;Demais causas externas;374;7.58;7.11
PE;Pernambuco;Mulheres;2023;Lesão de trânsito;253;5.12;5.05
PE;Pernambuco;Mulheres;2023;Agressão;290;5.87;5.79
PE;Pernambuco;Mulheres;2023;Causas acidentais;837;16.93;15.11
PE;Pernambuco;Mulheres;2023;Lesão autoprovocada;141;3.04;3
PE;Pernambuco;Mulheres;2023;Demais causas externas;202;4.09;3.69
PE;Pernambuco;Mulheres;2024;Lesão de trânsito;273;5.51;5.38
PE;Pernambuco;Mulheres;2024;Agressão;271;5.47;5.52
PE;Pernambuco;Mulheres;2024;Causas acidentais;922;18.6;16.07
PE;Pernambuco;Mulheres;2024;Lesão autoprovocada;151;3.24;3.25
PE;Pernambuco;Mulheres;2024;Demais causas externas;205;4.14;3.71
PE;Pernambuco;Mulheres;2025;Lesão de trânsito;252;5.07;4.97
PE;Pernambuco;Mulheres;2025;Agressão;230;4.63;4.72
PE;Pernambuco;Mulheres;2025;Causas acidentais;897;18.05;15.23
PE;Pernambuco;Mulheres;2025;Lesão autoprovocada;152;3.25;3.25
PE;Pernambuco;Mulheres;2025;Demais causas externas;379;7.63;6.78
PI;Piauí;Ambos;2000;Lesão de trânsito;400;13.65;16.05
PI;Piauí;Ambos;2000;Agressão;230;7.85;8.26
PI;Piauí;Ambos;2000;Causas acidentais;235;8.02;8.99
PI;Piauí;Ambos;2000;Lesão autoprovocada;74;2.83;3.44
PI;Piauí;Ambos;2000;Demais causas externas;96;3.28;4.18
PI;Piauí;Ambos;2001;Lesão de trânsito;401;13.54;15.66
PI;Piauí;Ambos;2001;Agressão;262;8.84;9.46
PI;Piauí;Ambos;2001;Causas acidentais;238;8.03;8.41
PI;Piauí;Ambos;2001;Lesão autoprovocada;114;4.3;4.78
PI;Piauí;Ambos;2001;Demais causas externas;87;2.94;3.53
PI;Piauí;Ambos;2002;Lesão de trânsito;505;16.88;18.91
PI;Piauí;Ambos;2002;Agressão;308;10.29;10.78
PI;Piauí;Ambos;2002;Causas acidentais;217;7.25;7.61
PI;Piauí;Ambos;2002;Lesão autoprovocada;119;4.44;4.99
PI;Piauí;Ambos;2002;Demais causas externas;49;1.64;2.06
PI;Piauí;Ambos;2003;Lesão de trânsito;481;15.92;18.57
PI;Piauí;Ambos;2003;Agressão;298;9.86;10.35
PI;Piauí;Ambos;2003;Causas acidentais;249;8.24;9.37
PI;Piauí;Ambos;2003;Lesão autoprovocada;139;5.12;5.64
PI;Piauí;Ambos;2003;Demais causas externas;106;3.51;4.19
PI;Piauí;Ambos;2004;Lesão de trânsito;528;17.32;19.69
PI;Piauí;Ambos;2004;Agressão;327;10.73;11.13
PI;Piauí;Ambos;2004;Causas acidentais;298;9.77;10.78
PI;Piauí;Ambos;2004;Lesão autoprovocada;159;5.79;6.27
PI;Piauí;Ambos;2004;Demais causas externas;42;1.38;1.66
PI;Piauí;Ambos;2005;Lesão de trânsito;574;18.67;21.09
PI;Piauí;Ambos;2005;Agressão;368;11.97;12.14
PI;Piauí;Ambos;2005;Causas acidentais;279;9.07;10.47
PI;Piauí;Ambos;2005;Lesão autoprovocada;148;5.33;5.87
PI;Piauí;Ambos;2005;Demais causas externas;37;1.2;1.35
PI;Piauí;Ambos;2006;Lesão de trânsito;706;22.77;24.77
PI;Piauí;Ambos;2006;Agressão;418;13.48;13.55
PI;Piauí;Ambos;2006;Causas acidentais;313;10.1;10.94
PI;Piauí;Ambos;2006;Lesão autoprovocada;181;6.46;7.32
PI;Piauí;Ambos;2006;Demais causas externas;99;3.19;4.09
PI;Piauí;Ambos;2007;Lesão de trânsito;670;21.45;23.55
PI;Piauí;Ambos;2007;Agressão;383;12.26;12.57
PI;Piauí;Ambos;2007;Causas acidentais;309;9.89;11.06
PI;Piauí;Ambos;2007;Lesão autoprovocada;208;7.34;8.25
PI;Piauí;Ambos;2007;Demais causas externas;84;2.69;3.07
PI;Piauí;Ambos;2008;Lesão de trânsito;763;24.27;26.66
PI;Piauí;Ambos;2008;Agressão;360;11.45;11.45
PI;Piauí;Ambos;2008;Causas acidentais;295;9.38;10.12
PI;Piauí;Ambos;2008;Lesão autoprovocada;217;7.59;8.24
PI;Piauí;Ambos;2008;Demais causas externas;154;4.9;5.79
PI;Piauí;Ambos;2009;Lesão de trânsito;803;25.38;27.5
PI;Piauí;Ambos;2009;Agressão;385;12.17;12.13
PI;Piauí;Ambos;2009;Causas acidentais;350;11.06;12.4
PI;Piauí;Ambos;2009;Lesão autoprovocada;207;7.17;7.7
PI;Piauí;Ambos;2009;Demais causas externas;115;3.63;4.01
PI;Piauí;Ambos;2010;Lesão de trânsito;975;30.64;32.91
PI;Piauí;Ambos;2010;Agressão;411;12.92;12.83
PI;Piauí;Ambos;2010;Causas acidentais;316;9.93;11.11
PI;Piauí;Ambos;2010;Lesão autoprovocada;201;6.91;7.41
PI;Piauí;Ambos;2010;Demais causas externas;72;2.26;2.57
PI;Piauí;Ambos;2011;Lesão de trânsito;1007;31.5;33.37
PI;Piauí;Ambos;2011;Agressão;436;13.64;13.51
PI;Piauí;Ambos;2011;Causas acidentais;325;10.17;11.41
PI;Piauí;Ambos;2011;Lesão autoprovocada;234;7.98;8.64
PI;Piauí;Ambos;2011;Demais causas externas;81;2.53;2.79
PI;Piauí;Ambos;2012;Lesão de trânsito;1132;35.25;37.67
PI;Piauí;Ambos;2012;Agressão;525;16.35;16.01
PI;Piauí;Ambos;2012;Causas acidentais;311;9.68;10.52
PI;Piauí;Ambos;2012;Lesão autoprovocada;233;7.88;8.63
PI;Piauí;Ambos;2012;Demais causas externas;113;3.52;3.95
PI;Piauí;Ambos;2013;Lesão de trânsito;1091;33.82;35.87
PI;Piauí;Ambos;2013;Agressão;595;18.45;17.78
PI;Piauí;Ambos;2013;Causas acidentais;335;10.39;11.25
PI;Piauí;Ambos;2013;Lesão autoprovocada;227;7.63;8.12
PI;Piauí;Ambos;2013;Demais causas externas;118;3.66;4.04
PI;Piauí;Ambos;2014;Lesão de trânsito;1204;37.16;38.82
PI;Piauí;Ambos;2014;Agressão;716;22.1;21.37
PI;Piauí;Ambos;2014;Causas acidentais;328;10.12;10.85
PI;Piauí;Ambos;2014;Lesão autoprovocada;244;8.14;8.39
PI;Piauí;Ambos;2014;Demais causas externas;127;3.92;4.24
PI;Piauí;Ambos;2015;Lesão de trânsito;1123;34.49;36.07
PI;Piauí;Ambos;2015;Agressão;649;19.93;19.27
PI;Piauí;Ambos;2015;Causas acidentais;297;9.12;9.83
PI;Piauí;Ambos;2015;Lesão autoprovocada;271;8.99;9.6
PI;Piauí;Ambos;2015;Demais causas externas;137;4.21;4.5
PI;Piauí;Ambos;2016;Lesão de trânsito;1047;32.01;33.08
PI;Piauí;Ambos;2016;Agressão;701;21.43;20.83
PI;Piauí;Ambos;2016;Causas acidentais;413;12.63;13.44
PI;Piauí;Ambos;2016;Lesão autoprovocada;321;10.58;11
PI;Piauí;Ambos;2016;Demais causas externas;102;3.12;3.25
PI;Piauí;Ambos;2017;Lesão de trânsito;986;30.01;30.99
PI;Piauí;Ambos;2017;Agressão;624;18.99;18.47
PI;Piauí;Ambos;2017;Causas acidentais;360;10.96;11.46
PI;Piauí;Ambos;2017;Lesão autoprovocada;317;10.39;10.77
PI;Piauí;Ambos;2017;Demais causas externas;127;3.87;3.94
PI;Piauí;Ambos;2018;Lesão de trânsito;946;28.65;29.57
PI;Piauí;Ambos;2018;Agressão;617;18.68;18.1
PI;Piauí;Ambos;2018;Causas acidentais;384;11.63;11.73
PI;Piauí;Ambos;2018;Lesão autoprovocada;331;10.79;11.13
PI;Piauí;Ambos;2018;Demais causas externas;194;5.87;5.02
PI;Piauí;Ambos;2019;Lesão de trânsito;876;26.38;26.95
PI;Piauí;Ambos;2019;Agressão;569;17.14;16.71
PI;Piauí;Ambos;2019;Causas acidentais;366;11.02;11.17
PI;Piauí;Ambos;2019;Lesão autoprovocada;328;10.64;10.81
PI;Piauí;Ambos;2019;Demais causas externas;122;3.67;3.77
PI;Piauí;Ambos;2020;Lesão de trânsito;898;26.92;27.22
PI;Piauí;Ambos;2020;Agressão;673;20.17;19.46
PI;Piauí;Ambos;2020;Causas acidentais;420;12.59;12.48
PI;Piauí;Ambos;2020;Lesão autoprovocada;313;10.09;10.37
PI;Piauí;Ambos;2020;Demais causas externas;174;5.22;5.11
PI;Piauí;Ambos;2021;Lesão de trânsito;891;26.61;26.99
PI;Piauí;Ambos;2021;Agressão;765;22.85;22.16
PI;Piauí;Ambos;2021;Causas acidentais;433;12.93;12.85
PI;Piauí;Ambos;2021;Lesão autoprovocada;376;12.07;12.22
PI;Piauí;Ambos;2021;Demais causas externas;187;5.59;5.57
PI;Piauí;Ambos;2022;Lesão de trânsito;870;25.92;26.17
PI;Piauí;Ambos;2022;Agressão;793;23.62;23.05
PI;Piauí;Ambos;2022;Causas acidentais;477;14.21;13.95
PI;Piauí;Ambos;2022;Lesão autoprovocada;364;11.64;11.77
PI;Piauí;Ambos;2022;Demais causas externas;139;4.14;3.97
PI;Piauí;Ambos;2023;Lesão de trânsito;1001;29.74;29.95
PI;Piauí;Ambos;2023;Agressão;724;21.51;21.17
PI;Piauí;Ambos;2023;Causas acidentais;549;16.31;15.81
PI;Piauí;Ambos;2023;Lesão autoprovocada;371;11.8;11.9
PI;Piauí;Ambos;2023;Demais causas externas;98;2.91;2.78
PI;Piauí;Ambos;2024;Lesão de trânsito;1162;34.42;34.49
PI;Piauí;Ambos;2024;Agressão;691;20.47;20.4
PI;Piauí;Ambos;2024;Causas acidentais;590;17.48;16.66
PI;Piauí;Ambos;2024;Lesão autoprovocada;400;12.66;12.68
PI;Piauí;Ambos;2024;Demais causas externas;89;2.64;2.56
PI;Piauí;Ambos;2025;Lesão de trânsito;1180;34.86;34.86
PI;Piauí;Ambos;2025;Agressão;540;15.95;16.06
PI;Piauí;Ambos;2025;Causas acidentais;630;18.61;17.31
PI;Piauí;Ambos;2025;Lesão autoprovocada;414;13.04;13.05
PI;Piauí;Ambos;2025;Demais causas externas;111;3.28;3.26
PI;Piauí;Homens;2000;Lesão de trânsito;318;22;26.35
PI;Piauí;Homens;2000;Agressão;214;14.8;15.63
PI;Piauí;Homens;2000;Causas acidentais;194;13.42;15.54
PI;Piauí;Homens;2000;Lesão autoprovocada;53;4.12;5.16
PI;Piauí;Homens;2000;Demais causas externas;73;5.05;6.54
PI;Piauí;Homens;2001;Lesão de trânsito;331;22.65;26.63
PI;Piauí;Homens;2001;Agressão;226;15.46;16.82
PI;Piauí;Homens;2001;Causas acidentais;190;13;13.77
PI;Piauí;Homens;2001;Lesão autoprovocada;87;6.68;7.47
PI;Piauí;Homens;2001;Demais causas externas;67;4.58;5.65
PI;Piauí;Homens;2002;Lesão de trânsito;389;26.35;30.61
PI;Piauí;Homens;2002;Agressão;279;18.9;19.99
PI;Piauí;Homens;2002;Causas acidentais;171;11.58;12.27
PI;Piauí;Homens;2002;Lesão autoprovocada;85;6.45;7.59
PI;Piauí;Homens;2002;Demais causas externas;37;2.51;3.2
PI;Piauí;Homens;2003;Lesão de trânsito;400;26.84;32.02
PI;Piauí;Homens;2003;Agressão;265;17.78;18.98
PI;Piauí;Homens;2003;Causas acidentais;181;12.14;14.04
PI;Piauí;Homens;2003;Lesão autoprovocada;106;7.95;9.05
PI;Piauí;Homens;2003;Demais causas externas;79;5.3;6.31
PI;Piauí;Homens;2004;Lesão de trânsito;447;29.73;34.61
PI;Piauí;Homens;2004;Agressão;301;20.02;21.15
PI;Piauí;Homens;2004;Causas acidentais;236;15.69;17.28
PI;Piauí;Homens;2004;Lesão autoprovocada;119;8.82;9.68
PI;Piauí;Homens;2004;Demais causas externas;29;1.93;2.33
PI;Piauí;Homens;2005;Lesão de trânsito;491;32.38;37.07
PI;Piauí;Homens;2005;Agressão;328;21.63;22.02
PI;Piauí;Homens;2005;Causas acidentais;221;14.58;16.87
PI;Piauí;Homens;2005;Lesão autoprovocada;106;7.78;8.72
PI;Piauí;Homens;2005;Demais causas externas;28;1.85;2.2
PI;Piauí;Homens;2006;Lesão de trânsito;600;39.27;43.52
PI;Piauí;Homens;2006;Agressão;386;25.27;25.58
PI;Piauí;Homens;2006;Causas acidentais;236;15.45;16.92
PI;Piauí;Homens;2006;Lesão autoprovocada;145;10.53;12.21
PI;Piauí;Homens;2006;Demais causas externas;68;4.45;5.9
PI;Piauí;Homens;2007;Lesão de trânsito;580;37.71;41.97
PI;Piauí;Homens;2007;Agressão;346;22.49;23.3
PI;Piauí;Homens;2007;Causas acidentais;211;13.72;15.49
PI;Piauí;Homens;2007;Lesão autoprovocada;158;11.37;13.17
PI;Piauí;Homens;2007;Demais causas externas;68;4.42;5
PI;Piauí;Homens;2008;Lesão de trânsito;653;42.2;47.37
PI;Piauí;Homens;2008;Agressão;322;20.81;21.01
PI;Piauí;Homens;2008;Causas acidentais;216;13.96;14.88
PI;Piauí;Homens;2008;Lesão autoprovocada;153;10.91;12.23
PI;Piauí;Homens;2008;Demais causas externas;109;7.04;8.32
PI;Piauí;Homens;2009;Lesão de trânsito;684;43.95;48.3
PI;Piauí;Homens;2009;Agressão;354;22.75;22.8
PI;Piauí;Homens;2009;Causas acidentais;262;16.83;18.89
PI;Piauí;Homens;2009;Lesão autoprovocada;162;11.46;12.5
PI;Piauí;Homens;2009;Demais causas externas;81;5.2;5.79
PI;Piauí;Homens;2010;Lesão de trânsito;821;52.5;57.11
PI;Piauí;Homens;2010;Agressão;371;23.72;23.65
PI;Piauí;Homens;2010;Causas acidentais;237;15.15;16.96
PI;Piauí;Homens;2010;Lesão autoprovocada;150;10.52;11.53
PI;Piauí;Homens;2010;Demais causas externas;56;3.58;4.05
PI;Piauí;Homens;2011;Lesão de trânsito;859;54.7;58.81
PI;Piauí;Homens;2011;Agressão;404;25.73;25.44
PI;Piauí;Homens;2011;Causas acidentais;245;15.6;17.92
PI;Piauí;Homens;2011;Lesão autoprovocada;187;13.02;14.35
PI;Piauí;Homens;2011;Demais causas externas;59;3.76;4.16
PI;Piauí;Homens;2012;Lesão de trânsito;957;60.69;65.86
PI;Piauí;Homens;2012;Agressão;479;30.38;29.86
PI;Piauí;Homens;2012;Causas acidentais;238;15.09;16.54
PI;Piauí;Homens;2012;Lesão autoprovocada;180;12.45;14.02
PI;Piauí;Homens;2012;Demais causas externas;88;5.58;6.43
PI;Piauí;Homens;2013;Lesão de trânsito;957;60.46;65.01
PI;Piauí;Homens;2013;Agressão;546;34.49;33.42
PI;Piauí;Homens;2013;Causas acidentais;241;15.22;16.67
PI;Piauí;Homens;2013;Lesão autoprovocada;179;12.3;13.31
PI;Piauí;Homens;2013;Demais causas externas;85;5.37;6.1
PI;Piauí;Homens;2014;Lesão de trânsito;1044;65.69;69.61
PI;Piauí;Homens;2014;Agressão;653;41.09;39.7
PI;Piauí;Homens;2014;Causas acidentais;241;15.16;16.58
PI;Piauí;Homens;2014;Lesão autoprovocada;187;12.76;13.35
PI;Piauí;Homens;2014;Demais causas externas;87;5.47;5.9
PI;Piauí;Homens;2015;Lesão de trânsito;961;60.19;63.63
PI;Piauí;Homens;2015;Agressão;581;36.39;35.16
PI;Piauí;Homens;2015;Causas acidentais;226;14.16;15.69
PI;Piauí;Homens;2015;Lesão autoprovocada;209;14.18;15.48
PI;Piauí;Homens;2015;Demais causas externas;92;5.76;6.52
PI;Piauí;Homens;2016;Lesão de trânsito;903;56.32;59.01
PI;Piauí;Homens;2016;Agressão;650;40.54;39.22
PI;Piauí;Homens;2016;Causas acidentais;312;19.46;21.19
PI;Piauí;Homens;2016;Lesão autoprovocada;246;16.6;17.56
PI;Piauí;Homens;2016;Demais causas externas;59;3.68;4.08
PI;Piauí;Homens;2017;Lesão de trânsito;833;51.73;54.63
PI;Piauí;Homens;2017;Agressão;571;35.46;34.45
PI;Piauí;Homens;2017;Causas acidentais;263;16.33;17.6
PI;Piauí;Homens;2017;Lesão autoprovocada;260;17.45;18.5
PI;Piauí;Homens;2017;Demais causas externas;82;5.09;5.43
PI;Piauí;Homens;2018;Lesão de trânsito;822;50.81;53.04
PI;Piauí;Homens;2018;Agressão;563;34.8;33.77
PI;Piauí;Homens;2018;Causas acidentais;267;16.5;17.36
PI;Piauí;Homens;2018;Lesão autoprovocada;243;16.23;17.03
PI;Piauí;Homens;2018;Demais causas externas;123;7.6;6.63
PI;Piauí;Homens;2019;Lesão de trânsito;742;45.61;47.32
PI;Piauí;Homens;2019;Agressão;520;31.97;31.26
PI;Piauí;Homens;2019;Causas acidentais;271;16.66;17.43
PI;Piauí;Homens;2019;Lesão autoprovocada;260;17.27;17.8
PI;Piauí;Homens;2019;Demais causas externas;65;4;4.44
PI;Piauí;Homens;2020;Lesão de trânsito;780;47.73;48.85
PI;Piauí;Homens;2020;Agressão;614;37.57;36.28
PI;Piauí;Homens;2020;Causas acidentais;291;17.81;18.48
PI;Piauí;Homens;2020;Lesão autoprovocada;244;16.12;16.92
PI;Piauí;Homens;2020;Demais causas externas;111;6.79;6.99
PI;Piauí;Homens;2021;Lesão de trânsito;762;46.48;47.92
PI;Piauí;Homens;2021;Agressão;694;42.33;41.09
PI;Piauí;Homens;2021;Causas acidentais;303;18.48;19.28
PI;Piauí;Homens;2021;Lesão autoprovocada;308;20.26;20.86
PI;Piauí;Homens;2021;Demais causas externas;112;6.83;7.21
PI;Piauí;Homens;2022;Lesão de trânsito;757;46.07;47.37
PI;Piauí;Homens;2022;Agressão;722;43.94;42.68
PI;Piauí;Homens;2022;Causas acidentais;327;19.9;20.44
PI;Piauí;Homens;2022;Lesão autoprovocada;294;19.26;19.69
PI;Piauí;Homens;2022;Demais causas externas;91;5.54;5.5
PI;Piauí;Homens;2023;Lesão de trânsito;870;52.82;53.88
PI;Piauí;Homens;2023;Agressão;654;39.71;39.1
PI;Piauí;Homens;2023;Causas acidentais;362;21.98;22.69
PI;Piauí;Homens;2023;Lesão autoprovocada;296;19.31;19.73
PI;Piauí;Homens;2023;Demais causas externas;63;3.83;3.82
PI;Piauí;Homens;2024;Lesão de trânsito;1010;61.16;62.1
PI;Piauí;Homens;2024;Agressão;615;37.24;37.11
PI;Piauí;Homens;2024;Causas acidentais;388;23.5;23.89
PI;Piauí;Homens;2024;Lesão autoprovocada;312;20.25;20.5
PI;Piauí;Homens;2024;Demais causas externas;67;4.06;4.12
PI;Piauí;Homens;2025;Lesão de trânsito;1008;60.9;61.62
PI;Piauí;Homens;2025;Agressão;486;29.36;29.31
PI;Piauí;Homens;2025;Causas acidentais;390;23.56;23.69
PI;Piauí;Homens;2025;Lesão autoprovocada;335;21.64;21.92
PI;Piauí;Homens;2025;Demais causas externas;81;4.89;5.02
PI;Piauí;Mulheres;2000;Lesão de trânsito;82;5.52;6.31
PI;Piauí;Mulheres;2000;Agressão;14;0.94;1.06
PI;Piauí;Mulheres;2000;Causas acidentais;40;2.69;2.77
PI;Piauí;Mulheres;2000;Lesão autoprovocada;21;1.58;1.83
PI;Piauí;Mulheres;2000;Demais causas externas;23;1.55;1.95
PI;Piauí;Mulheres;2001;Lesão de trânsito;70;4.66;5.26
PI;Piauí;Mulheres;2001;Agressão;35;2.33;2.36
PI;Piauí;Mulheres;2001;Causas acidentais;46;3.07;3.15
PI;Piauí;Mulheres;2001;Lesão autoprovocada;26;1.93;2.13
PI;Piauí;Mulheres;2001;Demais causas externas;20;1.33;1.53
PI;Piauí;Mulheres;2002;Lesão de trânsito;115;7.59;7.85
PI;Piauí;Mulheres;2002;Agressão;27;1.78;1.93
PI;Piauí;Mulheres;2002;Causas acidentais;44;2.9;3.15
PI;Piauí;Mulheres;2002;Lesão autoprovocada;34;2.49;2.56
PI;Piauí;Mulheres;2002;Demais causas externas;12;0.79;0.99
PI;Piauí;Mulheres;2003;Lesão de trânsito;81;5.29;5.9
PI;Piauí;Mulheres;2003;Agressão;32;2.09;2.1
PI;Piauí;Mulheres;2003;Causas acidentais;64;4.18;4.91
PI;Piauí;Mulheres;2003;Lesão autoprovocada;33;2.39;2.44
PI;Piauí;Mulheres;2003;Demais causas externas;27;1.76;2.19
PI;Piauí;Mulheres;2004;Lesão de trânsito;81;5.24;5.66
PI;Piauí;Mulheres;2004;Agressão;26;1.68;1.57
PI;Piauí;Mulheres;2004;Causas acidentais;62;4.01;4.58
PI;Piauí;Mulheres;2004;Lesão autoprovocada;40;2.87;3.06
PI;Piauí;Mulheres;2004;Demais causas externas;13;0.84;1.03
PI;Piauí;Mulheres;2005;Lesão de trânsito;83;5.32;6
PI;Piauí;Mulheres;2005;Agressão;40;2.57;2.66
PI;Piauí;Mulheres;2005;Causas acidentais;58;3.72;4.47
PI;Piauí;Mulheres;2005;Lesão autoprovocada;42;2.98;3.2
PI;Piauí;Mulheres;2005;Demais causas externas;9;0.58;0.59
PI;Piauí;Mulheres;2006;Lesão de trânsito;105;6.68;7
PI;Piauí;Mulheres;2006;Agressão;32;2.03;2.05
PI;Piauí;Mulheres;2006;Causas acidentais;77;4.9;5.31
PI;Piauí;Mulheres;2006;Lesão autoprovocada;36;2.52;2.76
PI;Piauí;Mulheres;2006;Demais causas externas;31;1.97;2.4
PI;Piauí;Mulheres;2007;Lesão de trânsito;89;5.61;6.21
PI;Piauí;Mulheres;2007;Agressão;35;2.21;2.33
PI;Piauí;Mulheres;2007;Causas acidentais;97;6.12;6.72
PI;Piauí;Mulheres;2007;Lesão autoprovocada;50;3.47;3.7
PI;Piauí;Mulheres;2007;Demais causas externas;16;1.01;1.24
PI;Piauí;Mulheres;2008;Lesão de trânsito;110;6.89;7.26
PI;Piauí;Mulheres;2008;Agressão;38;2.38;2.32
PI;Piauí;Mulheres;2008;Causas acidentais;79;4.95;5.53
PI;Piauí;Mulheres;2008;Lesão autoprovocada;64;4.39;4.53
PI;Piauí;Mulheres;2008;Demais causas externas;45;2.82;3.4
PI;Piauí;Mulheres;2009;Lesão de trânsito;119;7.4;8.03
PI;Piauí;Mulheres;2009;Agressão;31;1.93;1.97
PI;Piauí;Mulheres;2009;Causas acidentais;88;5.47;6.27
PI;Piauí;Mulheres;2009;Lesão autoprovocada;45;3.06;3.21
PI;Piauí;Mulheres;2009;Demais causas externas;33;2.05;2.29
PI;Piauí;Mulheres;2010;Lesão de trânsito;153;9.46;10.13
PI;Piauí;Mulheres;2010;Agressão;40;2.47;2.55
PI;Piauí;Mulheres;2010;Causas acidentais;79;4.88;5.62
PI;Piauí;Mulheres;2010;Lesão autoprovocada;51;3.43;3.62
PI;Piauí;Mulheres;2010;Demais causas externas;16;0.99;1.18
PI;Piauí;Mulheres;2011;Lesão de trânsito;148;9.1;9.52
PI;Piauí;Mulheres;2011;Agressão;32;1.97;2.1
PI;Piauí;Mulheres;2011;Causas acidentais;80;4.92;5.31
PI;Piauí;Mulheres;2011;Lesão autoprovocada;47;3.14;3.36
PI;Piauí;Mulheres;2011;Demais causas externas;22;1.35;1.47
PI;Piauí;Mulheres;2012;Lesão de trânsito;175;10.7;11.32
PI;Piauí;Mulheres;2012;Agressão;46;2.81;2.78
PI;Piauí;Mulheres;2012;Causas acidentais;73;4.47;4.82
PI;Piauí;Mulheres;2012;Lesão autoprovocada;53;3.51;3.7
PI;Piauí;Mulheres;2012;Demais causas externas;25;1.53;1.68
PI;Piauí;Mulheres;2013;Lesão de trânsito;134;8.16;8.59
PI;Piauí;Mulheres;2013;Agressão;47;2.86;2.8
PI;Piauí;Mulheres;2013;Causas acidentais;94;5.72;6.09
PI;Piauí;Mulheres;2013;Lesão autoprovocada;48;3.16;3.33
PI;Piauí;Mulheres;2013;Demais causas externas;33;2.01;2.17
PI;Piauí;Mulheres;2014;Lesão de trânsito;160;9.69;10.01
PI;Piauí;Mulheres;2014;Agressão;63;3.82;3.79
PI;Piauí;Mulheres;2014;Causas acidentais;87;5.27;5.44
PI;Piauí;Mulheres;2014;Lesão autoprovocada;57;3.72;3.79
PI;Piauí;Mulheres;2014;Demais causas externas;40;2.42;2.62
PI;Piauí;Mulheres;2015;Lesão de trânsito;161;9.7;10.2
PI;Piauí;Mulheres;2015;Agressão;67;4.04;3.99
PI;Piauí;Mulheres;2015;Causas acidentais;71;4.28;4.41
PI;Piauí;Mulheres;2015;Lesão autoprovocada;62;4.02;4.22
PI;Piauí;Mulheres;2015;Demais causas externas;42;2.53;2.68
PI;Piauí;Mulheres;2016;Lesão de trânsito;144;8.64;8.82
PI;Piauí;Mulheres;2016;Agressão;50;3;3.1
PI;Piauí;Mulheres;2016;Causas acidentais;101;6.06;6.16
PI;Piauí;Mulheres;2016;Lesão autoprovocada;75;4.83;4.97
PI;Piauí;Mulheres;2016;Demais causas externas;40;2.4;2.45
PI;Piauí;Mulheres;2017;Lesão de trânsito;148;8.83;8.97
PI;Piauí;Mulheres;2017;Agressão;52;3.1;3.12
PI;Piauí;Mulheres;2017;Causas acidentais;96;5.73;5.65
PI;Piauí;Mulheres;2017;Lesão autoprovocada;56;3.59;3.67
PI;Piauí;Mulheres;2017;Demais causas externas;43;2.57;2.49
PI;Piauí;Mulheres;2018;Lesão de trânsito;124;7.36;7.6
PI;Piauí;Mulheres;2018;Agressão;52;3.09;3.05
PI;Piauí;Mulheres;2018;Causas acidentais;112;6.65;6.39
PI;Piauí;Mulheres;2018;Lesão autoprovocada;88;5.61;5.72
PI;Piauí;Mulheres;2018;Demais causas externas;61;3.62;3.46
PI;Piauí;Mulheres;2019;Lesão de trânsito;134;7.91;7.98
PI;Piauí;Mulheres;2019;Agressão;47;2.78;2.82
PI;Piauí;Mulheres;2019;Causas acidentais;95;5.61;5.28
PI;Piauí;Mulheres;2019;Lesão autoprovocada;67;4.25;4.27
PI;Piauí;Mulheres;2019;Demais causas externas;57;3.37;3.12
PI;Piauí;Mulheres;2020;Lesão de trânsito;117;6.88;6.89
PI;Piauí;Mulheres;2020;Agressão;54;3.17;3.18
PI;Piauí;Mulheres;2020;Causas acidentais;126;7.4;6.77
PI;Piauí;Mulheres;2020;Lesão autoprovocada;69;4.35;4.32
PI;Piauí;Mulheres;2020;Demais causas externas;60;3.53;3.29
PI;Piauí;Mulheres;2021;Lesão de trânsito;126;7.37;7.43
PI;Piauí;Mulheres;2021;Agressão;68;3.98;3.9
PI;Piauí;Mulheres;2021;Causas acidentais;127;7.43;6.8
PI;Piauí;Mulheres;2021;Lesão autoprovocada;68;4.26;4.2
PI;Piauí;Mulheres;2021;Demais causas externas;74;4.33;4.05
PI;Piauí;Mulheres;2022;Lesão de trânsito;111;6.48;6.52
PI;Piauí;Mulheres;2022;Agressão;67;3.91;3.86
PI;Piauí;Mulheres;2022;Causas acidentais;150;8.75;7.87
PI;Piauí;Mulheres;2022;Lesão autoprovocada;70;4.37;4.42
PI;Piauí;Mulheres;2022;Demais causas externas;48;2.8;2.47
PI;Piauí;Mulheres;2023;Lesão de trânsito;131;7.62;7.58
PI;Piauí;Mulheres;2023;Agressão;66;3.84;3.82
PI;Piauí;Mulheres;2023;Causas acidentais;185;10.76;9.45
PI;Piauí;Mulheres;2023;Lesão autoprovocada;75;4.66;4.64
PI;Piauí;Mulheres;2023;Demais causas externas;35;2.04;1.77
PI;Piauí;Mulheres;2024;Lesão de trânsito;152;8.81;8.71
PI;Piauí;Mulheres;2024;Agressão;72;4.18;4.2
PI;Piauí;Mulheres;2024;Causas acidentais;201;11.66;9.79
PI;Piauí;Mulheres;2024;Lesão autoprovocada;88;5.44;5.38
PI;Piauí;Mulheres;2024;Demais causas externas;21;1.22;1.1
PI;Piauí;Mulheres;2025;Lesão de trânsito;172;9.95;9.78
PI;Piauí;Mulheres;2025;Agressão;53;3.06;3.11
PI;Piauí;Mulheres;2025;Causas acidentais;239;13.82;11.09
PI;Piauí;Mulheres;2025;Lesão autoprovocada;79;4.86;4.8
PI;Piauí;Mulheres;2025;Demais causas externas;30;1.73;1.61
PR;Paraná;Ambos;2000;Lesão de trânsito;2544;26.2;28.71
PR;Paraná;Ambos;2000;Agressão;1779;18.32;17.93
PR;Paraná;Ambos;2000;Causas acidentais;1371;14.12;16.46
PR;Paraná;Ambos;2000;Lesão autoprovocada;586;6.64;7.28
PR;Paraná;Ambos;2000;Demais causas externas;532;5.48;5.9
PR;Paraná;Ambos;2001;Lesão de trânsito;2532;25.79;28.15
PR;Paraná;Ambos;2001;Agressão;2034;20.72;20.31
PR;Paraná;Ambos;2001;Causas acidentais;1302;13.26;15.71
PR;Paraná;Ambos;2001;Lesão autoprovocada;664;7.42;8.18
PR;Paraná;Ambos;2001;Demais causas externas;418;4.26;4.6
PR;Paraná;Ambos;2002;Lesão de trânsito;2648;26.69;29.17
PR;Paraná;Ambos;2002;Agressão;2238;22.55;21.91
PR;Paraná;Ambos;2002;Causas acidentais;1363;13.74;16.19
PR;Paraná;Ambos;2002;Lesão autoprovocada;579;6.39;6.97
PR;Paraná;Ambos;2002;Demais causas externas;426;4.29;4.87
PR;Paraná;Ambos;2003;Lesão de trânsito;2800;27.93;29.99
PR;Paraná;Ambos;2003;Agressão;2531;25.25;24.41
PR;Paraná;Ambos;2003;Causas acidentais;1387;13.84;16.43
PR;Paraná;Ambos;2003;Lesão autoprovocada;593;6.46;6.87
PR;Paraná;Ambos;2003;Demais causas externas;344;3.43;3.78
PR;Paraná;Ambos;2004;Lesão de trânsito;3137;30.99;33.26
PR;Paraná;Ambos;2004;Agressão;2805;27.71;26.35
PR;Paraná;Ambos;2004;Causas acidentais;1442;14.24;17.08
PR;Paraná;Ambos;2004;Lesão autoprovocada;678;7.29;7.65
PR;Paraná;Ambos;2004;Demais causas externas;316;3.12;3.46
PR;Paraná;Ambos;2005;Lesão de trânsito;3036;29.71;31.53
PR;Paraná;Ambos;2005;Agressão;2965;29.01;27.24
PR;Paraná;Ambos;2005;Causas acidentais;1400;13.7;16.02
PR;Paraná;Ambos;2005;Lesão autoprovocada;669;7.11;7.55
PR;Paraná;Ambos;2005;Demais causas externas;284;2.78;3.07
PR;Paraná;Ambos;2006;Lesão de trânsito;3012;29.19;30.82
PR;Paraná;Ambos;2006;Agressão;3092;29.97;28.29
PR;Paraná;Ambos;2006;Causas acidentais;1421;13.77;16.48
PR;Paraná;Ambos;2006;Lesão autoprovocada;594;6.24;6.6
PR;Paraná;Ambos;2006;Demais causas externas;344;3.33;3.42
PR;Paraná;Ambos;2007;Lesão de trânsito;3173;30.48;31.78
PR;Paraná;Ambos;2007;Agressão;3098;29.76;27.84
PR;Paraná;Ambos;2007;Causas acidentais;1534;14.74;17.96
PR;Paraná;Ambos;2007;Lesão autoprovocada;629;6.54;6.96
PR;Paraná;Ambos;2007;Demais causas externas;398;3.82;4.01
PR;Paraná;Ambos;2008;Lesão de trânsito;3240;30.86;31.98
PR;Paraná;Ambos;2008;Agressão;3440;32.77;30.5
PR;Paraná;Ambos;2008;Causas acidentais;1429;13.61;16.33
PR;Paraná;Ambos;2008;Lesão autoprovocada;596;6.13;6.39
PR;Paraná;Ambos;2008;Demais causas externas;369;3.51;3.42
PR;Paraná;Ambos;2009;Lesão de trânsito;3116;29.43;30.45
PR;Paraná;Ambos;2009;Agressão;3680;34.75;32.41
PR;Paraná;Ambos;2009;Causas acidentais;1424;13.45;15.8
PR;Paraná;Ambos;2009;Lesão autoprovocada;648;6.6;6.83
PR;Paraná;Ambos;2009;Demais causas externas;418;3.95;4.03
PR;Paraná;Ambos;2010;Lesão de trânsito;3423;32.1;32.87
PR;Paraná;Ambos;2010;Agressão;3575;33.52;31.37
PR;Paraná;Ambos;2010;Causas acidentais;1524;14.29;16.93
PR;Paraná;Ambos;2010;Lesão autoprovocada;588;5.93;6.21
PR;Paraná;Ambos;2010;Demais causas externas;425;3.98;3.86
PR;Paraná;Ambos;2011;Lesão de trânsito;3390;31.58;32.11
PR;Paraná;Ambos;2011;Agressão;3321;30.94;28.93
PR;Paraná;Ambos;2011;Causas acidentais;1545;14.39;16.83
PR;Paraná;Ambos;2011;Lesão autoprovocada;593;5.94;6.16
PR;Paraná;Ambos;2011;Demais causas externas;527;4.91;4.88
PR;Paraná;Ambos;2012;Lesão de trânsito;3616;33.43;33.97
PR;Paraná;Ambos;2012;Agressão;3455;31.94;29.98
PR;Paraná;Ambos;2012;Causas acidentais;1606;14.85;16.92
PR;Paraná;Ambos;2012;Lesão autoprovocada;629;6.25;6.39
PR;Paraná;Ambos;2012;Demais causas externas;526;4.86;4.93
PR;Paraná;Ambos;2013;Lesão de trânsito;3148;28.86;29.16
PR;Paraná;Ambos;2013;Agressão;2910;26.68;25.25
PR;Paraná;Ambos;2013;Causas acidentais;1716;15.73;17.87
PR;Paraná;Ambos;2013;Lesão autoprovocada;655;6.45;6.6
PR;Paraná;Ambos;2013;Demais causas externas;506;4.64;4.68
PR;Paraná;Ambos;2014;Lesão de trânsito;3047;27.69;27.96
PR;Paraná;Ambos;2014;Agressão;2957;26.87;25.8
PR;Paraná;Ambos;2014;Causas acidentais;1742;15.83;17.88
PR;Paraná;Ambos;2014;Lesão autoprovocada;620;6.05;6.19
PR;Paraná;Ambos;2014;Demais causas externas;546;4.96;5.07
PR;Paraná;Ambos;2015;Lesão de trânsito;2720;24.5;24.74
PR;Paraná;Ambos;2015;Agressão;2861;25.77;24.82
PR;Paraná;Ambos;2015;Causas acidentais;1850;16.66;18.54
PR;Paraná;Ambos;2015;Lesão autoprovocada;716;6.93;7.05
PR;Paraná;Ambos;2015;Demais causas externas;576;5.19;5.31
PR;Paraná;Ambos;2016;Lesão de trânsito;2726;24.35;24.44
PR;Paraná;Ambos;2016;Agressão;2992;26.72;25.97
PR;Paraná;Ambos;2016;Causas acidentais;1973;17.62;19.4
PR;Paraná;Ambos;2016;Lesão autoprovocada;760;7.3;7.36
PR;Paraná;Ambos;2016;Demais causas externas;571;5.1;5.16
PR;Paraná;Ambos;2017;Lesão de trânsito;2550;22.6;22.68
PR;Paraná;Ambos;2017;Agressão;2663;23.6;23.15
PR;Paraná;Ambos;2017;Causas acidentais;2033;18.01;19.51
PR;Paraná;Ambos;2017;Lesão autoprovocada;774;7.37;7.4
PR;Paraná;Ambos;2017;Demais causas externas;583;5.17;5.16
PR;Paraná;Ambos;2018;Lesão de trânsito;2445;21.5;21.46
PR;Paraná;Ambos;2018;Agressão;2308;20.29;19.96
PR;Paraná;Ambos;2018;Causas acidentais;2214;19.47;20.78
PR;Paraná;Ambos;2018;Lesão autoprovocada;915;8.64;8.66
PR;Paraná;Ambos;2018;Demais causas externas;667;5.86;5.87
PR;Paraná;Ambos;2019;Lesão de trânsito;2421;21.11;21.03
PR;Paraná;Ambos;2019;Agressão;1900;16.57;16.37
PR;Paraná;Ambos;2019;Causas acidentais;2334;20.35;21.28
PR;Paraná;Ambos;2019;Lesão autoprovocada;944;8.84;8.8
PR;Paraná;Ambos;2019;Demais causas externas;789;6.88;6.84
PR;Paraná;Ambos;2020;Lesão de trânsito;2505;21.67;21.54
PR;Paraná;Ambos;2020;Agressão;2060;17.82;17.74
PR;Paraná;Ambos;2020;Causas acidentais;2137;18.48;18.92
PR;Paraná;Ambos;2020;Lesão autoprovocada;935;8.67;8.61
PR;Paraná;Ambos;2020;Demais causas externas;1088;9.41;9.33
PR;Paraná;Ambos;2021;Lesão de trânsito;2642;22.72;22.56
PR;Paraná;Ambos;2021;Agressão;2071;17.81;17.84
PR;Paraná;Ambos;2021;Causas acidentais;2346;20.17;20.29
PR;Paraná;Ambos;2021;Lesão autoprovocada;1106;10.18;10.17
PR;Paraná;Ambos;2021;Demais causas externas;1007;8.66;8.55
PR;Paraná;Ambos;2022;Lesão de trânsito;2715;23.23;22.95
PR;Paraná;Ambos;2022;Agressão;2238;19.15;19.23
PR;Paraná;Ambos;2022;Causas acidentais;2693;23.04;22.82
PR;Paraná;Ambos;2022;Lesão autoprovocada;1188;10.86;10.81
PR;Paraná;Ambos;2022;Demais causas externas;1067;9.13;9.02
PR;Paraná;Ambos;2023;Lesão de trânsito;2668;22.7;22.41
PR;Paraná;Ambos;2023;Agressão;1979;16.84;17.05
PR;Paraná;Ambos;2023;Causas acidentais;2535;21.57;20.94
PR;Paraná;Ambos;2023;Lesão autoprovocada;1143;10.37;10.34
PR;Paraná;Ambos;2023;Demais causas externas;1044;8.88;8.71
PR;Paraná;Ambos;2024;Lesão de trânsito;2821;23.86;23.55
PR;Paraná;Ambos;2024;Agressão;1858;15.71;15.89
PR;Paraná;Ambos;2024;Causas acidentais;3103;26.24;24.89
PR;Paraná;Ambos;2024;Lesão autoprovocada;1247;11.22;11.2
PR;Paraná;Ambos;2024;Demais causas externas;852;7.21;7.1
PR;Paraná;Ambos;2025;Lesão de trânsito;2653;22.31;22.07
PR;Paraná;Ambos;2025;Agressão;1440;12.11;12.28
PR;Paraná;Ambos;2025;Causas acidentais;2921;24.57;22.63
PR;Paraná;Ambos;2025;Lesão autoprovocada;1020;9.11;9.11
PR;Paraná;Ambos;2025;Demais causas externas;1159;9.75;9.59
PR;Paraná;Homens;2000;Lesão de trânsito;2064;42.93;47.81
PR;Paraná;Homens;2000;Agressão;1613;33.55;33.02
PR;Paraná;Homens;2000;Causas acidentais;1021;21.24;24.3
PR;Paraná;Homens;2000;Lesão autoprovocada;460;10.57;11.93
PR;Paraná;Homens;2000;Demais causas externas;425;8.84;9.33
PR;Paraná;Homens;2001;Lesão de trânsito;2084;42.9;47.62
PR;Paraná;Homens;2001;Agressão;1834;37.76;37.29
PR;Paraná;Homens;2001;Causas acidentais;1002;20.63;23.94
PR;Paraná;Homens;2001;Lesão autoprovocada;540;12.24;13.97
PR;Paraná;Homens;2001;Demais causas externas;340;7;7.5
PR;Paraná;Homens;2002;Lesão de trânsito;2193;44.7;49.52
PR;Paraná;Homens;2002;Agressão;2033;41.44;40.34
PR;Paraná;Homens;2002;Causas acidentais;1036;21.12;24.5
PR;Paraná;Homens;2002;Lesão autoprovocada;456;10.21;11.44
PR;Paraná;Homens;2002;Demais causas externas;347;7.07;7.97
PR;Paraná;Homens;2003;Lesão de trânsito;2260;45.63;49.65
PR;Paraná;Homens;2003;Agressão;2302;46.48;45.17
PR;Paraná;Homens;2003;Causas acidentais;1007;20.33;23.73
PR;Paraná;Homens;2003;Lesão autoprovocada;489;10.81;11.66
PR;Paraná;Homens;2003;Demais causas externas;263;5.31;5.82
PR;Paraná;Homens;2004;Lesão de trânsito;2562;51.25;55.91
PR;Paraná;Homens;2004;Agressão;2552;51.05;48.63
PR;Paraná;Homens;2004;Causas acidentais;1074;21.49;25.46
PR;Paraná;Homens;2004;Lesão autoprovocada;522;11.41;12.29
PR;Paraná;Homens;2004;Demais causas externas;242;4.84;5.54
PR;Paraná;Homens;2005;Lesão de trânsito;2470;48.97;52.78
PR;Paraná;Homens;2005;Agressão;2726;54.05;50.73
PR;Paraná;Homens;2005;Causas acidentais;1030;20.42;23.7
PR;Paraná;Homens;2005;Lesão autoprovocada;525;11.34;12.33
PR;Paraná;Homens;2005;Demais causas externas;214;4.24;4.54
PR;Paraná;Homens;2006;Lesão de trânsito;2454;48.23;51.3
PR;Paraná;Homens;2006;Agressão;2833;55.68;52.69
PR;Paraná;Homens;2006;Causas acidentais;1002;19.69;23.12
PR;Paraná;Homens;2006;Lesão autoprovocada;468;10;10.94
PR;Paraná;Homens;2006;Demais causas externas;258;5.07;5.06
PR;Paraná;Homens;2007;Lesão de trânsito;2597;50.62;53.36
PR;Paraná;Homens;2007;Agressão;2853;55.61;52.1
PR;Paraná;Homens;2007;Causas acidentais;1079;21.03;25.47
PR;Paraná;Homens;2007;Lesão autoprovocada;499;10.55;11.48
PR;Paraná;Homens;2007;Demais causas externas;311;6.06;6.46
PR;Paraná;Homens;2008;Lesão de trânsito;2639;51.03;53.54
PR;Paraná;Homens;2008;Agressão;3127;60.47;56.26
PR;Paraná;Homens;2008;Causas acidentais;1013;19.59;23.47
PR;Paraná;Homens;2008;Lesão autoprovocada;463;9.7;10.32
PR;Paraná;Homens;2008;Demais causas externas;297;5.74;5.6
PR;Paraná;Homens;2009;Lesão de trânsito;2523;48.41;50.51
PR;Paraná;Homens;2009;Agressão;3343;64.14;59.72
PR;Paraná;Homens;2009;Causas acidentais;989;18.97;22.03
PR;Paraná;Homens;2009;Lesão autoprovocada;527;10.93;11.47
PR;Paraná;Homens;2009;Demais causas externas;335;6.43;6.56
PR;Paraná;Homens;2010;Lesão de trânsito;2748;52.39;54.08
PR;Paraná;Homens;2010;Agressão;3237;61.71;57.5
PR;Paraná;Homens;2010;Causas acidentais;1026;19.56;23.4
PR;Paraná;Homens;2010;Lesão autoprovocada;471;9.69;10.4
PR;Paraná;Homens;2010;Demais causas externas;341;6.5;6.25
PR;Paraná;Homens;2011;Lesão de trânsito;2765;52.4;53.97
PR;Paraná;Homens;2011;Agressão;3031;57.45;53.67
PR;Paraná;Homens;2011;Causas acidentais;1059;20.07;23.53
PR;Paraná;Homens;2011;Lesão autoprovocada;465;9.5;10.03
PR;Paraná;Homens;2011;Demais causas externas;432;8.19;8.13
PR;Paraná;Homens;2012;Lesão de trânsito;2929;55.12;56.59
PR;Paraná;Homens;2012;Agressão;3128;58.87;55.1
PR;Paraná;Homens;2012;Causas acidentais;1081;20.34;23.29
PR;Paraná;Homens;2012;Lesão autoprovocada;490;9.94;10.36
PR;Paraná;Homens;2012;Demais causas externas;402;7.57;7.66
PR;Paraná;Homens;2013;Lesão de trânsito;2549;47.59;48.55
PR;Paraná;Homens;2013;Agressão;2627;49.05;46.26
PR;Paraná;Homens;2013;Causas acidentais;1170;21.85;25.01
PR;Paraná;Homens;2013;Lesão autoprovocada;527;10.6;10.99
PR;Paraná;Homens;2013;Demais causas externas;423;7.9;8.13
PR;Paraná;Homens;2014;Lesão de trânsito;2441;45.19;46.1
PR;Paraná;Homens;2014;Agressão;2672;49.47;47.24
PR;Paraná;Homens;2014;Causas acidentais;1151;21.31;24.71
PR;Paraná;Homens;2014;Lesão autoprovocada;507;10.12;10.61
PR;Paraná;Homens;2014;Demais causas externas;439;8.13;8.42
PR;Paraná;Homens;2015;Lesão de trânsito;2176;39.94;40.71
PR;Paraná;Homens;2015;Agressão;2616;48.01;46.04
PR;Paraná;Homens;2015;Causas acidentais;1192;21.88;24.91
PR;Paraná;Homens;2015;Lesão autoprovocada;562;11.12;11.51
PR;Paraná;Homens;2015;Demais causas externas;455;8.35;8.66
PR;Paraná;Homens;2016;Lesão de trânsito;2196;39.98;40.53
PR;Paraná;Homens;2016;Agressão;2753;50.12;48.37
PR;Paraná;Homens;2016;Causas acidentais;1229;22.37;25.61
PR;Paraná;Homens;2016;Lesão autoprovocada;635;12.47;12.81
PR;Paraná;Homens;2016;Demais causas externas;463;8.43;8.56
PR;Paraná;Homens;2017;Lesão de trânsito;2076;37.51;38.13
PR;Paraná;Homens;2017;Agressão;2416;43.65;42.57
PR;Paraná;Homens;2017;Causas acidentais;1288;23.27;26.43
PR;Paraná;Homens;2017;Lesão autoprovocada;593;11.55;11.78
PR;Paraná;Homens;2017;Demais causas externas;489;8.84;8.88
PR;Paraná;Homens;2018;Lesão de trânsito;1957;35.09;35.43
PR;Paraná;Homens;2018;Agressão;2097;37.6;36.7
PR;Paraná;Homens;2018;Causas acidentais;1386;24.85;28.09
PR;Paraná;Homens;2018;Lesão autoprovocada;746;14.42;14.64
PR;Paraná;Homens;2018;Demais causas externas;555;9.95;10.01
PR;Paraná;Homens;2019;Lesão de trânsito;1997;35.53;35.71
PR;Paraná;Homens;2019;Agressão;1696;30.17;29.58
PR;Paraná;Homens;2019;Causas acidentais;1453;25.85;28.86
PR;Paraná;Homens;2019;Lesão autoprovocada;745;14.27;14.37
PR;Paraná;Homens;2019;Demais causas externas;659;11.72;11.66
PR;Paraná;Homens;2020;Lesão de trânsito;2097;37.02;37.15
PR;Paraná;Homens;2020;Agressão;1862;32.88;32.51
PR;Paraná;Homens;2020;Causas acidentais;1303;23.01;25.32
PR;Paraná;Homens;2020;Lesão autoprovocada;746;14.16;14.2
PR;Paraná;Homens;2020;Demais causas externas;906;16;16.01
PR;Paraná;Homens;2021;Lesão de trânsito;2182;38.32;38.38
PR;Paraná;Homens;2021;Agressão;1875;32.93;32.69
PR;Paraná;Homens;2021;Causas acidentais;1421;24.96;26.75
PR;Paraná;Homens;2021;Lesão autoprovocada;851;16.05;16.24
PR;Paraná;Homens;2021;Demais causas externas;818;14.37;14.36
PR;Paraná;Homens;2022;Lesão de trânsito;2207;38.61;38.59
PR;Paraná;Homens;2022;Agressão;2000;34.99;34.85
PR;Paraná;Homens;2022;Causas acidentais;1630;28.51;30.43
PR;Paraná;Homens;2022;Lesão autoprovocada;964;18.07;18.09
PR;Paraná;Homens;2022;Demais causas externas;830;14.52;14.62
PR;Paraná;Homens;2023;Lesão de trânsito;2155;37.5;37.38
PR;Paraná;Homens;2023;Agressão;1748;30.42;30.51
PR;Paraná;Homens;2023;Causas acidentais;1546;26.91;28.13
PR;Paraná;Homens;2023;Lesão autoprovocada;906;16.86;16.92
PR;Paraná;Homens;2023;Demais causas externas;781;13.59;13.66
PR;Paraná;Homens;2024;Lesão de trânsito;2273;39.34;39.22
PR;Paraná;Homens;2024;Agressão;1622;28.07;28.13
PR;Paraná;Homens;2024;Causas acidentais;1897;32.83;33.63
PR;Paraná;Homens;2024;Lesão autoprovocada;1017;18.79;18.83
PR;Paraná;Homens;2024;Demais causas externas;644;11.15;11.19
PR;Paraná;Homens;2025;Lesão de trânsito;2174;37.43;37.28
PR;Paraná;Homens;2025;Agressão;1259;21.68;21.81
PR;Paraná;Homens;2025;Causas acidentais;1671;28.77;28.97
PR;Paraná;Homens;2025;Lesão autoprovocada;819;15.02;15.01
PR;Paraná;Homens;2025;Demais causas externas;952;16.39;16.41
PR;Paraná;Mulheres;2000;Lesão de trânsito;476;9.71;10.5
PR;Paraná;Mulheres;2000;Agressão;164;3.34;3.35
PR;Paraná;Mulheres;2000;Causas acidentais;349;7.12;8.9
PR;Paraná;Mulheres;2000;Lesão autoprovocada;126;2.82;2.9
PR;Paraná;Mulheres;2000;Demais causas externas;107;2.18;2.57
PR;Paraná;Mulheres;2001;Lesão de trânsito;447;9.01;9.63
PR;Paraná;Mulheres;2001;Agressão;197;3.97;3.94
PR;Paraná;Mulheres;2001;Causas acidentais;299;6.03;7.8
PR;Paraná;Mulheres;2001;Lesão autoprovocada;124;2.74;2.77
PR;Paraná;Mulheres;2001;Demais causas externas;73;1.47;1.85
PR;Paraná;Mulheres;2002;Lesão de trânsito;455;9.07;9.87
PR;Paraná;Mulheres;2002;Agressão;204;4.07;4.08
PR;Paraná;Mulheres;2002;Causas acidentais;326;6.5;8.19
PR;Paraná;Mulheres;2002;Lesão autoprovocada;123;2.68;2.76
PR;Paraná;Mulheres;2002;Demais causas externas;79;1.57;1.93
PR;Paraná;Mulheres;2003;Lesão de trânsito;538;10.61;11.39
PR;Paraná;Mulheres;2003;Agressão;227;4.48;4.35
PR;Paraná;Mulheres;2003;Causas acidentais;380;7.49;9.4
PR;Paraná;Mulheres;2003;Lesão autoprovocada;104;2.23;2.35
PR;Paraná;Mulheres;2003;Demais causas externas;79;1.56;1.9
PR;Paraná;Mulheres;2004;Lesão de trânsito;574;11.2;11.89
PR;Paraná;Mulheres;2004;Agressão;249;4.86;4.81
PR;Paraná;Mulheres;2004;Causas acidentais;367;7.16;9.11
PR;Paraná;Mulheres;2004;Lesão autoprovocada;156;3.31;3.31
PR;Paraná;Mulheres;2004;Demais causas externas;68;1.33;1.54
PR;Paraná;Mulheres;2005;Lesão de trânsito;564;10.89;11.51
PR;Paraná;Mulheres;2005;Agressão;239;4.62;4.47
PR;Paraná;Mulheres;2005;Causas acidentais;365;7.05;8.77
PR;Paraná;Mulheres;2005;Lesão autoprovocada;144;3.01;3.07
PR;Paraná;Mulheres;2005;Demais causas externas;68;1.31;1.66
PR;Paraná;Mulheres;2006;Lesão de trânsito;557;10.65;11.36
PR;Paraná;Mulheres;2006;Agressão;249;4.76;4.63
PR;Paraná;Mulheres;2006;Causas acidentais;418;7.99;10.02
PR;Paraná;Mulheres;2006;Lesão autoprovocada;126;2.6;2.6
PR;Paraná;Mulheres;2006;Demais causas externas;83;1.59;1.87
PR;Paraná;Mulheres;2007;Lesão de trânsito;575;10.89;11.4
PR;Paraná;Mulheres;2007;Agressão;241;4.57;4.31
PR;Paraná;Mulheres;2007;Causas acidentais;451;8.54;10.77
PR;Paraná;Mulheres;2007;Lesão autoprovocada;130;2.66;2.75
PR;Paraná;Mulheres;2007;Demais causas externas;83;1.57;1.77
PR;Paraná;Mulheres;2008;Lesão de trânsito;597;11.21;11.65
PR;Paraná;Mulheres;2008;Agressão;306;5.74;5.43
PR;Paraná;Mulheres;2008;Causas acidentais;415;7.79;9.6
PR;Paraná;Mulheres;2008;Lesão autoprovocada;133;2.69;2.73
PR;Paraná;Mulheres;2008;Demais causas externas;68;1.28;1.36
PR;Paraná;Mulheres;2009;Lesão de trânsito;593;11.03;11.53
PR;Paraná;Mulheres;2009;Agressão;331;6.16;5.89
PR;Paraná;Mulheres;2009;Causas acidentais;434;8.07;9.75
PR;Paraná;Mulheres;2009;Lesão autoprovocada;121;2.42;2.49
PR;Paraná;Mulheres;2009;Demais causas externas;83;1.54;1.69
PR;Paraná;Mulheres;2010;Lesão de trânsito;675;12.46;12.85
PR;Paraná;Mulheres;2010;Agressão;338;6.24;5.95
PR;Paraná;Mulheres;2010;Causas acidentais;495;9.13;10.82
PR;Paraná;Mulheres;2010;Lesão autoprovocada;117;2.32;2.36
PR;Paraná;Mulheres;2010;Demais causas externas;82;1.51;1.6
PR;Paraná;Mulheres;2011;Lesão de trânsito;623;11.41;11.6
PR;Paraná;Mulheres;2011;Agressão;283;5.18;4.92
PR;Paraná;Mulheres;2011;Causas acidentais;486;8.9;10.41
PR;Paraná;Mulheres;2011;Lesão autoprovocada;128;2.51;2.58
PR;Paraná;Mulheres;2011;Demais causas externas;94;1.72;1.8
PR;Paraná;Mulheres;2012;Lesão de trânsito;681;12.37;12.63
PR;Paraná;Mulheres;2012;Agressão;321;5.83;5.57
PR;Paraná;Mulheres;2012;Causas acidentais;521;9.47;10.77
PR;Paraná;Mulheres;2012;Lesão autoprovocada;139;2.71;2.7
PR;Paraná;Mulheres;2012;Demais causas externas;123;2.24;2.35
PR;Paraná;Mulheres;2013;Lesão de trânsito;595;10.72;10.87
PR;Paraná;Mulheres;2013;Agressão;283;5.1;4.82
PR;Paraná;Mulheres;2013;Causas acidentais;545;9.82;10.99
PR;Paraná;Mulheres;2013;Lesão autoprovocada;128;2.47;2.52
PR;Paraná;Mulheres;2013;Demais causas externas;79;1.42;1.47
PR;Paraná;Mulheres;2014;Lesão de trânsito;606;10.82;10.92
PR;Paraná;Mulheres;2014;Agressão;283;5.05;4.98
PR;Paraná;Mulheres;2014;Causas acidentais;589;10.51;11.46
PR;Paraná;Mulheres;2014;Lesão autoprovocada;113;2.16;2.14
PR;Paraná;Mulheres;2014;Demais causas externas;106;1.89;1.96
PR;Paraná;Mulheres;2015;Lesão de trânsito;543;9.6;9.68
PR;Paraná;Mulheres;2015;Agressão;244;4.32;4.22
PR;Paraná;Mulheres;2015;Causas acidentais;656;11.6;12.38
PR;Paraná;Mulheres;2015;Lesão autoprovocada;154;2.92;2.92
PR;Paraná;Mulheres;2015;Demais causas externas;118;2.09;2.16
PR;Paraná;Mulheres;2016;Lesão de trânsito;530;9.29;9.33
PR;Paraná;Mulheres;2016;Agressão;238;4.17;4.1
PR;Paraná;Mulheres;2016;Causas acidentais;739;12.96;13.42
PR;Paraná;Mulheres;2016;Lesão autoprovocada;125;2.35;2.34
PR;Paraná;Mulheres;2016;Demais causas externas;108;1.89;1.94
PR;Paraná;Mulheres;2017;Lesão de trânsito;473;8.23;8.22
PR;Paraná;Mulheres;2017;Agressão;246;4.28;4.26
PR;Paraná;Mulheres;2017;Causas acidentais;742;12.9;13.07
PR;Paraná;Mulheres;2017;Lesão autoprovocada;180;3.35;3.32
PR;Paraná;Mulheres;2017;Demais causas externas;94;1.63;1.65
PR;Paraná;Mulheres;2018;Lesão de trânsito;485;8.37;8.32
PR;Paraná;Mulheres;2018;Agressão;211;3.64;3.64
PR;Paraná;Mulheres;2018;Causas acidentais;826;14.25;13.99
PR;Paraná;Mulheres;2018;Lesão autoprovocada;169;3.12;3.1
PR;Paraná;Mulheres;2018;Demais causas externas;112;1.93;1.9
PR;Paraná;Mulheres;2019;Lesão de trânsito;424;7.25;7.19
PR;Paraná;Mulheres;2019;Agressão;204;3.49;3.51
PR;Paraná;Mulheres;2019;Causas acidentais;880;15.05;14.36
PR;Paraná;Mulheres;2019;Lesão autoprovocada;198;3.62;3.6
PR;Paraná;Mulheres;2019;Demais causas externas;129;2.21;2.16
PR;Paraná;Mulheres;2020;Lesão de trânsito;408;6.92;6.85
PR;Paraná;Mulheres;2020;Agressão;197;3.34;3.33
PR;Paraná;Mulheres;2020;Causas acidentais;831;14.09;13.09
PR;Paraná;Mulheres;2020;Lesão autoprovocada;188;3.41;3.4
PR;Paraná;Mulheres;2020;Demais causas externas;178;3.02;2.92
PR;Paraná;Mulheres;2021;Lesão de trânsito;456;7.68;7.67
PR;Paraná;Mulheres;2021;Agressão;194;3.27;3.28
PR;Paraná;Mulheres;2021;Causas acidentais;921;15.51;14.11
PR;Paraná;Mulheres;2021;Lesão autoprovocada;254;4.56;4.57
PR;Paraná;Mulheres;2021;Demais causas externas;182;3.07;2.9
PR;Paraná;Mulheres;2022;Lesão de trânsito;505;8.46;8.27
PR;Paraná;Mulheres;2022;Agressão;235;3.94;3.98
PR;Paraná;Mulheres;2022;Causas acidentais;1060;17.75;15.8
PR;Paraná;Mulheres;2022;Lesão autoprovocada;224;4;3.97
PR;Paraná;Mulheres;2022;Demais causas externas;230;3.85;3.62
PR;Paraná;Mulheres;2023;Lesão de trânsito;512;8.52;8.36
PR;Paraná;Mulheres;2023;Agressão;229;3.81;3.87
PR;Paraná;Mulheres;2023;Causas acidentais;989;16.46;14.25
PR;Paraná;Mulheres;2023;Lesão autoprovocada;237;4.19;4.17
PR;Paraná;Mulheres;2023;Demais causas externas;262;4.36;3.94
PR;Paraná;Mulheres;2024;Lesão de trânsito;548;9.06;8.85
PR;Paraná;Mulheres;2024;Agressão;233;3.85;3.91
PR;Paraná;Mulheres;2024;Causas acidentais;1205;19.93;16.74
PR;Paraná;Mulheres;2024;Lesão autoprovocada;230;4.04;4.07
PR;Paraná;Mulheres;2024;Demais causas externas;204;3.37;3
PR;Paraná;Mulheres;2025;Lesão de trânsito;479;7.87;7.74
PR;Paraná;Mulheres;2025;Agressão;178;2.93;3.01
PR;Paraná;Mulheres;2025;Causas acidentais;1246;20.48;16.6
PR;Paraná;Mulheres;2025;Lesão autoprovocada;201;3.5;3.56
PR;Paraná;Mulheres;2025;Demais causas externas;207;3.4;2.96
RJ;Rio de Janeiro;Ambos;2000;Lesão de trânsito;2561;16.68;18.15
RJ;Rio de Janeiro;Ambos;2000;Agressão;7328;47.73;42.7
RJ;Rio de Janeiro;Ambos;2000;Causas acidentais;2405;15.67;17.98
RJ;Rio de Janeiro;Ambos;2000;Lesão autoprovocada;392;2.8;3.07
RJ;Rio de Janeiro;Ambos;2000;Demais causas externas;2172;14.15;12.44
RJ;Rio de Janeiro;Ambos;2001;Lesão de trânsito;2697;17.38;18.56
RJ;Rio de Janeiro;Ambos;2001;Agressão;7349;47.35;41.34
RJ;Rio de Janeiro;Ambos;2001;Causas acidentais;2478;15.96;17.91
RJ;Rio de Janeiro;Ambos;2001;Lesão autoprovocada;457;3.22;3.34
RJ;Rio de Janeiro;Ambos;2001;Demais causas externas;2043;13.16;13.22
RJ;Rio de Janeiro;Ambos;2002;Lesão de trânsito;2805;17.89;18.77
RJ;Rio de Janeiro;Ambos;2002;Agressão;8298;52.93;46.13
RJ;Rio de Janeiro;Ambos;2002;Causas acidentais;2409;15.37;16.98
RJ;Rio de Janeiro;Ambos;2002;Lesão autoprovocada;462;3.21;3.3
RJ;Rio de Janeiro;Ambos;2002;Demais causas externas;2104;13.42;12.67
RJ;Rio de Janeiro;Ambos;2003;Lesão de trânsito;2814;17.79;18.44
RJ;Rio de Janeiro;Ambos;2003;Agressão;7819;49.43;43.43
RJ;Rio de Janeiro;Ambos;2003;Causas acidentais;2145;13.56;14.91
RJ;Rio de Janeiro;Ambos;2003;Lesão autoprovocada;357;2.45;2.56
RJ;Rio de Janeiro;Ambos;2003;Demais causas externas;2505;15.84;15.42
RJ;Rio de Janeiro;Ambos;2004;Lesão de trânsito;2867;17.98;18.69
RJ;Rio de Janeiro;Ambos;2004;Agressão;7374;46.23;40.89
RJ;Rio de Janeiro;Ambos;2004;Causas acidentais;2380;14.92;16.72
RJ;Rio de Janeiro;Ambos;2004;Lesão autoprovocada;397;2.69;2.81
RJ;Rio de Janeiro;Ambos;2004;Demais causas externas;1972;12.36;11.81
RJ;Rio de Janeiro;Ambos;2005;Lesão de trânsito;2906;18.08;18.75
RJ;Rio de Janeiro;Ambos;2005;Agressão;7084;44.07;39.87
RJ;Rio de Janeiro;Ambos;2005;Causas acidentais;2091;13.01;14.17
RJ;Rio de Janeiro;Ambos;2005;Lesão autoprovocada;426;2.86;3.07
RJ;Rio de Janeiro;Ambos;2005;Demais causas externas;2531;15.75;15.66
RJ;Rio de Janeiro;Ambos;2006;Lesão de trânsito;3087;19.07;19.62
RJ;Rio de Janeiro;Ambos;2006;Agressão;7099;43.85;39.37
RJ;Rio de Janeiro;Ambos;2006;Causas acidentais;2215;13.68;14.91
RJ;Rio de Janeiro;Ambos;2006;Lesão autoprovocada;404;2.68;2.79
RJ;Rio de Janeiro;Ambos;2006;Demais causas externas;2133;13.17;12.84
RJ;Rio de Janeiro;Ambos;2007;Lesão de trânsito;2690;16.51;16.84
RJ;Rio de Janeiro;Ambos;2007;Agressão;6304;38.68;34.5
RJ;Rio de Janeiro;Ambos;2007;Causas acidentais;2267;13.91;15.01
RJ;Rio de Janeiro;Ambos;2007;Lesão autoprovocada;354;2.33;2.43
RJ;Rio de Janeiro;Ambos;2007;Demais causas externas;3574;21.93;21.05
RJ;Rio de Janeiro;Ambos;2008;Lesão de trânsito;2592;15.81;16.06
RJ;Rio de Janeiro;Ambos;2008;Agressão;5383;32.83;29.32
RJ;Rio de Janeiro;Ambos;2008;Causas acidentais;2370;14.45;15.46
RJ;Rio de Janeiro;Ambos;2008;Lesão autoprovocada;339;2.22;2.31
RJ;Rio de Janeiro;Ambos;2008;Demais causas externas;3736;22.78;21.53
RJ;Rio de Janeiro;Ambos;2009;Lesão de trânsito;2337;14.17;14.25
RJ;Rio de Janeiro;Ambos;2009;Agressão;5064;30.7;27.76
RJ;Rio de Janeiro;Ambos;2009;Causas acidentais;2302;13.96;14.61
RJ;Rio de Janeiro;Ambos;2009;Lesão autoprovocada;321;2.08;2.1
RJ;Rio de Janeiro;Ambos;2009;Demais causas externas;4160;25.22;24
RJ;Rio de Janeiro;Ambos;2010;Lesão de trânsito;2909;17.55;17.64
RJ;Rio de Janeiro;Ambos;2010;Agressão;5253;31.69;28.55
RJ;Rio de Janeiro;Ambos;2010;Causas acidentais;3092;18.65;19.28
RJ;Rio de Janeiro;Ambos;2010;Lesão autoprovocada;509;3.28;3.36
RJ;Rio de Janeiro;Ambos;2010;Demais causas externas;2031;12.25;11.96
RJ;Rio de Janeiro;Ambos;2011;Lesão de trânsito;2767;16.63;16.48
RJ;Rio de Janeiro;Ambos;2011;Agressão;4562;27.41;25.18
RJ;Rio de Janeiro;Ambos;2011;Causas acidentais;3903;23.45;23.11
RJ;Rio de Janeiro;Ambos;2011;Lesão autoprovocada;433;2.78;2.83
RJ;Rio de Janeiro;Ambos;2011;Demais causas externas;2100;12.62;12.66
RJ;Rio de Janeiro;Ambos;2012;Lesão de trânsito;3044;18.21;18.05
RJ;Rio de Janeiro;Ambos;2012;Agressão;4586;27.43;25.01
RJ;Rio de Janeiro;Ambos;2012;Causas acidentais;3001;17.95;18.1
RJ;Rio de Janeiro;Ambos;2012;Lesão autoprovocada;463;2.96;2.98
RJ;Rio de Janeiro;Ambos;2012;Demais causas externas;1972;11.79;11.57
RJ;Rio de Janeiro;Ambos;2013;Lesão de trânsito;2691;16.02;15.74
RJ;Rio de Janeiro;Ambos;2013;Agressão;4886;29.08;26.5
RJ;Rio de Janeiro;Ambos;2013;Causas acidentais;3370;20.06;20.07
RJ;Rio de Janeiro;Ambos;2013;Lesão autoprovocada;437;2.78;2.78
RJ;Rio de Janeiro;Ambos;2013;Demais causas externas;2141;12.74;12.26
RJ;Rio de Janeiro;Ambos;2014;Lesão de trânsito;2902;17.19;16.85
RJ;Rio de Janeiro;Ambos;2014;Agressão;5397;31.96;29.31
RJ;Rio de Janeiro;Ambos;2014;Causas acidentais;3684;21.82;21.68
RJ;Rio de Janeiro;Ambos;2014;Lesão autoprovocada;522;3.31;3.28
RJ;Rio de Janeiro;Ambos;2014;Demais causas externas;1564;9.26;8.56
RJ;Rio de Janeiro;Ambos;2015;Lesão de trânsito;2193;12.92;12.66
RJ;Rio de Janeiro;Ambos;2015;Agressão;4786;28.2;26.28
RJ;Rio de Janeiro;Ambos;2015;Causas acidentais;4063;23.94;23.37
RJ;Rio de Janeiro;Ambos;2015;Lesão autoprovocada;531;3.35;3.31
RJ;Rio de Janeiro;Ambos;2015;Demais causas externas;1690;9.96;9.5
RJ;Rio de Janeiro;Ambos;2016;Lesão de trânsito;2256;13.24;12.94
RJ;Rio de Janeiro;Ambos;2016;Agressão;5515;32.36;29.9
RJ;Rio de Janeiro;Ambos;2016;Causas acidentais;3906;22.92;22.15
RJ;Rio de Janeiro;Ambos;2016;Lesão autoprovocada;573;3.6;3.53
RJ;Rio de Janeiro;Ambos;2016;Demais causas externas;2313;13.57;12.72
RJ;Rio de Janeiro;Ambos;2017;Lesão de trânsito;2140;12.51;11.92
RJ;Rio de Janeiro;Ambos;2017;Agressão;5872;34.34;31.89
RJ;Rio de Janeiro;Ambos;2017;Causas acidentais;3655;21.37;20.49
RJ;Rio de Janeiro;Ambos;2017;Lesão autoprovocada;607;3.8;3.72
RJ;Rio de Janeiro;Ambos;2017;Demais causas externas;2360;13.8;13.04
RJ;Rio de Janeiro;Ambos;2018;Lesão de trânsito;2064;12.04;11.61
RJ;Rio de Janeiro;Ambos;2018;Agressão;5619;32.77;30.77
RJ;Rio de Janeiro;Ambos;2018;Causas acidentais;3581;20.88;19.65
RJ;Rio de Janeiro;Ambos;2018;Lesão autoprovocada;699;4.36;4.2
RJ;Rio de Janeiro;Ambos;2018;Demais causas externas;2742;15.99;14.92
RJ;Rio de Janeiro;Ambos;2019;Lesão de trânsito;1545;8.99;8.3
RJ;Rio de Janeiro;Ambos;2019;Agressão;3244;18.87;18.3
RJ;Rio de Janeiro;Ambos;2019;Causas acidentais;3071;17.86;16.78
RJ;Rio de Janeiro;Ambos;2019;Lesão autoprovocada;572;3.55;3.5
RJ;Rio de Janeiro;Ambos;2019;Demais causas externas;5537;32.2;30.42
RJ;Rio de Janeiro;Ambos;2020;Lesão de trânsito;1818;10.56;10.33
RJ;Rio de Janeiro;Ambos;2020;Agressão;4237;24.6;23.71
RJ;Rio de Janeiro;Ambos;2020;Causas acidentais;3528;20.49;19.25
RJ;Rio de Janeiro;Ambos;2020;Lesão autoprovocada;789;4.89;4.75
RJ;Rio de Janeiro;Ambos;2020;Demais causas externas;2529;14.68;13.46
RJ;Rio de Janeiro;Ambos;2021;Lesão de trânsito;1912;11.1;10.8
RJ;Rio de Janeiro;Ambos;2021;Agressão;4054;23.54;23.44
RJ;Rio de Janeiro;Ambos;2021;Causas acidentais;3526;20.48;18.89
RJ;Rio de Janeiro;Ambos;2021;Lesão autoprovocada;903;5.58;5.46
RJ;Rio de Janeiro;Ambos;2021;Demais causas externas;2639;15.32;13.68
RJ;Rio de Janeiro;Ambos;2022;Lesão de trânsito;1963;11.4;11.12
RJ;Rio de Janeiro;Ambos;2022;Agressão;3431;19.93;20.07
RJ;Rio de Janeiro;Ambos;2022;Causas acidentais;3479;20.21;18.49
RJ;Rio de Janeiro;Ambos;2022;Lesão autoprovocada;813;5.02;4.93
RJ;Rio de Janeiro;Ambos;2022;Demais causas externas;2993;17.39;15.7
RJ;Rio de Janeiro;Ambos;2023;Lesão de trânsito;2004;11.64;11.32
RJ;Rio de Janeiro;Ambos;2023;Agressão;3826;22.23;22.07
RJ;Rio de Janeiro;Ambos;2023;Causas acidentais;3722;21.62;19.63
RJ;Rio de Janeiro;Ambos;2023;Lesão autoprovocada;908;5.59;5.5
RJ;Rio de Janeiro;Ambos;2023;Demais causas externas;2392;13.9;12.37
RJ;Rio de Janeiro;Ambos;2024;Lesão de trânsito;1346;7.82;7.63
RJ;Rio de Janeiro;Ambos;2024;Agressão;3270;18.99;19.31
RJ;Rio de Janeiro;Ambos;2024;Causas acidentais;4062;23.59;21.17
RJ;Rio de Janeiro;Ambos;2024;Lesão autoprovocada;700;4.29;4.26
RJ;Rio de Janeiro;Ambos;2024;Demais causas externas;3460;20.09;17.7
RJ;Rio de Janeiro;Ambos;2025;Lesão de trânsito;1407;8.17;7.99
RJ;Rio de Janeiro;Ambos;2025;Agressão;2158;12.53;12.96
RJ;Rio de Janeiro;Ambos;2025;Causas acidentais;3288;19.09;16.74
RJ;Rio de Janeiro;Ambos;2025;Lesão autoprovocada;526;3.22;3.22
RJ;Rio de Janeiro;Ambos;2025;Demais causas externas;5765;33.47;30.53
RJ;Rio de Janeiro;Homens;2000;Lesão de trânsito;2023;27.58;30.82
RJ;Rio de Janeiro;Homens;2000;Agressão;6773;92.32;82.19
RJ;Rio de Janeiro;Homens;2000;Causas acidentais;1683;22.94;27.07
RJ;Rio de Janeiro;Homens;2000;Lesão autoprovocada;307;4.61;5.28
RJ;Rio de Janeiro;Homens;2000;Demais causas externas;1767;24.09;20.83
RJ;Rio de Janeiro;Homens;2001;Lesão de trânsito;2131;28.75;31.96
RJ;Rio de Janeiro;Homens;2001;Agressão;6754;91.11;79.29
RJ;Rio de Janeiro;Homens;2001;Causas acidentais;1787;24.11;27.75
RJ;Rio de Janeiro;Homens;2001;Lesão autoprovocada;333;4.93;5.4
RJ;Rio de Janeiro;Homens;2001;Demais causas externas;1588;21.42;21.58
RJ;Rio de Janeiro;Homens;2002;Lesão de trânsito;2251;30.08;32.25
RJ;Rio de Janeiro;Homens;2002;Agressão;7711;103.04;89.56
RJ;Rio de Janeiro;Homens;2002;Causas acidentais;1718;22.96;26.26
RJ;Rio de Janeiro;Homens;2002;Lesão autoprovocada;322;4.71;5.03
RJ;Rio de Janeiro;Homens;2002;Demais causas externas;1627;21.74;20.26
RJ;Rio de Janeiro;Homens;2003;Lesão de trânsito;2226;29.49;31.26
RJ;Rio de Janeiro;Homens;2003;Agressão;7286;96.53;84.15
RJ;Rio de Janeiro;Homens;2003;Causas acidentais;1475;19.54;22.52
RJ;Rio de Janeiro;Homens;2003;Lesão autoprovocada;258;3.73;4.03
RJ;Rio de Janeiro;Homens;2003;Demais causas externas;1959;25.95;24.86
RJ;Rio de Janeiro;Homens;2004;Lesão de trânsito;2296;30.18;32.18
RJ;Rio de Janeiro;Homens;2004;Agressão;6865;90.24;79.02
RJ;Rio de Janeiro;Homens;2004;Causas acidentais;1563;20.54;24.29
RJ;Rio de Janeiro;Homens;2004;Lesão autoprovocada;298;4.26;4.61
RJ;Rio de Janeiro;Homens;2004;Demais causas externas;1570;20.64;19.37
RJ;Rio de Janeiro;Homens;2005;Lesão de trânsito;2313;30.18;32.07
RJ;Rio de Janeiro;Homens;2005;Agressão;6563;85.63;77
RJ;Rio de Janeiro;Homens;2005;Causas acidentais;1512;19.73;22.65
RJ;Rio de Janeiro;Homens;2005;Lesão autoprovocada;326;4.61;5.18
RJ;Rio de Janeiro;Homens;2005;Demais causas externas;1903;24.83;24.57
RJ;Rio de Janeiro;Homens;2006;Lesão de trânsito;2478;32.11;33.91
RJ;Rio de Janeiro;Homens;2006;Agressão;6569;85.12;75.91
RJ;Rio de Janeiro;Homens;2006;Causas acidentais;1523;19.74;22.94
RJ;Rio de Janeiro;Homens;2006;Lesão autoprovocada;291;4.08;4.38
RJ;Rio de Janeiro;Homens;2006;Demais causas externas;1526;19.77;18.89
RJ;Rio de Janeiro;Homens;2007;Lesão de trânsito;2110;27.17;28.24
RJ;Rio de Janeiro;Homens;2007;Agressão;5874;75.64;66.83
RJ;Rio de Janeiro;Homens;2007;Causas acidentais;1544;19.88;22.53
RJ;Rio de Janeiro;Homens;2007;Lesão autoprovocada;252;3.5;3.83
RJ;Rio de Janeiro;Homens;2007;Demais causas externas;2785;35.86;34.45
RJ;Rio de Janeiro;Homens;2008;Lesão de trânsito;2041;26.13;27.26
RJ;Rio de Janeiro;Homens;2008;Agressão;4995;63.94;56.66
RJ;Rio de Janeiro;Homens;2008;Causas acidentais;1551;19.86;22.7
RJ;Rio de Janeiro;Homens;2008;Lesão autoprovocada;241;3.32;3.61
RJ;Rio de Janeiro;Homens;2008;Demais causas externas;2876;36.82;34.92
RJ;Rio de Janeiro;Homens;2009;Lesão de trânsito;1832;23.32;23.95
RJ;Rio de Janeiro;Homens;2009;Agressão;4700;59.83;53.75
RJ;Rio de Janeiro;Homens;2009;Causas acidentais;1570;19.98;22.33
RJ;Rio de Janeiro;Homens;2009;Lesão autoprovocada;218;2.99;3.1
RJ;Rio de Janeiro;Homens;2009;Demais causas externas;3248;41.34;39.82
RJ;Rio de Janeiro;Homens;2010;Lesão de trânsito;2312;29.29;30.25
RJ;Rio de Janeiro;Homens;2010;Agressão;4899;62.07;55.51
RJ;Rio de Janeiro;Homens;2010;Causas acidentais;1969;24.95;27.83
RJ;Rio de Janeiro;Homens;2010;Lesão autoprovocada;356;4.85;5.14
RJ;Rio de Janeiro;Homens;2010;Demais causas externas;1306;16.55;16.63
RJ;Rio de Janeiro;Homens;2011;Lesão de trânsito;2199;27.75;28.07
RJ;Rio de Janeiro;Homens;2011;Agressão;4184;52.81;48.19
RJ;Rio de Janeiro;Homens;2011;Causas acidentais;2395;30.23;32.11
RJ;Rio de Janeiro;Homens;2011;Lesão autoprovocada;328;4.45;4.68
RJ;Rio de Janeiro;Homens;2011;Demais causas externas;1358;17.14;18.07
RJ;Rio de Janeiro;Homens;2012;Lesão de trânsito;2430;30.53;30.95
RJ;Rio de Janeiro;Homens;2012;Agressão;4201;52.78;47.85
RJ;Rio de Janeiro;Homens;2012;Causas acidentais;1925;24.18;26.24
RJ;Rio de Janeiro;Homens;2012;Lesão autoprovocada;336;4.53;4.75
RJ;Rio de Janeiro;Homens;2012;Demais causas externas;1226;15.4;15.98
RJ;Rio de Janeiro;Homens;2013;Lesão de trânsito;2133;26.67;26.76
RJ;Rio de Janeiro;Homens;2013;Agressão;4463;55.8;50.5
RJ;Rio de Janeiro;Homens;2013;Causas acidentais;2156;26.95;29.15
RJ;Rio de Janeiro;Homens;2013;Lesão autoprovocada;321;4.31;4.42
RJ;Rio de Janeiro;Homens;2013;Demais causas externas;1426;17.83;18.19
RJ;Rio de Janeiro;Homens;2014;Lesão de trânsito;2326;28.93;28.79
RJ;Rio de Janeiro;Homens;2014;Agressão;4878;60.67;55.31
RJ;Rio de Janeiro;Homens;2014;Causas acidentais;2329;28.97;31.59
RJ;Rio de Janeiro;Homens;2014;Lesão autoprovocada;400;5.35;5.42
RJ;Rio de Janeiro;Homens;2014;Demais causas externas;988;12.29;12.07
RJ;Rio de Janeiro;Homens;2015;Lesão de trânsito;1753;21.69;21.76
RJ;Rio de Janeiro;Homens;2015;Agressão;4372;54.1;49.91
RJ;Rio de Janeiro;Homens;2015;Causas acidentais;2608;32.27;34.5
RJ;Rio de Janeiro;Homens;2015;Lesão autoprovocada;411;5.47;5.54
RJ;Rio de Janeiro;Homens;2015;Demais causas externas;954;11.8;12.22
RJ;Rio de Janeiro;Homens;2016;Lesão de trânsito;1817;22.39;22.3
RJ;Rio de Janeiro;Homens;2016;Agressão;5035;62.04;56.78
RJ;Rio de Janeiro;Homens;2016;Causas acidentais;2468;30.41;32.25
RJ;Rio de Janeiro;Homens;2016;Lesão autoprovocada;435;5.77;5.83
RJ;Rio de Janeiro;Homens;2016;Demais causas externas;1464;18.04;17.98
RJ;Rio de Janeiro;Homens;2017;Lesão de trânsito;1700;20.88;20.19
RJ;Rio de Janeiro;Homens;2017;Agressão;5413;66.48;61
RJ;Rio de Janeiro;Homens;2017;Causas acidentais;2317;28.46;29.77
RJ;Rio de Janeiro;Homens;2017;Lesão autoprovocada;446;5.89;5.9
RJ;Rio de Janeiro;Homens;2017;Demais causas externas;1519;18.66;18.93
RJ;Rio de Janeiro;Homens;2018;Lesão de trânsito;1637;20.05;19.76
RJ;Rio de Janeiro;Homens;2018;Agressão;5184;63.49;59.06
RJ;Rio de Janeiro;Homens;2018;Causas acidentais;2276;27.88;28.73
RJ;Rio de Janeiro;Homens;2018;Lesão autoprovocada;522;6.88;6.72
RJ;Rio de Janeiro;Homens;2018;Demais causas externas;1818;22.27;22.08
RJ;Rio de Janeiro;Homens;2019;Lesão de trânsito;1237;15.11;14.21
RJ;Rio de Janeiro;Homens;2019;Agressão;3011;36.79;35.13
RJ;Rio de Janeiro;Homens;2019;Causas acidentais;1871;22.86;23.46
RJ;Rio de Janeiro;Homens;2019;Lesão autoprovocada;394;5.17;5.13
RJ;Rio de Janeiro;Homens;2019;Demais causas externas;4203;51.35;50.52
RJ;Rio de Janeiro;Homens;2020;Lesão de trânsito;1505;18.36;18.21
RJ;Rio de Janeiro;Homens;2020;Agressão;3897;47.55;45.47
RJ;Rio de Janeiro;Homens;2020;Causas acidentais;2317;28.27;28.63
RJ;Rio de Janeiro;Homens;2020;Lesão autoprovocada;573;7.49;7.44
RJ;Rio de Janeiro;Homens;2020;Demais causas externas;1574;19.21;19.09
RJ;Rio de Janeiro;Homens;2021;Lesão de trânsito;1539;18.79;18.58
RJ;Rio de Janeiro;Homens;2021;Agressão;3746;45.74;44.86
RJ;Rio de Janeiro;Homens;2021;Causas acidentais;2203;26.9;27.08
RJ;Rio de Janeiro;Homens;2021;Lesão autoprovocada;638;8.33;8.23
RJ;Rio de Janeiro;Homens;2021;Demais causas externas;1637;19.99;19.46
RJ;Rio de Janeiro;Homens;2022;Lesão de trânsito;1566;19.14;18.89
RJ;Rio de Janeiro;Homens;2022;Agressão;3170;38.74;38.23
RJ;Rio de Janeiro;Homens;2022;Causas acidentais;2101;25.67;25.8
RJ;Rio de Janeiro;Homens;2022;Lesão autoprovocada;586;7.64;7.56
RJ;Rio de Janeiro;Homens;2022;Demais causas externas;1947;23.79;23.27
RJ;Rio de Janeiro;Homens;2023;Lesão de trânsito;1620;19.8;19.47
RJ;Rio de Janeiro;Homens;2023;Agressão;3448;42.14;41.42
RJ;Rio de Janeiro;Homens;2023;Causas acidentais;2307;28.19;27.99
RJ;Rio de Janeiro;Homens;2023;Lesão autoprovocada;625;8.12;8.06
RJ;Rio de Janeiro;Homens;2023;Demais causas externas;1351;16.51;16.49
RJ;Rio de Janeiro;Homens;2024;Lesão de trânsito;1009;12.33;12.11
RJ;Rio de Janeiro;Homens;2024;Agressão;2989;36.52;36.63
RJ;Rio de Janeiro;Homens;2024;Causas acidentais;2578;31.5;31.02
RJ;Rio de Janeiro;Homens;2024;Lesão autoprovocada;476;6.17;6.12
RJ;Rio de Janeiro;Homens;2024;Demais causas externas;2167;26.48;25.7
RJ;Rio de Janeiro;Homens;2025;Lesão de trânsito;1053;12.86;12.69
RJ;Rio de Janeiro;Homens;2025;Agressão;1956;23.9;24.15
RJ;Rio de Janeiro;Homens;2025;Causas acidentais;1900;23.21;22.64
RJ;Rio de Janeiro;Homens;2025;Lesão autoprovocada;335;4.33;4.29
RJ;Rio de Janeiro;Homens;2025;Demais causas externas;4168;50.92;49.67
RJ;Rio de Janeiro;Mulheres;2000;Lesão de trânsito;537;6.7;7.21
RJ;Rio de Janeiro;Mulheres;2000;Agressão;540;6.74;6.18
RJ;Rio de Janeiro;Mulheres;2000;Causas acidentais;714;8.91;9.97
RJ;Rio de Janeiro;Mulheres;2000;Lesão autoprovocada;85;1.16;1.23
RJ;Rio de Janeiro;Mulheres;2000;Demais causas externas;397;4.95;4.9
RJ;Rio de Janeiro;Mulheres;2001;Lesão de trânsito;563;6.94;7.15
RJ;Rio de Janeiro;Mulheres;2001;Agressão;566;6.98;6.19
RJ;Rio de Janeiro;Mulheres;2001;Causas acidentais;689;8.5;9.38
RJ;Rio de Janeiro;Mulheres;2001;Lesão autoprovocada;124;1.66;1.65
RJ;Rio de Janeiro;Mulheres;2001;Demais causas externas;451;5.56;5.88
RJ;Rio de Janeiro;Mulheres;2002;Lesão de trânsito;553;6.75;7.04
RJ;Rio de Janeiro;Mulheres;2002;Agressão;560;6.84;5.86
RJ;Rio de Janeiro;Mulheres;2002;Causas acidentais;679;8.29;8.97
RJ;Rio de Janeiro;Mulheres;2002;Lesão autoprovocada;140;1.85;1.88
RJ;Rio de Janeiro;Mulheres;2002;Demais causas externas;468;5.71;5.94
RJ;Rio de Janeiro;Mulheres;2003;Lesão de trânsito;588;7.11;7.36
RJ;Rio de Janeiro;Mulheres;2003;Agressão;524;6.34;5.71
RJ;Rio de Janeiro;Mulheres;2003;Causas acidentais;666;8.05;8.5
RJ;Rio de Janeiro;Mulheres;2003;Lesão autoprovocada;99;1.29;1.35
RJ;Rio de Janeiro;Mulheres;2003;Demais causas externas;541;6.54;6.98
RJ;Rio de Janeiro;Mulheres;2004;Lesão de trânsito;569;6.82;6.99
RJ;Rio de Janeiro;Mulheres;2004;Agressão;505;6.05;5.59
RJ;Rio de Janeiro;Mulheres;2004;Causas acidentais;813;9.75;10.32
RJ;Rio de Janeiro;Mulheres;2004;Lesão autoprovocada;99;1.28;1.31
RJ;Rio de Janeiro;Mulheres;2004;Demais causas externas;400;4.79;4.95
RJ;Rio de Janeiro;Mulheres;2005;Lesão de trânsito;592;7.04;7.24
RJ;Rio de Janeiro;Mulheres;2005;Agressão;505;6.01;5.46
RJ;Rio de Janeiro;Mulheres;2005;Causas acidentais;574;6.83;7.09
RJ;Rio de Janeiro;Mulheres;2005;Lesão autoprovocada;100;1.28;1.34
RJ;Rio de Janeiro;Mulheres;2005;Demais causas externas;622;7.4;7.61
RJ;Rio de Janeiro;Mulheres;2006;Lesão de trânsito;608;7.18;7.24
RJ;Rio de Janeiro;Mulheres;2006;Agressão;503;5.94;5.52
RJ;Rio de Janeiro;Mulheres;2006;Causas acidentais;685;8.08;8.29
RJ;Rio de Janeiro;Mulheres;2006;Lesão autoprovocada;113;1.43;1.46
RJ;Rio de Janeiro;Mulheres;2006;Demais causas externas;603;7.12;7.24
RJ;Rio de Janeiro;Mulheres;2007;Lesão de trânsito;580;6.8;6.86
RJ;Rio de Janeiro;Mulheres;2007;Agressão;416;4.88;4.51
RJ;Rio de Janeiro;Mulheres;2007;Causas acidentais;719;8.43;8.52
RJ;Rio de Janeiro;Mulheres;2007;Lesão autoprovocada;102;1.28;1.28
RJ;Rio de Janeiro;Mulheres;2007;Demais causas externas;783;9.18;8.91
RJ;Rio de Janeiro;Mulheres;2008;Lesão de trânsito;550;6.4;6.43
RJ;Rio de Janeiro;Mulheres;2008;Agressão;373;4.34;4
RJ;Rio de Janeiro;Mulheres;2008;Causas acidentais;818;9.53;9.37
RJ;Rio de Janeiro;Mulheres;2008;Lesão autoprovocada;98;1.22;1.24
RJ;Rio de Janeiro;Mulheres;2008;Demais causas externas;848;9.88;9.5
RJ;Rio de Janeiro;Mulheres;2009;Lesão de trânsito;503;5.82;5.77
RJ;Rio de Janeiro;Mulheres;2009;Agressão;349;4.04;3.72
RJ;Rio de Janeiro;Mulheres;2009;Causas acidentais;730;8.45;8.2
RJ;Rio de Janeiro;Mulheres;2009;Lesão autoprovocada;102;1.26;1.27
RJ;Rio de Janeiro;Mulheres;2009;Demais causas externas;889;10.29;9.67
RJ;Rio de Janeiro;Mulheres;2010;Lesão de trânsito;597;6.88;6.77
RJ;Rio de Janeiro;Mulheres;2010;Agressão;336;3.87;3.59
RJ;Rio de Janeiro;Mulheres;2010;Causas acidentais;1120;12.9;12.16
RJ;Rio de Janeiro;Mulheres;2010;Lesão autoprovocada;153;1.88;1.89
RJ;Rio de Janeiro;Mulheres;2010;Demais causas externas;719;8.28;7.61
RJ;Rio de Janeiro;Mulheres;2011;Lesão de trânsito;566;6.49;6.38
RJ;Rio de Janeiro;Mulheres;2011;Agressão;366;4.2;3.91
RJ;Rio de Janeiro;Mulheres;2011;Causas acidentais;1484;17.02;15.36
RJ;Rio de Janeiro;Mulheres;2011;Lesão autoprovocada;105;1.28;1.29
RJ;Rio de Janeiro;Mulheres;2011;Demais causas externas;737;8.45;7.79
RJ;Rio de Janeiro;Mulheres;2012;Lesão de trânsito;609;6.95;6.82
RJ;Rio de Janeiro;Mulheres;2012;Agressão;364;4.16;3.81
RJ;Rio de Janeiro;Mulheres;2012;Causas acidentais;1072;12.24;11.13
RJ;Rio de Janeiro;Mulheres;2012;Lesão autoprovocada;127;1.54;1.53
RJ;Rio de Janeiro;Mulheres;2012;Demais causas externas;743;8.48;7.5
RJ;Rio de Janeiro;Mulheres;2013;Lesão de trânsito;554;6.29;6.02
RJ;Rio de Janeiro;Mulheres;2013;Agressão;386;4.39;4.08
RJ;Rio de Janeiro;Mulheres;2013;Causas acidentais;1208;13.72;12.31
RJ;Rio de Janeiro;Mulheres;2013;Lesão autoprovocada;116;1.4;1.39
RJ;Rio de Janeiro;Mulheres;2013;Demais causas externas;704;8;7.02
RJ;Rio de Janeiro;Mulheres;2014;Lesão de trânsito;576;6.51;6.27
RJ;Rio de Janeiro;Mulheres;2014;Agressão;461;5.21;4.91
RJ;Rio de Janeiro;Mulheres;2014;Causas acidentais;1353;15.3;13.39
RJ;Rio de Janeiro;Mulheres;2014;Lesão autoprovocada;122;1.47;1.44
RJ;Rio de Janeiro;Mulheres;2014;Demais causas externas;554;6.26;5.33
RJ;Rio de Janeiro;Mulheres;2015;Lesão de trânsito;438;4.93;4.73
RJ;Rio de Janeiro;Mulheres;2015;Agressão;385;4.33;4.15
RJ;Rio de Janeiro;Mulheres;2015;Causas acidentais;1453;16.34;13.91
RJ;Rio de Janeiro;Mulheres;2015;Lesão autoprovocada;120;1.44;1.41
RJ;Rio de Janeiro;Mulheres;2015;Demais causas externas;729;8.2;6.84
RJ;Rio de Janeiro;Mulheres;2016;Lesão de trânsito;438;4.91;4.69
RJ;Rio de Janeiro;Mulheres;2016;Agressão;424;4.75;4.57
RJ;Rio de Janeiro;Mulheres;2016;Causas acidentais;1436;16.09;13.66
RJ;Rio de Janeiro;Mulheres;2016;Lesão autoprovocada;138;1.65;1.59
RJ;Rio de Janeiro;Mulheres;2016;Demais causas externas;838;9.39;7.7
RJ;Rio de Janeiro;Mulheres;2017;Lesão de trânsito;433;4.83;4.63
RJ;Rio de Janeiro;Mulheres;2017;Agressão;400;4.47;4.34
RJ;Rio de Janeiro;Mulheres;2017;Causas acidentais;1334;14.89;12.58
RJ;Rio de Janeiro;Mulheres;2017;Lesão autoprovocada;161;1.91;1.88
RJ;Rio de Janeiro;Mulheres;2017;Demais causas externas;834;9.31;7.39
RJ;Rio de Janeiro;Mulheres;2018;Lesão de trânsito;421;4.69;4.46
RJ;Rio de Janeiro;Mulheres;2018;Agressão;373;4.15;3.98
RJ;Rio de Janeiro;Mulheres;2018;Causas acidentais;1302;14.49;12.03
RJ;Rio de Janeiro;Mulheres;2018;Lesão autoprovocada;174;2.06;1.99
RJ;Rio de Janeiro;Mulheres;2018;Demais causas externas;915;10.18;7.91
RJ;Rio de Janeiro;Mulheres;2019;Lesão de trânsito;292;3.24;3.06
RJ;Rio de Janeiro;Mulheres;2019;Agressão;214;2.38;2.32
RJ;Rio de Janeiro;Mulheres;2019;Causas acidentais;1199;13.31;10.9
RJ;Rio de Janeiro;Mulheres;2019;Lesão autoprovocada;178;2.1;2.11
RJ;Rio de Janeiro;Mulheres;2019;Demais causas externas;1295;14.37;11.43
RJ;Rio de Janeiro;Mulheres;2020;Lesão de trânsito;312;3.46;3.31
RJ;Rio de Janeiro;Mulheres;2020;Agressão;281;3.11;3.07
RJ;Rio de Janeiro;Mulheres;2020;Causas acidentais;1204;13.34;11.11
RJ;Rio de Janeiro;Mulheres;2020;Lesão autoprovocada;215;2.53;2.49
RJ;Rio de Janeiro;Mulheres;2020;Demais causas externas;944;10.46;7.87
RJ;Rio de Janeiro;Mulheres;2021;Lesão de trânsito;371;4.11;3.92
RJ;Rio de Janeiro;Mulheres;2021;Agressão;281;3.11;3.09
RJ;Rio de Janeiro;Mulheres;2021;Causas acidentais;1319;14.61;11.82
RJ;Rio de Janeiro;Mulheres;2021;Lesão autoprovocada;264;3.1;3.07
RJ;Rio de Janeiro;Mulheres;2021;Demais causas externas;986;10.92;8.11
RJ;Rio de Janeiro;Mulheres;2022;Lesão de trânsito;396;4.39;4.17
RJ;Rio de Janeiro;Mulheres;2022;Agressão;248;2.75;2.8
RJ;Rio de Janeiro;Mulheres;2022;Causas acidentais;1369;15.16;12.45
RJ;Rio de Janeiro;Mulheres;2022;Lesão autoprovocada;227;2.66;2.69
RJ;Rio de Janeiro;Mulheres;2022;Demais causas externas;1033;11.44;8.49
RJ;Rio de Janeiro;Mulheres;2023;Lesão de trânsito;381;4.22;3.98
RJ;Rio de Janeiro;Mulheres;2023;Agressão;330;3.65;3.72
RJ;Rio de Janeiro;Mulheres;2023;Causas acidentais;1409;15.6;12.38
RJ;Rio de Janeiro;Mulheres;2023;Lesão autoprovocada;283;3.31;3.28
RJ;Rio de Janeiro;Mulheres;2023;Demais causas externas;1032;11.43;8.24
RJ;Rio de Janeiro;Mulheres;2024;Lesão de trânsito;337;3.73;3.66
RJ;Rio de Janeiro;Mulheres;2024;Agressão;262;2.9;2.8
RJ;Rio de Janeiro;Mulheres;2024;Causas acidentais;1475;16.33;12.58
RJ;Rio de Janeiro;Mulheres;2024;Lesão autoprovocada;224;2.61;2.69
RJ;Rio de Janeiro;Mulheres;2024;Demais causas externas;1269;14.05;10.17
RJ;Rio de Janeiro;Mulheres;2025;Lesão de trânsito;352;3.89;3.84
RJ;Rio de Janeiro;Mulheres;2025;Agressão;196;2.17;2.25
RJ;Rio de Janeiro;Mulheres;2025;Causas acidentais;1386;15.33;11.48
RJ;Rio de Janeiro;Mulheres;2025;Lesão autoprovocada;191;2.22;2.26
RJ;Rio de Janeiro;Mulheres;2025;Demais causas externas;1573;17.4;12.79
RN;Rio Grande do Norte;Ambos;2000;Lesão de trânsito;461;16.2;18.21
RN;Rio Grande do Norte;Ambos;2000;Agressão;257;9.03;9.68
RN;Rio Grande do Norte;Ambos;2000;Causas acidentais;330;11.59;12.84
RN;Rio Grande do Norte;Ambos;2000;Lesão autoprovocada;85;3.33;3.95
RN;Rio Grande do Norte;Ambos;2000;Demais causas externas;397;13.95;15.53
RN;Rio Grande do Norte;Ambos;2001;Lesão de trânsito;419;14.52;16.39
RN;Rio Grande do Norte;Ambos;2001;Agressão;322;11.16;12.06
RN;Rio Grande do Norte;Ambos;2001;Causas acidentais;266;9.22;10.22
RN;Rio Grande do Norte;Ambos;2001;Lesão autoprovocada;116;4.47;5.27
RN;Rio Grande do Norte;Ambos;2001;Demais causas externas;329;11.4;12.63
RN;Rio Grande do Norte;Ambos;2002;Lesão de trânsito;429;14.67;16.65
RN;Rio Grande do Norte;Ambos;2002;Agressão;299;10.22;10.73
RN;Rio Grande do Norte;Ambos;2002;Causas acidentais;313;10.7;11.95
RN;Rio Grande do Norte;Ambos;2002;Lesão autoprovocada;105;3.98;4.46
RN;Rio Grande do Norte;Ambos;2002;Demais causas externas;363;12.41;13.81
RN;Rio Grande do Norte;Ambos;2003;Lesão de trânsito;407;13.74;14.87
RN;Rio Grande do Norte;Ambos;2003;Agressão;405;13.67;14.32
RN;Rio Grande do Norte;Ambos;2003;Causas acidentais;262;8.84;10.05
RN;Rio Grande do Norte;Ambos;2003;Lesão autoprovocada;148;5.53;6.41
RN;Rio Grande do Norte;Ambos;2003;Demais causas externas;286;9.65;11
RN;Rio Grande do Norte;Ambos;2004;Lesão de trânsito;431;14.37;16
RN;Rio Grande do Norte;Ambos;2004;Agressão;344;11.47;11.55
RN;Rio Grande do Norte;Ambos;2004;Causas acidentais;321;10.7;11.57
RN;Rio Grande do Norte;Ambos;2004;Lesão autoprovocada;115;4.23;4.86
RN;Rio Grande do Norte;Ambos;2004;Demais causas externas;410;13.67;14.76
RN;Rio Grande do Norte;Ambos;2005;Lesão de trânsito;462;15.22;16.88
RN;Rio Grande do Norte;Ambos;2005;Agressão;406;13.38;13.25
RN;Rio Grande do Norte;Ambos;2005;Causas acidentais;294;9.69;11.08
RN;Rio Grande do Norte;Ambos;2005;Lesão autoprovocada;161;5.83;6.69
RN;Rio Grande do Norte;Ambos;2005;Demais causas externas;357;11.76;13.12
RN;Rio Grande do Norte;Ambos;2006;Lesão de trânsito;486;15.82;16.77
RN;Rio Grande do Norte;Ambos;2006;Agressão;455;14.81;14.84
RN;Rio Grande do Norte;Ambos;2006;Causas acidentais;311;10.12;11.17
RN;Rio Grande do Norte;Ambos;2006;Lesão autoprovocada;145;5.17;5.73
RN;Rio Grande do Norte;Ambos;2006;Demais causas externas;333;10.84;11.41
RN;Rio Grande do Norte;Ambos;2007;Lesão de trânsito;477;15.35;16.3
RN;Rio Grande do Norte;Ambos;2007;Agressão;589;18.96;18.67
RN;Rio Grande do Norte;Ambos;2007;Causas acidentais;338;10.88;11.83
RN;Rio Grande do Norte;Ambos;2007;Lesão autoprovocada;133;4.68;5.26
RN;Rio Grande do Norte;Ambos;2007;Demais causas externas;397;12.78;13.64
RN;Rio Grande do Norte;Ambos;2008;Lesão de trânsito;474;15.09;16.17
RN;Rio Grande do Norte;Ambos;2008;Agressão;714;22.73;21.8
RN;Rio Grande do Norte;Ambos;2008;Causas acidentais;368;11.72;12.72
RN;Rio Grande do Norte;Ambos;2008;Lesão autoprovocada;147;5.11;5.72
RN;Rio Grande do Norte;Ambos;2008;Demais causas externas;381;12.13;13.15
RN;Rio Grande do Norte;Ambos;2009;Lesão de trânsito;501;15.78;16.73
RN;Rio Grande do Norte;Ambos;2009;Agressão;800;25.2;23.98
RN;Rio Grande do Norte;Ambos;2009;Causas acidentais;335;10.55;11.56
RN;Rio Grande do Norte;Ambos;2009;Lesão autoprovocada;144;4.94;5.53
RN;Rio Grande do Norte;Ambos;2009;Demais causas externas;506;15.94;16.67
RN;Rio Grande do Norte;Ambos;2010;Lesão de trânsito;645;20.14;21.28
RN;Rio Grande do Norte;Ambos;2010;Agressão;810;25.29;24.38
RN;Rio Grande do Norte;Ambos;2010;Causas acidentais;404;12.61;13.99
RN;Rio Grande do Norte;Ambos;2010;Lesão autoprovocada;137;4.65;5.26
RN;Rio Grande do Norte;Ambos;2010;Demais causas externas;166;5.18;5.82
RN;Rio Grande do Norte;Ambos;2011;Lesão de trânsito;592;18.34;19.44
RN;Rio Grande do Norte;Ambos;2011;Agressão;1054;32.66;30.91
RN;Rio Grande do Norte;Ambos;2011;Causas acidentais;355;11;12.07
RN;Rio Grande do Norte;Ambos;2011;Lesão autoprovocada;177;5.95;6.36
RN;Rio Grande do Norte;Ambos;2011;Demais causas externas;236;7.31;8
RN;Rio Grande do Norte;Ambos;2012;Lesão de trânsito;601;18.48;19.21
RN;Rio Grande do Norte;Ambos;2012;Agressão;1123;34.54;32.54
RN;Rio Grande do Norte;Ambos;2012;Causas acidentais;353;10.86;11.95
RN;Rio Grande do Norte;Ambos;2012;Lesão autoprovocada;171;5.69;6.17
RN;Rio Grande do Norte;Ambos;2012;Demais causas externas;296;9.1;9.67
RN;Rio Grande do Norte;Ambos;2013;Lesão de trânsito;611;18.65;19.45
RN;Rio Grande do Norte;Ambos;2013;Agressão;1446;44.15;41.31
RN;Rio Grande do Norte;Ambos;2013;Causas acidentais;299;9.13;9.72
RN;Rio Grande do Norte;Ambos;2013;Lesão autoprovocada;157;5.18;5.52
RN;Rio Grande do Norte;Ambos;2013;Demais causas externas;250;7.63;8.15
RN;Rio Grande do Norte;Ambos;2014;Lesão de trânsito;585;17.73;18.28
RN;Rio Grande do Norte;Ambos;2014;Agressão;1602;48.56;45.17
RN;Rio Grande do Norte;Ambos;2014;Causas acidentais;368;11.16;11.77
RN;Rio Grande do Norte;Ambos;2014;Lesão autoprovocada;169;5.53;5.83
RN;Rio Grande do Norte;Ambos;2014;Demais causas externas;254;7.7;8.09
RN;Rio Grande do Norte;Ambos;2015;Lesão de trânsito;584;17.58;18.2
RN;Rio Grande do Norte;Ambos;2015;Agressão;1544;46.48;43.86
RN;Rio Grande do Norte;Ambos;2015;Causas acidentais;335;10.08;10.61
RN;Rio Grande do Norte;Ambos;2015;Lesão autoprovocada;156;5.06;5.46
RN;Rio Grande do Norte;Ambos;2015;Demais causas externas;273;8.22;8.72
RN;Rio Grande do Norte;Ambos;2016;Lesão de trânsito;555;16.61;16.91
RN;Rio Grande do Norte;Ambos;2016;Agressão;1852;55.41;52.34
RN;Rio Grande do Norte;Ambos;2016;Causas acidentais;276;8.26;8.71
RN;Rio Grande do Norte;Ambos;2016;Lesão autoprovocada;181;5.83;6.02
RN;Rio Grande do Norte;Ambos;2016;Demais causas externas;316;9.45;9.84
RN;Rio Grande do Norte;Ambos;2017;Lesão de trânsito;538;16.02;16.44
RN;Rio Grande do Norte;Ambos;2017;Agressão;2200;65.49;62.08
RN;Rio Grande do Norte;Ambos;2017;Causas acidentais;308;9.17;9.55
RN;Rio Grande do Norte;Ambos;2017;Lesão autoprovocada;180;5.77;5.94
RN;Rio Grande do Norte;Ambos;2017;Demais causas externas;354;10.54;10.78
RN;Rio Grande do Norte;Ambos;2018;Lesão de trânsito;518;15.35;15.7
RN;Rio Grande do Norte;Ambos;2018;Agressão;1824;54.04;51.84
RN;Rio Grande do Norte;Ambos;2018;Causas acidentais;323;9.57;9.9
RN;Rio Grande do Norte;Ambos;2018;Lesão autoprovocada;196;6.24;6.37
RN;Rio Grande do Norte;Ambos;2018;Demais causas externas;283;8.38;8.47
RN;Rio Grande do Norte;Ambos;2019;Lesão de trânsito;452;13.32;13.48
RN;Rio Grande do Norte;Ambos;2019;Agressão;1345;39.65;38.44
RN;Rio Grande do Norte;Ambos;2019;Causas acidentais;323;9.52;9.59
RN;Rio Grande do Norte;Ambos;2019;Lesão autoprovocada;204;6.46;6.64
RN;Rio Grande do Norte;Ambos;2019;Demais causas externas;271;7.99;8.15
RN;Rio Grande do Norte;Ambos;2020;Lesão de trânsito;447;13.12;13.25
RN;Rio Grande do Norte;Ambos;2020;Agressão;1403;41.17;40.22
RN;Rio Grande do Norte;Ambos;2020;Causas acidentais;389;11.42;11.43
RN;Rio Grande do Norte;Ambos;2020;Lesão autoprovocada;235;7.4;7.51
RN;Rio Grande do Norte;Ambos;2020;Demais causas externas;256;7.51;7.62
RN;Rio Grande do Norte;Ambos;2021;Lesão de trânsito;437;12.78;12.81
RN;Rio Grande do Norte;Ambos;2021;Agressão;1176;34.39;33.79
RN;Rio Grande do Norte;Ambos;2021;Causas acidentais;396;11.58;11.46
RN;Rio Grande do Norte;Ambos;2021;Lesão autoprovocada;254;7.95;7.99
RN;Rio Grande do Norte;Ambos;2021;Demais causas externas;313;9.15;9.17
RN;Rio Grande do Norte;Ambos;2022;Lesão de trânsito;396;11.55;11.57
RN;Rio Grande do Norte;Ambos;2022;Agressão;1167;34.04;33.47
RN;Rio Grande do Norte;Ambos;2022;Causas acidentais;396;11.55;11.35
RN;Rio Grande do Norte;Ambos;2022;Lesão autoprovocada;238;7.42;7.48
RN;Rio Grande do Norte;Ambos;2022;Demais causas externas;312;9.1;8.95
RN;Rio Grande do Norte;Ambos;2023;Lesão de trânsito;412;11.99;11.95
RN;Rio Grande do Norte;Ambos;2023;Agressão;914;26.6;26.4
RN;Rio Grande do Norte;Ambos;2023;Causas acidentais;449;13.07;12.62
RN;Rio Grande do Norte;Ambos;2023;Lesão autoprovocada;283;8.78;8.75
RN;Rio Grande do Norte;Ambos;2023;Demais causas externas;195;5.67;5.57
RN;Rio Grande do Norte;Ambos;2024;Lesão de trânsito;476;13.81;13.67
RN;Rio Grande do Norte;Ambos;2024;Agressão;797;23.13;23.03
RN;Rio Grande do Norte;Ambos;2024;Causas acidentais;493;14.31;13.55
RN;Rio Grande do Norte;Ambos;2024;Lesão autoprovocada;264;8.15;8.11
RN;Rio Grande do Norte;Ambos;2024;Demais causas externas;324;9.4;9.09
RN;Rio Grande do Norte;Ambos;2025;Lesão de trânsito;461;13.34;13.11
RN;Rio Grande do Norte;Ambos;2025;Agressão;843;24.4;24.56
RN;Rio Grande do Norte;Ambos;2025;Causas acidentais;439;12.71;11.74
RN;Rio Grande do Norte;Ambos;2025;Lesão autoprovocada;263;8.08;8
RN;Rio Grande do Norte;Ambos;2025;Demais causas externas;367;10.62;10.15
RN;Rio Grande do Norte;Homens;2000;Lesão de trânsito;379;27.25;31.11
RN;Rio Grande do Norte;Homens;2000;Agressão;235;16.9;18.54
RN;Rio Grande do Norte;Homens;2000;Causas acidentais;274;19.7;22.49
RN;Rio Grande do Norte;Homens;2000;Lesão autoprovocada;66;5.32;6.44
RN;Rio Grande do Norte;Homens;2000;Demais causas externas;313;22.51;24.67
RN;Rio Grande do Norte;Homens;2001;Lesão de trânsito;346;24.53;28.39
RN;Rio Grande do Norte;Homens;2001;Agressão;297;21.06;23.36
RN;Rio Grande do Norte;Homens;2001;Causas acidentais;207;14.68;16.65
RN;Rio Grande do Norte;Homens;2001;Lesão autoprovocada;85;6.74;8.22
RN;Rio Grande do Norte;Homens;2001;Demais causas externas;265;18.79;20.87
RN;Rio Grande do Norte;Homens;2002;Lesão de trânsito;362;25.33;29.65
RN;Rio Grande do Norte;Homens;2002;Agressão;276;19.31;20.6
RN;Rio Grande do Norte;Homens;2002;Causas acidentais;249;17.42;19.62
RN;Rio Grande do Norte;Homens;2002;Lesão autoprovocada;82;6.4;7.26
RN;Rio Grande do Norte;Homens;2002;Demais causas externas;305;21.34;23.99
RN;Rio Grande do Norte;Homens;2003;Lesão de trânsito;340;23.49;26.07
RN;Rio Grande do Norte;Homens;2003;Agressão;373;25.77;27.21
RN;Rio Grande do Norte;Homens;2003;Causas acidentais;204;14.09;16.2
RN;Rio Grande do Norte;Homens;2003;Lesão autoprovocada;113;8.68;10.17
RN;Rio Grande do Norte;Homens;2003;Demais causas externas;237;16.38;18.83
RN;Rio Grande do Norte;Homens;2004;Lesão de trânsito;362;24.71;28.31
RN;Rio Grande do Norte;Homens;2004;Agressão;323;22.05;22.35
RN;Rio Grande do Norte;Homens;2004;Causas acidentais;268;18.29;20.44
RN;Rio Grande do Norte;Homens;2004;Lesão autoprovocada;106;8.01;9.54
RN;Rio Grande do Norte;Homens;2004;Demais causas externas;346;23.62;25.83
RN;Rio Grande do Norte;Homens;2005;Lesão de trânsito;390;26.3;29.69
RN;Rio Grande do Norte;Homens;2005;Agressão;364;24.55;24.4
RN;Rio Grande do Norte;Homens;2005;Causas acidentais;230;15.51;18.12
RN;Rio Grande do Norte;Homens;2005;Lesão autoprovocada;140;10.42;12.39
RN;Rio Grande do Norte;Homens;2005;Demais causas externas;295;19.9;22.49
RN;Rio Grande do Norte;Homens;2006;Lesão de trânsito;422;28.12;30.39
RN;Rio Grande do Norte;Homens;2006;Agressão;413;27.52;27.79
RN;Rio Grande do Norte;Homens;2006;Causas acidentais;248;16.53;18.8
RN;Rio Grande do Norte;Homens;2006;Lesão autoprovocada;119;8.73;9.67
RN;Rio Grande do Norte;Homens;2006;Demais causas externas;279;18.59;19.5
RN;Rio Grande do Norte;Homens;2007;Lesão de trânsito;406;26.76;29
RN;Rio Grande do Norte;Homens;2007;Agressão;547;36.05;35.69
RN;Rio Grande do Norte;Homens;2007;Causas acidentais;268;17.66;19.41
RN;Rio Grande do Norte;Homens;2007;Lesão autoprovocada;108;7.82;9.09
RN;Rio Grande do Norte;Homens;2007;Demais causas externas;322;21.22;22.59
RN;Rio Grande do Norte;Homens;2008;Lesão de trânsito;409;26.67;29.34
RN;Rio Grande do Norte;Homens;2008;Agressão;655;42.72;41.1
RN;Rio Grande do Norte;Homens;2008;Causas acidentais;281;18.33;20.36
RN;Rio Grande do Norte;Homens;2008;Lesão autoprovocada;119;8.5;9.62
RN;Rio Grande do Norte;Homens;2008;Demais causas externas;320;20.87;23.2
RN;Rio Grande do Norte;Homens;2009;Lesão de trânsito;430;27.76;30.09
RN;Rio Grande do Norte;Homens;2009;Agressão;743;47.96;45.59
RN;Rio Grande do Norte;Homens;2009;Causas acidentais;261;16.85;18.87
RN;Rio Grande do Norte;Homens;2009;Lesão autoprovocada;122;8.61;9.96
RN;Rio Grande do Norte;Homens;2009;Demais causas externas;410;26.47;27.79
RN;Rio Grande do Norte;Homens;2010;Lesão de trânsito;555;35.51;38.52
RN;Rio Grande do Norte;Homens;2010;Agressão;739;47.29;45.52
RN;Rio Grande do Norte;Homens;2010;Causas acidentais;281;17.98;20.84
RN;Rio Grande do Norte;Homens;2010;Lesão autoprovocada;103;7.19;8.3
RN;Rio Grande do Norte;Homens;2010;Demais causas externas;114;7.29;8.65
RN;Rio Grande do Norte;Homens;2011;Lesão de trânsito;503;31.94;34.8
RN;Rio Grande do Norte;Homens;2011;Agressão;978;62.11;58.61
RN;Rio Grande do Norte;Homens;2011;Causas acidentais;278;17.65;20.11
RN;Rio Grande do Norte;Homens;2011;Lesão autoprovocada;143;9.88;10.99
RN;Rio Grande do Norte;Homens;2011;Demais causas externas;175;11.11;12.35
RN;Rio Grande do Norte;Homens;2012;Lesão de trânsito;521;32.84;34.99
RN;Rio Grande do Norte;Homens;2012;Agressão;1059;66.75;62.36
RN;Rio Grande do Norte;Homens;2012;Causas acidentais;284;17.9;20.69
RN;Rio Grande do Norte;Homens;2012;Lesão autoprovocada;131;8.97;10.01
RN;Rio Grande do Norte;Homens;2012;Demais causas externas;236;14.88;16.01
RN;Rio Grande do Norte;Homens;2013;Lesão de trânsito;515;32.23;34.22
RN;Rio Grande do Norte;Homens;2013;Agressão;1356;84.86;78.84
RN;Rio Grande do Norte;Homens;2013;Causas acidentais;223;13.96;15.16
RN;Rio Grande do Norte;Homens;2013;Lesão autoprovocada;129;8.76;9.51
RN;Rio Grande do Norte;Homens;2013;Demais causas externas;190;11.89;13.05
RN;Rio Grande do Norte;Homens;2014;Lesão de trânsito;498;30.95;32.43
RN;Rio Grande do Norte;Homens;2014;Agressão;1500;93.21;85.88
RN;Rio Grande do Norte;Homens;2014;Causas acidentais;261;16.22;17.61
RN;Rio Grande do Norte;Homens;2014;Lesão autoprovocada;142;9.56;10.29
RN;Rio Grande do Norte;Homens;2014;Demais causas externas;178;11.06;11.69
RN;Rio Grande do Norte;Homens;2015;Lesão de trânsito;495;30.55;32.2
RN;Rio Grande do Norte;Homens;2015;Agressão;1453;89.67;83.84
RN;Rio Grande do Norte;Homens;2015;Causas acidentais;236;14.56;15.85
RN;Rio Grande do Norte;Homens;2015;Lesão autoprovocada;128;8.55;9.55
RN;Rio Grande do Norte;Homens;2015;Demais causas externas;184;11.36;12.34
RN;Rio Grande do Norte;Homens;2016;Lesão de trânsito;478;29.32;30.46
RN;Rio Grande do Norte;Homens;2016;Agressão;1752;107.48;100.44
RN;Rio Grande do Norte;Homens;2016;Causas acidentais;207;12.7;14.08
RN;Rio Grande do Norte;Homens;2016;Lesão autoprovocada;146;9.69;10.36
RN;Rio Grande do Norte;Homens;2016;Demais causas externas;240;14.72;15.67
RN;Rio Grande do Norte;Homens;2017;Lesão de trânsito;460;28.08;29.31
RN;Rio Grande do Norte;Homens;2017;Agressão;2051;125.22;117.29
RN;Rio Grande do Norte;Homens;2017;Causas acidentais;206;12.58;13.73
RN;Rio Grande do Norte;Homens;2017;Lesão autoprovocada;142;9.36;9.97
RN;Rio Grande do Norte;Homens;2017;Demais causas externas;267;16.3;17
RN;Rio Grande do Norte;Homens;2018;Lesão de trânsito;438;26.62;27.7
RN;Rio Grande do Norte;Homens;2018;Agressão;1722;104.64;99.17
RN;Rio Grande do Norte;Homens;2018;Causas acidentais;223;13.55;14.73
RN;Rio Grande do Norte;Homens;2018;Lesão autoprovocada;165;10.82;11.24
RN;Rio Grande do Norte;Homens;2018;Demais causas externas;207;12.58;13.09
RN;Rio Grande do Norte;Homens;2019;Lesão de trânsito;404;24.43;25.18
RN;Rio Grande do Norte;Homens;2019;Agressão;1247;75.41;72.24
RN;Rio Grande do Norte;Homens;2019;Causas acidentais;223;13.49;14.43
RN;Rio Grande do Norte;Homens;2019;Lesão autoprovocada;171;11.15;11.75
RN;Rio Grande do Norte;Homens;2019;Demais causas externas;196;11.85;12.59
RN;Rio Grande do Norte;Homens;2020;Lesão de trânsito;401;24.15;24.77
RN;Rio Grande do Norte;Homens;2020;Agressão;1321;79.55;76.76
RN;Rio Grande do Norte;Homens;2020;Causas acidentais;273;16.44;17.55
RN;Rio Grande do Norte;Homens;2020;Lesão autoprovocada;192;12.45;12.91
RN;Rio Grande do Norte;Homens;2020;Demais causas externas;175;10.54;11.23
RN;Rio Grande do Norte;Homens;2021;Lesão de trânsito;386;23.17;23.59
RN;Rio Grande do Norte;Homens;2021;Agressão;1106;66.39;64.47
RN;Rio Grande do Norte;Homens;2021;Causas acidentais;267;16.03;17.02
RN;Rio Grande do Norte;Homens;2021;Lesão autoprovocada;208;13.42;13.67
RN;Rio Grande do Norte;Homens;2021;Demais causas externas;226;13.57;14.11
RN;Rio Grande do Norte;Homens;2022;Lesão de trânsito;345;20.66;20.95
RN;Rio Grande do Norte;Homens;2022;Agressão;1092;65.41;63.7
RN;Rio Grande do Norte;Homens;2022;Causas acidentais;269;16.11;17.09
RN;Rio Grande do Norte;Homens;2022;Lesão autoprovocada;181;11.63;11.94
RN;Rio Grande do Norte;Homens;2022;Demais causas externas;218;13.06;13.46
RN;Rio Grande do Norte;Homens;2023;Lesão de trânsito;360;21.51;21.76
RN;Rio Grande do Norte;Homens;2023;Agressão;851;50.86;49.98
RN;Rio Grande do Norte;Homens;2023;Causas acidentais;317;18.94;19.61
RN;Rio Grande do Norte;Homens;2023;Lesão autoprovocada;233;14.9;14.99
RN;Rio Grande do Norte;Homens;2023;Demais causas externas;155;9.26;9.4
RN;Rio Grande do Norte;Homens;2024;Lesão de trânsito;400;23.84;24.05
RN;Rio Grande do Norte;Homens;2024;Agressão;746;44.46;43.83
RN;Rio Grande do Norte;Homens;2024;Causas acidentais;304;18.12;18.69
RN;Rio Grande do Norte;Homens;2024;Lesão autoprovocada;213;13.55;13.59
RN;Rio Grande do Norte;Homens;2024;Demais causas externas;224;13.35;13.58
RN;Rio Grande do Norte;Homens;2025;Lesão de trânsito;398;23.66;23.59
RN;Rio Grande do Norte;Homens;2025;Agressão;779;46.31;45.8
RN;Rio Grande do Norte;Homens;2025;Causas acidentais;268;15.93;16.25
RN;Rio Grande do Norte;Homens;2025;Lesão autoprovocada;209;13.23;13.29
RN;Rio Grande do Norte;Homens;2025;Demais causas externas;261;15.51;15.57
RN;Rio Grande do Norte;Mulheres;2000;Lesão de trânsito;81;5.56;6.33
RN;Rio Grande do Norte;Mulheres;2000;Agressão;22;1.51;1.45
RN;Rio Grande do Norte;Mulheres;2000;Causas acidentais;55;3.78;3.95
RN;Rio Grande do Norte;Mulheres;2000;Lesão autoprovocada;19;1.45;1.68
RN;Rio Grande do Norte;Mulheres;2000;Demais causas externas;83;5.7;6.97
RN;Rio Grande do Norte;Mulheres;2001;Lesão de trânsito;69;4.67;5.25
RN;Rio Grande do Norte;Mulheres;2001;Agressão;24;1.63;1.6
RN;Rio Grande do Norte;Mulheres;2001;Causas acidentais;58;3.93;4.29
RN;Rio Grande do Norte;Mulheres;2001;Lesão autoprovocada;31;2.33;2.6
RN;Rio Grande do Norte;Mulheres;2001;Demais causas externas;63;4.27;4.94
RN;Rio Grande do Norte;Mulheres;2002;Lesão de trânsito;65;4.35;4.77
RN;Rio Grande do Norte;Mulheres;2002;Agressão;23;1.54;1.52
RN;Rio Grande do Norte;Mulheres;2002;Causas acidentais;64;4.28;4.86
RN;Rio Grande do Norte;Mulheres;2002;Lesão autoprovocada;23;1.7;1.88
RN;Rio Grande do Norte;Mulheres;2002;Demais causas externas;58;3.88;4.43
RN;Rio Grande do Norte;Mulheres;2003;Lesão de trânsito;67;4.42;4.55
RN;Rio Grande do Norte;Mulheres;2003;Agressão;32;2.11;2.25
RN;Rio Grande do Norte;Mulheres;2003;Causas acidentais;58;3.83;4.37
RN;Rio Grande do Norte;Mulheres;2003;Lesão autoprovocada;35;2.54;2.98
RN;Rio Grande do Norte;Mulheres;2003;Demais causas externas;49;3.23;3.8
RN;Rio Grande do Norte;Mulheres;2004;Lesão de trânsito;69;4.5;4.73
RN;Rio Grande do Norte;Mulheres;2004;Agressão;21;1.37;1.39
RN;Rio Grande do Norte;Mulheres;2004;Causas acidentais;53;3.45;3.49
RN;Rio Grande do Norte;Mulheres;2004;Lesão autoprovocada;9;0.64;0.64
RN;Rio Grande do Norte;Mulheres;2004;Demais causas externas;64;4.17;4.59
RN;Rio Grande do Norte;Mulheres;2005;Lesão de trânsito;72;4.64;5.11
RN;Rio Grande do Norte;Mulheres;2005;Agressão;41;2.64;2.71
RN;Rio Grande do Norte;Mulheres;2005;Causas acidentais;64;4.12;4.63
RN;Rio Grande do Norte;Mulheres;2005;Lesão autoprovocada;21;1.48;1.59
RN;Rio Grande do Norte;Mulheres;2005;Demais causas externas;62;3.99;4.49
RN;Rio Grande do Norte;Mulheres;2006;Lesão de trânsito;64;4.07;4.17
RN;Rio Grande do Norte;Mulheres;2006;Agressão;42;2.67;2.66
RN;Rio Grande do Norte;Mulheres;2006;Causas acidentais;63;4.01;4.14
RN;Rio Grande do Norte;Mulheres;2006;Lesão autoprovocada;26;1.81;2.12
RN;Rio Grande do Norte;Mulheres;2006;Demais causas externas;54;3.44;3.83
RN;Rio Grande do Norte;Mulheres;2007;Lesão de trânsito;71;4.47;4.6
RN;Rio Grande do Norte;Mulheres;2007;Agressão;42;2.64;2.62
RN;Rio Grande do Norte;Mulheres;2007;Causas acidentais;70;4.4;4.83
RN;Rio Grande do Norte;Mulheres;2007;Lesão autoprovocada;25;1.71;1.86
RN;Rio Grande do Norte;Mulheres;2007;Demais causas externas;75;4.72;5.28
RN;Rio Grande do Norte;Mulheres;2008;Lesão de trânsito;65;4.04;4.1
RN;Rio Grande do Norte;Mulheres;2008;Agressão;59;3.67;3.51
RN;Rio Grande do Norte;Mulheres;2008;Causas acidentais;87;5.41;5.62
RN;Rio Grande do Norte;Mulheres;2008;Lesão autoprovocada;28;1.89;2.17
RN;Rio Grande do Norte;Mulheres;2008;Demais causas externas;61;3.79;4.05
RN;Rio Grande do Norte;Mulheres;2009;Lesão de trânsito;71;4.37;4.43
RN;Rio Grande do Norte;Mulheres;2009;Agressão;57;3.51;3.4
RN;Rio Grande do Norte;Mulheres;2009;Causas acidentais;74;4.55;4.82
RN;Rio Grande do Norte;Mulheres;2009;Lesão autoprovocada;22;1.47;1.62
RN;Rio Grande do Norte;Mulheres;2009;Demais causas externas;96;5.91;6.35
RN;Rio Grande do Norte;Mulheres;2010;Lesão de trânsito;90;5.49;5.55
RN;Rio Grande do Norte;Mulheres;2010;Agressão;71;4.33;4.25
RN;Rio Grande do Norte;Mulheres;2010;Causas acidentais;123;7.5;7.75
RN;Rio Grande do Norte;Mulheres;2010;Lesão autoprovocada;34;2.24;2.56
RN;Rio Grande do Norte;Mulheres;2010;Demais causas externas;52;3.17;3.33
RN;Rio Grande do Norte;Mulheres;2011;Lesão de trânsito;88;5.32;5.46
RN;Rio Grande do Norte;Mulheres;2011;Agressão;76;4.6;4.45
RN;Rio Grande do Norte;Mulheres;2011;Causas acidentais;77;4.66;4.83
RN;Rio Grande do Norte;Mulheres;2011;Lesão autoprovocada;34;2.22;2.23
RN;Rio Grande do Norte;Mulheres;2011;Demais causas externas;61;3.69;4.01
RN;Rio Grande do Norte;Mulheres;2012;Lesão de trânsito;80;4.8;4.74
RN;Rio Grande do Norte;Mulheres;2012;Agressão;64;3.84;3.87
RN;Rio Grande do Norte;Mulheres;2012;Causas acidentais;69;4.14;4.22
RN;Rio Grande do Norte;Mulheres;2012;Lesão autoprovocada;40;2.59;2.79
RN;Rio Grande do Norte;Mulheres;2012;Demais causas externas;60;3.6;3.74
RN;Rio Grande do Norte;Mulheres;2013;Lesão de trânsito;96;5.72;5.92
RN;Rio Grande do Norte;Mulheres;2013;Agressão;89;5.31;5.12
RN;Rio Grande do Norte;Mulheres;2013;Causas acidentais;76;4.53;4.63
RN;Rio Grande do Norte;Mulheres;2013;Lesão autoprovocada;28;1.8;1.89
RN;Rio Grande do Norte;Mulheres;2013;Demais causas externas;60;3.58;3.73
RN;Rio Grande do Norte;Mulheres;2014;Lesão de trânsito;87;5.15;5.19
RN;Rio Grande do Norte;Mulheres;2014;Agressão;102;6.04;5.75
RN;Rio Grande do Norte;Mulheres;2014;Causas acidentais;107;6.33;6.21
RN;Rio Grande do Norte;Mulheres;2014;Lesão autoprovocada;27;1.72;1.81
RN;Rio Grande do Norte;Mulheres;2014;Demais causas externas;76;4.5;4.64
RN;Rio Grande do Norte;Mulheres;2015;Lesão de trânsito;89;5.23;5.33
RN;Rio Grande do Norte;Mulheres;2015;Agressão;91;5.35;5.21
RN;Rio Grande do Norte;Mulheres;2015;Causas acidentais;99;5.82;5.68
RN;Rio Grande do Norte;Mulheres;2015;Lesão autoprovocada;28;1.77;1.83
RN;Rio Grande do Norte;Mulheres;2015;Demais causas externas;89;5.23;5.28
RN;Rio Grande do Norte;Mulheres;2016;Lesão de trânsito;77;4.5;4.5
RN;Rio Grande do Norte;Mulheres;2016;Agressão;100;5.84;5.67
RN;Rio Grande do Norte;Mulheres;2016;Causas acidentais;69;4.03;3.8
RN;Rio Grande do Norte;Mulheres;2016;Lesão autoprovocada;35;2.19;2.19
RN;Rio Grande do Norte;Mulheres;2016;Demais causas externas;76;4.44;4.38
RN;Rio Grande do Norte;Mulheres;2017;Lesão de trânsito;78;4.53;4.6
RN;Rio Grande do Norte;Mulheres;2017;Agressão;148;8.6;8.33
RN;Rio Grande do Norte;Mulheres;2017;Causas acidentais;102;5.93;5.52
RN;Rio Grande do Norte;Mulheres;2017;Lesão autoprovocada;38;2.37;2.37
RN;Rio Grande do Norte;Mulheres;2017;Demais causas externas;87;5.05;4.9
RN;Rio Grande do Norte;Mulheres;2018;Lesão de trânsito;80;4.62;4.67
RN;Rio Grande do Norte;Mulheres;2018;Agressão;102;5.9;5.78
RN;Rio Grande do Norte;Mulheres;2018;Causas acidentais;100;5.78;5.45
RN;Rio Grande do Norte;Mulheres;2018;Lesão autoprovocada;31;1.92;1.97
RN;Rio Grande do Norte;Mulheres;2018;Demais causas externas;75;4.34;4.08
RN;Rio Grande do Norte;Mulheres;2019;Lesão de trânsito;48;2.76;2.73
RN;Rio Grande do Norte;Mulheres;2019;Agressão;98;5.64;5.55
RN;Rio Grande do Norte;Mulheres;2019;Causas acidentais;100;5.75;5.17
RN;Rio Grande do Norte;Mulheres;2019;Lesão autoprovocada;33;2.03;2.05
RN;Rio Grande do Norte;Mulheres;2019;Demais causas externas;75;4.31;3.99
RN;Rio Grande do Norte;Mulheres;2020;Lesão de trânsito;46;2.63;2.65
RN;Rio Grande do Norte;Mulheres;2020;Agressão;81;4.64;4.65
RN;Rio Grande do Norte;Mulheres;2020;Causas acidentais;116;6.64;5.89
RN;Rio Grande do Norte;Mulheres;2020;Lesão autoprovocada;43;2.63;2.63
RN;Rio Grande do Norte;Mulheres;2020;Demais causas externas;81;4.64;4.31
RN;Rio Grande do Norte;Mulheres;2021;Lesão de trânsito;51;2.91;2.87
RN;Rio Grande do Norte;Mulheres;2021;Agressão;70;3.99;3.98
RN;Rio Grande do Norte;Mulheres;2021;Causas acidentais;129;7.36;6.3
RN;Rio Grande do Norte;Mulheres;2021;Lesão autoprovocada;46;2.8;2.84
RN;Rio Grande do Norte;Mulheres;2021;Demais causas externas;87;4.96;4.57
RN;Rio Grande do Norte;Mulheres;2022;Lesão de trânsito;51;2.9;2.87
RN;Rio Grande do Norte;Mulheres;2022;Agressão;71;4.04;4.04
RN;Rio Grande do Norte;Mulheres;2022;Causas acidentais;126;7.17;6.23
RN;Rio Grande do Norte;Mulheres;2022;Lesão autoprovocada;57;3.45;3.45
RN;Rio Grande do Norte;Mulheres;2022;Demais causas externas;94;5.35;4.71
RN;Rio Grande do Norte;Mulheres;2023;Lesão de trânsito;52;2.95;2.91
RN;Rio Grande do Norte;Mulheres;2023;Agressão;63;3.57;3.55
RN;Rio Grande do Norte;Mulheres;2023;Causas acidentais;132;7.49;6.33
RN;Rio Grande do Norte;Mulheres;2023;Lesão autoprovocada;50;3.01;3.02
RN;Rio Grande do Norte;Mulheres;2023;Demais causas externas;38;2.16;1.99
RN;Rio Grande do Norte;Mulheres;2024;Lesão de trânsito;76;4.3;4.19
RN;Rio Grande do Norte;Mulheres;2024;Agressão;50;2.83;2.85
RN;Rio Grande do Norte;Mulheres;2024;Causas acidentais;189;10.69;8.79
RN;Rio Grande do Norte;Mulheres;2024;Lesão autoprovocada;51;3.06;3.03
RN;Rio Grande do Norte;Mulheres;2024;Demais causas externas;99;5.6;4.92
RN;Rio Grande do Norte;Mulheres;2025;Lesão de trânsito;63;3.55;3.5
RN;Rio Grande do Norte;Mulheres;2025;Agressão;64;3.61;3.73
RN;Rio Grande do Norte;Mulheres;2025;Causas acidentais;170;9.59;7.76
RN;Rio Grande do Norte;Mulheres;2025;Lesão autoprovocada;54;3.22;3.11
RN;Rio Grande do Norte;Mulheres;2025;Demais causas externas;106;5.98;5.08
RO;Rondônia;Ambos;2000;Lesão de trânsito;321;23.32;29.76
RO;Rondônia;Ambos;2000;Agressão;466;33.85;36.95
RO;Rondônia;Ambos;2000;Causas acidentais;309;22.45;27.28
RO;Rondônia;Ambos;2000;Lesão autoprovocada;76;6.25;6.87
RO;Rondônia;Ambos;2000;Demais causas externas;49;3.56;5.31
RO;Rondônia;Ambos;2001;Lesão de trânsito;311;22.26;27.57
RO;Rondônia;Ambos;2001;Agressão;573;41.01;45.32
RO;Rondônia;Ambos;2001;Causas acidentais;292;20.9;26.4
RO;Rondônia;Ambos;2001;Lesão autoprovocada;76;6.14;7.01
RO;Rondônia;Ambos;2001;Demais causas externas;106;7.59;10.49
RO;Rondônia;Ambos;2002;Lesão de trânsito;356;25.1;29.49
RO;Rondônia;Ambos;2002;Agressão;615;43.37;45.46
RO;Rondônia;Ambos;2002;Causas acidentais;320;22.57;24.95
RO;Rondônia;Ambos;2002;Lesão autoprovocada;44;3.49;3.86
RO;Rondônia;Ambos;2002;Demais causas externas;155;10.93;13.64
RO;Rondônia;Ambos;2003;Lesão de trânsito;373;25.92;31.34
RO;Rondônia;Ambos;2003;Agressão;566;39.33;41.9
RO;Rondônia;Ambos;2003;Causas acidentais;278;19.32;22.07
RO;Rondônia;Ambos;2003;Lesão autoprovocada;53;4.13;4.77
RO;Rondônia;Ambos;2003;Demais causas externas;140;9.73;12
RO;Rondônia;Ambos;2004;Lesão de trânsito;356;24.37;28.52
RO;Rondônia;Ambos;2004;Agressão;563;38.54;39.26
RO;Rondônia;Ambos;2004;Causas acidentais;269;18.41;20.09
RO;Rondônia;Ambos;2004;Lesão autoprovocada;63;4.82;5.91
RO;Rondônia;Ambos;2004;Demais causas externas;163;11.16;12.82
RO;Rondônia;Ambos;2005;Lesão de trânsito;354;23.88;27.64
RO;Rondônia;Ambos;2005;Agressão;555;37.43;38.12
RO;Rondônia;Ambos;2005;Causas acidentais;277;18.68;21.5
RO;Rondônia;Ambos;2005;Lesão autoprovocada;64;4.81;5.3
RO;Rondônia;Ambos;2005;Demais causas externas;158;10.66;13.96
RO;Rondônia;Ambos;2006;Lesão de trânsito;420;27.92;33.65
RO;Rondônia;Ambos;2006;Agressão;584;38.82;40.54
RO;Rondônia;Ambos;2006;Causas acidentais;226;15.02;18.31
RO;Rondônia;Ambos;2006;Lesão autoprovocada;62;4.58;5.6
RO;Rondônia;Ambos;2006;Demais causas externas;85;5.65;7.33
RO;Rondônia;Ambos;2007;Lesão de trânsito;369;24.17;30.05
RO;Rondônia;Ambos;2007;Agressão;432;28.3;28.43
RO;Rondônia;Ambos;2007;Causas acidentais;207;13.56;16.86
RO;Rondônia;Ambos;2007;Lesão autoprovocada;42;3.04;3.31
RO;Rondônia;Ambos;2007;Demais causas externas;62;4.06;5.04
RO;Rondônia;Ambos;2008;Lesão de trânsito;464;29.97;36.03
RO;Rondônia;Ambos;2008;Agressão;480;31.01;32.22
RO;Rondônia;Ambos;2008;Causas acidentais;210;13.57;16.41
RO;Rondônia;Ambos;2008;Lesão autoprovocada;76;5.41;5.81
RO;Rondônia;Ambos;2008;Demais causas externas;76;4.91;6.14
RO;Rondônia;Ambos;2009;Lesão de trânsito;506;32.23;36.79
RO;Rondônia;Ambos;2009;Agressão;538;34.27;34.94
RO;Rondônia;Ambos;2009;Causas acidentais;219;13.95;16.67
RO;Rondônia;Ambos;2009;Lesão autoprovocada;85;5.95;6.11
RO;Rondônia;Ambos;2009;Demais causas externas;88;5.61;7.52
RO;Rondônia;Ambos;2010;Lesão de trânsito;612;38.54;44.17
RO;Rondônia;Ambos;2010;Agressão;545;34.32;34.76
RO;Rondônia;Ambos;2010;Causas acidentais;214;13.48;17.4
RO;Rondônia;Ambos;2010;Lesão autoprovocada;82;5.66;5.66
RO;Rondônia;Ambos;2010;Demais causas externas;75;4.72;6.7
RO;Rondônia;Ambos;2011;Lesão de trânsito;592;36.92;42.6
RO;Rondônia;Ambos;2011;Agressão;448;27.94;28.08
RO;Rondônia;Ambos;2011;Causas acidentais;221;13.78;16.15
RO;Rondônia;Ambos;2011;Lesão autoprovocada;78;5.32;5.27
RO;Rondônia;Ambos;2011;Demais causas externas;58;3.62;4.42
RO;Rondônia;Ambos;2012;Lesão de trânsito;665;41.05;45.96
RO;Rondônia;Ambos;2012;Agressão;524;32.35;31.76
RO;Rondônia;Ambos;2012;Causas acidentais;252;15.56;19
RO;Rondônia;Ambos;2012;Lesão autoprovocada;73;4.93;5.07
RO;Rondônia;Ambos;2012;Demais causas externas;52;3.21;4.14
RO;Rondônia;Ambos;2013;Lesão de trânsito;546;33.37;37.6
RO;Rondônia;Ambos;2013;Agressão;481;29.4;29.06
RO;Rondônia;Ambos;2013;Causas acidentais;247;15.1;19.58
RO;Rondônia;Ambos;2013;Lesão autoprovocada;86;5.74;5.74
RO;Rondônia;Ambos;2013;Demais causas externas;46;2.81;3.3
RO;Rondônia;Ambos;2014;Lesão de trânsito;540;32.69;37.58
RO;Rondônia;Ambos;2014;Agressão;577;34.93;34.57
RO;Rondônia;Ambos;2014;Causas acidentais;246;14.89;18.12
RO;Rondônia;Ambos;2014;Lesão autoprovocada;84;5.55;5.71
RO;Rondônia;Ambos;2014;Demais causas externas;32;1.94;2.05
RO;Rondônia;Ambos;2015;Lesão de trânsito;506;30.36;32.92
RO;Rondônia;Ambos;2015;Agressão;600;35.99;34.97
RO;Rondônia;Ambos;2015;Causas acidentais;254;15.24;19.13
RO;Rondônia;Ambos;2015;Lesão autoprovocada;109;7.13;7.3
RO;Rondônia;Ambos;2015;Demais causas externas;39;2.34;2.56
RO;Rondônia;Ambos;2016;Lesão de trânsito;483;28.75;31.58
RO;Rondônia;Ambos;2016;Agressão;700;41.66;40.6
RO;Rondônia;Ambos;2016;Causas acidentais;250;14.88;19.9
RO;Rondônia;Ambos;2016;Lesão autoprovocada;103;6.67;7.28
RO;Rondônia;Ambos;2016;Demais causas externas;35;2.08;2.22
RO;Rondônia;Ambos;2017;Lesão de trânsito;491;29.03;30.63
RO;Rondônia;Ambos;2017;Agressão;554;32.75;31.81
RO;Rondônia;Ambos;2017;Causas acidentais;264;15.61;20.19
RO;Rondônia;Ambos;2017;Lesão autoprovocada;113;7.26;7.61
RO;Rondônia;Ambos;2017;Demais causas externas;36;2.13;2.54
RO;Rondônia;Ambos;2018;Lesão de trânsito;401;23.56;25.56
RO;Rondônia;Ambos;2018;Agressão;475;27.91;27.43
RO;Rondônia;Ambos;2018;Causas acidentais;256;15.04;18.24
RO;Rondônia;Ambos;2018;Lesão autoprovocada;125;7.98;8.05
RO;Rondônia;Ambos;2018;Demais causas externas;33;1.94;1.92
RO;Rondônia;Ambos;2019;Lesão de trânsito;397;23.18;24.85
RO;Rondônia;Ambos;2019;Agressão;447;26.1;26.02
RO;Rondônia;Ambos;2019;Causas acidentais;252;14.71;16.97
RO;Rondônia;Ambos;2019;Lesão autoprovocada;140;8.87;8.86
RO;Rondônia;Ambos;2019;Demais causas externas;78;4.55;5.88
RO;Rondônia;Ambos;2020;Lesão de trânsito;419;24.32;25.26
RO;Rondônia;Ambos;2020;Agressão;456;26.47;26.13
RO;Rondônia;Ambos;2020;Causas acidentais;257;14.92;16.78
RO;Rondônia;Ambos;2020;Lesão autoprovocada;139;8.74;9
RO;Rondônia;Ambos;2020;Demais causas externas;107;6.21;7.09
RO;Rondônia;Ambos;2021;Lesão de trânsito;460;26.6;27.75
RO;Rondônia;Ambos;2021;Agressão;535;30.93;30.64
RO;Rondônia;Ambos;2021;Causas acidentais;255;14.74;16.65
RO;Rondônia;Ambos;2021;Lesão autoprovocada;145;9.07;9.09
RO;Rondônia;Ambos;2021;Demais causas externas;103;5.96;7.23
RO;Rondônia;Ambos;2022;Lesão de trânsito;496;28.59;29.99
RO;Rondônia;Ambos;2022;Agressão;598;34.47;34.22
RO;Rondônia;Ambos;2022;Causas acidentais;273;15.74;18.44
RO;Rondônia;Ambos;2022;Lesão autoprovocada;150;9.34;9.41
RO;Rondônia;Ambos;2022;Demais causas externas;82;4.73;5.24
RO;Rondônia;Ambos;2023;Lesão de trânsito;479;27.52;28.23
RO;Rondônia;Ambos;2023;Agressão;547;31.43;31.02
RO;Rondônia;Ambos;2023;Causas acidentais;256;14.71;16.59
RO;Rondônia;Ambos;2023;Lesão autoprovocada;156;9.66;9.8
RO;Rondônia;Ambos;2023;Demais causas externas;99;5.69;6.67
RO;Rondônia;Ambos;2024;Lesão de trânsito;557;31.9;32.8
RO;Rondônia;Ambos;2024;Agressão;520;29.78;29.24
RO;Rondônia;Ambos;2024;Causas acidentais;257;14.72;16.39
RO;Rondônia;Ambos;2024;Lesão autoprovocada;174;10.71;10.76
RO;Rondônia;Ambos;2024;Demais causas externas;84;4.81;5.25
RO;Rondônia;Ambos;2025;Lesão de trânsito;517;29.51;30.06
RO;Rondônia;Ambos;2025;Agressão;503;28.71;28.61
RO;Rondônia;Ambos;2025;Causas acidentais;302;17.24;18.56
RO;Rondônia;Ambos;2025;Lesão autoprovocada;152;9.31;9.53
RO;Rondônia;Ambos;2025;Demais causas externas;105;5.99;6.54
RO;Rondônia;Homens;2000;Lesão de trânsito;257;36.62;44.53
RO;Rondônia;Homens;2000;Agressão;419;59.7;64.34
RO;Rondônia;Homens;2000;Causas acidentais;265;37.76;45.19
RO;Rondônia;Homens;2000;Lesão autoprovocada;63;10.14;11.35
RO;Rondônia;Homens;2000;Demais causas externas;43;6.13;8.58
RO;Rondônia;Homens;2001;Lesão de trânsito;250;35.12;43.33
RO;Rondônia;Homens;2001;Agressão;508;71.37;79.48
RO;Rondônia;Homens;2001;Causas acidentais;249;34.98;41.9
RO;Rondônia;Homens;2001;Lesão autoprovocada;59;9.34;10.66
RO;Rondônia;Homens;2001;Demais causas externas;88;12.36;15.87
RO;Rondônia;Homens;2002;Lesão de trânsito;278;38.52;44.43
RO;Rondônia;Homens;2002;Agressão;569;78.83;82.06
RO;Rondônia;Homens;2002;Causas acidentais;268;37.13;41.28
RO;Rondônia;Homens;2002;Lesão autoprovocada;26;4.05;4.7
RO;Rondônia;Homens;2002;Demais causas externas;133;18.43;22.22
RO;Rondônia;Homens;2003;Lesão de trânsito;298;40.71;47.61
RO;Rondônia;Homens;2003;Agressão;514;70.22;74.85
RO;Rondônia;Homens;2003;Causas acidentais;251;34.29;38.84
RO;Rondônia;Homens;2003;Lesão autoprovocada;42;6.44;7.48
RO;Rondônia;Homens;2003;Demais causas externas;115;15.71;18.8
RO;Rondônia;Homens;2004;Lesão de trânsito;287;38.66;45.38
RO;Rondônia;Homens;2004;Agressão;529;71.26;72.4
RO;Rondônia;Homens;2004;Causas acidentais;239;32.2;33.77
RO;Rondônia;Homens;2004;Lesão autoprovocada;50;7.53;9.33
RO;Rondônia;Homens;2004;Demais causas externas;126;16.97;18.64
RO;Rondônia;Homens;2005;Lesão de trânsito;280;37.19;42.06
RO;Rondônia;Homens;2005;Agressão;506;67.21;68.22
RO;Rondônia;Homens;2005;Causas acidentais;237;31.48;35.51
RO;Rondônia;Homens;2005;Lesão autoprovocada;51;7.56;8.47
RO;Rondônia;Homens;2005;Demais causas externas;127;16.87;20.81
RO;Rondônia;Homens;2006;Lesão de trânsito;328;42.96;52.11
RO;Rondônia;Homens;2006;Agressão;530;69.41;72.57
RO;Rondônia;Homens;2006;Causas acidentais;190;24.88;28.61
RO;Rondônia;Homens;2006;Lesão autoprovocada;52;7.57;9.51
RO;Rondônia;Homens;2006;Demais causas externas;62;8.12;9.74
RO;Rondônia;Homens;2007;Lesão de trânsito;301;38.88;48.9
RO;Rondônia;Homens;2007;Agressão;404;52.18;52.05
RO;Rondônia;Homens;2007;Causas acidentais;174;22.47;26.46
RO;Rondônia;Homens;2007;Lesão autoprovocada;32;4.58;5.01
RO;Rondônia;Homens;2007;Demais causas externas;53;6.85;8.04
RO;Rondônia;Homens;2008;Lesão de trânsito;388;49.43;59.31
RO;Rondônia;Homens;2008;Agressão;440;56.06;57.81
RO;Rondônia;Homens;2008;Causas acidentais;162;20.64;23.82
RO;Rondônia;Homens;2008;Lesão autoprovocada;64;9;9.69
RO;Rondônia;Homens;2008;Demais causas externas;56;7.13;8.45
RO;Rondônia;Homens;2009;Lesão de trânsito;422;53.05;59.91
RO;Rondônia;Homens;2009;Agressão;486;61.09;62.36
RO;Rondônia;Homens;2009;Causas acidentais;189;23.76;26.97
RO;Rondônia;Homens;2009;Lesão autoprovocada;61;8.43;8.58
RO;Rondônia;Homens;2009;Demais causas externas;67;8.42;11.19
RO;Rondônia;Homens;2010;Lesão de trânsito;492;61.18;69.54
RO;Rondônia;Homens;2010;Agressão;507;63.04;63.79
RO;Rondônia;Homens;2010;Causas acidentais;183;22.75;28.04
RO;Rondônia;Homens;2010;Lesão autoprovocada;63;8.59;8.58
RO;Rondônia;Homens;2010;Demais causas externas;50;6.22;8.04
RO;Rondônia;Homens;2011;Lesão de trânsito;483;59.5;68.67
RO;Rondônia;Homens;2011;Agressão;399;49.16;49.88
RO;Rondônia;Homens;2011;Causas acidentais;188;23.16;25.61
RO;Rondônia;Homens;2011;Lesão autoprovocada;54;7.29;7.34
RO;Rondônia;Homens;2011;Demais causas externas;41;5.05;5.8
RO;Rondônia;Homens;2012;Lesão de trânsito;540;65.87;72.45
RO;Rondônia;Homens;2012;Agressão;474;57.82;57.19
RO;Rondônia;Homens;2012;Causas acidentais;212;25.86;29.85
RO;Rondônia;Homens;2012;Lesão autoprovocada;60;8.01;8.23
RO;Rondônia;Homens;2012;Demais causas externas;34;4.15;4.99
RO;Rondônia;Homens;2013;Lesão de trânsito;430;51.94;57.68
RO;Rondônia;Homens;2013;Agressão;431;52.06;51.5
RO;Rondônia;Homens;2013;Causas acidentais;203;24.52;30.43
RO;Rondônia;Homens;2013;Lesão autoprovocada;71;9.38;9.51
RO;Rondônia;Homens;2013;Demais causas externas;31;3.74;4.22
RO;Rondônia;Homens;2014;Lesão de trânsito;459;54.93;63.34
RO;Rondônia;Homens;2014;Agressão;520;62.22;62.28
RO;Rondônia;Homens;2014;Causas acidentais;201;24.05;28.01
RO;Rondônia;Homens;2014;Lesão autoprovocada;61;7.98;8.34
RO;Rondônia;Homens;2014;Demais causas externas;22;2.63;2.51
RO;Rondônia;Homens;2015;Lesão de trânsito;408;48.4;52.51
RO;Rondônia;Homens;2015;Agressão;537;63.7;62.21
RO;Rondônia;Homens;2015;Causas acidentais;201;23.84;27.96
RO;Rondônia;Homens;2015;Lesão autoprovocada;86;11.13;11.32
RO;Rondônia;Homens;2015;Demais causas externas;35;4.15;4.53
RO;Rondônia;Homens;2016;Lesão de trânsito;398;46.86;51.56
RO;Rondônia;Homens;2016;Agressão;646;76.05;74.47
RO;Rondônia;Homens;2016;Causas acidentais;192;22.6;27.9
RO;Rondônia;Homens;2016;Lesão autoprovocada;80;10.27;11.36
RO;Rondônia;Homens;2016;Demais causas externas;31;3.65;3.96
RO;Rondônia;Homens;2017;Lesão de trânsito;411;48.08;51.36
RO;Rondônia;Homens;2017;Agressão;491;57.44;55.96
RO;Rondônia;Homens;2017;Causas acidentais;205;23.98;28.88
RO;Rondônia;Homens;2017;Lesão autoprovocada;86;10.95;11.61
RO;Rondônia;Homens;2017;Demais causas externas;32;3.74;4.22
RO;Rondônia;Homens;2018;Lesão de trânsito;314;36.52;39.78
RO;Rondônia;Homens;2018;Agressão;431;50.13;49.83
RO;Rondônia;Homens;2018;Causas acidentais;208;24.19;27.54
RO;Rondônia;Homens;2018;Lesão autoprovocada;91;11.51;11.85
RO;Rondônia;Homens;2018;Demais causas externas;27;3.14;3.2
RO;Rondônia;Homens;2019;Lesão de trânsito;315;36.43;39.12
RO;Rondônia;Homens;2019;Agressão;401;46.38;46.6
RO;Rondônia;Homens;2019;Causas acidentais;196;22.67;25.04
RO;Rondônia;Homens;2019;Lesão autoprovocada;105;13.2;13.2
RO;Rondônia;Homens;2019;Demais causas externas;45;5.2;6.34
RO;Rondônia;Homens;2020;Lesão de trânsito;350;40.26;42.19
RO;Rondônia;Homens;2020;Agressão;402;46.24;45.79
RO;Rondônia;Homens;2020;Causas acidentais;212;24.39;26.69
RO;Rondônia;Homens;2020;Lesão autoprovocada;112;13.98;14.57
RO;Rondônia;Homens;2020;Demais causas externas;83;9.55;10.58
RO;Rondônia;Homens;2021;Lesão de trânsito;385;44.16;46.11
RO;Rondônia;Homens;2021;Agressão;481;55.17;54.68
RO;Rondônia;Homens;2021;Causas acidentais;214;24.54;27.07
RO;Rondônia;Homens;2021;Lesão autoprovocada;109;13.55;13.71
RO;Rondônia;Homens;2021;Demais causas externas;74;8.49;9.76
RO;Rondônia;Homens;2022;Lesão de trânsito;410;46.94;49.36
RO;Rondônia;Homens;2022;Agressão;533;61.02;60.91
RO;Rondônia;Homens;2022;Causas acidentais;206;23.58;26.51
RO;Rondônia;Homens;2022;Lesão autoprovocada;113;14;14.29
RO;Rondônia;Homens;2022;Demais causas externas;57;6.53;7.08
RO;Rondônia;Homens;2023;Lesão de trânsito;391;44.65;45.92
RO;Rondônia;Homens;2023;Agressão;493;56.3;55.71
RO;Rondônia;Homens;2023;Causas acidentais;200;22.84;25.28
RO;Rondônia;Homens;2023;Lesão autoprovocada;127;15.66;16.11
RO;Rondônia;Homens;2023;Demais causas externas;71;8.11;9.29
RO;Rondônia;Homens;2024;Lesão de trânsito;430;48.97;50.7
RO;Rondônia;Homens;2024;Agressão;469;53.41;52.81
RO;Rondônia;Homens;2024;Causas acidentais;196;22.32;24.35
RO;Rondônia;Homens;2024;Lesão autoprovocada;134;16.43;16.58
RO;Rondônia;Homens;2024;Demais causas externas;54;6.15;6.54
RO;Rondônia;Homens;2025;Lesão de trânsito;422;47.93;49.12
RO;Rondônia;Homens;2025;Agressão;451;51.23;51.18
RO;Rondônia;Homens;2025;Causas acidentais;237;26.92;28.91
RO;Rondônia;Homens;2025;Lesão autoprovocada;113;13.79;14.31
RO;Rondônia;Homens;2025;Demais causas externas;78;8.86;9.59
RO;Rondônia;Mulheres;2000;Lesão de trânsito;63;9.34;13.62
RO;Rondônia;Mulheres;2000;Agressão;46;6.82;7.48
RO;Rondônia;Mulheres;2000;Causas acidentais;44;6.52;7.69
RO;Rondônia;Mulheres;2000;Lesão autoprovocada;13;2.19;1.94
RO;Rondônia;Mulheres;2000;Demais causas externas;6;0.89;1.79
RO;Rondônia;Mulheres;2001;Lesão de trânsito;61;8.9;10.25
RO;Rondônia;Mulheres;2001;Agressão;65;9.48;8.85
RO;Rondônia;Mulheres;2001;Causas acidentais;43;6.27;9.36
RO;Rondônia;Mulheres;2001;Lesão autoprovocada;17;2.8;3.08
RO;Rondônia;Mulheres;2001;Demais causas externas;18;2.63;4.6
RO;Rondônia;Mulheres;2002;Lesão de trânsito;78;11.2;13.52
RO;Rondônia;Mulheres;2002;Agressão;44;6.32;6.55
RO;Rondônia;Mulheres;2002;Causas acidentais;52;7.47;7.44
RO;Rondônia;Mulheres;2002;Lesão autoprovocada;18;2.91;2.95
RO;Rondônia;Mulheres;2002;Demais causas externas;22;3.16;4.41
RO;Rondônia;Mulheres;2003;Lesão de trânsito;75;10.6;14.06
RO;Rondônia;Mulheres;2003;Agressão;51;7.21;7.06
RO;Rondônia;Mulheres;2003;Causas acidentais;27;3.82;4.14
RO;Rondônia;Mulheres;2003;Lesão autoprovocada;11;1.75;1.86
RO;Rondônia;Mulheres;2003;Demais causas externas;25;3.53;4.67
RO;Rondônia;Mulheres;2004;Lesão de trânsito;69;9.6;10.39
RO;Rondônia;Mulheres;2004;Agressão;33;4.59;4.69
RO;Rondônia;Mulheres;2004;Causas acidentais;30;4.18;5.75
RO;Rondônia;Mulheres;2004;Lesão autoprovocada;13;2.02;2.07
RO;Rondônia;Mulheres;2004;Demais causas externas;36;5.01;6.77
RO;Rondônia;Mulheres;2005;Lesão de trânsito;74;10.14;12.48
RO;Rondônia;Mulheres;2005;Agressão;49;6.72;6.65
RO;Rondônia;Mulheres;2005;Causas acidentais;40;5.48;6.69
RO;Rondônia;Mulheres;2005;Lesão autoprovocada;13;1.98;1.84
RO;Rondônia;Mulheres;2005;Demais causas externas;30;4.11;6.65
RO;Rondônia;Mulheres;2006;Lesão de trânsito;91;12.28;13.85
RO;Rondônia;Mulheres;2006;Agressão;51;6.88;7.02
RO;Rondônia;Mulheres;2006;Causas acidentais;36;4.86;7.44
RO;Rondônia;Mulheres;2006;Lesão autoprovocada;10;1.5;1.38
RO;Rondônia;Mulheres;2006;Demais causas externas;23;3.1;4.74
RO;Rondônia;Mulheres;2007;Lesão de trânsito;68;9.04;9.79
RO;Rondônia;Mulheres;2007;Agressão;28;3.72;4.07
RO;Rondônia;Mulheres;2007;Causas acidentais;33;4.39;6.71
RO;Rondônia;Mulheres;2007;Lesão autoprovocada;10;1.47;1.52
RO;Rondônia;Mulheres;2007;Demais causas externas;9;1.2;1.87
RO;Rondônia;Mulheres;2008;Lesão de trânsito;76;9.96;11.42
RO;Rondônia;Mulheres;2008;Agressão;39;5.11;5.7
RO;Rondônia;Mulheres;2008;Causas acidentais;48;6.29;8.65
RO;Rondônia;Mulheres;2008;Lesão autoprovocada;12;1.73;1.74
RO;Rondônia;Mulheres;2008;Demais causas externas;20;2.62;3.71
RO;Rondônia;Mulheres;2009;Lesão de trânsito;84;10.85;12.63
RO;Rondônia;Mulheres;2009;Agressão;51;6.59;6.84
RO;Rondônia;Mulheres;2009;Causas acidentais;29;3.75;5.82
RO;Rondônia;Mulheres;2009;Lesão autoprovocada;24;3.4;3.57
RO;Rondônia;Mulheres;2009;Demais causas externas;21;2.71;3.66
RO;Rondônia;Mulheres;2010;Lesão de trânsito;120;15.31;17.8
RO;Rondônia;Mulheres;2010;Agressão;37;4.72;4.97
RO;Rondônia;Mulheres;2010;Causas acidentais;31;3.96;6.24
RO;Rondônia;Mulheres;2010;Lesão autoprovocada;19;2.66;2.69
RO;Rondônia;Mulheres;2010;Demais causas externas;25;3.19;5.3
RO;Rondônia;Mulheres;2011;Lesão de trânsito;108;13.64;15.53
RO;Rondônia;Mulheres;2011;Agressão;48;6.06;5.84
RO;Rondônia;Mulheres;2011;Causas acidentais;33;4.17;6.39
RO;Rondônia;Mulheres;2011;Lesão autoprovocada;24;3.31;3.12
RO;Rondônia;Mulheres;2011;Demais causas externas;17;2.15;3.02
RO;Rondônia;Mulheres;2012;Lesão de trânsito;124;15.5;18.8
RO;Rondônia;Mulheres;2012;Agressão;50;6.25;5.85
RO;Rondônia;Mulheres;2012;Causas acidentais;40;5;7.85
RO;Rondônia;Mulheres;2012;Lesão autoprovocada;13;1.77;1.84
RO;Rondônia;Mulheres;2012;Demais causas externas;18;2.25;3.27
RO;Rondônia;Mulheres;2013;Lesão de trânsito;116;14.35;17.02
RO;Rondônia;Mulheres;2013;Agressão;50;6.19;6.29
RO;Rondônia;Mulheres;2013;Causas acidentais;44;5.44;8.32
RO;Rondônia;Mulheres;2013;Lesão autoprovocada;15;2.03;1.9
RO;Rondônia;Mulheres;2013;Demais causas externas;15;1.86;2.37
RO;Rondônia;Mulheres;2014;Lesão de trânsito;81;9.92;11.16
RO;Rondônia;Mulheres;2014;Agressão;56;6.86;6.46
RO;Rondônia;Mulheres;2014;Causas acidentais;45;5.51;7.96
RO;Rondônia;Mulheres;2014;Lesão autoprovocada;23;3.07;3.08
RO;Rondônia;Mulheres;2014;Demais causas externas;9;1.1;1.6
RO;Rondônia;Mulheres;2015;Lesão de trânsito;98;11.9;13.02
RO;Rondônia;Mulheres;2015;Agressão;63;7.65;7.38
RO;Rondônia;Mulheres;2015;Causas acidentais;53;6.43;10.14
RO;Rondônia;Mulheres;2015;Lesão autoprovocada;23;3.04;3.23
RO;Rondônia;Mulheres;2015;Demais causas externas;4;0.49;0.54
RO;Rondônia;Mulheres;2016;Lesão de trânsito;85;10.23;11.23
RO;Rondônia;Mulheres;2016;Agressão;54;6.5;6.38
RO;Rondônia;Mulheres;2016;Causas acidentais;58;6.98;11.68
RO;Rondônia;Mulheres;2016;Lesão autoprovocada;23;3.01;3.12
RO;Rondônia;Mulheres;2016;Demais causas externas;4;0.48;0.45
RO;Rondônia;Mulheres;2017;Lesão de trânsito;77;9.2;9.58
RO;Rondônia;Mulheres;2017;Agressão;62;7.41;7.47
RO;Rondônia;Mulheres;2017;Causas acidentais;59;7.05;11.3
RO;Rondônia;Mulheres;2017;Lesão autoprovocada;27;3.5;3.54
RO;Rondônia;Mulheres;2017;Demais causas externas;4;0.48;0.82
RO;Rondônia;Mulheres;2018;Lesão de trânsito;86;10.21;11.07
RO;Rondônia;Mulheres;2018;Agressão;42;4.99;4.85
RO;Rondônia;Mulheres;2018;Causas acidentais;48;5.7;8.73
RO;Rondônia;Mulheres;2018;Lesão autoprovocada;34;4.38;4.22
RO;Rondônia;Mulheres;2018;Demais causas externas;6;0.71;0.64
RO;Rondônia;Mulheres;2019;Lesão de trânsito;82;9.67;10.45
RO;Rondônia;Mulheres;2019;Agressão;43;5.07;5.2
RO;Rondônia;Mulheres;2019;Causas acidentais;56;6.6;8.83
RO;Rondônia;Mulheres;2019;Lesão autoprovocada;35;4.47;4.48
RO;Rondônia;Mulheres;2019;Demais causas externas;33;3.89;5.37
RO;Rondônia;Mulheres;2020;Lesão de trânsito;69;8.08;8.22
RO;Rondônia;Mulheres;2020;Agressão;54;6.33;6.4
RO;Rondônia;Mulheres;2020;Causas acidentais;44;5.16;6.78
RO;Rondônia;Mulheres;2020;Lesão autoprovocada;27;3.42;3.37
RO;Rondônia;Mulheres;2020;Demais causas externas;24;2.81;3.58
RO;Rondônia;Mulheres;2021;Lesão de trânsito;75;8.74;9.31
RO;Rondônia;Mulheres;2021;Agressão;54;6.3;6.45
RO;Rondônia;Mulheres;2021;Causas acidentais;41;4.78;6.19
RO;Rondônia;Mulheres;2021;Lesão autoprovocada;36;4.54;4.47
RO;Rondônia;Mulheres;2021;Demais causas externas;29;3.38;4.67
RO;Rondônia;Mulheres;2022;Lesão de trânsito;86;9.99;10.6
RO;Rondônia;Mulheres;2022;Agressão;65;7.55;7.51
RO;Rondônia;Mulheres;2022;Causas acidentais;67;7.78;10.32
RO;Rondônia;Mulheres;2022;Lesão autoprovocada;37;4.64;4.53
RO;Rondônia;Mulheres;2022;Demais causas externas;25;2.9;3.41
RO;Rondônia;Mulheres;2023;Lesão de trânsito;88;10.18;10.54
RO;Rondônia;Mulheres;2023;Agressão;54;6.25;6.29
RO;Rondônia;Mulheres;2023;Causas acidentais;56;6.48;7.9
RO;Rondônia;Mulheres;2023;Lesão autoprovocada;29;3.61;3.51
RO;Rondônia;Mulheres;2023;Demais causas externas;28;3.24;4.07
RO;Rondônia;Mulheres;2024;Lesão de trânsito;127;14.63;14.99
RO;Rondônia;Mulheres;2024;Agressão;49;5.64;5.63
RO;Rondônia;Mulheres;2024;Causas acidentais;59;6.8;8.31
RO;Rondônia;Mulheres;2024;Lesão autoprovocada;40;4.95;4.91
RO;Rondônia;Mulheres;2024;Demais causas externas;30;3.46;3.93
RO;Rondônia;Mulheres;2025;Lesão de trânsito;95;10.9;11.08
RO;Rondônia;Mulheres;2025;Agressão;52;5.97;5.99
RO;Rondônia;Mulheres;2025;Causas acidentais;63;7.23;8.24
RO;Rondônia;Mulheres;2025;Lesão autoprovocada;39;4.79;4.79
RO;Rondônia;Mulheres;2025;Demais causas externas;27;3.1;3.51
RR;Roraima;Ambos;2000;Lesão de trânsito;108;31.78;41.95
RR;Roraima;Ambos;2000;Agressão;130;38.26;44.47
RR;Roraima;Ambos;2000;Causas acidentais;60;17.66;23.17
RR;Roraima;Ambos;2000;Lesão autoprovocada;22;7.64;8.56
RR;Roraima;Ambos;2000;Demais causas externas;28;8.24;10.99
RR;Roraima;Ambos;2001;Lesão de trânsito;124;34.98;46.52
RR;Roraima;Ambos;2001;Agressão;108;30.47;35.9
RR;Roraima;Ambos;2001;Causas acidentais;68;19.18;25.84
RR;Roraima;Ambos;2001;Lesão autoprovocada;17;5.64;6.82
RR;Roraima;Ambos;2001;Demais causas externas;11;3.1;4.06
RR;Roraima;Ambos;2002;Lesão de trânsito;136;36.87;51.65
RR;Roraima;Ambos;2002;Agressão;122;33.08;36.4
RR;Roraima;Ambos;2002;Causas acidentais;43;11.66;12.63
RR;Roraima;Ambos;2002;Lesão autoprovocada;19;6.03;6.05
RR;Roraima;Ambos;2002;Demais causas externas;24;6.51;8.38
RR;Roraima;Ambos;2003;Lesão de trânsito;82;21.42;28.16
RR;Roraima;Ambos;2003;Agressão;106;27.69;33.62
RR;Roraima;Ambos;2003;Causas acidentais;45;11.75;15.16
RR;Roraima;Ambos;2003;Lesão autoprovocada;20;6.09;6.77
RR;Roraima;Ambos;2003;Demais causas externas;52;13.58;21.43
RR;Roraima;Ambos;2004;Lesão de trânsito;69;17.4;25.2
RR;Roraima;Ambos;2004;Agressão;85;21.44;23.37
RR;Roraima;Ambos;2004;Causas acidentais;78;19.67;21.09
RR;Roraima;Ambos;2004;Lesão autoprovocada;27;7.9;7.59
RR;Roraima;Ambos;2004;Demais causas externas;83;20.93;26.09
RR;Roraima;Ambos;2005;Lesão de trânsito;106;25.86;36.57
RR;Roraima;Ambos;2005;Agressão;93;22.69;27.44
RR;Roraima;Ambos;2005;Causas acidentais;60;14.64;16.1
RR;Roraima;Ambos;2005;Lesão autoprovocada;27;7.61;9.46
RR;Roraima;Ambos;2005;Demais causas externas;30;7.32;8.73
RR;Roraima;Ambos;2006;Lesão de trânsito;108;25.56;34.33
RR;Roraima;Ambos;2006;Agressão;111;26.27;32.14
RR;Roraima;Ambos;2006;Causas acidentais;67;15.86;17.48
RR;Roraima;Ambos;2006;Lesão autoprovocada;34;9.24;10.16
RR;Roraima;Ambos;2006;Demais causas externas;15;3.55;5.47
RR;Roraima;Ambos;2007;Lesão de trânsito;138;31.74;42.7
RR;Roraima;Ambos;2007;Agressão;116;26.68;30.46
RR;Roraima;Ambos;2007;Causas acidentais;76;17.48;20.04
RR;Roraima;Ambos;2007;Lesão autoprovocada;43;11.3;10.3
RR;Roraima;Ambos;2007;Demais causas externas;12;2.76;3.06
RR;Roraima;Ambos;2008;Lesão de trânsito;119;26.63;35.13
RR;Roraima;Ambos;2008;Agressão;104;23.27;26.09
RR;Roraima;Ambos;2008;Causas acidentais;53;11.86;13.62
RR;Roraima;Ambos;2008;Lesão autoprovocada;31;7.89;7.48
RR;Roraima;Ambos;2008;Demais causas externas;30;6.71;9.37
RR;Roraima;Ambos;2009;Lesão de trânsito;126;27.47;37.83
RR;Roraima;Ambos;2009;Agressão;117;25.51;27.27
RR;Roraima;Ambos;2009;Causas acidentais;49;10.68;12.91
RR;Roraima;Ambos;2009;Lesão autoprovocada;32;7.91;8.01
RR;Roraima;Ambos;2009;Demais causas externas;27;5.89;8.46
RR;Roraima;Ambos;2010;Lesão de trânsito;147;31.28;42.27
RR;Roraima;Ambos;2010;Agressão;121;25.75;27.07
RR;Roraima;Ambos;2010;Causas acidentais;44;9.36;11.95
RR;Roraima;Ambos;2010;Lesão autoprovocada;34;8.17;8.05
RR;Roraima;Ambos;2010;Demais causas externas;26;5.53;6.49
RR;Roraima;Ambos;2011;Lesão de trânsito;135;28.04;36.53
RR;Roraima;Ambos;2011;Agressão;95;19.73;21.63
RR;Roraima;Ambos;2011;Causas acidentais;66;13.71;17.77
RR;Roraima;Ambos;2011;Lesão autoprovocada;34;7.95;8.6
RR;Roraima;Ambos;2011;Demais causas externas;20;4.15;6.54
RR;Roraima;Ambos;2012;Lesão de trânsito;147;29.76;37.33
RR;Roraima;Ambos;2012;Agressão;143;28.95;30.37
RR;Roraima;Ambos;2012;Causas acidentais;57;11.54;14.01
RR;Roraima;Ambos;2012;Lesão autoprovocada;38;8.64;10.4
RR;Roraima;Ambos;2012;Demais causas externas;34;6.88;12.05
RR;Roraima;Ambos;2013;Lesão de trânsito;151;29.78;35
RR;Roraima;Ambos;2013;Agressão;214;42.21;43.53
RR;Roraima;Ambos;2013;Causas acidentais;70;13.81;17.45
RR;Roraima;Ambos;2013;Lesão autoprovocada;33;7.3;7.82
RR;Roraima;Ambos;2013;Demais causas externas;38;7.49;10.11
RR;Roraima;Ambos;2014;Lesão de trânsito;141;27.09;32.86
RR;Roraima;Ambos;2014;Agressão;158;30.35;31.98
RR;Roraima;Ambos;2014;Causas acidentais;58;11.14;15.44
RR;Roraima;Ambos;2014;Lesão autoprovocada;15;3.23;2.76
RR;Roraima;Ambos;2014;Demais causas externas;63;12.1;16.38
RR;Roraima;Ambos;2015;Lesão de trânsito;159;29.75;38.18
RR;Roraima;Ambos;2015;Agressão;203;37.99;40.94
RR;Roraima;Ambos;2015;Causas acidentais;95;17.78;22.96
RR;Roraima;Ambos;2015;Lesão autoprovocada;52;10.9;10.2
RR;Roraima;Ambos;2015;Demais causas externas;27;5.05;8.53
RR;Roraima;Ambos;2016;Lesão de trânsito;106;19.33;23.73
RR;Roraima;Ambos;2016;Agressão;203;37.03;39.04
RR;Roraima;Ambos;2016;Causas acidentais;72;13.13;15.58
RR;Roraima;Ambos;2016;Lesão autoprovocada;59;12.05;11.27
RR;Roraima;Ambos;2016;Demais causas externas;34;6.2;8.27
RR;Roraima;Ambos;2017;Lesão de trânsito;135;23.94;28.72
RR;Roraima;Ambos;2017;Agressão;248;43.97;46.13
RR;Roraima;Ambos;2017;Causas acidentais;123;21.81;28.24
RR;Roraima;Ambos;2017;Lesão autoprovocada;50;9.91;10.54
RR;Roraima;Ambos;2017;Demais causas externas;34;6.03;8.38
RR;Roraima;Ambos;2018;Lesão de trânsito;92;15.66;19.2
RR;Roraima;Ambos;2018;Agressão;413;70.3;66.49
RR;Roraima;Ambos;2018;Causas acidentais;88;14.98;21.01
RR;Roraima;Ambos;2018;Lesão autoprovocada;37;7.04;6.81
RR;Roraima;Ambos;2018;Demais causas externas;68;11.57;14.27
RR;Roraima;Ambos;2019;Lesão de trânsito;122;19.74;24.07
RR;Roraima;Ambos;2019;Agressão;233;37.69;37.25
RR;Roraima;Ambos;2019;Causas acidentais;119;19.25;27.96
RR;Roraima;Ambos;2019;Lesão autoprovocada;50;9.05;8.12
RR;Roraima;Ambos;2019;Demais causas externas;67;10.84;12.46
RR;Roraima;Ambos;2020;Lesão de trânsito;127;19.81;21.56
RR;Roraima;Ambos;2020;Agressão;236;36.82;37.41
RR;Roraima;Ambos;2020;Causas acidentais;105;16.38;20.44
RR;Roraima;Ambos;2020;Lesão autoprovocada;36;6.29;6.65
RR;Roraima;Ambos;2020;Demais causas externas;97;15.13;17.51
RR;Roraima;Ambos;2021;Lesão de trânsito;130;19.85;22.9
RR;Roraima;Ambos;2021;Agressão;257;39.24;40.44
RR;Roraima;Ambos;2021;Causas acidentais;137;20.92;26.65
RR;Roraima;Ambos;2021;Lesão autoprovocada;69;11.79;11.46
RR;Roraima;Ambos;2021;Demais causas externas;66;10.08;12.08
RR;Roraima;Ambos;2022;Lesão de trânsito;155;23.02;27.02
RR;Roraima;Ambos;2022;Agressão;229;34.01;34.44
RR;Roraima;Ambos;2022;Causas acidentais;122;18.12;24.33
RR;Roraima;Ambos;2022;Lesão autoprovocada;55;9.13;8.71
RR;Roraima;Ambos;2022;Demais causas externas;50;7.42;8.23
RR;Roraima;Ambos;2023;Lesão de trânsito;153;22.01;25.95
RR;Roraima;Ambos;2023;Agressão;208;29.92;32.75
RR;Roraima;Ambos;2023;Causas acidentais;106;15.25;17.6
RR;Roraima;Ambos;2023;Lesão autoprovocada;63;10.1;10.98
RR;Roraima;Ambos;2023;Demais causas externas;68;9.78;11.32
RR;Roraima;Ambos;2024;Lesão de trânsito;140;19.53;22.39
RR;Roraima;Ambos;2024;Agressão;169;23.58;25.08
RR;Roraima;Ambos;2024;Causas acidentais;109;15.21;19.35
RR;Roraima;Ambos;2024;Lesão autoprovocada;71;10.98;10.79
RR;Roraima;Ambos;2024;Demais causas externas;67;9.35;11.35
RR;Roraima;Ambos;2025;Lesão de trânsito;162;21.93;24.96
RR;Roraima;Ambos;2025;Agressão;201;27.21;27.98
RR;Roraima;Ambos;2025;Causas acidentais;125;16.92;21.48
RR;Roraima;Ambos;2025;Lesão autoprovocada;74;11.06;11.29
RR;Roraima;Ambos;2025;Demais causas externas;84;11.37;14.5
RR;Roraima;Homens;2000;Lesão de trânsito;92;53.34;69.55
RR;Roraima;Homens;2000;Agressão;108;62.61;71.31
RR;Roraima;Homens;2000;Causas acidentais;47;27.25;33.64
RR;Roraima;Homens;2000;Lesão autoprovocada;18;12.28;14.28
RR;Roraima;Homens;2000;Demais causas externas;24;13.91;19.31
RR;Roraima;Homens;2001;Lesão de trânsito;104;57.83;77.8
RR;Roraima;Homens;2001;Agressão;101;56.16;65.63
RR;Roraima;Homens;2001;Causas acidentais;60;33.36;46.23
RR;Roraima;Homens;2001;Lesão autoprovocada;13;8.49;9.82
RR;Roraima;Homens;2001;Demais causas externas;10;5.56;7.48
RR;Roraima;Homens;2002;Lesão de trânsito;112;59.88;83.42
RR;Roraima;Homens;2002;Agressão;110;58.81;65.54
RR;Roraima;Homens;2002;Causas acidentais;36;19.25;20.55
RR;Roraima;Homens;2002;Lesão autoprovocada;15;9.39;9.67
RR;Roraima;Homens;2002;Demais causas externas;19;10.16;12.72
RR;Roraima;Homens;2003;Lesão de trânsito;66;34;42.62
RR;Roraima;Homens;2003;Agressão;100;51.52;61.84
RR;Roraima;Homens;2003;Causas acidentais;41;21.12;27.77
RR;Roraima;Homens;2003;Lesão autoprovocada;16;9.61;11.14
RR;Roraima;Homens;2003;Demais causas externas;42;21.64;32.12
RR;Roraima;Homens;2004;Lesão de trânsito;56;27.87;37.51
RR;Roraima;Homens;2004;Agressão;78;38.81;43.22
RR;Roraima;Homens;2004;Causas acidentais;61;30.35;31.72
RR;Roraima;Homens;2004;Lesão autoprovocada;24;13.87;13.71
RR;Roraima;Homens;2004;Demais causas externas;69;34.33;40.43
RR;Roraima;Homens;2005;Lesão de trânsito;84;40.45;59.66
RR;Roraima;Homens;2005;Agressão;82;39.49;47.88
RR;Roraima;Homens;2005;Causas acidentais;43;20.71;25.93
RR;Roraima;Homens;2005;Lesão autoprovocada;21;11.7;14.5
RR;Roraima;Homens;2005;Demais causas externas;28;13.48;15.78
RR;Roraima;Homens;2006;Lesão de trânsito;91;42.52;56.74
RR;Roraima;Homens;2006;Agressão;96;44.86;57.27
RR;Roraima;Homens;2006;Causas acidentais;53;24.77;28.71
RR;Roraima;Homens;2006;Lesão autoprovocada;28;15.05;17.16
RR;Roraima;Homens;2006;Demais causas externas;13;6.07;8.78
RR;Roraima;Homens;2007;Lesão de trânsito;116;52.7;70.98
RR;Roraima;Homens;2007;Agressão;97;44.07;51.36
RR;Roraima;Homens;2007;Causas acidentais;60;27.26;30.73
RR;Roraima;Homens;2007;Lesão autoprovocada;36;18.72;17.23
RR;Roraima;Homens;2007;Demais causas externas;10;4.54;4.97
RR;Roraima;Homens;2008;Lesão de trânsito;99;43.78;57.92
RR;Roraima;Homens;2008;Agressão;89;39.36;44.59
RR;Roraima;Homens;2008;Causas acidentais;47;20.78;23.01
RR;Roraima;Homens;2008;Lesão autoprovocada;23;11.59;10.55
RR;Roraima;Homens;2008;Demais causas externas;25;11.06;15.74
RR;Roraima;Homens;2009;Lesão de trânsito;95;40.95;53.48
RR;Roraima;Homens;2009;Agressão;93;40.09;44.29
RR;Roraima;Homens;2009;Causas acidentais;37;15.95;17.99
RR;Roraima;Homens;2009;Lesão autoprovocada;26;12.72;12.54
RR;Roraima;Homens;2009;Demais causas externas;22;9.48;13.38
RR;Roraima;Homens;2010;Lesão de trânsito;112;47.14;63.27
RR;Roraima;Homens;2010;Agressão;110;46.3;48.65
RR;Roraima;Homens;2010;Causas acidentais;36;15.15;17.36
RR;Roraima;Homens;2010;Lesão autoprovocada;23;10.94;11.53
RR;Roraima;Homens;2010;Demais causas externas;24;10.1;11.01
RR;Roraima;Homens;2011;Lesão de trânsito;110;45.21;58.44
RR;Roraima;Homens;2011;Agressão;84;34.52;38.27
RR;Roraima;Homens;2011;Causas acidentais;49;20.14;26.52
RR;Roraima;Homens;2011;Lesão autoprovocada;25;11.58;13.27
RR;Roraima;Homens;2011;Demais causas externas;14;5.75;6.94
RR;Roraima;Homens;2012;Lesão de trânsito;126;50.48;65.91
RR;Roraima;Homens;2012;Agressão;125;50.08;53.13
RR;Roraima;Homens;2012;Causas acidentais;43;17.23;21.41
RR;Roraima;Homens;2012;Lesão autoprovocada;28;12.62;14.7
RR;Roraima;Homens;2012;Demais causas externas;24;9.62;17.26
RR;Roraima;Homens;2013;Lesão de trânsito;116;45.27;53.54
RR;Roraima;Homens;2013;Agressão;178;69.47;73.73
RR;Roraima;Homens;2013;Causas acidentais;50;19.51;23.77
RR;Roraima;Homens;2013;Lesão autoprovocada;25;10.95;11.46
RR;Roraima;Homens;2013;Demais causas externas;34;13.27;17.84
RR;Roraima;Homens;2014;Lesão de trânsito;119;45.23;53.74
RR;Roraima;Homens;2014;Agressão;133;50.55;54.89
RR;Roraima;Homens;2014;Causas acidentais;42;15.96;20.32
RR;Roraima;Homens;2014;Lesão autoprovocada;14;5.97;5.13
RR;Roraima;Homens;2014;Demais causas externas;51;19.38;26.73
RR;Roraima;Homens;2015;Lesão de trânsito;133;49.24;63.24
RR;Roraima;Homens;2015;Agressão;174;64.42;71.12
RR;Roraima;Homens;2015;Causas acidentais;78;28.88;34.31
RR;Roraima;Homens;2015;Lesão autoprovocada;40;16.6;16.26
RR;Roraima;Homens;2015;Demais causas externas;20;7.4;12.04
RR;Roraima;Homens;2016;Lesão de trânsito;87;31.4;38.36
RR;Roraima;Homens;2016;Agressão;178;64.24;69.16
RR;Roraima;Homens;2016;Causas acidentais;54;19.49;21.3
RR;Roraima;Homens;2016;Lesão autoprovocada;41;16.58;16.03
RR;Roraima;Homens;2016;Demais causas externas;29;10.47;13.72
RR;Roraima;Homens;2017;Lesão de trânsito;108;37.88;44.67
RR;Roraima;Homens;2017;Agressão;221;77.51;83.65
RR;Roraima;Homens;2017;Causas acidentais;85;29.81;34.7
RR;Roraima;Homens;2017;Lesão autoprovocada;35;13.74;14.13
RR;Roraima;Homens;2017;Demais causas externas;26;9.12;12.55
RR;Roraima;Homens;2018;Lesão de trânsito;79;26.57;32.39
RR;Roraima;Homens;2018;Agressão;359;120.74;115.28
RR;Roraima;Homens;2018;Causas acidentais;54;18.16;24.43
RR;Roraima;Homens;2018;Lesão autoprovocada;25;9.41;9.17
RR;Roraima;Homens;2018;Demais causas externas;52;17.49;20.47
RR;Roraima;Homens;2019;Lesão de trânsito;98;31.27;38.37
RR;Roraima;Homens;2019;Agressão;200;63.81;65.32
RR;Roraima;Homens;2019;Causas acidentais;86;27.44;36
RR;Roraima;Homens;2019;Lesão autoprovocada;37;13.23;12.22
RR;Roraima;Homens;2019;Demais causas externas;51;16.27;19.18
RR;Roraima;Homens;2020;Lesão de trânsito;103;31.67;34.77
RR;Roraima;Homens;2020;Agressão;198;60.89;63.73
RR;Roraima;Homens;2020;Causas acidentais;83;25.52;30.53
RR;Roraima;Homens;2020;Lesão autoprovocada;29;10;10.67
RR;Roraima;Homens;2020;Demais causas externas;82;25.22;29.46
RR;Roraima;Homens;2021;Lesão de trânsito;105;31.62;37.84
RR;Roraima;Homens;2021;Agressão;237;71.37;74.77
RR;Roraima;Homens;2021;Causas acidentais;103;31.02;36.98
RR;Roraima;Homens;2021;Lesão autoprovocada;46;15.52;15.99
RR;Roraima;Homens;2021;Demais causas externas;56;16.86;20.64
RR;Roraima;Homens;2022;Lesão de trânsito;127;37.2;43.42
RR;Roraima;Homens;2022;Agressão;198;58;60.24
RR;Roraima;Homens;2022;Causas acidentais;91;26.66;35.76
RR;Roraima;Homens;2022;Lesão autoprovocada;43;14.1;14.06
RR;Roraima;Homens;2022;Demais causas externas;44;12.89;14.83
RR;Roraima;Homens;2023;Lesão de trânsito;122;34.59;42.59
RR;Roraima;Homens;2023;Agressão;177;50.19;54.82
RR;Roraima;Homens;2023;Causas acidentais;76;21.55;23.67
RR;Roraima;Homens;2023;Lesão autoprovocada;48;15.18;16.72
RR;Roraima;Homens;2023;Demais causas externas;57;16.16;18.76
RR;Roraima;Homens;2024;Lesão de trânsito;114;31.33;36.28
RR;Roraima;Homens;2024;Agressão;129;35.45;39.43
RR;Roraima;Homens;2024;Causas acidentais;85;23.36;27.54
RR;Roraima;Homens;2024;Lesão autoprovocada;56;17.08;17
RR;Roraima;Homens;2024;Demais causas externas;49;13.47;16.63
RR;Roraima;Homens;2025;Lesão de trânsito;120;31.98;37.64
RR;Roraima;Homens;2025;Agressão;157;41.84;44.18
RR;Roraima;Homens;2025;Causas acidentais;82;21.85;26.36
RR;Roraima;Homens;2025;Lesão autoprovocada;57;16.78;17.43
RR;Roraima;Homens;2025;Demais causas externas;65;17.32;21.92
RR;Roraima;Mulheres;2000;Lesão de trânsito;16;9.56;11.86
RR;Roraima;Mulheres;2000;Agressão;22;13.15;14.77
RR;Roraima;Mulheres;2000;Causas acidentais;13;7.77;11.48
RR;Roraima;Mulheres;2000;Lesão autoprovocada;4;2.83;2.52
RR;Roraima;Mulheres;2000;Demais causas externas;4;2.39;1.83
RR;Roraima;Mulheres;2001;Lesão de trânsito;20;11.45;12.18
RR;Roraima;Mulheres;2001;Agressão;7;4.01;3.86
RR;Roraima;Mulheres;2001;Causas acidentais;8;4.58;2.99
RR;Roraima;Mulheres;2001;Lesão autoprovocada;4;2.7;3.84
RR;Roraima;Mulheres;2001;Demais causas externas;1;0.57;0.23
RR;Roraima;Mulheres;2002;Lesão de trânsito;24;13.2;17.67
RR;Roraima;Mulheres;2002;Agressão;12;6.6;5.11
RR;Roraima;Mulheres;2002;Causas acidentais;7;3.85;4.1
RR;Roraima;Mulheres;2002;Lesão autoprovocada;4;2.58;2.05
RR;Roraima;Mulheres;2002;Demais causas externas;5;2.75;3.49
RR;Roraima;Mulheres;2003;Lesão de trânsito;16;8.48;12.91
RR;Roraima;Mulheres;2003;Agressão;6;3.18;3.34
RR;Roraima;Mulheres;2003;Causas acidentais;4;2.12;1.03
RR;Roraima;Mulheres;2003;Lesão autoprovocada;4;2.47;2.03
RR;Roraima;Mulheres;2003;Demais causas externas;10;5.3;9.95
RR;Roraima;Mulheres;2004;Lesão de trânsito;13;6.65;11.87
RR;Roraima;Mulheres;2004;Agressão;7;3.58;2.61
RR;Roraima;Mulheres;2004;Causas acidentais;17;8.69;9.76
RR;Roraima;Mulheres;2004;Lesão autoprovocada;3;1.78;1.24
RR;Roraima;Mulheres;2004;Demais causas externas;14;7.16;10.82
RR;Roraima;Mulheres;2005;Lesão de trânsito;22;10.88;11.4
RR;Roraima;Mulheres;2005;Agressão;11;5.44;5.6
RR;Roraima;Mulheres;2005;Causas acidentais;17;8.41;5.37
RR;Roraima;Mulheres;2005;Lesão autoprovocada;6;3.42;3.9
RR;Roraima;Mulheres;2005;Demais causas externas;2;0.99;0.98
RR;Roraima;Mulheres;2006;Lesão de trânsito;17;8.15;10.5
RR;Roraima;Mulheres;2006;Agressão;13;6.23;4.53
RR;Roraima;Mulheres;2006;Causas acidentais;14;6.71;5.39
RR;Roraima;Mulheres;2006;Lesão autoprovocada;6;3.3;2.81
RR;Roraima;Mulheres;2006;Demais causas externas;1;0.48;1.66
RR;Roraima;Mulheres;2007;Lesão de trânsito;22;10.25;13.07
RR;Roraima;Mulheres;2007;Agressão;19;8.85;8.53
RR;Roraima;Mulheres;2007;Causas acidentais;16;7.45;8.72
RR;Roraima;Mulheres;2007;Lesão autoprovocada;7;3.72;3.19
RR;Roraima;Mulheres;2007;Demais causas externas;2;0.93;0.86
RR;Roraima;Mulheres;2008;Lesão de trânsito;20;9.06;11.18
RR;Roraima;Mulheres;2008;Agressão;15;6.79;6.8
RR;Roraima;Mulheres;2008;Causas acidentais;6;2.72;4.15
RR;Roraima;Mulheres;2008;Lesão autoprovocada;8;4.12;4.49
RR;Roraima;Mulheres;2008;Demais causas externas;5;2.26;2.81
RR;Roraima;Mulheres;2009;Lesão de trânsito;31;13.67;21.67
RR;Roraima;Mulheres;2009;Agressão;24;10.59;9.48
RR;Roraima;Mulheres;2009;Causas acidentais;12;5.29;7.3
RR;Roraima;Mulheres;2009;Lesão autoprovocada;6;3;3.42
RR;Roraima;Mulheres;2009;Demais causas externas;5;2.21;3.49
RR;Roraima;Mulheres;2010;Lesão de trânsito;35;15.06;20.89
RR;Roraima;Mulheres;2010;Agressão;11;4.73;5.15
RR;Roraima;Mulheres;2010;Causas acidentais;8;3.44;5.74
RR;Roraima;Mulheres;2010;Lesão autoprovocada;11;5.34;4.23
RR;Roraima;Mulheres;2010;Demais causas externas;2;0.86;1.96
RR;Roraima;Mulheres;2011;Lesão de trânsito;25;10.5;13.6
RR;Roraima;Mulheres;2011;Agressão;10;4.2;4.69
RR;Roraima;Mulheres;2011;Causas acidentais;17;7.14;8.96
RR;Roraima;Mulheres;2011;Lesão autoprovocada;9;4.25;3.93
RR;Roraima;Mulheres;2011;Demais causas externas;6;2.52;5.97
RR;Roraima;Mulheres;2012;Lesão de trânsito;21;8.6;8.3
RR;Roraima;Mulheres;2012;Agressão;17;6.96;6.86
RR;Roraima;Mulheres;2012;Causas acidentais;14;5.73;6.16
RR;Roraima;Mulheres;2012;Lesão autoprovocada;10;4.59;5.82
RR;Roraima;Mulheres;2012;Demais causas externas;10;4.09;6.41
RR;Roraima;Mulheres;2013;Lesão de trânsito;35;13.96;16.05
RR;Roraima;Mulheres;2013;Agressão;36;14.36;12.73
RR;Roraima;Mulheres;2013;Causas acidentais;20;7.98;11.21
RR;Roraima;Mulheres;2013;Lesão autoprovocada;8;3.57;4.16
RR;Roraima;Mulheres;2013;Demais causas externas;4;1.6;2.2
RR;Roraima;Mulheres;2014;Lesão de trânsito;22;8.54;11.49
RR;Roraima;Mulheres;2014;Agressão;24;9.32;8.55
RR;Roraima;Mulheres;2014;Causas acidentais;16;6.21;10.54
RR;Roraima;Mulheres;2014;Lesão autoprovocada;1;0.43;0.38
RR;Roraima;Mulheres;2014;Demais causas externas;12;4.66;5.98
RR;Roraima;Mulheres;2015;Lesão de trânsito;26;9.84;12.38
RR;Roraima;Mulheres;2015;Agressão;29;10.97;10.39
RR;Roraima;Mulheres;2015;Causas acidentais;17;6.43;11.32
RR;Roraima;Mulheres;2015;Lesão autoprovocada;12;5.08;3.91
RR;Roraima;Mulheres;2015;Demais causas externas;7;2.65;5.02
RR;Roraima;Mulheres;2016;Lesão de trânsito;19;7.01;8.56
RR;Roraima;Mulheres;2016;Agressão;25;9.22;8.53
RR;Roraima;Mulheres;2016;Causas acidentais;18;6.64;9.62
RR;Roraima;Mulheres;2016;Lesão autoprovocada;18;7.42;6.5
RR;Roraima;Mulheres;2016;Demais causas externas;5;1.84;2.63
RR;Roraima;Mulheres;2017;Lesão de trânsito;27;9.68;12.49
RR;Roraima;Mulheres;2017;Agressão;27;9.68;7.96
RR;Roraima;Mulheres;2017;Causas acidentais;38;13.62;20.93
RR;Roraima;Mulheres;2017;Lesão autoprovocada;15;6.01;7.03
RR;Roraima;Mulheres;2017;Demais causas externas;7;2.51;4.18
RR;Roraima;Mulheres;2018;Lesão de trânsito;13;4.48;5.67
RR;Roraima;Mulheres;2018;Agressão;53;18.27;16.42
RR;Roraima;Mulheres;2018;Causas acidentais;33;11.37;17.3
RR;Roraima;Mulheres;2018;Lesão autoprovocada;12;4.62;4.46
RR;Roraima;Mulheres;2018;Demais causas externas;16;5.51;7.72
RR;Roraima;Mulheres;2019;Lesão de trânsito;24;7.88;9.33
RR;Roraima;Mulheres;2019;Agressão;33;10.83;8.76
RR;Roraima;Mulheres;2019;Causas acidentais;33;10.83;19.45
RR;Roraima;Mulheres;2019;Lesão autoprovocada;13;4.77;3.94
RR;Roraima;Mulheres;2019;Demais causas externas;16;5.25;5.61
RR;Roraima;Mulheres;2020;Lesão de trânsito;24;7.6;7.96
RR;Roraima;Mulheres;2020;Agressão;35;11.08;10.02
RR;Roraima;Mulheres;2020;Causas acidentais;22;6.97;10.07
RR;Roraima;Mulheres;2020;Lesão autoprovocada;7;2.48;2.59
RR;Roraima;Mulheres;2020;Demais causas externas;15;4.75;5.17
RR;Roraima;Mulheres;2021;Lesão de trânsito;25;7.74;7.54
RR;Roraima;Mulheres;2021;Agressão;20;6.19;5.37
RR;Roraima;Mulheres;2021;Causas acidentais;34;10.53;15.9
RR;Roraima;Mulheres;2021;Lesão autoprovocada;23;7.96;6.78
RR;Roraima;Mulheres;2021;Demais causas externas;10;3.1;3.23
RR;Roraima;Mulheres;2022;Lesão de trânsito;28;8.43;10.4
RR;Roraima;Mulheres;2022;Agressão;31;9.34;8.06
RR;Roraima;Mulheres;2022;Causas acidentais;31;9.34;12.8
RR;Roraima;Mulheres;2022;Lesão autoprovocada;12;4.04;3.31
RR;Roraima;Mulheres;2022;Demais causas externas;6;1.81;1.45
RR;Roraima;Mulheres;2023;Lesão de trânsito;31;9.05;8.94
RR;Roraima;Mulheres;2023;Agressão;31;9.05;10.25
RR;Roraima;Mulheres;2023;Causas acidentais;30;8.76;11.3
RR;Roraima;Mulheres;2023;Lesão autoprovocada;15;4.87;5.14
RR;Roraima;Mulheres;2023;Demais causas externas;11;3.21;3.69
RR;Roraima;Mulheres;2024;Lesão de trânsito;26;7.37;8.18
RR;Roraima;Mulheres;2024;Agressão;40;11.33;10.5
RR;Roraima;Mulheres;2024;Causas acidentais;24;6.8;10.86
RR;Roraima;Mulheres;2024;Lesão autoprovocada;15;4.71;4.43
RR;Roraima;Mulheres;2024;Demais causas externas;18;5.1;5.98
RR;Roraima;Mulheres;2025;Lesão de trânsito;42;11.55;12.06
RR;Roraima;Mulheres;2025;Agressão;44;12.1;11.4
RR;Roraima;Mulheres;2025;Causas acidentais;43;11.83;16.29
RR;Roraima;Mulheres;2025;Lesão autoprovocada;17;5.16;5
RR;Roraima;Mulheres;2025;Demais causas externas;19;5.23;6.9
RS;Rio Grande do Sul;Ambos;2000;Lesão de trânsito;1922;18.72;19.72
RS;Rio Grande do Sul;Ambos;2000;Agressão;1664;16.2;16.17
RS;Rio Grande do Sul;Ambos;2000;Causas acidentais;1295;12.61;13.23
RS;Rio Grande do Sul;Ambos;2000;Lesão autoprovocada;1022;10.86;12.14
RS;Rio Grande do Sul;Ambos;2000;Demais causas externas;652;6.35;7.38
RS;Rio Grande do Sul;Ambos;2001;Lesão de trânsito;1841;17.78;18.82
RS;Rio Grande do Sul;Ambos;2001;Agressão;1853;17.9;17.93
RS;Rio Grande do Sul;Ambos;2001;Causas acidentais;1313;12.68;13.5
RS;Rio Grande do Sul;Ambos;2001;Lesão autoprovocada;1035;10.88;11.91
RS;Rio Grande do Sul;Ambos;2001;Demais causas externas;560;5.41;6.3
RS;Rio Grande do Sul;Ambos;2002;Lesão de trânsito;2120;20.32;21.41
RS;Rio Grande do Sul;Ambos;2002;Agressão;1912;18.33;18.18
RS;Rio Grande do Sul;Ambos;2002;Causas acidentais;1260;12.08;12.98
RS;Rio Grande do Sul;Ambos;2002;Lesão autoprovocada;1031;10.74;11.71
RS;Rio Grande do Sul;Ambos;2002;Demais causas externas;587;5.63;6.48
RS;Rio Grande do Sul;Ambos;2003;Lesão de trânsito;2074;19.74;20.61
RS;Rio Grande do Sul;Ambos;2003;Agressão;1906;18.14;18.06
RS;Rio Grande do Sul;Ambos;2003;Causas acidentais;1249;11.89;12.66
RS;Rio Grande do Sul;Ambos;2003;Lesão autoprovocada;1035;10.68;11.49
RS;Rio Grande do Sul;Ambos;2003;Demais causas externas;625;5.95;6.63
RS;Rio Grande do Sul;Ambos;2004;Lesão de trânsito;2153;20.36;21.17
RS;Rio Grande do Sul;Ambos;2004;Agressão;1980;18.73;18.4
RS;Rio Grande do Sul;Ambos;2004;Causas acidentais;1268;11.99;12.8
RS;Rio Grande do Sul;Ambos;2004;Lesão autoprovocada;1051;10.75;11.46
RS;Rio Grande do Sul;Ambos;2004;Demais causas externas;570;5.39;5.95
RS;Rio Grande do Sul;Ambos;2005;Lesão de trânsito;2058;19.34;19.97
RS;Rio Grande do Sul;Ambos;2005;Agressão;2021;19;18.8
RS;Rio Grande do Sul;Ambos;2005;Causas acidentais;1218;11.45;12.24
RS;Rio Grande do Sul;Ambos;2005;Lesão autoprovocada;1078;10.93;11.58
RS;Rio Grande do Sul;Ambos;2005;Demais causas externas;555;5.22;5.74
RS;Rio Grande do Sul;Ambos;2006;Lesão de trânsito;1977;18.48;18.88
RS;Rio Grande do Sul;Ambos;2006;Agressão;1971;18.42;18.17
RS;Rio Grande do Sul;Ambos;2006;Causas acidentais;1241;11.6;12.27
RS;Rio Grande do Sul;Ambos;2006;Lesão autoprovocada;1153;11.6;12.22
RS;Rio Grande do Sul;Ambos;2006;Demais causas externas;634;5.93;6.43
RS;Rio Grande do Sul;Ambos;2007;Lesão de trânsito;1943;18.07;18.46
RS;Rio Grande do Sul;Ambos;2007;Agressão;2181;20.29;19.79
RS;Rio Grande do Sul;Ambos;2007;Causas acidentais;1364;12.69;13.5
RS;Rio Grande do Sul;Ambos;2007;Lesão autoprovocada;1101;10.99;11.57
RS;Rio Grande do Sul;Ambos;2007;Demais causas externas;689;6.41;6.81
RS;Rio Grande do Sul;Ambos;2008;Lesão de trânsito;2052;19;19.28
RS;Rio Grande do Sul;Ambos;2008;Agressão;2372;21.97;21.35
RS;Rio Grande do Sul;Ambos;2008;Causas acidentais;1258;11.65;12.22
RS;Rio Grande do Sul;Ambos;2008;Lesão autoprovocada;1161;11.51;11.99
RS;Rio Grande do Sul;Ambos;2008;Demais causas externas;554;5.13;5.33
RS;Rio Grande do Sul;Ambos;2009;Lesão de trânsito;2066;19.05;19.21
RS;Rio Grande do Sul;Ambos;2009;Agressão;2232;20.58;20.11
RS;Rio Grande do Sul;Ambos;2009;Causas acidentais;1322;12.19;12.78
RS;Rio Grande do Sul;Ambos;2009;Lesão autoprovocada;1112;10.96;11.37
RS;Rio Grande do Sul;Ambos;2009;Demais causas externas;626;5.77;6.01
RS;Rio Grande do Sul;Ambos;2010;Lesão de trânsito;2280;20.96;21.21
RS;Rio Grande do Sul;Ambos;2010;Agressão;2067;19;18.6
RS;Rio Grande do Sul;Ambos;2010;Causas acidentais;1239;11.39;11.78
RS;Rio Grande do Sul;Ambos;2010;Lesão autoprovocada;1036;10.16;10.44
RS;Rio Grande do Sul;Ambos;2010;Demais causas externas;635;5.84;5.9
RS;Rio Grande do Sul;Ambos;2011;Lesão de trânsito;2138;19.6;19.64
RS;Rio Grande do Sul;Ambos;2011;Agressão;2058;18.87;18.43
RS;Rio Grande do Sul;Ambos;2011;Causas acidentais;1405;12.88;13.25
RS;Rio Grande do Sul;Ambos;2011;Lesão autoprovocada;1043;10.19;10.4
RS;Rio Grande do Sul;Ambos;2011;Demais causas externas;523;4.79;4.73
RS;Rio Grande do Sul;Ambos;2012;Lesão de trânsito;2131;19.47;19.38
RS;Rio Grande do Sul;Ambos;2012;Agressão;2364;21.6;21.31
RS;Rio Grande do Sul;Ambos;2012;Causas acidentais;1355;12.38;12.52
RS;Rio Grande do Sul;Ambos;2012;Lesão autoprovocada;1180;11.48;11.64
RS;Rio Grande do Sul;Ambos;2012;Demais causas externas;545;4.98;4.93
RS;Rio Grande do Sul;Ambos;2013;Lesão de trânsito;2100;19.12;19.02
RS;Rio Grande do Sul;Ambos;2013;Agressão;2314;21.07;20.78
RS;Rio Grande do Sul;Ambos;2013;Causas acidentais;1787;16.27;16.17
RS;Rio Grande do Sul;Ambos;2013;Lesão autoprovocada;1142;11.08;11.08
RS;Rio Grande do Sul;Ambos;2013;Demais causas externas;423;3.85;3.83
RS;Rio Grande do Sul;Ambos;2014;Lesão de trânsito;2078;18.84;18.74
RS;Rio Grande do Sul;Ambos;2014;Agressão;2710;24.58;24.51
RS;Rio Grande do Sul;Ambos;2014;Causas acidentais;1595;14.46;14.24
RS;Rio Grande do Sul;Ambos;2014;Lesão autoprovocada;1112;10.75;10.71
RS;Rio Grande do Sul;Ambos;2014;Demais causas externas;468;4.24;4.13
RS;Rio Grande do Sul;Ambos;2015;Lesão de trânsito;1821;16.45;16.23
RS;Rio Grande do Sul;Ambos;2015;Agressão;2920;26.38;26.22
RS;Rio Grande do Sul;Ambos;2015;Causas acidentais;1641;14.82;14.33
RS;Rio Grande do Sul;Ambos;2015;Lesão autoprovocada;1141;11;10.86
RS;Rio Grande do Sul;Ambos;2015;Demais causas externas;372;3.36;3.19
RS;Rio Grande do Sul;Ambos;2016;Lesão de trânsito;1810;16.29;16.07
RS;Rio Grande do Sul;Ambos;2016;Agressão;3188;28.7;28.74
RS;Rio Grande do Sul;Ambos;2016;Causas acidentais;1849;16.64;15.91
RS;Rio Grande do Sul;Ambos;2016;Lesão autoprovocada;1168;11.23;10.98
RS;Rio Grande do Sul;Ambos;2016;Demais causas externas;421;3.79;3.67
RS;Rio Grande do Sul;Ambos;2017;Lesão de trânsito;1881;16.88;16.62
RS;Rio Grande do Sul;Ambos;2017;Agressão;3280;29.44;29.56
RS;Rio Grande do Sul;Ambos;2017;Causas acidentais;1865;16.74;15.7
RS;Rio Grande do Sul;Ambos;2017;Lesão autoprovocada;1349;12.93;12.57
RS;Rio Grande do Sul;Ambos;2017;Demais causas externas;268;2.41;2.3
RS;Rio Grande do Sul;Ambos;2018;Lesão de trânsito;1757;15.73;15.37
RS;Rio Grande do Sul;Ambos;2018;Agressão;2667;23.88;24.05
RS;Rio Grande do Sul;Ambos;2018;Causas acidentais;1953;17.49;15.9
RS;Rio Grande do Sul;Ambos;2018;Lesão autoprovocada;1241;11.86;11.4
RS;Rio Grande do Sul;Ambos;2018;Demais causas externas;404;3.62;3.41
RS;Rio Grande do Sul;Ambos;2019;Lesão de trânsito;1664;14.86;14.49
RS;Rio Grande do Sul;Ambos;2019;Agressão;2166;19.35;19.6
RS;Rio Grande do Sul;Ambos;2019;Causas acidentais;2003;17.89;16.06
RS;Rio Grande do Sul;Ambos;2019;Lesão autoprovocada;1425;13.58;13.06
RS;Rio Grande do Sul;Ambos;2019;Demais causas externas;354;3.16;2.92
RS;Rio Grande do Sul;Ambos;2020;Lesão de trânsito;1566;13.96;13.65
RS;Rio Grande do Sul;Ambos;2020;Agressão;2088;18.61;18.97
RS;Rio Grande do Sul;Ambos;2020;Causas acidentais;1810;16.13;14.34
RS;Rio Grande do Sul;Ambos;2020;Lesão autoprovocada;1419;13.47;12.9
RS;Rio Grande do Sul;Ambos;2020;Demais causas externas;327;2.91;2.57
RS;Rio Grande do Sul;Ambos;2021;Lesão de trânsito;1700;15.14;14.86
RS;Rio Grande do Sul;Ambos;2021;Agressão;1874;16.69;17.08
RS;Rio Grande do Sul;Ambos;2021;Causas acidentais;2120;18.88;16.52
RS;Rio Grande do Sul;Ambos;2021;Lesão autoprovocada;1517;14.37;13.71
RS;Rio Grande do Sul;Ambos;2021;Demais causas externas;454;4.04;3.52
RS;Rio Grande do Sul;Ambos;2022;Lesão de trânsito;1783;15.89;15.39
RS;Rio Grande do Sul;Ambos;2022;Agressão;1962;17.49;18.01
RS;Rio Grande do Sul;Ambos;2022;Causas acidentais;2125;18.94;16.04
RS;Rio Grande do Sul;Ambos;2022;Lesão autoprovocada;1571;14.86;14.2
RS;Rio Grande do Sul;Ambos;2022;Demais causas externas;469;4.18;3.73
RS;Rio Grande do Sul;Ambos;2023;Lesão de trânsito;1753;15.62;14.96
RS;Rio Grande do Sul;Ambos;2023;Agressão;1976;17.61;18.25
RS;Rio Grande do Sul;Ambos;2023;Causas acidentais;2293;20.43;17.27
RS;Rio Grande do Sul;Ambos;2023;Lesão autoprovocada;1662;15.69;15.06
RS;Rio Grande do Sul;Ambos;2023;Demais causas externas;344;3.07;2.67
RS;Rio Grande do Sul;Ambos;2024;Lesão de trânsito;1820;16.21;15.48
RS;Rio Grande do Sul;Ambos;2024;Agressão;1700;15.14;15.75
RS;Rio Grande do Sul;Ambos;2024;Causas acidentais;2696;24.01;19.81
RS;Rio Grande do Sul;Ambos;2024;Lesão autoprovocada;1548;14.58;13.94
RS;Rio Grande do Sul;Ambos;2024;Demais causas externas;416;3.7;3.2
RS;Rio Grande do Sul;Ambos;2025;Lesão de trânsito;1773;15.78;15.29
RS;Rio Grande do Sul;Ambos;2025;Agressão;1234;10.99;11.42
RS;Rio Grande do Sul;Ambos;2025;Causas acidentais;2448;21.79;17.39
RS;Rio Grande do Sul;Ambos;2025;Lesão autoprovocada;1451;13.64;13.01
RS;Rio Grande do Sul;Ambos;2025;Demais causas externas;524;4.66;4.09
RS;Rio Grande do Sul;Homens;2000;Lesão de trânsito;1532;30.55;32.82
RS;Rio Grande do Sul;Homens;2000;Agressão;1488;29.67;29.44
RS;Rio Grande do Sul;Homens;2000;Causas acidentais;971;19.36;20.68
RS;Rio Grande do Sul;Homens;2000;Lesão autoprovocada;832;18.16;20.99
RS;Rio Grande do Sul;Homens;2000;Demais causas externas;484;9.65;11.44
RS;Rio Grande do Sul;Homens;2001;Lesão de trânsito;1490;29.49;31.62
RS;Rio Grande do Sul;Homens;2001;Agressão;1673;33.11;33.14
RS;Rio Grande do Sul;Homens;2001;Causas acidentais;1059;20.96;22.51
RS;Rio Grande do Sul;Homens;2001;Lesão autoprovocada;860;18.59;21.17
RS;Rio Grande do Sul;Homens;2001;Demais causas externas;405;8.01;9.69
RS;Rio Grande do Sul;Homens;2002;Lesão de trânsito;1695;33.3;35.72
RS;Rio Grande do Sul;Homens;2002;Agressão;1714;33.68;33.26
RS;Rio Grande do Sul;Homens;2002;Causas acidentais;939;18.45;19.84
RS;Rio Grande do Sul;Homens;2002;Lesão autoprovocada;842;18.04;20.4
RS;Rio Grande do Sul;Homens;2002;Demais causas externas;400;7.86;9.19
RS;Rio Grande do Sul;Homens;2003;Lesão de trânsito;1597;31.17;33.02
RS;Rio Grande do Sul;Homens;2003;Agressão;1729;33.74;33.54
RS;Rio Grande do Sul;Homens;2003;Causas acidentais;930;18.15;19.39
RS;Rio Grande do Sul;Homens;2003;Lesão autoprovocada;843;17.9;19.84
RS;Rio Grande do Sul;Homens;2003;Demais causas externas;454;8.86;10.26
RS;Rio Grande do Sul;Homens;2004;Lesão de trânsito;1737;33.69;35.58
RS;Rio Grande do Sul;Homens;2004;Agressão;1785;34.62;33.92
RS;Rio Grande do Sul;Homens;2004;Causas acidentais;959;18.6;20.22
RS;Rio Grande do Sul;Homens;2004;Lesão autoprovocada;862;18.14;20.16
RS;Rio Grande do Sul;Homens;2004;Demais causas externas;414;8.03;9.08
RS;Rio Grande do Sul;Homens;2005;Lesão de trânsito;1659;31.99;33.52
RS;Rio Grande do Sul;Homens;2005;Agressão;1812;34.94;34.45
RS;Rio Grande do Sul;Homens;2005;Causas acidentais;916;17.66;19.26
RS;Rio Grande do Sul;Homens;2005;Lesão autoprovocada;905;18.89;20.7
RS;Rio Grande do Sul;Homens;2005;Demais causas externas;407;7.85;8.96
RS;Rio Grande do Sul;Homens;2006;Lesão de trânsito;1588;30.46;31.58
RS;Rio Grande do Sul;Homens;2006;Agressão;1809;34.7;34.03
RS;Rio Grande do Sul;Homens;2006;Causas acidentais;904;17.34;18.73
RS;Rio Grande do Sul;Homens;2006;Lesão autoprovocada;945;19.58;21.28
RS;Rio Grande do Sul;Homens;2006;Demais causas externas;473;9.07;10.17
RS;Rio Grande do Sul;Homens;2007;Lesão de trânsito;1576;30.09;31.1
RS;Rio Grande do Sul;Homens;2007;Agressão;1985;37.9;36.68
RS;Rio Grande do Sul;Homens;2007;Causas acidentais;972;18.56;20.26
RS;Rio Grande do Sul;Homens;2007;Lesão autoprovocada;880;18.1;19.83
RS;Rio Grande do Sul;Homens;2007;Demais causas externas;464;8.86;9.67
RS;Rio Grande do Sul;Homens;2008;Lesão de trânsito;1629;30.98;31.96
RS;Rio Grande do Sul;Homens;2008;Agressão;2153;40.94;39.38
RS;Rio Grande do Sul;Homens;2008;Causas acidentais;903;17.17;18.7
RS;Rio Grande do Sul;Homens;2008;Lesão autoprovocada;933;19.07;20.56
RS;Rio Grande do Sul;Homens;2008;Demais causas externas;384;7.3;7.94
RS;Rio Grande do Sul;Homens;2009;Lesão de trânsito;1638;31.03;31.62
RS;Rio Grande do Sul;Homens;2009;Agressão;2007;38.02;36.88
RS;Rio Grande do Sul;Homens;2009;Causas acidentais;924;17.5;18.99
RS;Rio Grande do Sul;Homens;2009;Lesão autoprovocada;925;18.79;20.18
RS;Rio Grande do Sul;Homens;2009;Demais causas externas;438;8.3;8.91
RS;Rio Grande do Sul;Homens;2010;Lesão de trânsito;1806;34.11;35.07
RS;Rio Grande do Sul;Homens;2010;Agressão;1838;34.72;33.79
RS;Rio Grande do Sul;Homens;2010;Causas acidentais;871;16.45;17.8
RS;Rio Grande do Sul;Homens;2010;Lesão autoprovocada;831;16.8;17.85
RS;Rio Grande do Sul;Homens;2010;Demais causas externas;470;8.88;9.13
RS;Rio Grande do Sul;Homens;2011;Lesão de trânsito;1707;32.17;32.57
RS;Rio Grande do Sul;Homens;2011;Agressão;1850;34.87;33.88
RS;Rio Grande do Sul;Homens;2011;Causas acidentais;952;17.94;19.49
RS;Rio Grande do Sul;Homens;2011;Lesão autoprovocada;832;16.76;17.78
RS;Rio Grande do Sul;Homens;2011;Demais causas externas;389;7.33;7.5
RS;Rio Grande do Sul;Homens;2012;Lesão de trânsito;1661;31.21;31.46
RS;Rio Grande do Sul;Homens;2012;Agressão;2117;39.78;38.82
RS;Rio Grande do Sul;Homens;2012;Causas acidentais;960;18.04;19.26
RS;Rio Grande do Sul;Homens;2012;Lesão autoprovocada;939;18.86;19.85
RS;Rio Grande do Sul;Homens;2012;Demais causas externas;393;7.38;7.59
RS;Rio Grande do Sul;Homens;2013;Lesão de trânsito;1645;30.8;31.12
RS;Rio Grande do Sul;Homens;2013;Agressão;2100;39.32;38.46
RS;Rio Grande do Sul;Homens;2013;Causas acidentais;1151;21.55;22.73
RS;Rio Grande do Sul;Homens;2013;Lesão autoprovocada;896;17.93;18.59
RS;Rio Grande do Sul;Homens;2013;Demais causas externas;287;5.37;5.54
RS;Rio Grande do Sul;Homens;2014;Lesão de trânsito;1639;30.57;30.91
RS;Rio Grande do Sul;Homens;2014;Agressão;2460;45.88;45.22
RS;Rio Grande do Sul;Homens;2014;Causas acidentais;1020;19.02;20.06
RS;Rio Grande do Sul;Homens;2014;Lesão autoprovocada;876;17.48;17.85
RS;Rio Grande do Sul;Homens;2014;Demais causas externas;365;6.81;6.91
RS;Rio Grande do Sul;Homens;2015;Lesão de trânsito;1435;26.66;26.74
RS;Rio Grande do Sul;Homens;2015;Agressão;2637;48.99;48.04
RS;Rio Grande do Sul;Homens;2015;Causas acidentais;1011;18.78;19.78
RS;Rio Grande do Sul;Homens;2015;Lesão autoprovocada;908;18.07;18.35
RS;Rio Grande do Sul;Homens;2015;Demais causas externas;276;5.13;5.05
RS;Rio Grande do Sul;Homens;2016;Lesão de trânsito;1435;26.57;26.68
RS;Rio Grande do Sul;Homens;2016;Agressão;2876;53.25;52.64
RS;Rio Grande do Sul;Homens;2016;Causas acidentais;1169;21.65;22.91
RS;Rio Grande do Sul;Homens;2016;Lesão autoprovocada;925;18.35;18.46
RS;Rio Grande do Sul;Homens;2016;Demais causas externas;314;5.81;5.79
RS;Rio Grande do Sul;Homens;2017;Lesão de trânsito;1451;26.8;26.73
RS;Rio Grande do Sul;Homens;2017;Agressão;2978;55;54.31
RS;Rio Grande do Sul;Homens;2017;Causas acidentais;1167;21.55;22.28
RS;Rio Grande do Sul;Homens;2017;Lesão autoprovocada;1080;21.37;21.37
RS;Rio Grande do Sul;Homens;2017;Demais causas externas;184;3.4;3.35
RS;Rio Grande do Sul;Homens;2018;Lesão de trânsito;1382;25.47;25.28
RS;Rio Grande do Sul;Homens;2018;Agressão;2409;44.39;44.08
RS;Rio Grande do Sul;Homens;2018;Causas acidentais;1116;20.56;21.08
RS;Rio Grande do Sul;Homens;2018;Lesão autoprovocada;985;19.45;19.26
RS;Rio Grande do Sul;Homens;2018;Demais causas externas;289;5.33;5.21
RS;Rio Grande do Sul;Homens;2019;Lesão de trânsito;1328;24.41;24.14
RS;Rio Grande do Sul;Homens;2019;Agressão;1928;35.44;35.42
RS;Rio Grande do Sul;Homens;2019;Causas acidentais;1184;21.77;22
RS;Rio Grande do Sul;Homens;2019;Lesão autoprovocada;1141;22.45;22.03
RS;Rio Grande do Sul;Homens;2019;Demais causas externas;253;4.65;4.52
RS;Rio Grande do Sul;Homens;2020;Lesão de trânsito;1295;23.75;23.41
RS;Rio Grande do Sul;Homens;2020;Agressão;1870;34.3;34.48
RS;Rio Grande do Sul;Homens;2020;Causas acidentais;1068;19.59;19.41
RS;Rio Grande do Sul;Homens;2020;Lesão autoprovocada;1132;22.19;21.7
RS;Rio Grande do Sul;Homens;2020;Demais causas externas;250;4.59;4.14
RS;Rio Grande do Sul;Homens;2021;Lesão de trânsito;1372;25.16;24.82
RS;Rio Grande do Sul;Homens;2021;Agressão;1641;30.09;30.38
RS;Rio Grande do Sul;Homens;2021;Causas acidentais;1270;23.29;22.98
RS;Rio Grande do Sul;Homens;2021;Lesão autoprovocada;1213;23.73;23.12
RS;Rio Grande do Sul;Homens;2021;Demais causas externas;299;5.48;5.22
RS;Rio Grande do Sul;Homens;2022;Lesão de trânsito;1430;26.25;25.72
RS;Rio Grande do Sul;Homens;2022;Agressão;1712;31.42;31.71
RS;Rio Grande do Sul;Homens;2022;Causas acidentais;1224;22.47;21.56
RS;Rio Grande do Sul;Homens;2022;Lesão autoprovocada;1273;24.89;24.29
RS;Rio Grande do Sul;Homens;2022;Demais causas externas;344;6.31;6.01
RS;Rio Grande do Sul;Homens;2023;Lesão de trânsito;1403;25.75;25.04
RS;Rio Grande do Sul;Homens;2023;Agressão;1752;32.16;32.75
RS;Rio Grande do Sul;Homens;2023;Causas acidentais;1336;24.52;23.42
RS;Rio Grande do Sul;Homens;2023;Lesão autoprovocada;1315;25.66;24.94
RS;Rio Grande do Sul;Homens;2023;Demais causas externas;239;4.39;4.03
RS;Rio Grande do Sul;Homens;2024;Lesão de trânsito;1451;26.62;25.76
RS;Rio Grande do Sul;Homens;2024;Agressão;1496;27.44;28.07
RS;Rio Grande do Sul;Homens;2024;Causas acidentais;1528;28.03;26.15
RS;Rio Grande do Sul;Homens;2024;Lesão autoprovocada;1219;23.73;22.94
RS;Rio Grande do Sul;Homens;2024;Demais causas externas;266;4.88;4.52
RS;Rio Grande do Sul;Homens;2025;Lesão de trânsito;1403;25.73;25.06
RS;Rio Grande do Sul;Homens;2025;Agressão;1077;19.75;20.23
RS;Rio Grande do Sul;Homens;2025;Causas acidentais;1373;25.18;23.16
RS;Rio Grande do Sul;Homens;2025;Lesão autoprovocada;1146;22.26;21.4
RS;Rio Grande do Sul;Homens;2025;Demais causas externas;379;6.95;6.45
RS;Rio Grande do Sul;Mulheres;2000;Lesão de trânsito;386;7.35;7.65
RS;Rio Grande do Sul;Mulheres;2000;Agressão;174;3.31;3.38
RS;Rio Grande do Sul;Mulheres;2000;Causas acidentais;323;6.15;6.23
RS;Rio Grande do Sul;Mulheres;2000;Lesão autoprovocada;190;3.93;4.38
RS;Rio Grande do Sul;Mulheres;2000;Demais causas externas;168;3.2;3.63
RS;Rio Grande do Sul;Mulheres;2001;Lesão de trânsito;351;6.62;6.94
RS;Rio Grande do Sul;Mulheres;2001;Agressão;180;3.4;3.41
RS;Rio Grande do Sul;Mulheres;2001;Causas acidentais;254;4.79;5.04
RS;Rio Grande do Sul;Mulheres;2001;Lesão autoprovocada;175;3.58;3.77
RS;Rio Grande do Sul;Mulheres;2001;Demais causas externas;155;2.92;3.31
RS;Rio Grande do Sul;Mulheres;2002;Lesão de trânsito;425;7.96;8.27
RS;Rio Grande do Sul;Mulheres;2002;Agressão;198;3.71;3.75
RS;Rio Grande do Sul;Mulheres;2002;Causas acidentais;321;6.01;6.38
RS;Rio Grande do Sul;Mulheres;2002;Lesão autoprovocada;189;3.83;4.03
RS;Rio Grande do Sul;Mulheres;2002;Demais causas externas;186;3.48;3.87
RS;Rio Grande do Sul;Mulheres;2003;Lesão de trânsito;477;8.87;9.17
RS;Rio Grande do Sul;Mulheres;2003;Agressão;177;3.29;3.27
RS;Rio Grande do Sul;Mulheres;2003;Causas acidentais;318;5.91;6.2
RS;Rio Grande do Sul;Mulheres;2003;Lesão autoprovocada;192;3.85;4.06
RS;Rio Grande do Sul;Mulheres;2003;Demais causas externas;169;3.14;3.36
RS;Rio Grande do Sul;Mulheres;2004;Lesão de trânsito;416;7.68;7.86
RS;Rio Grande do Sul;Mulheres;2004;Agressão;195;3.6;3.56
RS;Rio Grande do Sul;Mulheres;2004;Causas acidentais;309;5.7;5.88
RS;Rio Grande do Sul;Mulheres;2004;Lesão autoprovocada;189;3.76;3.9
RS;Rio Grande do Sul;Mulheres;2004;Demais causas externas;156;2.88;3.02
RS;Rio Grande do Sul;Mulheres;2005;Lesão de trânsito;399;7.32;7.53
RS;Rio Grande do Sul;Mulheres;2005;Agressão;209;3.83;3.81
RS;Rio Grande do Sul;Mulheres;2005;Causas acidentais;302;5.54;5.65
RS;Rio Grande do Sul;Mulheres;2005;Lesão autoprovocada;173;3.41;3.56
RS;Rio Grande do Sul;Mulheres;2005;Demais causas externas;148;2.71;2.83
RS;Rio Grande do Sul;Mulheres;2006;Lesão de trânsito;389;7.09;7.19
RS;Rio Grande do Sul;Mulheres;2006;Agressão;162;2.95;2.91
RS;Rio Grande do Sul;Mulheres;2006;Causas acidentais;337;6.14;6.21
RS;Rio Grande do Sul;Mulheres;2006;Lesão autoprovocada;208;4.07;4.22
RS;Rio Grande do Sul;Mulheres;2006;Demais causas externas;161;2.94;3.04
RS;Rio Grande do Sul;Mulheres;2007;Lesão de trânsito;367;6.66;6.73
RS;Rio Grande do Sul;Mulheres;2007;Agressão;193;3.5;3.49
RS;Rio Grande do Sul;Mulheres;2007;Causas acidentais;392;7.11;7.09
RS;Rio Grande do Sul;Mulheres;2007;Lesão autoprovocada;221;4.29;4.39
RS;Rio Grande do Sul;Mulheres;2007;Demais causas externas;224;4.06;4.1
RS;Rio Grande do Sul;Mulheres;2008;Lesão de trânsito;423;7.64;7.64
RS;Rio Grande do Sul;Mulheres;2008;Agressão;219;3.95;3.93
RS;Rio Grande do Sul;Mulheres;2008;Causas acidentais;354;6.39;6.27
RS;Rio Grande do Sul;Mulheres;2008;Lesão autoprovocada;228;4.39;4.49
RS;Rio Grande do Sul;Mulheres;2008;Demais causas externas;167;3.01;2.96
RS;Rio Grande do Sul;Mulheres;2009;Lesão de trânsito;428;7.69;7.64
RS;Rio Grande do Sul;Mulheres;2009;Agressão;225;4.04;3.99
RS;Rio Grande do Sul;Mulheres;2009;Causas acidentais;398;7.15;6.88
RS;Rio Grande do Sul;Mulheres;2009;Lesão autoprovocada;187;3.58;3.65
RS;Rio Grande do Sul;Mulheres;2009;Demais causas externas;188;3.38;3.27
RS;Rio Grande do Sul;Mulheres;2010;Lesão de trânsito;474;8.49;8.45
RS;Rio Grande do Sul;Mulheres;2010;Agressão;227;4.06;4.03
RS;Rio Grande do Sul;Mulheres;2010;Causas acidentais;368;6.59;6.18
RS;Rio Grande do Sul;Mulheres;2010;Lesão autoprovocada;205;3.9;3.93
RS;Rio Grande do Sul;Mulheres;2010;Demais causas externas;165;2.95;2.78
RS;Rio Grande do Sul;Mulheres;2011;Lesão de trânsito;431;7.69;7.61
RS;Rio Grande do Sul;Mulheres;2011;Agressão;202;3.61;3.55
RS;Rio Grande do Sul;Mulheres;2011;Causas acidentais;453;8.09;7.39
RS;Rio Grande do Sul;Mulheres;2011;Lesão autoprovocada;211;4;4.02
RS;Rio Grande do Sul;Mulheres;2011;Demais causas externas;131;2.34;2.22
RS;Rio Grande do Sul;Mulheres;2012;Lesão de trânsito;470;8.36;8.18
RS;Rio Grande do Sul;Mulheres;2012;Agressão;247;4.39;4.4
RS;Rio Grande do Sul;Mulheres;2012;Causas acidentais;395;7.03;6.31
RS;Rio Grande do Sul;Mulheres;2012;Lesão autoprovocada;241;4.55;4.52
RS;Rio Grande do Sul;Mulheres;2012;Demais causas externas;151;2.69;2.41
RS;Rio Grande do Sul;Mulheres;2013;Lesão de trânsito;455;8.06;7.82
RS;Rio Grande do Sul;Mulheres;2013;Agressão;210;3.72;3.69
RS;Rio Grande do Sul;Mulheres;2013;Causas acidentais;636;11.27;9.98
RS;Rio Grande do Sul;Mulheres;2013;Lesão autoprovocada;246;4.63;4.51
RS;Rio Grande do Sul;Mulheres;2013;Demais causas externas;136;2.41;2.16
RS;Rio Grande do Sul;Mulheres;2014;Lesão de trânsito;439;7.75;7.58
RS;Rio Grande do Sul;Mulheres;2014;Agressão;250;4.41;4.4
RS;Rio Grande do Sul;Mulheres;2014;Causas acidentais;575;10.15;8.65
RS;Rio Grande do Sul;Mulheres;2014;Lesão autoprovocada;236;4.43;4.34
RS;Rio Grande do Sul;Mulheres;2014;Demais causas externas;103;1.82;1.63
RS;Rio Grande do Sul;Mulheres;2015;Lesão de trânsito;386;6.79;6.53
RS;Rio Grande do Sul;Mulheres;2015;Agressão;283;4.98;4.99
RS;Rio Grande do Sul;Mulheres;2015;Causas acidentais;629;11.06;9.08
RS;Rio Grande do Sul;Mulheres;2015;Lesão autoprovocada;233;4.36;4.29
RS;Rio Grande do Sul;Mulheres;2015;Demais causas externas;96;1.69;1.47
RS;Rio Grande do Sul;Mulheres;2016;Lesão de trânsito;375;6.57;6.33
RS;Rio Grande do Sul;Mulheres;2016;Agressão;308;5.39;5.41
RS;Rio Grande do Sul;Mulheres;2016;Causas acidentais;679;11.89;9.56
RS;Rio Grande do Sul;Mulheres;2016;Lesão autoprovocada;243;4.53;4.41
RS;Rio Grande do Sul;Mulheres;2016;Demais causas externas;107;1.87;1.64
RS;Rio Grande do Sul;Mulheres;2017;Lesão de trânsito;430;7.51;7.23
RS;Rio Grande do Sul;Mulheres;2017;Agressão;302;5.27;5.37
RS;Rio Grande do Sul;Mulheres;2017;Causas acidentais;698;12.19;9.52
RS;Rio Grande do Sul;Mulheres;2017;Lesão autoprovocada;269;5;4.79
RS;Rio Grande do Sul;Mulheres;2017;Demais causas externas;84;1.47;1.32
RS;Rio Grande do Sul;Mulheres;2018;Lesão de trânsito;375;6.53;6.22
RS;Rio Grande do Sul;Mulheres;2018;Agressão;256;4.46;4.5
RS;Rio Grande do Sul;Mulheres;2018;Causas acidentais;836;14.56;11.02
RS;Rio Grande do Sul;Mulheres;2018;Lesão autoprovocada;256;4.74;4.51
RS;Rio Grande do Sul;Mulheres;2018;Demais causas externas;113;1.97;1.7
RS;Rio Grande do Sul;Mulheres;2019;Lesão de trânsito;336;5.84;5.49
RS;Rio Grande do Sul;Mulheres;2019;Agressão;236;4.1;4.14
RS;Rio Grande do Sul;Mulheres;2019;Causas acidentais;817;14.2;10.41
RS;Rio Grande do Sul;Mulheres;2019;Lesão autoprovocada;284;5.25;5
RS;Rio Grande do Sul;Mulheres;2019;Demais causas externas;98;1.7;1.47
RS;Rio Grande do Sul;Mulheres;2020;Lesão de trânsito;271;4.7;4.55
RS;Rio Grande do Sul;Mulheres;2020;Agressão;214;3.71;3.8
RS;Rio Grande do Sul;Mulheres;2020;Causas acidentais;742;12.86;9.46
RS;Rio Grande do Sul;Mulheres;2020;Lesão autoprovocada;287;5.28;5.06
RS;Rio Grande do Sul;Mulheres;2020;Demais causas externas;77;1.33;1.09
RS;Rio Grande do Sul;Mulheres;2021;Lesão de trânsito;328;5.68;5.5
RS;Rio Grande do Sul;Mulheres;2021;Agressão;230;3.98;4.03
RS;Rio Grande do Sul;Mulheres;2021;Causas acidentais;848;14.69;10.56
RS;Rio Grande do Sul;Mulheres;2021;Lesão autoprovocada;304;5.58;5.36
RS;Rio Grande do Sul;Mulheres;2021;Demais causas externas;141;2.44;1.92
RS;Rio Grande do Sul;Mulheres;2022;Lesão de trânsito;353;6.12;5.72
RS;Rio Grande do Sul;Mulheres;2022;Agressão;250;4.33;4.55
RS;Rio Grande do Sul;Mulheres;2022;Causas acidentais;900;15.59;10.88
RS;Rio Grande do Sul;Mulheres;2022;Lesão autoprovocada;298;5.46;5.2
RS;Rio Grande do Sul;Mulheres;2022;Demais causas externas;123;2.13;1.69
RS;Rio Grande do Sul;Mulheres;2023;Lesão de trânsito;350;6.06;5.61
RS;Rio Grande do Sul;Mulheres;2023;Agressão;224;3.88;4.01
RS;Rio Grande do Sul;Mulheres;2023;Causas acidentais;956;16.56;11.42
RS;Rio Grande do Sul;Mulheres;2023;Lesão autoprovocada;347;6.35;6.23
RS;Rio Grande do Sul;Mulheres;2023;Demais causas externas;103;1.78;1.44
RS;Rio Grande do Sul;Mulheres;2024;Lesão de trânsito;368;6.37;5.88
RS;Rio Grande do Sul;Mulheres;2024;Agressão;201;3.48;3.67
RS;Rio Grande do Sul;Mulheres;2024;Causas acidentais;1168;20.21;13.71
RS;Rio Grande do Sul;Mulheres;2024;Lesão autoprovocada;329;6;5.78
RS;Rio Grande do Sul;Mulheres;2024;Demais causas externas;149;2.58;1.96
RS;Rio Grande do Sul;Mulheres;2025;Lesão de trânsito;370;6.4;6.06
RS;Rio Grande do Sul;Mulheres;2025;Agressão;154;2.66;2.75
RS;Rio Grande do Sul;Mulheres;2025;Causas acidentais;1075;18.59;11.83
RS;Rio Grande do Sul;Mulheres;2025;Lesão autoprovocada;305;5.56;5.41
RS;Rio Grande do Sul;Mulheres;2025;Demais causas externas;144;2.49;1.94
SC;Santa Catarina;Ambos;2000;Lesão de trânsito;1497;27.11;29.48
SC;Santa Catarina;Ambos;2000;Agressão;424;7.68;7.96
SC;Santa Catarina;Ambos;2000;Causas acidentais;851;15.41;18.07
SC;Santa Catarina;Ambos;2000;Lesão autoprovocada;426;8.49;10.14
SC;Santa Catarina;Ambos;2000;Demais causas externas;114;2.06;2.43
SC;Santa Catarina;Ambos;2001;Lesão de trânsito;1559;27.8;29.89
SC;Santa Catarina;Ambos;2001;Agressão;468;8.35;8.46
SC;Santa Catarina;Ambos;2001;Causas acidentais;813;14.5;16.94
SC;Santa Catarina;Ambos;2001;Lesão autoprovocada;463;9.06;10.77
SC;Santa Catarina;Ambos;2001;Demais causas externas;91;1.62;1.88
SC;Santa Catarina;Ambos;2002;Lesão de trânsito;1687;29.65;32.28
SC;Santa Catarina;Ambos;2002;Agressão;573;10.07;10.32
SC;Santa Catarina;Ambos;2002;Causas acidentais;813;14.29;16.51
SC;Santa Catarina;Ambos;2002;Lesão autoprovocada;437;8.39;9.63
SC;Santa Catarina;Ambos;2002;Demais causas externas;178;3.13;3.95
SC;Santa Catarina;Ambos;2003;Lesão de trânsito;1717;29.75;31.49
SC;Santa Catarina;Ambos;2003;Agressão;661;11.45;11.35
SC;Santa Catarina;Ambos;2003;Causas acidentais;773;13.39;14.68
SC;Santa Catarina;Ambos;2003;Lesão autoprovocada;405;7.63;8.7
SC;Santa Catarina;Ambos;2003;Demais causas externas;208;3.6;5.06
SC;Santa Catarina;Ambos;2004;Lesão de trânsito;1848;31.58;33.14
SC;Santa Catarina;Ambos;2004;Agressão;629;10.75;10.94
SC;Santa Catarina;Ambos;2004;Causas acidentais;765;13.07;14.76
SC;Santa Catarina;Ambos;2004;Lesão autoprovocada;422;7.81;8.8
SC;Santa Catarina;Ambos;2004;Demais causas externas;226;3.86;5.31
SC;Santa Catarina;Ambos;2005;Lesão de trânsito;1931;32.55;33.64
SC;Santa Catarina;Ambos;2005;Agressão;630;10.62;10.29
SC;Santa Catarina;Ambos;2005;Causas acidentais;726;12.24;13.38
SC;Santa Catarina;Ambos;2005;Lesão autoprovocada;449;8.17;9.34
SC;Santa Catarina;Ambos;2005;Demais causas externas;215;3.62;4.73
SC;Santa Catarina;Ambos;2006;Lesão de trânsito;1949;32.38;33.44
SC;Santa Catarina;Ambos;2006;Agressão;664;11.03;10.76
SC;Santa Catarina;Ambos;2006;Causas acidentais;696;11.56;12.45
SC;Santa Catarina;Ambos;2006;Lesão autoprovocada;384;6.87;7.59
SC;Santa Catarina;Ambos;2006;Demais causas externas;159;2.64;3.34
SC;Santa Catarina;Ambos;2007;Lesão de trânsito;1973;32.33;32.92
SC;Santa Catarina;Ambos;2007;Agressão;631;10.34;9.9
SC;Santa Catarina;Ambos;2007;Causas acidentais;735;12.04;13.76
SC;Santa Catarina;Ambos;2007;Lesão autoprovocada;455;8.01;8.86
SC;Santa Catarina;Ambos;2007;Demais causas externas;158;2.59;3.1
SC;Santa Catarina;Ambos;2008;Lesão de trânsito;1865;30.13;30.98
SC;Santa Catarina;Ambos;2008;Agressão;795;12.84;12.21
SC;Santa Catarina;Ambos;2008;Causas acidentais;775;12.52;13.99
SC;Santa Catarina;Ambos;2008;Lesão autoprovocada;488;8.46;9.11
SC;Santa Catarina;Ambos;2008;Demais causas externas;209;3.38;4.2
SC;Santa Catarina;Ambos;2009;Lesão de trânsito;1863;29.67;29.99
SC;Santa Catarina;Ambos;2009;Agressão;815;12.98;12.21
SC;Santa Catarina;Ambos;2009;Causas acidentais;691;11;12.53
SC;Santa Catarina;Ambos;2009;Lesão autoprovocada;519;8.86;9.53
SC;Santa Catarina;Ambos;2009;Demais causas externas;151;2.4;2.81
SC;Santa Catarina;Ambos;2010;Lesão de trânsito;1882;29.56;29.9
SC;Santa Catarina;Ambos;2010;Agressão;821;12.9;12.36
SC;Santa Catarina;Ambos;2010;Causas acidentais;754;11.84;13.71
SC;Santa Catarina;Ambos;2010;Lesão autoprovocada;530;8.92;9.67
SC;Santa Catarina;Ambos;2010;Demais causas externas;128;2.01;2.29
SC;Santa Catarina;Ambos;2011;Lesão de trânsito;2001;31;31.19
SC;Santa Catarina;Ambos;2011;Agressão;803;12.44;11.78
SC;Santa Catarina;Ambos;2011;Causas acidentais;784;12.15;14.04
SC;Santa Catarina;Ambos;2011;Lesão autoprovocada;520;8.63;9.18
SC;Santa Catarina;Ambos;2011;Demais causas externas;137;2.12;2.3
SC;Santa Catarina;Ambos;2012;Lesão de trânsito;1941;29.62;29.68
SC;Santa Catarina;Ambos;2012;Agressão;811;12.37;11.71
SC;Santa Catarina;Ambos;2012;Causas acidentais;870;13.27;15.56
SC;Santa Catarina;Ambos;2012;Lesão autoprovocada;548;8.95;9.5
SC;Santa Catarina;Ambos;2012;Demais causas externas;115;1.75;1.96
SC;Santa Catarina;Ambos;2013;Lesão de trânsito;1712;25.71;25.73
SC;Santa Catarina;Ambos;2013;Agressão;775;11.64;11.06
SC;Santa Catarina;Ambos;2013;Causas acidentais;877;13.17;15.19
SC;Santa Catarina;Ambos;2013;Lesão autoprovocada;568;9.13;9.54
SC;Santa Catarina;Ambos;2013;Demais causas externas;130;1.95;2.15
SC;Santa Catarina;Ambos;2014;Lesão de trânsito;1871;27.63;27.4
SC;Santa Catarina;Ambos;2014;Agressão;863;12.74;12.16
SC;Santa Catarina;Ambos;2014;Causas acidentais;955;14.1;16.17
SC;Santa Catarina;Ambos;2014;Lesão autoprovocada;587;9.28;9.5
SC;Santa Catarina;Ambos;2014;Demais causas externas;171;2.53;2.64
SC;Santa Catarina;Ambos;2015;Lesão de trânsito;1587;23.03;22.61
SC;Santa Catarina;Ambos;2015;Agressão;932;13.53;12.9
SC;Santa Catarina;Ambos;2015;Causas acidentais;971;14.09;15.8
SC;Santa Catarina;Ambos;2015;Lesão autoprovocada;637;9.91;10.16
SC;Santa Catarina;Ambos;2015;Demais causas externas;116;1.68;1.77
SC;Santa Catarina;Ambos;2016;Lesão de trânsito;1510;21.54;21.29
SC;Santa Catarina;Ambos;2016;Agressão;964;13.75;13.13
SC;Santa Catarina;Ambos;2016;Causas acidentais;1004;14.32;15.91
SC;Santa Catarina;Ambos;2016;Lesão autoprovocada;674;10.31;10.35
SC;Santa Catarina;Ambos;2016;Demais causas externas;182;2.6;2.73
SC;Santa Catarina;Ambos;2017;Lesão de trânsito;1511;21.18;20.98
SC;Santa Catarina;Ambos;2017;Agressão;1040;14.58;13.9
SC;Santa Catarina;Ambos;2017;Causas acidentais;1105;15.49;17.32
SC;Santa Catarina;Ambos;2017;Lesão autoprovocada;739;11.1;11.11
SC;Santa Catarina;Ambos;2017;Demais causas externas;226;3.17;3.29
SC;Santa Catarina;Ambos;2018;Lesão de trânsito;1386;19.07;18.82
SC;Santa Catarina;Ambos;2018;Agressão;802;11.04;10.67
SC;Santa Catarina;Ambos;2018;Causas acidentais;1075;14.79;16.37
SC;Santa Catarina;Ambos;2018;Lesão autoprovocada;735;10.85;10.77
SC;Santa Catarina;Ambos;2018;Demais causas externas;253;3.48;3.62
SC;Santa Catarina;Ambos;2019;Lesão de trânsito;1441;19.46;19.3
SC;Santa Catarina;Ambos;2019;Agressão;732;9.89;9.67
SC;Santa Catarina;Ambos;2019;Causas acidentais;1087;14.68;15.98
SC;Santa Catarina;Ambos;2019;Lesão autoprovocada;798;11.56;11.5
SC;Santa Catarina;Ambos;2019;Demais causas externas;271;3.66;3.75
SC;Santa Catarina;Ambos;2020;Lesão de trânsito;1358;18.01;17.71
SC;Santa Catarina;Ambos;2020;Agressão;693;9.19;8.95
SC;Santa Catarina;Ambos;2020;Causas acidentais;1177;15.61;16.6
SC;Santa Catarina;Ambos;2020;Lesão autoprovocada;778;11.05;10.96
SC;Santa Catarina;Ambos;2020;Demais causas externas;336;4.46;4.5
SC;Santa Catarina;Ambos;2021;Lesão de trânsito;1435;18.71;18.4
SC;Santa Catarina;Ambos;2021;Agressão;683;8.9;8.71
SC;Santa Catarina;Ambos;2021;Causas acidentais;1229;16.02;16.8
SC;Santa Catarina;Ambos;2021;Lesão autoprovocada;856;11.94;11.75
SC;Santa Catarina;Ambos;2021;Demais causas externas;372;4.85;4.89
SC;Santa Catarina;Ambos;2022;Lesão de trânsito;1434;18.39;18.08
SC;Santa Catarina;Ambos;2022;Agressão;645;8.27;8.05
SC;Santa Catarina;Ambos;2022;Causas acidentais;1402;17.98;18.72
SC;Santa Catarina;Ambos;2022;Lesão autoprovocada;938;12.86;12.62
SC;Santa Catarina;Ambos;2022;Demais causas externas;343;4.4;4.34
SC;Santa Catarina;Ambos;2023;Lesão de trânsito;1465;18.48;18.25
SC;Santa Catarina;Ambos;2023;Agressão;620;7.82;7.64
SC;Santa Catarina;Ambos;2023;Causas acidentais;1531;19.31;19.78
SC;Santa Catarina;Ambos;2023;Lesão autoprovocada;964;12.99;12.71
SC;Santa Catarina;Ambos;2023;Demais causas externas;364;4.59;4.46
SC;Santa Catarina;Ambos;2024;Lesão de trânsito;1521;18.87;18.65
SC;Santa Catarina;Ambos;2024;Agressão;609;7.56;7.43
SC;Santa Catarina;Ambos;2024;Causas acidentais;1625;20.17;20.21
SC;Santa Catarina;Ambos;2024;Lesão autoprovocada;987;13.06;12.68
SC;Santa Catarina;Ambos;2024;Demais causas externas;336;4.17;3.97
SC;Santa Catarina;Ambos;2025;Lesão de trânsito;1556;19.01;18.75
SC;Santa Catarina;Ambos;2025;Agressão;535;6.53;6.45
SC;Santa Catarina;Ambos;2025;Causas acidentais;1541;18.82;18.49
SC;Santa Catarina;Ambos;2025;Lesão autoprovocada;1006;13.08;12.68
SC;Santa Catarina;Ambos;2025;Demais causas externas;382;4.67;4.54
SC;Santa Catarina;Homens;2000;Lesão de trânsito;1181;43.01;47.38
SC;Santa Catarina;Homens;2000;Agressão;371;13.51;14.17
SC;Santa Catarina;Homens;2000;Causas acidentais;674;24.55;28.02
SC;Santa Catarina;Homens;2000;Lesão autoprovocada;361;14.51;17.73
SC;Santa Catarina;Homens;2000;Demais causas externas;94;3.42;4.03
SC;Santa Catarina;Homens;2001;Lesão de trânsito;1262;45.28;49.07
SC;Santa Catarina;Homens;2001;Agressão;408;14.64;14.92
SC;Santa Catarina;Homens;2001;Causas acidentais;659;23.65;27.25
SC;Santa Catarina;Homens;2001;Lesão autoprovocada;385;15.19;18.61
SC;Santa Catarina;Homens;2001;Demais causas externas;69;2.48;2.79
SC;Santa Catarina;Homens;2002;Lesão de trânsito;1369;48.43;53.07
SC;Santa Catarina;Homens;2002;Agressão;498;17.62;18.31
SC;Santa Catarina;Homens;2002;Causas acidentais;658;23.28;26.72
SC;Santa Catarina;Homens;2002;Lesão autoprovocada;355;13.75;16.09
SC;Santa Catarina;Homens;2002;Demais causas externas;129;4.56;5.72
SC;Santa Catarina;Homens;2003;Lesão de trânsito;1411;49.24;52.74
SC;Santa Catarina;Homens;2003;Agressão;592;20.66;20.53
SC;Santa Catarina;Homens;2003;Causas acidentais;637;22.23;24.42
SC;Santa Catarina;Homens;2003;Lesão autoprovocada;334;12.71;14.88
SC;Santa Catarina;Homens;2003;Demais causas externas;146;5.09;6.96
SC;Santa Catarina;Homens;2004;Lesão de trânsito;1506;51.85;54.98
SC;Santa Catarina;Homens;2004;Agressão;550;18.94;19.26
SC;Santa Catarina;Homens;2004;Causas acidentais;614;21.14;24.16
SC;Santa Catarina;Homens;2004;Lesão autoprovocada;340;12.71;14.43
SC;Santa Catarina;Homens;2004;Demais causas externas;158;5.44;7.42
SC;Santa Catarina;Homens;2005;Lesão de trânsito;1562;53.06;55.46
SC;Santa Catarina;Homens;2005;Agressão;561;19.06;18.42
SC;Santa Catarina;Homens;2005;Causas acidentais;584;19.84;22.03
SC;Santa Catarina;Homens;2005;Lesão autoprovocada;366;13.45;15.91
SC;Santa Catarina;Homens;2005;Demais causas externas;156;5.3;6.8
SC;Santa Catarina;Homens;2006;Lesão de trânsito;1615;54.09;56.18
SC;Santa Catarina;Homens;2006;Agressão;573;19.19;18.67
SC;Santa Catarina;Homens;2006;Causas acidentais;570;19.09;20.59
SC;Santa Catarina;Homens;2006;Lesão autoprovocada;305;11.03;12.49
SC;Santa Catarina;Homens;2006;Demais causas externas;112;3.75;4.6
SC;Santa Catarina;Homens;2007;Lesão de trânsito;1600;52.85;53.92
SC;Santa Catarina;Homens;2007;Agressão;559;18.47;17.66
SC;Santa Catarina;Homens;2007;Causas acidentais;588;19.42;22.05
SC;Santa Catarina;Homens;2007;Lesão autoprovocada;362;12.88;14.87
SC;Santa Catarina;Homens;2007;Demais causas externas;116;3.83;4.57
SC;Santa Catarina;Homens;2008;Lesão de trânsito;1495;48.71;50.53
SC;Santa Catarina;Homens;2008;Agressão;708;23.07;21.92
SC;Santa Catarina;Homens;2008;Causas acidentais;573;18.67;21
SC;Santa Catarina;Homens;2008;Lesão autoprovocada;389;13.64;15
SC;Santa Catarina;Homens;2008;Demais causas externas;136;4.43;5.3
SC;Santa Catarina;Homens;2009;Lesão de trânsito;1555;49.95;50.77
SC;Santa Catarina;Homens;2009;Agressão;721;23.16;21.65
SC;Santa Catarina;Homens;2009;Causas acidentais;543;17.44;20.03
SC;Santa Catarina;Homens;2009;Lesão autoprovocada;435;15.02;16.55
SC;Santa Catarina;Homens;2009;Demais causas externas;120;3.85;4.5
SC;Santa Catarina;Homens;2010;Lesão de trânsito;1513;47.96;48.73
SC;Santa Catarina;Homens;2010;Agressão;710;22.5;21.5
SC;Santa Catarina;Homens;2010;Causas acidentais;571;18.1;20.95
SC;Santa Catarina;Homens;2010;Lesão autoprovocada;411;13.99;15.91
SC;Santa Catarina;Homens;2010;Demais causas externas;93;2.95;3.37
SC;Santa Catarina;Homens;2011;Lesão de trânsito;1625;50.81;51.49
SC;Santa Catarina;Homens;2011;Agressão;729;22.79;21.47
SC;Santa Catarina;Homens;2011;Causas acidentais;613;19.17;22.07
SC;Santa Catarina;Homens;2011;Lesão autoprovocada;405;13.59;14.93
SC;Santa Catarina;Homens;2011;Demais causas externas;114;3.56;3.99
SC;Santa Catarina;Homens;2012;Lesão de trânsito;1537;47.34;47.87
SC;Santa Catarina;Homens;2012;Agressão;707;21.77;20.5
SC;Santa Catarina;Homens;2012;Causas acidentais;628;19.34;22.66
SC;Santa Catarina;Homens;2012;Lesão autoprovocada;416;13.75;15.28
SC;Santa Catarina;Homens;2012;Demais causas externas;82;2.53;2.74
SC;Santa Catarina;Homens;2013;Lesão de trânsito;1369;41.49;41.61
SC;Santa Catarina;Homens;2013;Agressão;672;20.37;19.28
SC;Santa Catarina;Homens;2013;Causas acidentais;593;17.97;20.47
SC;Santa Catarina;Homens;2013;Lesão autoprovocada;445;14.47;15.45
SC;Santa Catarina;Homens;2013;Demais causas externas;93;2.82;3.21
SC;Santa Catarina;Homens;2014;Lesão de trânsito;1481;44.15;44.01
SC;Santa Catarina;Homens;2014;Agressão;752;22.42;21.3
SC;Santa Catarina;Homens;2014;Causas acidentais;674;20.09;23.15
SC;Santa Catarina;Homens;2014;Lesão autoprovocada;441;14.11;14.81
SC;Santa Catarina;Homens;2014;Demais causas externas;127;3.79;3.89
SC;Santa Catarina;Homens;2015;Lesão de trânsito;1279;37.47;36.95
SC;Santa Catarina;Homens;2015;Agressão;835;24.46;23.26
SC;Santa Catarina;Homens;2015;Causas acidentais;671;19.66;22.43
SC;Santa Catarina;Homens;2015;Lesão autoprovocada;498;15.67;16.55
SC;Santa Catarina;Homens;2015;Demais causas externas;87;2.55;2.72
SC;Santa Catarina;Homens;2016;Lesão de trânsito;1203;34.64;34.59
SC;Santa Catarina;Homens;2016;Agressão;857;24.67;23.39
SC;Santa Catarina;Homens;2016;Causas acidentais;698;20.1;22.55
SC;Santa Catarina;Homens;2016;Lesão autoprovocada;515;15.94;16.32
SC;Santa Catarina;Homens;2016;Demais causas externas;128;3.69;3.91
SC;Santa Catarina;Homens;2017;Lesão de trânsito;1219;34.49;34.51
SC;Santa Catarina;Homens;2017;Agressão;931;26.34;24.85
SC;Santa Catarina;Homens;2017;Causas acidentais;708;20.03;22.99
SC;Santa Catarina;Homens;2017;Lesão autoprovocada;576;17.52;17.92
SC;Santa Catarina;Homens;2017;Demais causas externas;174;4.92;5.17
SC;Santa Catarina;Homens;2018;Lesão de trânsito;1152;32.01;32.08
SC;Santa Catarina;Homens;2018;Agressão;710;19.73;19.03
SC;Santa Catarina;Homens;2018;Causas acidentais;686;19.06;22.13
SC;Santa Catarina;Homens;2018;Lesão autoprovocada;562;16.79;16.95
SC;Santa Catarina;Homens;2018;Demais causas externas;177;4.92;5.14
SC;Santa Catarina;Homens;2019;Lesão de trânsito;1163;31.72;31.8
SC;Santa Catarina;Homens;2019;Agressão;618;16.86;16.32
SC;Santa Catarina;Homens;2019;Causas acidentais;685;18.68;21.23
SC;Santa Catarina;Homens;2019;Lesão autoprovocada;627;18.38;18.71
SC;Santa Catarina;Homens;2019;Demais causas externas;212;5.78;6.06
SC;Santa Catarina;Homens;2020;Lesão de trânsito;1124;30.1;29.85
SC;Santa Catarina;Homens;2020;Agressão;607;16.26;15.71
SC;Santa Catarina;Homens;2020;Causas acidentais;770;20.62;22.91
SC;Santa Catarina;Homens;2020;Lesão autoprovocada;616;17.72;17.96
SC;Santa Catarina;Homens;2020;Demais causas externas;239;6.4;6.52
SC;Santa Catarina;Homens;2021;Lesão de trânsito;1149;30.26;29.96
SC;Santa Catarina;Homens;2021;Agressão;591;15.56;15.09
SC;Santa Catarina;Homens;2021;Causas acidentais;804;21.17;23.59
SC;Santa Catarina;Homens;2021;Lesão autoprovocada;688;19.44;19.48
SC;Santa Catarina;Homens;2021;Demais causas externas;266;7.01;7.22
SC;Santa Catarina;Homens;2022;Lesão de trânsito;1143;29.63;29.36
SC;Santa Catarina;Homens;2022;Agressão;552;14.31;13.79
SC;Santa Catarina;Homens;2022;Causas acidentais;883;22.89;25.26
SC;Santa Catarina;Homens;2022;Lesão autoprovocada;726;20.17;20.08
SC;Santa Catarina;Homens;2022;Demais causas externas;244;6.32;6.31
SC;Santa Catarina;Homens;2023;Lesão de trânsito;1200;30.6;30.42
SC;Santa Catarina;Homens;2023;Agressão;514;13.11;12.71
SC;Santa Catarina;Homens;2023;Causas acidentais;940;23.97;26.09
SC;Santa Catarina;Homens;2023;Lesão autoprovocada;739;20.17;20.08
SC;Santa Catarina;Homens;2023;Demais causas externas;257;6.55;6.48
SC;Santa Catarina;Homens;2024;Lesão de trânsito;1237;31.03;30.91
SC;Santa Catarina;Homens;2024;Agressão;518;12.99;12.66
SC;Santa Catarina;Homens;2024;Causas acidentais;1014;25.44;27.18
SC;Santa Catarina;Homens;2024;Lesão autoprovocada;770;20.64;20.35
SC;Santa Catarina;Homens;2024;Demais causas externas;249;6.25;6.09
SC;Santa Catarina;Homens;2025;Lesão de trânsito;1268;31.31;31.06
SC;Santa Catarina;Homens;2025;Agressão;454;11.21;11
SC;Santa Catarina;Homens;2025;Causas acidentais;992;24.5;25.74
SC;Santa Catarina;Homens;2025;Lesão autoprovocada;796;20.98;20.55
SC;Santa Catarina;Homens;2025;Demais causas externas;295;7.28;7.25
SC;Santa Catarina;Mulheres;2000;Lesão de trânsito;316;11.38;12.32
SC;Santa Catarina;Mulheres;2000;Agressão;53;1.91;1.86
SC;Santa Catarina;Mulheres;2000;Causas acidentais;177;6.38;8.32
SC;Santa Catarina;Mulheres;2000;Lesão autoprovocada;65;2.57;3
SC;Santa Catarina;Mulheres;2000;Demais causas externas;20;0.72;0.88
SC;Santa Catarina;Mulheres;2001;Lesão de trânsito;295;10.46;11.37
SC;Santa Catarina;Mulheres;2001;Agressão;60;2.13;2.15
SC;Santa Catarina;Mulheres;2001;Causas acidentais;154;5.46;6.96
SC;Santa Catarina;Mulheres;2001;Lesão autoprovocada;78;3.03;3.52
SC;Santa Catarina;Mulheres;2001;Demais causas externas;22;0.78;0.98
SC;Santa Catarina;Mulheres;2002;Lesão de trânsito;318;11.11;12.26
SC;Santa Catarina;Mulheres;2002;Agressão;75;2.62;2.55
SC;Santa Catarina;Mulheres;2002;Causas acidentais;155;5.41;6.66
SC;Santa Catarina;Mulheres;2002;Lesão autoprovocada;82;3.12;3.56
SC;Santa Catarina;Mulheres;2002;Demais causas externas;49;1.71;2.23
SC;Santa Catarina;Mulheres;2003;Lesão de trânsito;306;10.53;11.07
SC;Santa Catarina;Mulheres;2003;Agressão;69;2.37;2.34
SC;Santa Catarina;Mulheres;2003;Causas acidentais;136;4.68;5.32
SC;Santa Catarina;Mulheres;2003;Lesão autoprovocada;71;2.65;2.97
SC;Santa Catarina;Mulheres;2003;Demais causas externas;62;2.13;3.2
SC;Santa Catarina;Mulheres;2004;Lesão de trânsito;342;11.6;12.25
SC;Santa Catarina;Mulheres;2004;Agressão;79;2.68;2.86
SC;Santa Catarina;Mulheres;2004;Causas acidentais;151;5.12;5.88
SC;Santa Catarina;Mulheres;2004;Lesão autoprovocada;82;3.01;3.47
SC;Santa Catarina;Mulheres;2004;Demais causas externas;68;2.31;3.29
SC;Santa Catarina;Mulheres;2005;Lesão de trânsito;369;12.35;12.81
SC;Santa Catarina;Mulheres;2005;Agressão;68;2.28;2.28
SC;Santa Catarina;Mulheres;2005;Causas acidentais;142;4.75;5.3
SC;Santa Catarina;Mulheres;2005;Lesão autoprovocada;83;2.99;3.3
SC;Santa Catarina;Mulheres;2005;Demais causas externas;59;1.97;2.73
SC;Santa Catarina;Mulheres;2006;Lesão de trânsito;334;11.01;11.51
SC;Santa Catarina;Mulheres;2006;Agressão;91;3;3.01
SC;Santa Catarina;Mulheres;2006;Causas acidentais;126;4.15;4.58
SC;Santa Catarina;Mulheres;2006;Lesão autoprovocada;79;2.8;3.05
SC;Santa Catarina;Mulheres;2006;Demais causas externas;47;1.55;2.06
SC;Santa Catarina;Mulheres;2007;Lesão de trânsito;368;11.96;12.47
SC;Santa Catarina;Mulheres;2007;Agressão;70;2.28;2.19
SC;Santa Catarina;Mulheres;2007;Causas acidentais;147;4.78;5.8
SC;Santa Catarina;Mulheres;2007;Lesão autoprovocada;93;3.24;3.44
SC;Santa Catarina;Mulheres;2007;Demais causas externas;41;1.33;1.68
SC;Santa Catarina;Mulheres;2008;Lesão de trânsito;366;11.73;12.03
SC;Santa Catarina;Mulheres;2008;Agressão;86;2.76;2.64
SC;Santa Catarina;Mulheres;2008;Causas acidentais;198;6.35;7.28
SC;Santa Catarina;Mulheres;2008;Lesão autoprovocada;99;3.4;3.62
SC;Santa Catarina;Mulheres;2008;Demais causas externas;73;2.34;3.02
SC;Santa Catarina;Mulheres;2009;Lesão de trânsito;308;9.73;9.99
SC;Santa Catarina;Mulheres;2009;Agressão;93;2.94;2.86
SC;Santa Catarina;Mulheres;2009;Causas acidentais;148;4.67;5.5
SC;Santa Catarina;Mulheres;2009;Lesão autoprovocada;84;2.84;3
SC;Santa Catarina;Mulheres;2009;Demais causas externas;31;0.98;1.23
SC;Santa Catarina;Mulheres;2010;Lesão de trânsito;369;11.49;11.73
SC;Santa Catarina;Mulheres;2010;Agressão;110;3.43;3.34
SC;Santa Catarina;Mulheres;2010;Causas acidentais;183;5.7;6.83
SC;Santa Catarina;Mulheres;2010;Lesão autoprovocada;119;3.96;4.13
SC;Santa Catarina;Mulheres;2010;Demais causas externas;35;1.09;1.25
SC;Santa Catarina;Mulheres;2011;Lesão de trânsito;376;11.55;11.73
SC;Santa Catarina;Mulheres;2011;Agressão;74;2.27;2.23
SC;Santa Catarina;Mulheres;2011;Causas acidentais;171;5.25;6.33
SC;Santa Catarina;Mulheres;2011;Lesão autoprovocada;115;3.77;3.9
SC;Santa Catarina;Mulheres;2011;Demais causas externas;23;0.71;0.77
SC;Santa Catarina;Mulheres;2012;Lesão de trânsito;402;12.16;12.29
SC;Santa Catarina;Mulheres;2012;Agressão;104;3.14;3.04
SC;Santa Catarina;Mulheres;2012;Causas acidentais;242;7.32;8.58
SC;Santa Catarina;Mulheres;2012;Lesão autoprovocada;132;4.26;4.36
SC;Santa Catarina;Mulheres;2012;Demais causas externas;33;1;1.15
SC;Santa Catarina;Mulheres;2013;Lesão de trânsito;343;10.21;10.45
SC;Santa Catarina;Mulheres;2013;Agressão;102;3.04;2.92
SC;Santa Catarina;Mulheres;2013;Causas acidentais;283;8.42;9.6
SC;Santa Catarina;Mulheres;2013;Lesão autoprovocada;123;3.91;4.03
SC;Santa Catarina;Mulheres;2013;Demais causas externas;36;1.07;1.2
SC;Santa Catarina;Mulheres;2014;Lesão de trânsito;390;11.41;11.36
SC;Santa Catarina;Mulheres;2014;Agressão;111;3.25;3.16
SC;Santa Catarina;Mulheres;2014;Causas acidentais;280;8.19;9.25
SC;Santa Catarina;Mulheres;2014;Lesão autoprovocada;146;4.56;4.61
SC;Santa Catarina;Mulheres;2014;Demais causas externas;43;1.26;1.38
SC;Santa Catarina;Mulheres;2015;Lesão de trânsito;308;8.86;8.76
SC;Santa Catarina;Mulheres;2015;Agressão;97;2.79;2.74
SC;Santa Catarina;Mulheres;2015;Causas acidentais;299;8.6;9.37
SC;Santa Catarina;Mulheres;2015;Lesão autoprovocada;139;4.27;4.32
SC;Santa Catarina;Mulheres;2015;Demais causas externas;29;0.83;0.87
SC;Santa Catarina;Mulheres;2016;Lesão de trânsito;307;8.68;8.58
SC;Santa Catarina;Mulheres;2016;Agressão;107;3.02;2.95
SC;Santa Catarina;Mulheres;2016;Causas acidentais;306;8.65;9.25
SC;Santa Catarina;Mulheres;2016;Lesão autoprovocada;159;4.81;4.76
SC;Santa Catarina;Mulheres;2016;Demais causas externas;54;1.53;1.58
SC;Santa Catarina;Mulheres;2017;Lesão de trânsito;291;8.08;8.01
SC;Santa Catarina;Mulheres;2017;Agressão;109;3.03;2.96
SC;Santa Catarina;Mulheres;2017;Causas acidentais;397;11.02;11.56
SC;Santa Catarina;Mulheres;2017;Lesão autoprovocada;163;4.84;4.78
SC;Santa Catarina;Mulheres;2017;Demais causas externas;52;1.44;1.47
SC;Santa Catarina;Mulheres;2018;Lesão de trânsito;234;6.38;6.25
SC;Santa Catarina;Mulheres;2018;Agressão;91;2.48;2.43
SC;Santa Catarina;Mulheres;2018;Causas acidentais;389;10.61;10.84
SC;Santa Catarina;Mulheres;2018;Lesão autoprovocada;173;5.05;4.93
SC;Santa Catarina;Mulheres;2018;Demais causas externas;76;2.07;2.11
SC;Santa Catarina;Mulheres;2019;Lesão de trânsito;278;7.44;7.32
SC;Santa Catarina;Mulheres;2019;Agressão;114;3.05;3.03
SC;Santa Catarina;Mulheres;2019;Causas acidentais;400;10.7;10.67
SC;Santa Catarina;Mulheres;2019;Lesão autoprovocada;171;4.89;4.82
SC;Santa Catarina;Mulheres;2019;Demais causas externas;59;1.58;1.54
SC;Santa Catarina;Mulheres;2020;Lesão de trânsito;234;6.15;6.07
SC;Santa Catarina;Mulheres;2020;Agressão;86;2.26;2.2
SC;Santa Catarina;Mulheres;2020;Causas acidentais;407;10.69;10.42
SC;Santa Catarina;Mulheres;2020;Lesão autoprovocada;162;4.55;4.46
SC;Santa Catarina;Mulheres;2020;Demais causas externas;95;2.49;2.43
SC;Santa Catarina;Mulheres;2021;Lesão de trânsito;286;7.38;7.31
SC;Santa Catarina;Mulheres;2021;Agressão;92;2.37;2.35
SC;Santa Catarina;Mulheres;2021;Causas acidentais;425;10.97;10.48
SC;Santa Catarina;Mulheres;2021;Lesão autoprovocada;168;4.63;4.53
SC;Santa Catarina;Mulheres;2021;Demais causas externas;106;2.74;2.64
SC;Santa Catarina;Mulheres;2022;Lesão de trânsito;291;7.39;7.16
SC;Santa Catarina;Mulheres;2022;Agressão;93;2.36;2.35
SC;Santa Catarina;Mulheres;2022;Causas acidentais;519;13.18;12.42
SC;Santa Catarina;Mulheres;2022;Lesão autoprovocada;212;5.74;5.6
SC;Santa Catarina;Mulheres;2022;Demais causas externas;99;2.51;2.4
SC;Santa Catarina;Mulheres;2023;Lesão de trânsito;264;6.59;6.51
SC;Santa Catarina;Mulheres;2023;Agressão;105;2.62;2.6
SC;Santa Catarina;Mulheres;2023;Causas acidentais;590;14.73;13.55
SC;Santa Catarina;Mulheres;2023;Lesão autoprovocada;225;5.98;5.84
SC;Santa Catarina;Mulheres;2023;Demais causas externas;106;2.65;2.49
SC;Santa Catarina;Mulheres;2024;Lesão de trânsito;283;6.95;6.86
SC;Santa Catarina;Mulheres;2024;Agressão;90;2.21;2.17
SC;Santa Catarina;Mulheres;2024;Causas acidentais;611;15.01;13.4
SC;Santa Catarina;Mulheres;2024;Lesão autoprovocada;217;5.67;5.5
SC;Santa Catarina;Mulheres;2024;Demais causas externas;84;2.06;1.85
SC;Santa Catarina;Mulheres;2025;Lesão de trânsito;288;6.96;6.84
SC;Santa Catarina;Mulheres;2025;Agressão;80;1.93;1.95
SC;Santa Catarina;Mulheres;2025;Causas acidentais;548;13.25;11.5
SC;Santa Catarina;Mulheres;2025;Lesão autoprovocada;210;5.39;5.19
SC;Santa Catarina;Mulheres;2025;Demais causas externas;86;2.08;1.95
SE;Sergipe;Ambos;2000;Lesão de trânsito;331;18.12;21.37
SE;Sergipe;Ambos;2000;Agressão;409;22.39;23.66
SE;Sergipe;Ambos;2000;Causas acidentais;212;11.61;13.24
SE;Sergipe;Ambos;2000;Lesão autoprovocada;48;2.96;3.17
SE;Sergipe;Ambos;2000;Demais causas externas;181;9.91;12.68
SE;Sergipe;Ambos;2001;Lesão de trânsito;342;18.44;21.68
SE;Sergipe;Ambos;2001;Agressão;517;27.88;29.1
SE;Sergipe;Ambos;2001;Causas acidentais;189;10.19;11.69
SE;Sergipe;Ambos;2001;Lesão autoprovocada;69;4.18;5.41
SE;Sergipe;Ambos;2001;Demais causas externas;132;7.12;9.42
SE;Sergipe;Ambos;2002;Lesão de trânsito;398;21.15;23.24
SE;Sergipe;Ambos;2002;Agressão;555;29.49;29.87
SE;Sergipe;Ambos;2002;Causas acidentais;170;9.03;10.58
SE;Sergipe;Ambos;2002;Lesão autoprovocada;80;4.76;5.71
SE;Sergipe;Ambos;2002;Demais causas externas;102;5.42;6.94
SE;Sergipe;Ambos;2003;Lesão de trânsito;389;20.38;23.08
SE;Sergipe;Ambos;2003;Agressão;469;24.57;24.73
SE;Sergipe;Ambos;2003;Causas acidentais;169;8.86;10.13
SE;Sergipe;Ambos;2003;Lesão autoprovocada;81;4.73;5.25
SE;Sergipe;Ambos;2003;Demais causas externas;122;6.39;8.14
SE;Sergipe;Ambos;2004;Lesão de trânsito;439;22.69;24.87
SE;Sergipe;Ambos;2004;Agressão;454;23.46;23.21
SE;Sergipe;Ambos;2004;Causas acidentais;239;12.35;15.01
SE;Sergipe;Ambos;2004;Lesão autoprovocada;80;4.59;5.16
SE;Sergipe;Ambos;2004;Demais causas externas;100;5.17;6.2
SE;Sergipe;Ambos;2005;Lesão de trânsito;380;19.37;22.11
SE;Sergipe;Ambos;2005;Agressão;487;24.83;25.49
SE;Sergipe;Ambos;2005;Causas acidentais;230;11.73;14.81
SE;Sergipe;Ambos;2005;Lesão autoprovocada;81;4.57;5.21
SE;Sergipe;Ambos;2005;Demais causas externas;126;6.42;8.37
SE;Sergipe;Ambos;2006;Lesão de trânsito;375;18.86;21.2
SE;Sergipe;Ambos;2006;Agressão;584;29.37;28.82
SE;Sergipe;Ambos;2006;Causas acidentais;210;10.56;12.39
SE;Sergipe;Ambos;2006;Lesão autoprovocada;76;4.22;4.72
SE;Sergipe;Ambos;2006;Demais causas externas;127;6.39;8.13
SE;Sergipe;Ambos;2007;Lesão de trânsito;420;20.85;22.23
SE;Sergipe;Ambos;2007;Agressão;522;25.91;25.5
SE;Sergipe;Ambos;2007;Causas acidentais;186;9.23;11.3
SE;Sergipe;Ambos;2007;Lesão autoprovocada;97;5.3;5.83
SE;Sergipe;Ambos;2007;Demais causas externas;114;5.66;6.85
SE;Sergipe;Ambos;2008;Lesão de trânsito;446;21.86;24.28
SE;Sergipe;Ambos;2008;Agressão;555;27.2;26.58
SE;Sergipe;Ambos;2008;Causas acidentais;254;12.45;15.34
SE;Sergipe;Ambos;2008;Lesão autoprovocada;108;5.81;6.57
SE;Sergipe;Ambos;2008;Demais causas externas;94;4.61;5.78
SE;Sergipe;Ambos;2009;Lesão de trânsito;512;24.79;26.95
SE;Sergipe;Ambos;2009;Agressão;653;31.61;31.39
SE;Sergipe;Ambos;2009;Causas acidentais;263;12.73;15.95
SE;Sergipe;Ambos;2009;Lesão autoprovocada;111;5.89;6.67
SE;Sergipe;Ambos;2009;Demais causas externas;102;4.94;6.25
SE;Sergipe;Ambos;2010;Lesão de trânsito;613;29.36;31.76
SE;Sergipe;Ambos;2010;Agressão;676;32.38;32.03
SE;Sergipe;Ambos;2010;Causas acidentais;267;12.79;16.11
SE;Sergipe;Ambos;2010;Lesão autoprovocada;129;6.76;7.02
SE;Sergipe;Ambos;2010;Demais causas externas;96;4.6;5.73
SE;Sergipe;Ambos;2011;Lesão de trânsito;570;27.05;28.56
SE;Sergipe;Ambos;2011;Agressão;731;34.69;33.46
SE;Sergipe;Ambos;2011;Causas acidentais;276;13.1;16.61
SE;Sergipe;Ambos;2011;Lesão autoprovocada;125;6.47;7.04
SE;Sergipe;Ambos;2011;Demais causas externas;62;2.94;3.68
SE;Sergipe;Ambos;2012;Lesão de trânsito;627;29.48;31.08
SE;Sergipe;Ambos;2012;Agressão;879;41.33;39.38
SE;Sergipe;Ambos;2012;Causas acidentais;267;12.55;15.74
SE;Sergipe;Ambos;2012;Lesão autoprovocada;109;5.58;6.17
SE;Sergipe;Ambos;2012;Demais causas externas;73;3.43;4.44
SE;Sergipe;Ambos;2013;Lesão de trânsito;659;30.71;32.71
SE;Sergipe;Ambos;2013;Agressão;965;44.98;42.59
SE;Sergipe;Ambos;2013;Causas acidentais;341;15.89;20.02
SE;Sergipe;Ambos;2013;Lesão autoprovocada;125;6.33;6.61
SE;Sergipe;Ambos;2013;Demais causas externas;75;3.5;4.34
SE;Sergipe;Ambos;2014;Lesão de trânsito;526;24.3;25.47
SE;Sergipe;Ambos;2014;Agressão;1097;50.69;47.74
SE;Sergipe;Ambos;2014;Causas acidentais;356;16.45;20.36
SE;Sergipe;Ambos;2014;Lesão autoprovocada;110;5.52;5.79
SE;Sergipe;Ambos;2014;Demais causas externas;78;3.6;4.53
SE;Sergipe;Ambos;2015;Lesão de trânsito;565;25.89;27.64
SE;Sergipe;Ambos;2015;Agressão;1302;59.66;56.46
SE;Sergipe;Ambos;2015;Causas acidentais;355;16.27;20.17
SE;Sergipe;Ambos;2015;Lesão autoprovocada;120;5.96;6.31
SE;Sergipe;Ambos;2015;Demais causas externas;102;4.67;5.82
SE;Sergipe;Ambos;2016;Lesão de trânsito;475;21.61;22.3
SE;Sergipe;Ambos;2016;Agressão;1464;66.6;62.14
SE;Sergipe;Ambos;2016;Causas acidentais;315;14.33;17.44
SE;Sergipe;Ambos;2016;Lesão autoprovocada;115;5.67;6
SE;Sergipe;Ambos;2016;Demais causas externas;114;5.19;6.22
SE;Sergipe;Ambos;2017;Lesão de trânsito;412;18.62;19.56
SE;Sergipe;Ambos;2017;Agressão;1310;59.2;55.97
SE;Sergipe;Ambos;2017;Causas acidentais;379;17.13;20.93
SE;Sergipe;Ambos;2017;Lesão autoprovocada;127;6.21;6.34
SE;Sergipe;Ambos;2017;Demais causas externas;95;4.29;4.92
SE;Sergipe;Ambos;2018;Lesão de trânsito;396;17.78;18.5
SE;Sergipe;Ambos;2018;Agressão;1133;50.87;48.21
SE;Sergipe;Ambos;2018;Causas acidentais;324;14.55;17.27
SE;Sergipe;Ambos;2018;Lesão autoprovocada;134;6.5;6.81
SE;Sergipe;Ambos;2018;Demais causas externas;125;5.61;6.45
SE;Sergipe;Ambos;2019;Lesão de trânsito;400;17.85;18.68
SE;Sergipe;Ambos;2019;Agressão;968;43.19;41.37
SE;Sergipe;Ambos;2019;Causas acidentais;327;14.59;17.21
SE;Sergipe;Ambos;2019;Lesão autoprovocada;116;5.59;5.77
SE;Sergipe;Ambos;2019;Demais causas externas;146;6.51;7.34
SE;Sergipe;Ambos;2020;Lesão de trânsito;417;18.5;18.79
SE;Sergipe;Ambos;2020;Agressão;976;43.3;41.6
SE;Sergipe;Ambos;2020;Causas acidentais;355;15.75;18.23
SE;Sergipe;Ambos;2020;Lesão autoprovocada;130;6.22;6.45
SE;Sergipe;Ambos;2020;Demais causas externas;132;5.86;6.52
SE;Sergipe;Ambos;2021;Lesão de trânsito;421;18.59;18.89
SE;Sergipe;Ambos;2021;Agressão;787;34.75;33.61
SE;Sergipe;Ambos;2021;Causas acidentais;342;15.1;17.23
SE;Sergipe;Ambos;2021;Lesão autoprovocada;132;6.27;6.42
SE;Sergipe;Ambos;2021;Demais causas externas;159;7.02;7.72
SE;Sergipe;Ambos;2022;Lesão de trânsito;422;18.56;18.93
SE;Sergipe;Ambos;2022;Agressão;764;33.6;32.71
SE;Sergipe;Ambos;2022;Causas acidentais;379;16.67;18.54
SE;Sergipe;Ambos;2022;Lesão autoprovocada;162;7.65;7.73
SE;Sergipe;Ambos;2022;Demais causas externas;195;8.58;9.35
SE;Sergipe;Ambos;2023;Lesão de trânsito;462;20.25;20.54
SE;Sergipe;Ambos;2023;Agressão;692;30.32;29.8
SE;Sergipe;Ambos;2023;Causas acidentais;406;17.79;19.44
SE;Sergipe;Ambos;2023;Lesão autoprovocada;154;7.23;7.26
SE;Sergipe;Ambos;2023;Demais causas externas;146;6.4;6.8
SE;Sergipe;Ambos;2024;Lesão de trânsito;562;24.53;24.7
SE;Sergipe;Ambos;2024;Agressão;524;22.87;22.62
SE;Sergipe;Ambos;2024;Causas acidentais;481;20.99;22.25
SE;Sergipe;Ambos;2024;Lesão autoprovocada;148;6.9;6.93
SE;Sergipe;Ambos;2024;Demais causas externas;108;4.71;4.89
SE;Sergipe;Ambos;2025;Lesão de trânsito;520;22.61;22.7
SE;Sergipe;Ambos;2025;Agressão;495;21.53;21.47
SE;Sergipe;Ambos;2025;Causas acidentais;444;19.31;19.83
SE;Sergipe;Ambos;2025;Lesão autoprovocada;165;7.65;7.71
SE;Sergipe;Ambos;2025;Demais causas externas;124;5.39;5.51
SE;Sergipe;Homens;2000;Lesão de trânsito;273;30.67;36.82
SE;Sergipe;Homens;2000;Agressão;372;41.79;44.69
SE;Sergipe;Homens;2000;Causas acidentais;173;19.43;22.6
SE;Sergipe;Homens;2000;Lesão autoprovocada;36;4.58;4.96
SE;Sergipe;Homens;2000;Demais causas externas;145;16.29;21.97
SE;Sergipe;Homens;2001;Lesão de trânsito;280;30.98;38.19
SE;Sergipe;Homens;2001;Agressão;486;53.78;56.3
SE;Sergipe;Homens;2001;Causas acidentais;153;16.93;20
SE;Sergipe;Homens;2001;Lesão autoprovocada;51;6.37;8.42
SE;Sergipe;Homens;2001;Demais causas externas;103;11.4;15.62
SE;Sergipe;Homens;2002;Lesão de trânsito;336;36.65;41.58
SE;Sergipe;Homens;2002;Agressão;518;56.5;57.7
SE;Sergipe;Homens;2002;Causas acidentais;134;14.62;17.25
SE;Sergipe;Homens;2002;Lesão autoprovocada;60;7.36;9.27
SE;Sergipe;Homens;2002;Demais causas externas;77;8.4;10.95
SE;Sergipe;Homens;2003;Lesão de trânsito;319;34.32;40.29
SE;Sergipe;Homens;2003;Agressão;435;46.8;47.63
SE;Sergipe;Homens;2003;Causas acidentais;141;15.17;17.86
SE;Sergipe;Homens;2003;Lesão autoprovocada;59;7.11;8.43
SE;Sergipe;Homens;2003;Demais causas externas;87;9.36;12.29
SE;Sergipe;Homens;2004;Lesão de trânsito;358;38;42.9
SE;Sergipe;Homens;2004;Agressão;424;45;45.07
SE;Sergipe;Homens;2004;Causas acidentais;186;19.74;23.71
SE;Sergipe;Homens;2004;Lesão autoprovocada;58;6.87;7.97
SE;Sergipe;Homens;2004;Demais causas externas;72;7.64;9.58
SE;Sergipe;Homens;2005;Lesão de trânsito;317;33.21;38.79
SE;Sergipe;Homens;2005;Agressão;459;48.08;50
SE;Sergipe;Homens;2005;Causas acidentais;158;16.55;20.7
SE;Sergipe;Homens;2005;Lesão autoprovocada;55;6.41;8.16
SE;Sergipe;Homens;2005;Demais causas externas;95;9.95;13.01
SE;Sergipe;Homens;2006;Lesão de trânsito;324;33.49;38.33
SE;Sergipe;Homens;2006;Agressão;544;56.23;55.22
SE;Sergipe;Homens;2006;Causas acidentais;166;17.16;19.69
SE;Sergipe;Homens;2006;Lesão autoprovocada;58;6.65;7.96
SE;Sergipe;Homens;2006;Demais causas externas;96;9.92;12.55
SE;Sergipe;Homens;2007;Lesão de trânsito;361;36.84;40.46
SE;Sergipe;Homens;2007;Agressão;488;49.8;49.16
SE;Sergipe;Homens;2007;Causas acidentais;136;13.88;16.54
SE;Sergipe;Homens;2007;Lesão autoprovocada;71;8.02;8.96
SE;Sergipe;Homens;2007;Demais causas externas;90;9.19;11.49
SE;Sergipe;Homens;2008;Lesão de trânsito;377;38;43.14
SE;Sergipe;Homens;2008;Agressão;525;52.92;52.42
SE;Sergipe;Homens;2008;Causas acidentais;180;18.15;22.86
SE;Sergipe;Homens;2008;Lesão autoprovocada;81;9.02;10.5
SE;Sergipe;Homens;2008;Demais causas externas;58;5.85;7.39
SE;Sergipe;Homens;2009;Lesão de trânsito;433;43.14;47.73
SE;Sergipe;Homens;2009;Agressão;617;61.47;61.65
SE;Sergipe;Homens;2009;Causas acidentais;186;18.53;23.28
SE;Sergipe;Homens;2009;Lesão autoprovocada;83;9.11;10.59
SE;Sergipe;Homens;2009;Demais causas externas;74;7.37;9.53
SE;Sergipe;Homens;2010;Lesão de trânsito;514;50.7;56.63
SE;Sergipe;Homens;2010;Agressão;633;62.44;62.58
SE;Sergipe;Homens;2010;Causas acidentais;192;18.94;23.92
SE;Sergipe;Homens;2010;Lesão autoprovocada;97;10.52;11.02
SE;Sergipe;Homens;2010;Demais causas externas;72;7.1;9.19
SE;Sergipe;Homens;2011;Lesão de trânsito;486;47.52;51.54
SE;Sergipe;Homens;2011;Agressão;671;65.61;64.06
SE;Sergipe;Homens;2011;Causas acidentais;184;17.99;23.11
SE;Sergipe;Homens;2011;Lesão autoprovocada;88;9.44;10.71
SE;Sergipe;Homens;2011;Demais causas externas;40;3.91;4.93
SE;Sergipe;Homens;2012;Lesão de trânsito;548;53.14;57.03
SE;Sergipe;Homens;2012;Agressão;817;79.22;75.81
SE;Sergipe;Homens;2012;Causas acidentais;170;16.48;20.93
SE;Sergipe;Homens;2012;Lesão autoprovocada;86;9.13;10.37
SE;Sergipe;Homens;2012;Demais causas externas;41;3.98;5.22
SE;Sergipe;Homens;2013;Lesão de trânsito;555;53.37;57.34
SE;Sergipe;Homens;2013;Agressão;908;87.32;82.94
SE;Sergipe;Homens;2013;Causas acidentais;215;20.68;26.05
SE;Sergipe;Homens;2013;Lesão autoprovocada;92;9.67;10.46
SE;Sergipe;Homens;2013;Demais causas externas;40;3.85;4.83
SE;Sergipe;Homens;2014;Lesão de trânsito;454;43.31;45.87
SE;Sergipe;Homens;2014;Agressão;1023;97.59;91.98
SE;Sergipe;Homens;2014;Causas acidentais;224;21.37;27.13
SE;Sergipe;Homens;2014;Lesão autoprovocada;82;8.53;9.28
SE;Sergipe;Homens;2014;Demais causas externas;51;4.87;6.45
SE;Sergipe;Homens;2015;Lesão de trânsito;477;45.16;49.26
SE;Sergipe;Homens;2015;Agressão;1232;116.64;110.34
SE;Sergipe;Homens;2015;Causas acidentais;226;21.4;28.13
SE;Sergipe;Homens;2015;Lesão autoprovocada;99;10.21;11.14
SE;Sergipe;Homens;2015;Demais causas externas;67;6.34;8.23
SE;Sergipe;Homens;2016;Lesão de trânsito;426;40.06;42.35
SE;Sergipe;Homens;2016;Agressão;1403;131.95;122.77
SE;Sergipe;Homens;2016;Causas acidentais;205;19.28;24.99
SE;Sergipe;Homens;2016;Lesão autoprovocada;90;9.21;10.08
SE;Sergipe;Homens;2016;Demais causas externas;75;7.05;8.62
SE;Sergipe;Homens;2017;Lesão de trânsito;370;34.6;37.13
SE;Sergipe;Homens;2017;Agressão;1233;115.29;109.04
SE;Sergipe;Homens;2017;Causas acidentais;218;20.38;25.57
SE;Sergipe;Homens;2017;Lesão autoprovocada;95;9.65;10.09
SE;Sergipe;Homens;2017;Demais causas externas;68;6.36;7.25
SE;Sergipe;Homens;2018;Lesão de trânsito;340;31.61;33.62
SE;Sergipe;Homens;2018;Agressão;1093;101.61;95.97
SE;Sergipe;Homens;2018;Causas acidentais;185;17.2;20.99
SE;Sergipe;Homens;2018;Lesão autoprovocada;103;10.4;11.23
SE;Sergipe;Homens;2018;Demais causas externas;75;6.97;8.42
SE;Sergipe;Homens;2019;Lesão de trânsito;355;32.81;35.13
SE;Sergipe;Homens;2019;Agressão;915;84.56;80.67
SE;Sergipe;Homens;2019;Causas acidentais;195;18.02;22.6
SE;Sergipe;Homens;2019;Lesão autoprovocada;96;9.62;10.29
SE;Sergipe;Homens;2019;Demais causas externas;98;9.06;10.56
SE;Sergipe;Homens;2020;Lesão de trânsito;378;34.75;35.84
SE;Sergipe;Homens;2020;Agressão;933;85.77;82.05
SE;Sergipe;Homens;2020;Causas acidentais;221;20.32;25.33
SE;Sergipe;Homens;2020;Lesão autoprovocada;106;10.55;11.3
SE;Sergipe;Homens;2020;Demais causas externas;83;7.63;8.73
SE;Sergipe;Homens;2021;Lesão de trânsito;367;33.6;34.62
SE;Sergipe;Homens;2021;Agressão;748;68.49;66.02
SE;Sergipe;Homens;2021;Causas acidentais;225;20.6;25.37
SE;Sergipe;Homens;2021;Lesão autoprovocada;106;10.49;11
SE;Sergipe;Homens;2021;Demais causas externas;94;8.61;9.62
SE;Sergipe;Homens;2022;Lesão de trânsito;382;34.87;36.17
SE;Sergipe;Homens;2022;Agressão;728;66.45;64.14
SE;Sergipe;Homens;2022;Causas acidentais;234;21.36;25.8
SE;Sergipe;Homens;2022;Lesão autoprovocada;124;12.21;12.42
SE;Sergipe;Homens;2022;Demais causas externas;115;10.5;11.96
SE;Sergipe;Homens;2023;Lesão de trânsito;394;35.86;37.13
SE;Sergipe;Homens;2023;Agressão;651;59.24;57.74
SE;Sergipe;Homens;2023;Causas acidentais;231;21.02;25.34
SE;Sergipe;Homens;2023;Lesão autoprovocada;124;12.14;12.4
SE;Sergipe;Homens;2023;Demais causas externas;99;9.01;10.23
SE;Sergipe;Homens;2024;Lesão de trânsito;479;43.44;44.32
SE;Sergipe;Homens;2024;Agressão;498;45.16;44.34
SE;Sergipe;Homens;2024;Causas acidentais;299;27.12;31.5
SE;Sergipe;Homens;2024;Lesão autoprovocada;124;12.07;12.39
SE;Sergipe;Homens;2024;Demais causas externas;74;6.71;7.28
SE;Sergipe;Homens;2025;Lesão de trânsito;456;41.23;42.22
SE;Sergipe;Homens;2025;Agressão;470;42.49;42.05
SE;Sergipe;Homens;2025;Causas acidentais;274;24.77;27.61
SE;Sergipe;Homens;2025;Lesão autoprovocada;129;12.48;12.8
SE;Sergipe;Homens;2025;Demais causas externas;83;7.5;8.26
SE;Sergipe;Mulheres;2000;Lesão de trânsito;58;6.2;7.21
SE;Sergipe;Mulheres;2000;Agressão;37;3.95;4.13
SE;Sergipe;Mulheres;2000;Causas acidentais;39;4.17;4.77
SE;Sergipe;Mulheres;2000;Lesão autoprovocada;12;1.44;1.52
SE;Sergipe;Mulheres;2000;Demais causas externas;36;3.85;4.41
SE;Sergipe;Mulheres;2001;Lesão de trânsito;62;6.52;6.76
SE;Sergipe;Mulheres;2001;Agressão;31;3.26;3.95
SE;Sergipe;Mulheres;2001;Causas acidentais;36;3.79;4.18
SE;Sergipe;Mulheres;2001;Lesão autoprovocada;18;2.12;2.71
SE;Sergipe;Mulheres;2001;Demais causas externas;29;3.05;3.98
SE;Sergipe;Mulheres;2002;Lesão de trânsito;62;6.43;6.46
SE;Sergipe;Mulheres;2002;Agressão;37;3.83;3.97
SE;Sergipe;Mulheres;2002;Causas acidentais;36;3.73;4.55
SE;Sergipe;Mulheres;2002;Lesão autoprovocada;20;2.31;2.53
SE;Sergipe;Mulheres;2002;Demais causas externas;25;2.59;3.3
SE;Sergipe;Mulheres;2003;Lesão de trânsito;70;7.15;7.35
SE;Sergipe;Mulheres;2003;Agressão;34;3.47;3.48
SE;Sergipe;Mulheres;2003;Causas acidentais;28;2.86;3.2
SE;Sergipe;Mulheres;2003;Lesão autoprovocada;22;2.49;2.43
SE;Sergipe;Mulheres;2003;Demais causas externas;35;3.58;4.38
SE;Sergipe;Mulheres;2004;Lesão de trânsito;81;8.16;8.43
SE;Sergipe;Mulheres;2004;Agressão;29;2.92;2.99
SE;Sergipe;Mulheres;2004;Causas acidentais;53;5.34;7.14
SE;Sergipe;Mulheres;2004;Lesão autoprovocada;22;2.45;2.6
SE;Sergipe;Mulheres;2004;Demais causas externas;28;2.82;3.27
SE;Sergipe;Mulheres;2005;Lesão de trânsito;63;6.26;6.87
SE;Sergipe;Mulheres;2005;Agressão;28;2.78;2.89
SE;Sergipe;Mulheres;2005;Causas acidentais;72;7.15;9.23
SE;Sergipe;Mulheres;2005;Lesão autoprovocada;26;2.85;2.65
SE;Sergipe;Mulheres;2005;Demais causas externas;31;3.08;4.19
SE;Sergipe;Mulheres;2006;Lesão de trânsito;51;5;5.63
SE;Sergipe;Mulheres;2006;Agressão;40;3.92;4.22
SE;Sergipe;Mulheres;2006;Causas acidentais;44;4.31;5.66
SE;Sergipe;Mulheres;2006;Lesão autoprovocada;18;1.94;1.9
SE;Sergipe;Mulheres;2006;Demais causas externas;31;3.04;4.11
SE;Sergipe;Mulheres;2007;Lesão de trânsito;59;5.7;5.62
SE;Sergipe;Mulheres;2007;Agressão;34;3.29;3.51
SE;Sergipe;Mulheres;2007;Causas acidentais;50;4.83;6.44
SE;Sergipe;Mulheres;2007;Lesão autoprovocada;26;2.75;3.02
SE;Sergipe;Mulheres;2007;Demais causas externas;24;2.32;2.75
SE;Sergipe;Mulheres;2008;Lesão de trânsito;69;6.58;7.21
SE;Sergipe;Mulheres;2008;Agressão;30;2.86;2.74
SE;Sergipe;Mulheres;2008;Causas acidentais;74;7.06;8.65
SE;Sergipe;Mulheres;2008;Lesão autoprovocada;27;2.82;3.08
SE;Sergipe;Mulheres;2008;Demais causas externas;36;3.43;4.2
SE;Sergipe;Mulheres;2009;Lesão de trânsito;79;7.44;8.2
SE;Sergipe;Mulheres;2009;Agressão;36;3.39;3.51
SE;Sergipe;Mulheres;2009;Causas acidentais;77;7.25;9.21
SE;Sergipe;Mulheres;2009;Lesão autoprovocada;28;2.88;3.22
SE;Sergipe;Mulheres;2009;Demais causas externas;28;2.64;3.27
SE;Sergipe;Mulheres;2010;Lesão de trânsito;99;9.22;9.53
SE;Sergipe;Mulheres;2010;Agressão;43;4;3.89
SE;Sergipe;Mulheres;2010;Causas acidentais;75;6.98;9.08
SE;Sergipe;Mulheres;2010;Lesão autoprovocada;32;3.24;3.43
SE;Sergipe;Mulheres;2010;Demais causas externas;24;2.23;2.74
SE;Sergipe;Mulheres;2011;Lesão de trânsito;84;7.74;7.87
SE;Sergipe;Mulheres;2011;Agressão;60;5.53;5.17
SE;Sergipe;Mulheres;2011;Causas acidentais;92;8.48;10.7
SE;Sergipe;Mulheres;2011;Lesão autoprovocada;37;3.71;3.81
SE;Sergipe;Mulheres;2011;Demais causas externas;22;2.03;2.54
SE;Sergipe;Mulheres;2012;Lesão de trânsito;79;7.21;7.65
SE;Sergipe;Mulheres;2012;Agressão;62;5.66;5.63
SE;Sergipe;Mulheres;2012;Causas acidentais;97;8.85;10.9
SE;Sergipe;Mulheres;2012;Lesão autoprovocada;23;2.28;2.53
SE;Sergipe;Mulheres;2012;Demais causas externas;32;2.92;3.59
SE;Sergipe;Mulheres;2013;Lesão de trânsito;104;9.41;10.45
SE;Sergipe;Mulheres;2013;Agressão;56;5.06;4.98
SE;Sergipe;Mulheres;2013;Causas acidentais;126;11.39;14.12
SE;Sergipe;Mulheres;2013;Lesão autoprovocada;33;3.23;3.22
SE;Sergipe;Mulheres;2013;Demais causas externas;35;3.17;3.8
SE;Sergipe;Mulheres;2014;Lesão de trânsito;72;6.45;6.95
SE;Sergipe;Mulheres;2014;Agressão;74;6.63;6.43
SE;Sergipe;Mulheres;2014;Causas acidentais;132;11.83;13.96
SE;Sergipe;Mulheres;2014;Lesão autoprovocada;28;2.71;2.75
SE;Sergipe;Mulheres;2014;Demais causas externas;27;2.42;2.96
SE;Sergipe;Mulheres;2015;Lesão de trânsito;88;7.82;8.29
SE;Sergipe;Mulheres;2015;Agressão;70;6.22;6.25
SE;Sergipe;Mulheres;2015;Causas acidentais;129;11.46;13.29
SE;Sergipe;Mulheres;2015;Lesão autoprovocada;21;2.01;2.06
SE;Sergipe;Mulheres;2015;Demais causas externas;35;3.11;3.63
SE;Sergipe;Mulheres;2016;Lesão de trânsito;49;4.32;4.3
SE;Sergipe;Mulheres;2016;Agressão;60;5.29;5.21
SE;Sergipe;Mulheres;2016;Causas acidentais;110;9.69;10.98
SE;Sergipe;Mulheres;2016;Lesão autoprovocada;25;2.38;2.37
SE;Sergipe;Mulheres;2016;Demais causas externas;39;3.44;4.04
SE;Sergipe;Mulheres;2017;Lesão de trânsito;42;3.67;3.91
SE;Sergipe;Mulheres;2017;Agressão;77;6.74;6.42
SE;Sergipe;Mulheres;2017;Causas acidentais;161;14.08;16.35
SE;Sergipe;Mulheres;2017;Lesão autoprovocada;32;3.01;3.03
SE;Sergipe;Mulheres;2017;Demais causas externas;27;2.36;2.68
SE;Sergipe;Mulheres;2018;Lesão de trânsito;56;4.86;5
SE;Sergipe;Mulheres;2018;Agressão;40;3.47;3.4
SE;Sergipe;Mulheres;2018;Causas acidentais;139;12.07;13.38
SE;Sergipe;Mulheres;2018;Lesão autoprovocada;31;2.9;2.94
SE;Sergipe;Mulheres;2018;Demais causas externas;50;4.34;4.68
SE;Sergipe;Mulheres;2019;Lesão de trânsito;45;3.88;4.02
SE;Sergipe;Mulheres;2019;Agressão;53;4.57;4.49
SE;Sergipe;Mulheres;2019;Causas acidentais;132;11.39;12.38
SE;Sergipe;Mulheres;2019;Lesão autoprovocada;20;1.85;1.84
SE;Sergipe;Mulheres;2019;Demais causas externas;48;4.14;4.44
SE;Sergipe;Mulheres;2020;Lesão de trânsito;39;3.34;3.42
SE;Sergipe;Mulheres;2020;Agressão;43;3.69;3.58
SE;Sergipe;Mulheres;2020;Causas acidentais;134;11.49;12.11
SE;Sergipe;Mulheres;2020;Lesão autoprovocada;24;2.21;2.23
SE;Sergipe;Mulheres;2020;Demais causas externas;49;4.2;4.4
SE;Sergipe;Mulheres;2021;Lesão de trânsito;54;4.6;4.66
SE;Sergipe;Mulheres;2021;Agressão;37;3.15;3.11
SE;Sergipe;Mulheres;2021;Causas acidentais;117;9.98;10.28
SE;Sergipe;Mulheres;2021;Lesão autoprovocada;26;2.38;2.35
SE;Sergipe;Mulheres;2021;Demais causas externas;65;5.54;5.73
SE;Sergipe;Mulheres;2022;Lesão de trânsito;40;3.4;3.45
SE;Sergipe;Mulheres;2022;Agressão;36;3.06;3.02
SE;Sergipe;Mulheres;2022;Causas acidentais;145;12.31;12.35
SE;Sergipe;Mulheres;2022;Lesão autoprovocada;38;3.45;3.51
SE;Sergipe;Mulheres;2022;Demais causas externas;80;6.79;6.89
SE;Sergipe;Mulheres;2023;Lesão de trânsito;68;5.75;5.76
SE;Sergipe;Mulheres;2023;Agressão;41;3.47;3.42
SE;Sergipe;Mulheres;2023;Causas acidentais;175;14.79;14.59
SE;Sergipe;Mulheres;2023;Lesão autoprovocada;30;2.71;2.71
SE;Sergipe;Mulheres;2023;Demais causas externas;47;3.97;3.95
SE;Sergipe;Mulheres;2024;Lesão de trânsito;83;6.98;6.98
SE;Sergipe;Mulheres;2024;Agressão;26;2.19;2.16
SE;Sergipe;Mulheres;2024;Causas acidentais;182;15.31;14.5
SE;Sergipe;Mulheres;2024;Lesão autoprovocada;24;2.15;2.12
SE;Sergipe;Mulheres;2024;Demais causas externas;34;2.86;2.71
SE;Sergipe;Mulheres;2025;Lesão de trânsito;64;5.36;5.34
SE;Sergipe;Mulheres;2025;Agressão;25;2.09;2.09
SE;Sergipe;Mulheres;2025;Causas acidentais;170;14.25;13.03
SE;Sergipe;Mulheres;2025;Lesão autoprovocada;36;3.2;3.23
SE;Sergipe;Mulheres;2025;Demais causas externas;41;3.44;3.2
SP;São Paulo;Ambos;2000;Lesão de trânsito;5945;15.64;16.45
SP;São Paulo;Ambos;2000;Agressão;15581;40.99;37.39
SP;São Paulo;Ambos;2000;Causas acidentais;6186;16.27;17.94
SP;São Paulo;Ambos;2000;Lesão autoprovocada;1413;4.08;4.47
SP;São Paulo;Ambos;2000;Demais causas externas;4771;12.55;14
SP;São Paulo;Ambos;2001;Lesão de trânsito;6937;18.02;18.95
SP;São Paulo;Ambos;2001;Agressão;15731;40.86;37.35
SP;São Paulo;Ambos;2001;Causas acidentais;5042;13.1;14.51
SP;São Paulo;Ambos;2001;Lesão autoprovocada;1637;4.66;5.04
SP;São Paulo;Ambos;2001;Demais causas externas;4662;12.11;14.22
SP;São Paulo;Ambos;2002;Lesão de trânsito;6459;16.57;17.23
SP;São Paulo;Ambos;2002;Agressão;14488;37.17;33.8
SP;São Paulo;Ambos;2002;Causas acidentais;4780;12.26;13.23
SP;São Paulo;Ambos;2002;Lesão autoprovocada;1555;4.36;4.66
SP;São Paulo;Ambos;2002;Demais causas externas;5676;14.56;16.8
SP;São Paulo;Ambos;2003;Lesão de trânsito;7074;17.93;18.61
SP;São Paulo;Ambos;2003;Agressão;13901;35.24;32.15
SP;São Paulo;Ambos;2003;Causas acidentais;4582;11.62;13.13
SP;São Paulo;Ambos;2003;Lesão autoprovocada;1553;4.29;4.51
SP;São Paulo;Ambos;2003;Demais causas externas;4285;10.86;12.84
SP;São Paulo;Ambos;2004;Lesão de trânsito;7145;17.9;18.52
SP;São Paulo;Ambos;2004;Agressão;11203;28.07;25.78
SP;São Paulo;Ambos;2004;Causas acidentais;4462;11.18;12.65
SP;São Paulo;Ambos;2004;Lesão autoprovocada;1530;4.17;4.44
SP;São Paulo;Ambos;2004;Demais causas externas;5152;12.91;15.12
SP;São Paulo;Ambos;2005;Lesão de trânsito;7284;18.05;18.68
SP;São Paulo;Ambos;2005;Agressão;8732;21.63;20.12
SP;São Paulo;Ambos;2005;Causas acidentais;4615;11.43;12.9
SP;São Paulo;Ambos;2005;Lesão autoprovocada;1624;4.37;4.65
SP;São Paulo;Ambos;2005;Demais causas externas;5268;13.05;14.85
SP;São Paulo;Ambos;2006;Lesão de trânsito;7221;17.69;18.18
SP;São Paulo;Ambos;2006;Agressão;8177;20.03;18.67
SP;São Paulo;Ambos;2006;Causas acidentais;4922;12.06;13.94
SP;São Paulo;Ambos;2006;Lesão autoprovocada;1722;4.57;4.75
SP;São Paulo;Ambos;2006;Demais causas externas;2971;7.28;7.81
SP;São Paulo;Ambos;2007;Lesão de trânsito;7550;18.3;18.6
SP;São Paulo;Ambos;2007;Agressão;6261;15.18;14.23
SP;São Paulo;Ambos;2007;Causas acidentais;4660;11.3;13.12
SP;São Paulo;Ambos;2007;Lesão autoprovocada;1708;4.48;4.67
SP;São Paulo;Ambos;2007;Demais causas externas;3062;7.42;8.05
SP;São Paulo;Ambos;2008;Lesão de trânsito;7697;18.47;18.78
SP;São Paulo;Ambos;2008;Agressão;6144;14.74;13.88
SP;São Paulo;Ambos;2008;Causas acidentais;5072;12.17;14.06
SP;São Paulo;Ambos;2008;Lesão autoprovocada;1864;4.83;4.95
SP;São Paulo;Ambos;2008;Demais causas externas;3060;7.34;7.85
SP;São Paulo;Ambos;2009;Lesão de trânsito;7068;16.79;16.98
SP;São Paulo;Ambos;2009;Agressão;6345;15.07;14.21
SP;São Paulo;Ambos;2009;Causas acidentais;5379;12.78;14.55
SP;São Paulo;Ambos;2009;Lesão autoprovocada;1976;5.06;5.19
SP;São Paulo;Ambos;2009;Demais causas externas;3280;7.79;8.3
SP;São Paulo;Ambos;2010;Lesão de trânsito;7397;17.42;17.61
SP;São Paulo;Ambos;2010;Agressão;5848;13.77;12.97
SP;São Paulo;Ambos;2010;Causas acidentais;5573;13.12;14.91
SP;São Paulo;Ambos;2010;Lesão autoprovocada;1964;4.98;5.03
SP;São Paulo;Ambos;2010;Demais causas externas;3369;7.93;8.24
SP;São Paulo;Ambos;2011;Lesão de trânsito;7559;17.66;17.68
SP;São Paulo;Ambos;2011;Agressão;5664;13.23;12.48
SP;São Paulo;Ambos;2011;Causas acidentais;5653;13.21;14.65
SP;São Paulo;Ambos;2011;Lesão autoprovocada;2047;5.14;5.15
SP;São Paulo;Ambos;2011;Demais causas externas;3353;7.83;8.22
SP;São Paulo;Ambos;2012;Lesão de trânsito;7223;16.73;16.74
SP;São Paulo;Ambos;2012;Agressão;6344;14.7;13.82
SP;São Paulo;Ambos;2012;Causas acidentais;6199;14.36;15.79
SP;São Paulo;Ambos;2012;Lesão autoprovocada;2097;5.22;5.25
SP;São Paulo;Ambos;2012;Demais causas externas;3178;7.36;7.54
SP;São Paulo;Ambos;2013;Lesão de trânsito;6809;15.65;15.63
SP;São Paulo;Ambos;2013;Agressão;5882;13.52;12.75
SP;São Paulo;Ambos;2013;Causas acidentais;6402;14.71;15.97
SP;São Paulo;Ambos;2013;Lesão autoprovocada;2205;5.44;5.44
SP;São Paulo;Ambos;2013;Demais causas externas;2858;6.57;6.7
SP;São Paulo;Ambos;2014;Lesão de trânsito;7303;16.65;16.56
SP;São Paulo;Ambos;2014;Agressão;5952;13.57;12.86
SP;São Paulo;Ambos;2014;Causas acidentais;6427;14.65;15.66
SP;São Paulo;Ambos;2014;Lesão autoprovocada;2232;5.47;5.45
SP;São Paulo;Ambos;2014;Demais causas externas;3181;7.25;7.37
SP;São Paulo;Ambos;2015;Lesão de trânsito;6134;13.87;13.82
SP;São Paulo;Ambos;2015;Agressão;5150;11.65;11.09
SP;São Paulo;Ambos;2015;Causas acidentais;6810;15.4;16.36
SP;São Paulo;Ambos;2015;Lesão autoprovocada;2300;5.59;5.57
SP;São Paulo;Ambos;2015;Demais causas externas;3056;6.91;6.92
SP;São Paulo;Ambos;2016;Lesão de trânsito;5740;12.89;12.82
SP;São Paulo;Ambos;2016;Agressão;4616;10.37;9.98
SP;São Paulo;Ambos;2016;Causas acidentais;6806;15.28;16.05
SP;São Paulo;Ambos;2016;Lesão autoprovocada;2199;5.3;5.28
SP;São Paulo;Ambos;2016;Demais causas externas;3165;7.11;7.09
SP;São Paulo;Ambos;2017;Lesão de trânsito;5372;11.99;11.88
SP;São Paulo;Ambos;2017;Agressão;4320;9.64;9.32
SP;São Paulo;Ambos;2017;Causas acidentais;6677;14.9;15.45
SP;São Paulo;Ambos;2017;Lesão autoprovocada;2306;5.52;5.49
SP;São Paulo;Ambos;2017;Demais causas externas;3519;7.85;7.83
SP;São Paulo;Ambos;2018;Lesão de trânsito;4665;10.35;10.23
SP;São Paulo;Ambos;2018;Agressão;3599;7.99;7.76
SP;São Paulo;Ambos;2018;Causas acidentais;6496;14.42;14.66
SP;São Paulo;Ambos;2018;Lesão autoprovocada;2207;5.25;5.2
SP;São Paulo;Ambos;2018;Demais causas externas;5018;11.14;11.07
SP;São Paulo;Ambos;2019;Lesão de trânsito;5112;11.28;11.16
SP;São Paulo;Ambos;2019;Agressão;3179;7.02;6.87
SP;São Paulo;Ambos;2019;Causas acidentais;6184;13.65;13.66
SP;São Paulo;Ambos;2019;Lesão autoprovocada;2378;5.62;5.58
SP;São Paulo;Ambos;2019;Demais causas externas;4896;10.81;10.66
SP;São Paulo;Ambos;2020;Lesão de trânsito;5275;11.59;11.42
SP;São Paulo;Ambos;2020;Agressão;3261;7.16;7
SP;São Paulo;Ambos;2020;Causas acidentais;6363;13.98;13.76
SP;São Paulo;Ambos;2020;Lesão autoprovocada;2359;5.54;5.49
SP;São Paulo;Ambos;2020;Demais causas externas;5018;11.02;10.74
SP;São Paulo;Ambos;2021;Lesão de trânsito;5363;11.75;11.59
SP;São Paulo;Ambos;2021;Agressão;2984;6.54;6.39
SP;São Paulo;Ambos;2021;Causas acidentais;7030;15.4;14.96
SP;São Paulo;Ambos;2021;Lesão autoprovocada;2645;6.18;6.11
SP;São Paulo;Ambos;2021;Demais causas externas;5081;11.13;10.75
SP;São Paulo;Ambos;2022;Lesão de trânsito;4975;10.88;10.66
SP;São Paulo;Ambos;2022;Agressão;3126;6.83;6.71
SP;São Paulo;Ambos;2022;Causas acidentais;7570;16.55;15.88
SP;São Paulo;Ambos;2022;Lesão autoprovocada;2923;6.81;6.76
SP;São Paulo;Ambos;2022;Demais causas externas;5738;12.55;12.06
SP;São Paulo;Ambos;2023;Lesão de trânsito;5022;10.95;10.75
SP;São Paulo;Ambos;2023;Agressão;2917;6.36;6.32
SP;São Paulo;Ambos;2023;Causas acidentais;7890;17.21;16.22
SP;São Paulo;Ambos;2023;Lesão autoprovocada;2787;6.46;6.41
SP;São Paulo;Ambos;2023;Demais causas externas;5834;12.72;12.15
SP;São Paulo;Ambos;2024;Lesão de trânsito;5378;11.7;11.49
SP;São Paulo;Ambos;2024;Agressão;2833;6.16;6.14
SP;São Paulo;Ambos;2024;Causas acidentais;8020;17.44;16.08
SP;São Paulo;Ambos;2024;Lesão autoprovocada;2655;6.12;6.08
SP;São Paulo;Ambos;2024;Demais causas externas;6840;14.88;14.09
SP;São Paulo;Ambos;2025;Lesão de trânsito;5336;11.58;11.33
SP;São Paulo;Ambos;2025;Agressão;2580;5.6;5.62
SP;São Paulo;Ambos;2025;Causas acidentais;8488;18.42;16.56
SP;São Paulo;Ambos;2025;Lesão autoprovocada;2619;6.01;5.97
SP;São Paulo;Ambos;2025;Demais causas externas;6368;13.82;12.95
SP;São Paulo;Homens;2000;Lesão de trânsito;4827;26.04;27.78
SP;São Paulo;Homens;2000;Agressão;14431;77.86;70.86
SP;São Paulo;Homens;2000;Causas acidentais;4952;26.72;29.38
SP;São Paulo;Homens;2000;Lesão autoprovocada;1125;6.69;7.53
SP;São Paulo;Homens;2000;Demais causas externas;3744;20.2;22.01
SP;São Paulo;Homens;2001;Lesão de trânsito;5680;30.28;32.21
SP;São Paulo;Homens;2001;Agressão;14627;77.98;71.2
SP;São Paulo;Homens;2001;Causas acidentais;4117;21.95;24.47
SP;São Paulo;Homens;2001;Lesão autoprovocada;1328;7.79;8.62
SP;São Paulo;Homens;2001;Demais causas externas;3544;18.89;21.93
SP;São Paulo;Homens;2002;Lesão de trânsito;5293;27.89;29.29
SP;São Paulo;Homens;2002;Agressão;13434;70.79;64.3
SP;São Paulo;Homens;2002;Causas acidentais;3964;20.89;22.78
SP;São Paulo;Homens;2002;Lesão autoprovocada;1261;7.29;7.95
SP;São Paulo;Homens;2002;Demais causas externas;4267;22.49;25.57
SP;São Paulo;Homens;2003;Lesão de trânsito;5796;30.2;31.73
SP;São Paulo;Homens;2003;Agressão;12870;67.06;61.12
SP;São Paulo;Homens;2003;Causas acidentais;3704;19.3;22.11
SP;São Paulo;Homens;2003;Lesão autoprovocada;1257;7.17;7.67
SP;São Paulo;Homens;2003;Demais causas externas;3112;16.21;19.06
SP;São Paulo;Homens;2004;Lesão de trânsito;5761;29.68;31.06
SP;São Paulo;Homens;2004;Agressão;10341;53.28;48.85
SP;São Paulo;Homens;2004;Causas acidentais;3571;18.4;21.05
SP;São Paulo;Homens;2004;Lesão autoprovocada;1236;6.96;7.61
SP;São Paulo;Homens;2004;Demais causas externas;3711;19.12;22.35
SP;São Paulo;Homens;2005;Lesão de trânsito;5882;29.98;31.49
SP;São Paulo;Homens;2005;Agressão;7954;40.54;37.75
SP;São Paulo;Homens;2005;Causas acidentais;3628;18.49;21.32
SP;São Paulo;Homens;2005;Lesão autoprovocada;1287;7.15;7.82
SP;São Paulo;Homens;2005;Demais causas externas;3827;19.5;22.27
SP;São Paulo;Homens;2006;Lesão de trânsito;5845;29.47;30.61
SP;São Paulo;Homens;2006;Agressão;7385;37.23;34.77
SP;São Paulo;Homens;2006;Causas acidentais;3705;18.68;22
SP;São Paulo;Homens;2006;Lesão autoprovocada;1370;7.51;7.95
SP;São Paulo;Homens;2006;Demais causas externas;2292;11.56;12.48
SP;São Paulo;Homens;2007;Lesão de trânsito;6209;30.98;31.92
SP;São Paulo;Homens;2007;Agressão;5658;28.23;26.53
SP;São Paulo;Homens;2007;Causas acidentais;3456;17.24;20.46
SP;São Paulo;Homens;2007;Lesão autoprovocada;1337;7.24;7.71
SP;São Paulo;Homens;2007;Demais causas externas;2323;11.59;12.64
SP;São Paulo;Homens;2008;Lesão de trânsito;6303;31.13;31.94
SP;São Paulo;Homens;2008;Agressão;5473;27.03;25.49
SP;São Paulo;Homens;2008;Causas acidentais;3659;18.07;21.53
SP;São Paulo;Homens;2008;Lesão autoprovocada;1487;7.96;8.32
SP;São Paulo;Homens;2008;Demais causas externas;2337;11.54;12.33
SP;São Paulo;Homens;2009;Lesão de trânsito;5763;28.18;28.92
SP;São Paulo;Homens;2009;Agressão;5672;27.74;26.25
SP;São Paulo;Homens;2009;Causas acidentais;3851;18.83;22.2
SP;São Paulo;Homens;2009;Lesão autoprovocada;1600;8.47;8.84
SP;São Paulo;Homens;2009;Demais causas externas;2517;12.31;13.29
SP;São Paulo;Homens;2010;Lesão de trânsito;6069;29.43;30.19
SP;São Paulo;Homens;2010;Agressão;5166;25.05;23.7
SP;São Paulo;Homens;2010;Causas acidentais;3941;19.11;22.76
SP;São Paulo;Homens;2010;Lesão autoprovocada;1557;8.16;8.36
SP;São Paulo;Homens;2010;Demais causas externas;2605;12.63;13.32
SP;São Paulo;Homens;2011;Lesão de trânsito;6153;29.61;30.1
SP;São Paulo;Homens;2011;Agressão;5081;24.45;23.07
SP;São Paulo;Homens;2011;Causas acidentais;3902;18.78;21.8
SP;São Paulo;Homens;2011;Lesão autoprovocada;1625;8.44;8.58
SP;São Paulo;Homens;2011;Demais causas externas;2583;12.43;13.31
SP;São Paulo;Homens;2012;Lesão de trânsito;5833;27.84;28.18
SP;São Paulo;Homens;2012;Agressão;5700;27.2;25.55
SP;São Paulo;Homens;2012;Causas acidentais;4301;20.53;23.74
SP;São Paulo;Homens;2012;Lesão autoprovocada;1608;8.28;8.46
SP;São Paulo;Homens;2012;Demais causas externas;2460;11.74;12.24
SP;São Paulo;Homens;2013;Lesão de trânsito;5535;26.2;26.59
SP;São Paulo;Homens;2013;Agressão;5250;24.85;23.44
SP;São Paulo;Homens;2013;Causas acidentais;4415;20.9;24.04
SP;São Paulo;Homens;2013;Lesão autoprovocada;1746;8.92;9.03
SP;São Paulo;Homens;2013;Demais causas externas;2214;10.48;10.91
SP;São Paulo;Homens;2014;Lesão de trânsito;5908;27.74;27.95
SP;São Paulo;Homens;2014;Agressão;5328;25.02;23.67
SP;São Paulo;Homens;2014;Causas acidentais;4420;20.75;23.5
SP;São Paulo;Homens;2014;Lesão autoprovocada;1783;9.03;9.15
SP;São Paulo;Homens;2014;Demais causas externas;2420;11.36;11.77
SP;São Paulo;Homens;2015;Lesão de trânsito;5006;23.32;23.54
SP;São Paulo;Homens;2015;Agressão;4584;21.36;20.25
SP;São Paulo;Homens;2015;Causas acidentais;4590;21.38;24.3
SP;São Paulo;Homens;2015;Lesão autoprovocada;1817;9.13;9.29
SP;São Paulo;Homens;2015;Demais causas externas;2346;10.93;11.15
SP;São Paulo;Homens;2016;Lesão de trânsito;4649;21.51;21.71
SP;São Paulo;Homens;2016;Agressão;4105;18.99;18.21
SP;São Paulo;Homens;2016;Causas acidentais;4477;20.71;23.6
SP;São Paulo;Homens;2016;Lesão autoprovocada;1759;8.78;8.87
SP;São Paulo;Homens;2016;Demais causas externas;2391;11.06;11.31
SP;São Paulo;Homens;2017;Lesão de trânsito;4360;20.05;20.14
SP;São Paulo;Homens;2017;Agressão;3824;17.58;16.89
SP;São Paulo;Homens;2017;Causas acidentais;4319;19.86;22.36
SP;São Paulo;Homens;2017;Lesão autoprovocada;1831;9.07;9.16
SP;São Paulo;Homens;2017;Demais causas externas;2710;12.46;12.82
SP;São Paulo;Homens;2018;Lesão de trânsito;3815;17.45;17.44
SP;São Paulo;Homens;2018;Agressão;3141;14.36;13.89
SP;São Paulo;Homens;2018;Causas acidentais;4145;18.95;21.05
SP;São Paulo;Homens;2018;Lesão autoprovocada;1744;8.59;8.59
SP;São Paulo;Homens;2018;Demais causas externas;3848;17.6;18.08
SP;São Paulo;Homens;2019;Lesão de trânsito;4188;19.05;19.12
SP;São Paulo;Homens;2019;Agressão;2774;12.62;12.26
SP;São Paulo;Homens;2019;Causas acidentais;3931;17.88;19.68
SP;São Paulo;Homens;2019;Lesão autoprovocada;1867;9.14;9.12
SP;São Paulo;Homens;2019;Demais causas externas;3751;17.06;17.5
SP;São Paulo;Homens;2020;Lesão de trânsito;4389;19.88;19.8
SP;São Paulo;Homens;2020;Agressão;2864;12.97;12.57
SP;São Paulo;Homens;2020;Causas acidentais;4112;18.62;20.09
SP;São Paulo;Homens;2020;Lesão autoprovocada;1820;8.85;8.85
SP;São Paulo;Homens;2020;Demais causas externas;3890;17.62;17.85
SP;São Paulo;Homens;2021;Lesão de trânsito;4506;20.36;20.24
SP;São Paulo;Homens;2021;Agressão;2632;11.89;11.57
SP;São Paulo;Homens;2021;Causas acidentais;4338;19.6;21.03
SP;São Paulo;Homens;2021;Lesão autoprovocada;2065;10;9.96
SP;São Paulo;Homens;2021;Demais causas externas;3799;17.17;17.26
SP;São Paulo;Homens;2022;Lesão de trânsito;4110;18.55;18.39
SP;São Paulo;Homens;2022;Agressão;2749;12.41;12.07
SP;São Paulo;Homens;2022;Causas acidentais;4570;20.62;22.01
SP;São Paulo;Homens;2022;Lesão autoprovocada;2317;11.18;11.14
SP;São Paulo;Homens;2022;Demais causas externas;4238;19.13;19.27
SP;São Paulo;Homens;2023;Lesão de trânsito;4131;18.6;18.47
SP;São Paulo;Homens;2023;Agressão;2527;11.38;11.18
SP;São Paulo;Homens;2023;Causas acidentais;4748;21.38;22.51
SP;São Paulo;Homens;2023;Lesão autoprovocada;2172;10.43;10.37
SP;São Paulo;Homens;2023;Demais causas externas;4311;19.41;19.43
SP;São Paulo;Homens;2024;Lesão de trânsito;4402;19.78;19.63
SP;São Paulo;Homens;2024;Agressão;2478;11.13;10.98
SP;São Paulo;Homens;2024;Causas acidentais;4786;21.5;22.21
SP;São Paulo;Homens;2024;Lesão autoprovocada;2067;9.88;9.83
SP;São Paulo;Homens;2024;Demais causas externas;5054;22.71;22.52
SP;São Paulo;Homens;2025;Lesão de trânsito;4318;19.36;19.09
SP;São Paulo;Homens;2025;Agressão;2229;9.99;9.92
SP;São Paulo;Homens;2025;Causas acidentais;5068;22.72;22.93
SP;São Paulo;Homens;2025;Lesão autoprovocada;2053;9.77;9.69
SP;São Paulo;Homens;2025;Demais causas externas;4796;21.5;21.09
SP;São Paulo;Mulheres;2000;Lesão de trânsito;1117;5.73;6.07
SP;São Paulo;Mulheres;2000;Agressão;1150;5.9;5.55
SP;São Paulo;Mulheres;2000;Causas acidentais;1234;6.34;7.37
SP;São Paulo;Mulheres;2000;Lesão autoprovocada;288;1.62;1.73
SP;São Paulo;Mulheres;2000;Demais causas externas;1027;5.27;6.52
SP;São Paulo;Mulheres;2001;Lesão de trânsito;1256;6.36;6.82
SP;São Paulo;Mulheres;2001;Agressão;1100;5.57;5.23
SP;São Paulo;Mulheres;2001;Causas acidentais;925;4.68;5.41
SP;São Paulo;Mulheres;2001;Lesão autoprovocada;309;1.71;1.84
SP;São Paulo;Mulheres;2001;Demais causas externas;1110;5.62;7.17
SP;São Paulo;Mulheres;2002;Lesão de trânsito;1166;5.83;6.16
SP;São Paulo;Mulheres;2002;Agressão;1052;5.26;4.87
SP;São Paulo;Mulheres;2002;Causas acidentais;816;4.08;4.56
SP;São Paulo;Mulheres;2002;Lesão autoprovocada;294;1.6;1.71
SP;São Paulo;Mulheres;2002;Demais causas externas;1404;7.02;8.73
SP;São Paulo;Mulheres;2003;Lesão de trânsito;1278;6.31;6.65
SP;São Paulo;Mulheres;2003;Agressão;1029;5.08;4.72
SP;São Paulo;Mulheres;2003;Causas acidentais;877;4.33;5.05
SP;São Paulo;Mulheres;2003;Lesão autoprovocada;296;1.59;1.64
SP;São Paulo;Mulheres;2003;Demais causas externas;1167;5.76;7.17
SP;São Paulo;Mulheres;2004;Lesão de trânsito;1382;6.74;7.11
SP;São Paulo;Mulheres;2004;Agressão;861;4.2;3.97
SP;São Paulo;Mulheres;2004;Causas acidentais;891;4.35;5.08
SP;São Paulo;Mulheres;2004;Lesão autoprovocada;294;1.55;1.62
SP;São Paulo;Mulheres;2004;Demais causas externas;1434;6.99;8.45
SP;São Paulo;Mulheres;2005;Lesão de trânsito;1400;6.75;7.07
SP;São Paulo;Mulheres;2005;Agressão;775;3.74;3.51
SP;São Paulo;Mulheres;2005;Causas acidentais;987;4.76;5.39
SP;São Paulo;Mulheres;2005;Lesão autoprovocada;337;1.76;1.83
SP;São Paulo;Mulheres;2005;Demais causas externas;1436;6.92;8.07
SP;São Paulo;Mulheres;2006;Lesão de trânsito;1374;6.55;6.89
SP;São Paulo;Mulheres;2006;Agressão;785;3.74;3.54
SP;São Paulo;Mulheres;2006;Causas acidentais;1216;5.8;6.7
SP;São Paulo;Mulheres;2006;Lesão autoprovocada;352;1.81;1.87
SP;São Paulo;Mulheres;2006;Demais causas externas;668;3.18;3.58
SP;São Paulo;Mulheres;2007;Lesão de trânsito;1340;6.32;6.49
SP;São Paulo;Mulheres;2007;Agressão;595;2.81;2.66
SP;São Paulo;Mulheres;2007;Causas acidentais;1204;5.68;6.5
SP;São Paulo;Mulheres;2007;Lesão autoprovocada;371;1.88;1.97
SP;São Paulo;Mulheres;2007;Demais causas externas;736;3.47;3.87
SP;São Paulo;Mulheres;2008;Lesão de trânsito;1390;6.48;6.77
SP;São Paulo;Mulheres;2008;Agressão;666;3.11;2.97
SP;São Paulo;Mulheres;2008;Causas acidentais;1409;6.57;7.38
SP;São Paulo;Mulheres;2008;Lesão autoprovocada;377;1.89;1.94
SP;São Paulo;Mulheres;2008;Demais causas externas;719;3.35;3.74
SP;São Paulo;Mulheres;2009;Lesão de trânsito;1297;5.99;6.12
SP;São Paulo;Mulheres;2009;Agressão;658;3.04;2.91
SP;São Paulo;Mulheres;2009;Causas acidentais;1525;7.04;7.72
SP;São Paulo;Mulheres;2009;Lesão autoprovocada;376;1.86;1.91
SP;São Paulo;Mulheres;2009;Demais causas externas;757;3.5;3.76
SP;São Paulo;Mulheres;2010;Lesão de trânsito;1325;6.06;6.18
SP;São Paulo;Mulheres;2010;Agressão;676;3.09;2.91
SP;São Paulo;Mulheres;2010;Causas acidentais;1629;7.46;8.02
SP;São Paulo;Mulheres;2010;Lesão autoprovocada;407;2;2.02
SP;São Paulo;Mulheres;2010;Demais causas externas;756;3.46;3.64
SP;São Paulo;Mulheres;2011;Lesão de trânsito;1398;6.35;6.36
SP;São Paulo;Mulheres;2011;Agressão;578;2.62;2.51
SP;São Paulo;Mulheres;2011;Causas acidentais;1746;7.93;8.33
SP;São Paulo;Mulheres;2011;Lesão autoprovocada;422;2.05;2.06
SP;São Paulo;Mulheres;2011;Demais causas externas;765;3.47;3.64
SP;São Paulo;Mulheres;2012;Lesão de trânsito;1385;6.24;6.28
SP;São Paulo;Mulheres;2012;Agressão;638;2.87;2.76
SP;São Paulo;Mulheres;2012;Causas acidentais;1895;8.53;8.77
SP;São Paulo;Mulheres;2012;Lesão autoprovocada;487;2.35;2.34
SP;São Paulo;Mulheres;2012;Demais causas externas;716;3.22;3.3
SP;São Paulo;Mulheres;2013;Lesão de trânsito;1271;5.68;5.67
SP;São Paulo;Mulheres;2013;Agressão;620;2.77;2.62
SP;São Paulo;Mulheres;2013;Causas acidentais;1982;8.85;8.91
SP;São Paulo;Mulheres;2013;Lesão autoprovocada;458;2.19;2.19
SP;São Paulo;Mulheres;2013;Demais causas externas;643;2.87;2.9
SP;São Paulo;Mulheres;2014;Lesão de trânsito;1388;6.15;6.11
SP;São Paulo;Mulheres;2014;Agressão;612;2.71;2.59
SP;São Paulo;Mulheres;2014;Causas acidentais;2005;8.88;8.73
SP;São Paulo;Mulheres;2014;Lesão autoprovocada;449;2.13;2.11
SP;São Paulo;Mulheres;2014;Demais causas externas;757;3.35;3.32
SP;São Paulo;Mulheres;2015;Lesão de trânsito;1125;4.94;4.91
SP;São Paulo;Mulheres;2015;Agressão;558;2.45;2.38
SP;São Paulo;Mulheres;2015;Causas acidentais;2216;9.74;9.4
SP;São Paulo;Mulheres;2015;Lesão autoprovocada;483;2.27;2.25
SP;São Paulo;Mulheres;2015;Demais causas externas;708;3.11;3.02
SP;São Paulo;Mulheres;2016;Lesão de trânsito;1087;4.74;4.68
SP;São Paulo;Mulheres;2016;Agressão;506;2.21;2.13
SP;São Paulo;Mulheres;2016;Causas acidentais;2328;10.16;9.57
SP;São Paulo;Mulheres;2016;Lesão autoprovocada;439;2.05;2.03
SP;São Paulo;Mulheres;2016;Demais causas externas;765;3.34;3.18
SP;São Paulo;Mulheres;2017;Lesão de trânsito;1010;4.38;4.3
SP;São Paulo;Mulheres;2017;Agressão;494;2.14;2.08
SP;São Paulo;Mulheres;2017;Causas acidentais;2354;10.21;9.4
SP;São Paulo;Mulheres;2017;Lesão autoprovocada;475;2.2;2.18
SP;São Paulo;Mulheres;2017;Demais causas externas;803;3.48;3.3
SP;São Paulo;Mulheres;2018;Lesão de trânsito;848;3.66;3.58
SP;São Paulo;Mulheres;2018;Agressão;454;1.96;1.91
SP;São Paulo;Mulheres;2018;Causas acidentais;2351;10.14;9.07
SP;São Paulo;Mulheres;2018;Lesão autoprovocada;463;2.13;2.11
SP;São Paulo;Mulheres;2018;Demais causas externas;1165;5.02;4.7
SP;São Paulo;Mulheres;2019;Lesão de trânsito;924;3.96;3.89
SP;São Paulo;Mulheres;2019;Agressão;403;1.73;1.71
SP;São Paulo;Mulheres;2019;Causas acidentais;2252;9.66;8.49
SP;São Paulo;Mulheres;2019;Lesão autoprovocada;511;2.34;2.33
SP;São Paulo;Mulheres;2019;Demais causas externas;1140;4.89;4.45
SP;São Paulo;Mulheres;2020;Lesão de trânsito;882;3.76;3.68
SP;São Paulo;Mulheres;2020;Agressão;396;1.69;1.67
SP;São Paulo;Mulheres;2020;Causas acidentais;2251;9.6;8.29
SP;São Paulo;Mulheres;2020;Lesão autoprovocada;539;2.45;2.45
SP;São Paulo;Mulheres;2020;Demais causas externas;1125;4.8;4.29
SP;São Paulo;Mulheres;2021;Lesão de trânsito;853;3.63;3.54
SP;São Paulo;Mulheres;2021;Agressão;342;1.45;1.43
SP;São Paulo;Mulheres;2021;Causas acidentais;2692;11.44;9.67
SP;São Paulo;Mulheres;2021;Lesão autoprovocada;579;2.62;2.6
SP;São Paulo;Mulheres;2021;Demais causas externas;1273;5.41;4.86
SP;São Paulo;Mulheres;2022;Lesão de trânsito;862;3.66;3.52
SP;São Paulo;Mulheres;2022;Agressão;371;1.57;1.58
SP;São Paulo;Mulheres;2022;Causas acidentais;2998;12.71;10.59
SP;São Paulo;Mulheres;2022;Lesão autoprovocada;606;2.73;2.73
SP;São Paulo;Mulheres;2022;Demais causas externas;1493;6.33;5.55
SP;São Paulo;Mulheres;2023;Lesão de trânsito;890;3.76;3.61
SP;São Paulo;Mulheres;2023;Agressão;388;1.64;1.65
SP;São Paulo;Mulheres;2023;Causas acidentais;3141;13.28;10.84
SP;São Paulo;Mulheres;2023;Lesão autoprovocada;615;2.75;2.75
SP;São Paulo;Mulheres;2023;Demais causas externas;1518;6.42;5.55
SP;São Paulo;Mulheres;2024;Lesão de trânsito;974;4.11;3.99
SP;São Paulo;Mulheres;2024;Agressão;349;1.47;1.49
SP;São Paulo;Mulheres;2024;Causas acidentais;3233;13.63;10.8
SP;São Paulo;Mulheres;2024;Lesão autoprovocada;586;2.61;2.6
SP;São Paulo;Mulheres;2024;Demais causas externas;1778;7.5;6.44
SP;São Paulo;Mulheres;2025;Lesão de trânsito;1018;4.28;4.14
SP;São Paulo;Mulheres;2025;Agressão;349;1.47;1.48
SP;São Paulo;Mulheres;2025;Causas acidentais;3415;14.36;11.01
SP;São Paulo;Mulheres;2025;Lesão autoprovocada;564;2.5;2.54
SP;São Paulo;Mulheres;2025;Demais causas externas;1568;6.59;5.53
TO;Tocantins;Ambos;2000;Lesão de trânsito;279;23.41;28.3
TO;Tocantins;Ambos;2000;Agressão;175;14.68;16.72
TO;Tocantins;Ambos;2000;Causas acidentais;117;9.82;10.91
TO;Tocantins;Ambos;2000;Lesão autoprovocada;38;3.64;4.16
TO;Tocantins;Ambos;2000;Demais causas externas;48;4.03;4.36
TO;Tocantins;Ambos;2001;Lesão de trânsito;279;22.95;26.81
TO;Tocantins;Ambos;2001;Agressão;211;17.36;19.87
TO;Tocantins;Ambos;2001;Causas acidentais;137;11.27;13.66
TO;Tocantins;Ambos;2001;Lesão autoprovocada;47;4.4;5.37
TO;Tocantins;Ambos;2001;Demais causas externas;35;2.88;3.64
TO;Tocantins;Ambos;2002;Lesão de trânsito;300;24.23;28.12
TO;Tocantins;Ambos;2002;Agressão;169;13.65;15.39
TO;Tocantins;Ambos;2002;Causas acidentais;156;12.6;14.48
TO;Tocantins;Ambos;2002;Lesão autoprovocada;50;4.57;5.56
TO;Tocantins;Ambos;2002;Demais causas externas;45;3.63;4.93
TO;Tocantins;Ambos;2003;Lesão de trânsito;303;24.04;26.94
TO;Tocantins;Ambos;2003;Agressão;203;16.11;18.45
TO;Tocantins;Ambos;2003;Causas acidentais;165;13.09;15.42
TO;Tocantins;Ambos;2003;Lesão autoprovocada;72;6.44;7.94
TO;Tocantins;Ambos;2003;Demais causas externas;27;2.14;2.96
TO;Tocantins;Ambos;2004;Lesão de trânsito;384;29.96;35.26
TO;Tocantins;Ambos;2004;Agressão;196;15.29;16.92
TO;Tocantins;Ambos;2004;Causas acidentais;162;12.64;14.01
TO;Tocantins;Ambos;2004;Lesão autoprovocada;59;5.17;6.08
TO;Tocantins;Ambos;2004;Demais causas externas;31;2.42;3.44
TO;Tocantins;Ambos;2005;Lesão de trânsito;334;25.65;29.29
TO;Tocantins;Ambos;2005;Agressão;190;14.59;16.42
TO;Tocantins;Ambos;2005;Causas acidentais;140;10.75;12.56
TO;Tocantins;Ambos;2005;Lesão autoprovocada;68;5.84;6.74
TO;Tocantins;Ambos;2005;Demais causas externas;50;3.84;4.38
TO;Tocantins;Ambos;2006;Lesão de trânsito;325;24.55;28.18
TO;Tocantins;Ambos;2006;Agressão;227;17.15;17.75
TO;Tocantins;Ambos;2006;Causas acidentais;180;13.6;15.2
TO;Tocantins;Ambos;2006;Lesão autoprovocada;72;6.07;7.41
TO;Tocantins;Ambos;2006;Demais causas externas;29;2.19;2.33
TO;Tocantins;Ambos;2007;Lesão de trânsito;424;31.56;34.77
TO;Tocantins;Ambos;2007;Agressão;223;16.6;17.49
TO;Tocantins;Ambos;2007;Causas acidentais;180;13.4;15.62
TO;Tocantins;Ambos;2007;Lesão autoprovocada;85;7.04;8.02
TO;Tocantins;Ambos;2007;Demais causas externas;34;2.53;2.83
TO;Tocantins;Ambos;2008;Lesão de trânsito;434;31.85;36.89
TO;Tocantins;Ambos;2008;Agressão;237;17.39;17.71
TO;Tocantins;Ambos;2008;Causas acidentais;145;10.64;12.72
TO;Tocantins;Ambos;2008;Lesão autoprovocada;84;6.84;7.57
TO;Tocantins;Ambos;2008;Demais causas externas;54;3.96;4.34
TO;Tocantins;Ambos;2009;Lesão de trânsito;454;32.88;37.03
TO;Tocantins;Ambos;2009;Agressão;288;20.86;21.31
TO;Tocantins;Ambos;2009;Causas acidentais;174;12.6;15.82
TO;Tocantins;Ambos;2009;Lesão autoprovocada;79;6.33;6.62
TO;Tocantins;Ambos;2009;Demais causas externas;56;4.06;4.68
TO;Tocantins;Ambos;2010;Lesão de trânsito;516;36.95;41.18
TO;Tocantins;Ambos;2010;Agressão;325;23.27;23.53
TO;Tocantins;Ambos;2010;Causas acidentais;201;14.39;17.39
TO;Tocantins;Ambos;2010;Lesão autoprovocada;87;6.87;7.74
TO;Tocantins;Ambos;2010;Demais causas externas;56;4.01;4.82
TO;Tocantins;Ambos;2011;Lesão de trânsito;504;35.72;39.92
TO;Tocantins;Ambos;2011;Agressão;359;25.45;26.1
TO;Tocantins;Ambos;2011;Causas acidentais;215;15.24;18.24
TO;Tocantins;Ambos;2011;Lesão autoprovocada;92;7.17;7.62
TO;Tocantins;Ambos;2011;Demais causas externas;41;2.91;3.41
TO;Tocantins;Ambos;2012;Lesão de trânsito;499;34.99;38.08
TO;Tocantins;Ambos;2012;Agressão;379;26.58;26.69
TO;Tocantins;Ambos;2012;Causas acidentais;210;14.73;17.54
TO;Tocantins;Ambos;2012;Lesão autoprovocada;94;7.24;7.7
TO;Tocantins;Ambos;2012;Demais causas externas;54;3.79;4.14
TO;Tocantins;Ambos;2013;Lesão de trânsito;481;33.38;35.97
TO;Tocantins;Ambos;2013;Agressão;349;24.22;24.64
TO;Tocantins;Ambos;2013;Causas acidentais;278;19.29;22.1
TO;Tocantins;Ambos;2013;Lesão autoprovocada;94;7.15;7.71
TO;Tocantins;Ambos;2013;Demais causas externas;60;4.16;4.73
TO;Tocantins;Ambos;2014;Lesão de trânsito;566;38.87;41.3
TO;Tocantins;Ambos;2014;Agressão;380;26.1;24.83
TO;Tocantins;Ambos;2014;Causas acidentais;196;13.46;15.89
TO;Tocantins;Ambos;2014;Lesão autoprovocada;85;6.38;6.95
TO;Tocantins;Ambos;2014;Demais causas externas;92;6.32;6.73
TO;Tocantins;Ambos;2015;Lesão de trânsito;527;35.82;38.14
TO;Tocantins;Ambos;2015;Agressão;495;33.64;31.97
TO;Tocantins;Ambos;2015;Causas acidentais;216;14.68;17.13
TO;Tocantins;Ambos;2015;Lesão autoprovocada;99;7.35;7.85
TO;Tocantins;Ambos;2015;Demais causas externas;56;3.81;4.3
TO;Tocantins;Ambos;2016;Lesão de trânsito;549;36.96;40.28
TO;Tocantins;Ambos;2016;Agressão;566;38.1;36.84
TO;Tocantins;Ambos;2016;Causas acidentais;243;16.36;19.48
TO;Tocantins;Ambos;2016;Lesão autoprovocada;101;7.42;7.95
TO;Tocantins;Ambos;2016;Demais causas externas;66;4.44;4.64
TO;Tocantins;Ambos;2017;Lesão de trânsito;571;38.1;40.87
TO;Tocantins;Ambos;2017;Agressão;539;35.97;34.56
TO;Tocantins;Ambos;2017;Causas acidentais;275;18.35;22.29
TO;Tocantins;Ambos;2017;Lesão autoprovocada;115;8.36;8.92
TO;Tocantins;Ambos;2017;Demais causas externas;68;4.54;4.52
TO;Tocantins;Ambos;2018;Lesão de trânsito;466;30.83;32.75
TO;Tocantins;Ambos;2018;Agressão;554;36.65;35.33
TO;Tocantins;Ambos;2018;Causas acidentais;251;16.6;19.35
TO;Tocantins;Ambos;2018;Lesão autoprovocada;124;8.94;9.24
TO;Tocantins;Ambos;2018;Demais causas externas;61;4.04;4.09
TO;Tocantins;Ambos;2019;Lesão de trânsito;457;29.96;31.88
TO;Tocantins;Ambos;2019;Agressão;447;29.31;28.61
TO;Tocantins;Ambos;2019;Causas acidentais;250;16.39;18.9
TO;Tocantins;Ambos;2019;Lesão autoprovocada;134;9.57;9.78
TO;Tocantins;Ambos;2019;Demais causas externas;89;5.84;6.11
TO;Tocantins;Ambos;2020;Lesão de trânsito;457;29.72;31.1
TO;Tocantins;Ambos;2020;Agressão;478;31.08;30.7
TO;Tocantins;Ambos;2020;Causas acidentais;267;17.36;19.31
TO;Tocantins;Ambos;2020;Lesão autoprovocada;117;8.27;8.63
TO;Tocantins;Ambos;2020;Demais causas externas;101;6.57;6.85
TO;Tocantins;Ambos;2021;Lesão de trânsito;514;33.19;34.42
TO;Tocantins;Ambos;2021;Agressão;432;27.9;27.4
TO;Tocantins;Ambos;2021;Causas acidentais;287;18.53;20.79
TO;Tocantins;Ambos;2021;Lesão autoprovocada;167;11.71;11.99
TO;Tocantins;Ambos;2021;Demais causas externas;109;7.04;7.49
TO;Tocantins;Ambos;2022;Lesão de trânsito;545;34.99;36.08
TO;Tocantins;Ambos;2022;Agressão;450;28.89;28.69
TO;Tocantins;Ambos;2022;Causas acidentais;291;18.68;20.68
TO;Tocantins;Ambos;2022;Lesão autoprovocada;149;10.37;10.5
TO;Tocantins;Ambos;2022;Demais causas externas;81;5.2;5.46
TO;Tocantins;Ambos;2023;Lesão de trânsito;552;35.22;36.43
TO;Tocantins;Ambos;2023;Agressão;409;26.1;25.85
TO;Tocantins;Ambos;2023;Causas acidentais;307;19.59;21.43
TO;Tocantins;Ambos;2023;Lesão autoprovocada;163;11.25;11.31
TO;Tocantins;Ambos;2023;Demais causas externas;77;4.91;5.1
TO;Tocantins;Ambos;2024;Lesão de trânsito;611;38.74;39.81
TO;Tocantins;Ambos;2024;Agressão;300;19.02;19.07
TO;Tocantins;Ambos;2024;Causas acidentais;320;20.29;21.82
TO;Tocantins;Ambos;2024;Lesão autoprovocada;199;13.61;13.76
TO;Tocantins;Ambos;2024;Demais causas externas;77;4.88;5.08
TO;Tocantins;Ambos;2025;Lesão de trânsito;662;41.72;42.72
TO;Tocantins;Ambos;2025;Agressão;296;18.65;18.88
TO;Tocantins;Ambos;2025;Causas acidentais;354;22.31;23.57
TO;Tocantins;Ambos;2025;Lesão autoprovocada;182;12.35;12.41
TO;Tocantins;Ambos;2025;Demais causas externas;111;6.99;7.23
TO;Tocantins;Homens;2000;Lesão de trânsito;206;33.86;40.12
TO;Tocantins;Homens;2000;Agressão;159;26.14;29.22
TO;Tocantins;Homens;2000;Causas acidentais;84;13.81;15.26
TO;Tocantins;Homens;2000;Lesão autoprovocada;32;5.99;6.94
TO;Tocantins;Homens;2000;Demais causas externas;34;5.59;6.16
TO;Tocantins;Homens;2001;Lesão de trânsito;216;34.82;41.11
TO;Tocantins;Homens;2001;Agressão;188;30.31;34.74
TO;Tocantins;Homens;2001;Causas acidentais;103;16.61;19.82
TO;Tocantins;Homens;2001;Lesão autoprovocada;38;6.96;8.55
TO;Tocantins;Homens;2001;Demais causas externas;25;4.03;4.64
TO;Tocantins;Homens;2002;Lesão de trânsito;249;39.42;45.65
TO;Tocantins;Homens;2002;Agressão;149;23.59;26.4
TO;Tocantins;Homens;2002;Causas acidentais;123;19.47;22.65
TO;Tocantins;Homens;2002;Lesão autoprovocada;36;6.45;7.77
TO;Tocantins;Homens;2002;Demais causas externas;37;5.86;7.71
TO;Tocantins;Homens;2003;Lesão de trânsito;238;37.04;42.52
TO;Tocantins;Homens;2003;Agressão;181;28.17;32.11
TO;Tocantins;Homens;2003;Causas acidentais;133;20.7;24.07
TO;Tocantins;Homens;2003;Lesão autoprovocada;55;9.66;12.04
TO;Tocantins;Homens;2003;Demais causas externas;21;3.27;4.46
TO;Tocantins;Homens;2004;Lesão de trânsito;298;45.63;53.96
TO;Tocantins;Homens;2004;Agressão;178;27.26;30.12
TO;Tocantins;Homens;2004;Causas acidentais;127;19.45;21.43
TO;Tocantins;Homens;2004;Lesão autoprovocada;42;7.23;8.52
TO;Tocantins;Homens;2004;Demais causas externas;24;3.67;4.99
TO;Tocantins;Homens;2005;Lesão de trânsito;278;41.91;48.46
TO;Tocantins;Homens;2005;Agressão;169;25.47;28.34
TO;Tocantins;Homens;2005;Causas acidentais;112;16.88;19.1
TO;Tocantins;Homens;2005;Lesão autoprovocada;51;8.61;10.02
TO;Tocantins;Homens;2005;Demais causas externas;41;6.18;7.06
TO;Tocantins;Homens;2006;Lesão de trânsito;264;39.18;46.23
TO;Tocantins;Homens;2006;Agressão;205;30.42;31.31
TO;Tocantins;Homens;2006;Causas acidentais;153;22.7;25.36
TO;Tocantins;Homens;2006;Lesão autoprovocada;54;8.95;10.71
TO;Tocantins;Homens;2006;Demais causas externas;26;3.86;4.07
TO;Tocantins;Homens;2007;Lesão de trânsito;345;50.47;55.63
TO;Tocantins;Homens;2007;Agressão;194;28.38;29.96
TO;Tocantins;Homens;2007;Causas acidentais;141;20.63;23.73
TO;Tocantins;Homens;2007;Lesão autoprovocada;66;10.75;12.61
TO;Tocantins;Homens;2007;Demais causas externas;28;4.1;4.41
TO;Tocantins;Homens;2008;Lesão de trânsito;348;50.24;57.74
TO;Tocantins;Homens;2008;Agressão;216;31.18;31.83
TO;Tocantins;Homens;2008;Causas acidentais;117;16.89;19.33
TO;Tocantins;Homens;2008;Lesão autoprovocada;68;10.9;11.52
TO;Tocantins;Homens;2008;Demais causas externas;46;6.64;7.07
TO;Tocantins;Homens;2009;Lesão de trânsito;370;52.74;59.34
TO;Tocantins;Homens;2009;Agressão;257;36.63;37.59
TO;Tocantins;Homens;2009;Causas acidentais;128;18.25;21.72
TO;Tocantins;Homens;2009;Lesão autoprovocada;68;10.73;11.36
TO;Tocantins;Homens;2009;Demais causas externas;49;6.98;8.09
TO;Tocantins;Homens;2010;Lesão de trânsito;427;60.21;67.98
TO;Tocantins;Homens;2010;Agressão;291;41.03;41.96
TO;Tocantins;Homens;2010;Causas acidentais;152;21.43;24.42
TO;Tocantins;Homens;2010;Lesão autoprovocada;68;10.59;12
TO;Tocantins;Homens;2010;Demais causas externas;44;6.2;7.37
TO;Tocantins;Homens;2011;Lesão de trânsito;428;59.76;67.38
TO;Tocantins;Homens;2011;Agressão;309;43.15;44.67
TO;Tocantins;Homens;2011;Causas acidentais;146;20.39;22.71
TO;Tocantins;Homens;2011;Lesão autoprovocada;73;11.23;11.72
TO;Tocantins;Homens;2011;Demais causas externas;34;4.75;5.55
TO;Tocantins;Homens;2012;Lesão de trânsito;400;55.29;60.74
TO;Tocantins;Homens;2012;Agressão;330;45.61;45.62
TO;Tocantins;Homens;2012;Causas acidentais;161;22.25;25.29
TO;Tocantins;Homens;2012;Lesão autoprovocada;71;10.78;11.4
TO;Tocantins;Homens;2012;Demais causas externas;46;6.36;6.84
TO;Tocantins;Homens;2013;Lesão de trânsito;399;54.6;58.94
TO;Tocantins;Homens;2013;Agressão;307;42.01;43.45
TO;Tocantins;Homens;2013;Causas acidentais;228;31.2;34.78
TO;Tocantins;Homens;2013;Lesão autoprovocada;79;11.85;13
TO;Tocantins;Homens;2013;Demais causas externas;50;6.84;7.77
TO;Tocantins;Homens;2014;Lesão de trânsito;461;62.46;67.01
TO;Tocantins;Homens;2014;Agressão;341;46.2;44.84
TO;Tocantins;Homens;2014;Causas acidentais;141;19.1;21.9
TO;Tocantins;Homens;2014;Lesão autoprovocada;61;9.05;10.06
TO;Tocantins;Homens;2014;Demais causas externas;73;9.89;10.52
TO;Tocantins;Homens;2015;Lesão de trânsito;422;56.61;60.03
TO;Tocantins;Homens;2015;Agressão;446;59.83;57.11
TO;Tocantins;Homens;2015;Causas acidentais;165;22.13;24.72
TO;Tocantins;Homens;2015;Lesão autoprovocada;82;12.03;12.76
TO;Tocantins;Homens;2015;Demais causas externas;43;5.77;6.59
TO;Tocantins;Homens;2016;Lesão de trânsito;470;62.49;68.27
TO;Tocantins;Homens;2016;Agressão;521;69.27;67.18
TO;Tocantins;Homens;2016;Causas acidentais;174;23.13;26.68
TO;Tocantins;Homens;2016;Lesão autoprovocada;82;11.91;12.76
TO;Tocantins;Homens;2016;Demais causas externas;61;8.11;8.44
TO;Tocantins;Homens;2017;Lesão de trânsito;467;61.58;66.04
TO;Tocantins;Homens;2017;Agressão;499;65.8;63.8
TO;Tocantins;Homens;2017;Causas acidentais;194;25.58;30.32
TO;Tocantins;Homens;2017;Lesão autoprovocada;89;12.8;13.73
TO;Tocantins;Homens;2017;Demais causas externas;60;7.91;7.82
TO;Tocantins;Homens;2018;Lesão de trânsito;388;50.74;54.23
TO;Tocantins;Homens;2018;Agressão;504;65.91;64.17
TO;Tocantins;Homens;2018;Causas acidentais;180;23.54;26.69
TO;Tocantins;Homens;2018;Lesão autoprovocada;99;14.12;14.56
TO;Tocantins;Homens;2018;Demais causas externas;51;6.67;6.79
TO;Tocantins;Homens;2019;Lesão de trânsito;374;48.51;51.94
TO;Tocantins;Homens;2019;Agressão;411;53.31;52.36
TO;Tocantins;Homens;2019;Causas acidentais;181;23.48;26.17
TO;Tocantins;Homens;2019;Lesão autoprovocada;108;15.27;15.62
TO;Tocantins;Homens;2019;Demais causas externas;76;9.86;10.41
TO;Tocantins;Homens;2020;Lesão de trânsito;386;49.69;52.45
TO;Tocantins;Homens;2020;Agressão;442;56.9;56.52
TO;Tocantins;Homens;2020;Causas acidentais;195;25.1;27.66
TO;Tocantins;Homens;2020;Lesão autoprovocada;90;12.61;13.27
TO;Tocantins;Homens;2020;Demais causas externas;85;10.94;11.48
TO;Tocantins;Homens;2021;Lesão de trânsito;429;54.91;57.38
TO;Tocantins;Homens;2021;Agressão;392;50.17;49.39
TO;Tocantins;Homens;2021;Causas acidentais;194;24.83;27.21
TO;Tocantins;Homens;2021;Lesão autoprovocada;130;18.08;18.79
TO;Tocantins;Homens;2021;Demais causas externas;84;10.75;11.27
TO;Tocantins;Homens;2022;Lesão de trânsito;445;56.68;58.65
TO;Tocantins;Homens;2022;Agressão;420;53.5;53.39
TO;Tocantins;Homens;2022;Causas acidentais;202;25.73;28.09
TO;Tocantins;Homens;2022;Lesão autoprovocada;117;16.17;16.47
TO;Tocantins;Homens;2022;Demais causas externas;64;8.15;8.59
TO;Tocantins;Homens;2023;Lesão de trânsito;432;54.73;56.95
TO;Tocantins;Homens;2023;Agressão;379;48.02;47.61
TO;Tocantins;Homens;2023;Causas acidentais;225;28.51;30.86
TO;Tocantins;Homens;2023;Lesão autoprovocada;127;17.42;17.61
TO;Tocantins;Homens;2023;Demais causas externas;58;7.35;7.54
TO;Tocantins;Homens;2024;Lesão de trânsito;514;64.75;66.95
TO;Tocantins;Homens;2024;Agressão;271;34.14;34.45
TO;Tocantins;Homens;2024;Causas acidentais;213;26.83;28.72
TO;Tocantins;Homens;2024;Lesão autoprovocada;152;20.68;21.25
TO;Tocantins;Homens;2024;Demais causas externas;61;7.68;8.13
TO;Tocantins;Homens;2025;Lesão de trânsito;560;70.17;72.27
TO;Tocantins;Homens;2025;Agressão;263;32.96;33.46
TO;Tocantins;Homens;2025;Causas acidentais;252;31.58;33.48
TO;Tocantins;Homens;2025;Lesão autoprovocada;137;18.51;18.85
TO;Tocantins;Homens;2025;Demais causas externas;96;12.03;12.54
TO;Tocantins;Mulheres;2000;Lesão de trânsito;73;12.51;15.55
TO;Tocantins;Mulheres;2000;Agressão;16;2.74;3.47
TO;Tocantins;Mulheres;2000;Causas acidentais;33;5.66;6.49
TO;Tocantins;Mulheres;2000;Lesão autoprovocada;6;1.17;1.12
TO;Tocantins;Mulheres;2000;Demais causas externas;14;2.4;2.51
TO;Tocantins;Mulheres;2001;Lesão de trânsito;63;10.58;11.52
TO;Tocantins;Mulheres;2001;Agressão;23;3.86;4.13
TO;Tocantins;Mulheres;2001;Causas acidentais;34;5.71;6.9
TO;Tocantins;Mulheres;2001;Lesão autoprovocada;9;1.72;1.86
TO;Tocantins;Mulheres;2001;Demais causas externas;10;1.68;2.66
TO;Tocantins;Mulheres;2002;Lesão de trânsito;51;8.41;9.63
TO;Tocantins;Mulheres;2002;Agressão;20;3.3;3.8
TO;Tocantins;Mulheres;2002;Causas acidentais;33;5.44;5.7
TO;Tocantins;Mulheres;2002;Lesão autoprovocada;14;2.61;3.15
TO;Tocantins;Mulheres;2002;Demais causas externas;8;1.32;1.87
TO;Tocantins;Mulheres;2003;Lesão de trânsito;65;10.52;10.32
TO;Tocantins;Mulheres;2003;Agressão;22;3.56;4.09
TO;Tocantins;Mulheres;2003;Causas acidentais;32;5.18;6.27
TO;Tocantins;Mulheres;2003;Lesão autoprovocada;17;3.1;3.46
TO;Tocantins;Mulheres;2003;Demais causas externas;6;0.97;1.36
TO;Tocantins;Mulheres;2004;Lesão de trânsito;86;13.68;15.28
TO;Tocantins;Mulheres;2004;Agressão;18;2.86;3.07
TO;Tocantins;Mulheres;2004;Causas acidentais;35;5.57;6.2
TO;Tocantins;Mulheres;2004;Lesão autoprovocada;17;3.04;3.44
TO;Tocantins;Mulheres;2004;Demais causas externas;7;1.11;1.77
TO;Tocantins;Mulheres;2005;Lesão de trânsito;56;8.76;9.01
TO;Tocantins;Mulheres;2005;Agressão;21;3.29;3.85
TO;Tocantins;Mulheres;2005;Causas acidentais;28;4.38;5.68
TO;Tocantins;Mulheres;2005;Lesão autoprovocada;17;2.97;3.22
TO;Tocantins;Mulheres;2005;Demais causas externas;8;1.25;1.48
TO;Tocantins;Mulheres;2006;Lesão de trânsito;61;9.39;9.03
TO;Tocantins;Mulheres;2006;Agressão;22;3.39;3.7
TO;Tocantins;Mulheres;2006;Causas acidentais;27;4.15;4.45
TO;Tocantins;Mulheres;2006;Lesão autoprovocada;18;3.09;3.89
TO;Tocantins;Mulheres;2006;Demais causas externas;3;0.46;0.5
TO;Tocantins;Mulheres;2007;Lesão de trânsito;78;11.82;12.92
TO;Tocantins;Mulheres;2007;Agressão;27;4.09;4.55
TO;Tocantins;Mulheres;2007;Causas acidentais;39;5.91;7.07
TO;Tocantins;Mulheres;2007;Lesão autoprovocada;19;3.2;3.1
TO;Tocantins;Mulheres;2007;Demais causas externas;6;0.91;1.17
TO;Tocantins;Mulheres;2008;Lesão de trânsito;86;12.84;15.2
TO;Tocantins;Mulheres;2008;Agressão;21;3.14;3.1
TO;Tocantins;Mulheres;2008;Causas acidentais;28;4.18;5.75
TO;Tocantins;Mulheres;2008;Lesão autoprovocada;16;2.65;3.51
TO;Tocantins;Mulheres;2008;Demais causas externas;8;1.19;1.46
TO;Tocantins;Mulheres;2009;Lesão de trânsito;84;12.37;13.86
TO;Tocantins;Mulheres;2009;Agressão;31;4.56;4.57
TO;Tocantins;Mulheres;2009;Causas acidentais;46;6.77;9.68
TO;Tocantins;Mulheres;2009;Lesão autoprovocada;11;1.79;1.73
TO;Tocantins;Mulheres;2009;Demais causas externas;6;0.88;1.14
TO;Tocantins;Mulheres;2010;Lesão de trânsito;88;12.8;13.32
TO;Tocantins;Mulheres;2010;Agressão;34;4.95;4.64
TO;Tocantins;Mulheres;2010;Causas acidentais;49;7.13;10.06
TO;Tocantins;Mulheres;2010;Lesão autoprovocada;19;3.05;3.26
TO;Tocantins;Mulheres;2010;Demais causas externas;12;1.75;2.15
TO;Tocantins;Mulheres;2011;Lesão de trânsito;75;10.8;11.45
TO;Tocantins;Mulheres;2011;Agressão;49;7.05;7.03
TO;Tocantins;Mulheres;2011;Causas acidentais;69;9.93;13.71
TO;Tocantins;Mulheres;2011;Lesão autoprovocada;19;3.01;3.41
TO;Tocantins;Mulheres;2011;Demais causas externas;7;1.01;1.18
TO;Tocantins;Mulheres;2012;Lesão de trânsito;97;13.81;14.67
TO;Tocantins;Mulheres;2012;Agressão;49;6.97;7.4
TO;Tocantins;Mulheres;2012;Causas acidentais;47;6.69;9.58
TO;Tocantins;Mulheres;2012;Lesão autoprovocada;23;3.59;3.93
TO;Tocantins;Mulheres;2012;Demais causas externas;8;1.14;1.34
TO;Tocantins;Mulheres;2013;Lesão de trânsito;81;11.4;12.4
TO;Tocantins;Mulheres;2013;Agressão;40;5.63;5.27
TO;Tocantins;Mulheres;2013;Causas acidentais;49;6.9;9.03
TO;Tocantins;Mulheres;2013;Lesão autoprovocada;15;2.31;2.25
TO;Tocantins;Mulheres;2013;Demais causas externas;10;1.41;1.59
TO;Tocantins;Mulheres;2014;Lesão de trânsito;103;14.34;14.9
TO;Tocantins;Mulheres;2014;Agressão;35;4.87;4.4
TO;Tocantins;Mulheres;2014;Causas acidentais;54;7.52;9.72
TO;Tocantins;Mulheres;2014;Lesão autoprovocada;23;3.5;3.59
TO;Tocantins;Mulheres;2014;Demais causas externas;18;2.51;2.82
TO;Tocantins;Mulheres;2015;Lesão de trânsito;105;14.46;15.87
TO;Tocantins;Mulheres;2015;Agressão;48;6.61;6.53
TO;Tocantins;Mulheres;2015;Causas acidentais;51;7.03;9.29
TO;Tocantins;Mulheres;2015;Lesão autoprovocada;17;2.56;2.83
TO;Tocantins;Mulheres;2015;Demais causas externas;13;1.79;1.95
TO;Tocantins;Mulheres;2016;Lesão de trânsito;77;10.5;11.75
TO;Tocantins;Mulheres;2016;Agressão;45;6.14;6.12
TO;Tocantins;Mulheres;2016;Causas acidentais;69;9.41;12.08
TO;Tocantins;Mulheres;2016;Lesão autoprovocada;19;2.82;3.03
TO;Tocantins;Mulheres;2016;Demais causas externas;5;0.68;0.76
TO;Tocantins;Mulheres;2017;Lesão de trânsito;103;13.92;15.07
TO;Tocantins;Mulheres;2017;Agressão;38;5.13;4.92
TO;Tocantins;Mulheres;2017;Causas acidentais;81;10.94;14.06
TO;Tocantins;Mulheres;2017;Lesão autoprovocada;26;3.82;4.01
TO;Tocantins;Mulheres;2017;Demais causas externas;8;1.08;1.14
TO;Tocantins;Mulheres;2018;Lesão de trânsito;78;10.44;10.87
TO;Tocantins;Mulheres;2018;Agressão;47;6.29;6.12
TO;Tocantins;Mulheres;2018;Causas acidentais;71;9.5;11.88
TO;Tocantins;Mulheres;2018;Lesão autoprovocada;25;3.64;3.84
TO;Tocantins;Mulheres;2018;Demais causas externas;9;1.2;1.34
TO;Tocantins;Mulheres;2019;Lesão de trânsito;79;10.48;11.54
TO;Tocantins;Mulheres;2019;Agressão;36;4.77;4.56
TO;Tocantins;Mulheres;2019;Causas acidentais;69;9.15;11.53
TO;Tocantins;Mulheres;2019;Lesão autoprovocada;26;3.75;3.83
TO;Tocantins;Mulheres;2019;Demais causas externas;11;1.46;1.74
TO;Tocantins;Mulheres;2020;Lesão de trânsito;71;9.33;9.42
TO;Tocantins;Mulheres;2020;Agressão;35;4.6;4.55
TO;Tocantins;Mulheres;2020;Causas acidentais;72;9.46;10.87
TO;Tocantins;Mulheres;2020;Lesão autoprovocada;27;3.85;3.95
TO;Tocantins;Mulheres;2020;Demais causas externas;15;1.97;2.16
TO;Tocantins;Mulheres;2021;Lesão de trânsito;84;10.95;11.25
TO;Tocantins;Mulheres;2021;Agressão;39;5.08;5.19
TO;Tocantins;Mulheres;2021;Causas acidentais;93;12.12;14.26
TO;Tocantins;Mulheres;2021;Lesão autoprovocada;37;5.23;5.13
TO;Tocantins;Mulheres;2021;Demais causas externas;25;3.26;3.67
TO;Tocantins;Mulheres;2022;Lesão de trânsito;99;12.82;13.21
TO;Tocantins;Mulheres;2022;Agressão;30;3.88;3.84
TO;Tocantins;Mulheres;2022;Causas acidentais;89;11.52;13.22
TO;Tocantins;Mulheres;2022;Lesão autoprovocada;32;4.48;4.5
TO;Tocantins;Mulheres;2022;Demais causas externas;17;2.2;2.32
TO;Tocantins;Mulheres;2023;Lesão de trânsito;120;15.43;15.76
TO;Tocantins;Mulheres;2023;Agressão;30;3.86;3.9
TO;Tocantins;Mulheres;2023;Causas acidentais;82;10.54;11.88
TO;Tocantins;Mulheres;2023;Lesão autoprovocada;36;5;4.98
TO;Tocantins;Mulheres;2023;Demais causas externas;19;2.44;2.63
TO;Tocantins;Mulheres;2024;Lesão de trânsito;96;12.25;12.58
TO;Tocantins;Mulheres;2024;Agressão;28;3.57;3.62
TO;Tocantins;Mulheres;2024;Causas acidentais;107;13.66;14.86
TO;Tocantins;Mulheres;2024;Lesão autoprovocada;46;6.33;6.27
TO;Tocantins;Mulheres;2024;Demais causas externas;15;1.91;2.04
TO;Tocantins;Mulheres;2025;Lesão de trânsito;102;12.93;13.09
TO;Tocantins;Mulheres;2025;Agressão;33;4.18;4.25
TO;Tocantins;Mulheres;2025;Causas acidentais;101;12.8;13.61
TO;Tocantins;Mulheres;2025;Lesão autoprovocada;44;6;5.95
TO;Tocantins;Mulheres;2025;Demais causas externas;15;1.9;1.92