Território;Nome do território;Sexo;Ano;Óbitos;Taxa bruta (por 100 mil hab.);Taxa padronizada (por 100 mil hab.);População
BR;Brasil;Ambos;2000;946686;541.9;788.73;174695935
BR;Brasil;Ambos;2001;961492;543.2;785.2;177003743
BR;Brasil;Ambos;2002;982807;548.35;783.55;179228254
BR;Brasil;Ambos;2003;1002340;552.63;780.69;181377654
BR;Brasil;Ambos;2004;1024073;558.17;779.86;183469593
BR;Brasil;Ambos;2005;1006827;542.71;745.96;185518369
BR;Brasil;Ambos;2006;1031691;550.13;744.91;187535030
BR;Brasil;Ambos;2007;1047824;553.06;736.9;189458827
BR;Brasil;Ambos;2008;1077007;562.89;736.57;191335196
BR;Brasil;Ambos;2009;1103088;571.03;733.81;193174036
BR;Brasil;Ambos;2010;1136947;583.8;737.84;194749329
BR;Brasil;Ambos;2011;1170498;596.71;739.33;196158610
BR;Brasil;Ambos;2012;1181166;597.54;724.95;197670620
BR;Brasil;Ambos;2013;1210474;607.59;723.14;199226702
BR;Brasil;Ambos;2014;1227039;611.04;712.44;200811131
BR;Brasil;Ambos;2015;1264175;624.58;714.8;202403642
BR;Brasil;Ambos;2016;1309774;642.45;720.53;203871925
BR;Brasil;Ambos;2017;1312663;639.66;702.31;205211557
BR;Brasil;Ambos;2018;1316719;637.55;684.98;206529038
BR;Brasil;Ambos;2019;1349801;649.25;683.24;207900099
BR;Brasil;Ambos;2020;1556824;744.3;769.12;209164889
BR;Brasil;Ambos;2021;1832649;872.26;886.58;210103642
BR;Brasil;Ambos;2022;1544266;732.36;731.25;210862983
BR;Brasil;Ambos;2023;1465610;692.32;676.64;211695158
BR;Brasil;Ambos;2024;1532015;720.66;687.28;212583750
BR;Brasil;Ambos;2025;1507424;706.31;656.64;213421037
BR;Brasil;Homens;2000;552127;644.1;979.72;85720706
BR;Brasil;Homens;2001;561166;646.35;978.8;86821427
BR;Brasil;Homens;2002;571402;650.19;974.38;87882321
BR;Brasil;Homens;2003;582810;655.53;975.56;88907299
BR;Brasil;Homens;2004;593750;660.42;975.42;89905311
BR;Brasil;Homens;2005;582311;640.72;933.35;90883721
BR;Brasil;Homens;2006;593786;646.51;930.58;91844283
BR;Brasil;Homens;2007;602592;649.64;922.28;92758219
BR;Brasil;Homens;2008;619278;661.28;924.64;93648115
BR;Brasil;Homens;2009;631225;667.83;919.3;94518589
BR;Brasil;Homens;2010;649378;681.7;925.93;95258934
BR;Brasil;Homens;2011;665551;693.85;926.79;95921330
BR;Brasil;Homens;2012;670743;694.04;908.3;96643211
BR;Brasil;Homens;2013;686668;705.05;908.14;97392749
BR;Brasil;Homens;2014;693922;706.94;892.94;98158110
BR;Brasil;Homens;2015;709117;716.81;892.5;98927365
BR;Brasil;Homens;2016;736842;739.57;904.08;99630921
BR;Brasil;Homens;2017;734469;732.51;878.04;100267821
BR;Brasil;Homens;2018;733616;727.1;854.99;100895555
BR;Brasil;Homens;2019;745519;734.13;848.91;101551234
BR;Brasil;Homens;2020;874167;855.84;974.49;102140954
BR;Brasil;Homens;2021;1015350;990.09;1106.33;102550853
BR;Brasil;Homens;2022;844920;821.31;908.37;102875114
BR;Brasil;Homens;2023;803200;777.91;840.31;103251553
BR;Brasil;Homens;2024;836659;807.1;852.26;103662286
BR;Brasil;Homens;2025;820773;788.85;813.59;104046624
BR;Brasil;Mulheres;2000;393606;442.38;619.87;88975229
BR;Brasil;Mulheres;2001;399576;443.08;615.1;90182316
BR;Brasil;Mulheres;2002;410737;449.65;616.12;91345933
BR;Brasil;Mulheres;2003;418714;452.81;610.87;92470355
BR;Brasil;Mulheres;2004;429625;459.18;610.22;93564282
BR;Brasil;Mulheres;2005;424064;448.11;583.71;94634648
BR;Brasil;Mulheres;2006;437429;457.13;584.75;95690747
BR;Brasil;Mulheres;2007;444714;459.89;577.31;96700608
BR;Brasil;Mulheres;2008;457269;468.1;575.46;97687081
BR;Brasil;Mulheres;2009;471389;477.81;574.91;98655447
BR;Brasil;Mulheres;2010;487137;489.63;577.15;99490395
BR;Brasil;Mulheres;2011;504415;503.22;579.57;100237280
BR;Brasil;Mulheres;2012;509885;504.7;568.19;101027409
BR;Brasil;Mulheres;2013;523195;513.77;565.54;101833953
BR;Brasil;Mulheres;2014;532362;518.6;557.72;102653021
BR;Brasil;Mulheres;2015;554383;535.76;563.19;103476277
BR;Brasil;Mulheres;2016;572359;549.07;564.4;104241004
BR;Brasil;Mulheres;2017;577573;550.36;552.28;104943736
BR;Brasil;Mulheres;2018;582457;551.39;539.99;105633483
BR;Brasil;Mulheres;2019;603725;567.68;542.6;106348865
BR;Brasil;Mulheres;2020;682027;637.27;597.43;107023935
BR;Brasil;Mulheres;2021;816616;759.27;702.16;107552789
BR;Brasil;Mulheres;2022;698720;647.04;582.05;107987869
BR;Brasil;Mulheres;2023;661884;610.35;537.62;108443605
BR;Brasil;Mulheres;2024;694845;637.93;547.33;108921464
BR;Brasil;Mulheres;2025;686158;627.35;523.63;109374413
AC;Acre;Ambos;2000;2565;436.73;736.05;587326
AC;Acre;Ambos;2001;2494;412.01;733.55;605327
AC;Acre;Ambos;2002;2486;398.69;706.86;623537
AC;Acre;Ambos;2003;2534;394.75;712.69;641931
AC;Acre;Ambos;2004;2676;405.2;736.82;660422
AC;Acre;Ambos;2005;2811;414.03;750.53;678929
AC;Acre;Ambos;2006;2759;395.63;721.69;697370
AC;Acre;Ambos;2007;2799;391.18;705.3;715533
AC;Acre;Ambos;2008;2858;389.58;700.32;733604
AC;Acre;Ambos;2009;2892;385.26;687.27;750670
AC;Acre;Ambos;2010;3009;393.32;699.25;765021
AC;Acre;Ambos;2011;3157;405.59;725.89;778363
AC;Acre;Ambos;2012;3293;415.95;727.27;791681
AC;Acre;Ambos;2013;3318;412.77;707.1;803838
AC;Acre;Ambos;2014;3476;426.23;727.3;815526
AC;Acre;Ambos;2015;3517;425.44;716.83;826677
AC;Acre;Ambos;2016;3763;449.96;737.86;836294
AC;Acre;Ambos;2017;3832;453.76;722.69;844496
AC;Acre;Ambos;2018;4094;480.8;750.94;851504
AC;Acre;Ambos;2019;4098;477.67;736.5;857919
AC;Acre;Ambos;2020;4860;562.72;864.54;863657
AC;Acre;Ambos;2021;5496;632.93;956.32;868346
AC;Acre;Ambos;2022;4159;476.64;709.02;872566
AC;Acre;Ambos;2023;4189;477.88;686.9;876582
AC;Acre;Ambos;2024;4267;484.54;678.14;880631
AC;Acre;Ambos;2025;4172;471.75;641.99;884372
AC;Acre;Homens;2000;1571;530.79;835.51;295975
AC;Acre;Homens;2001;1550;508.39;870.81;304885
AC;Acre;Homens;2002;1595;508.13;854.88;313898
AC;Acre;Homens;2003;1577;488.22;837.85;323013
AC;Acre;Homens;2004;1676;504.53;877.5;332192
AC;Acre;Homens;2005;1739;509.39;897.57;341386
AC;Acre;Homens;2006;1707;486.98;860.67;350528
AC;Acre;Homens;2007;1745;485.37;848.75;359523
AC;Acre;Homens;2008;1801;488.78;852.06;368465
AC;Acre;Homens;2009;1766;468.54;825.7;376915
AC;Acre;Homens;2010;1842;479.67;841.26;384014
AC;Acre;Homens;2011;1955;500.47;885.22;390631
AC;Acre;Homens;2012;2062;519.04;903.21;397269
AC;Acre;Homens;2013;2037;505;857.88;403366
AC;Acre;Homens;2014;2114;516.55;870.54;409257
AC;Acre;Homens;2015;2126;512.45;856.61;414870
AC;Acre;Homens;2016;2357;561.62;907.47;419676
AC;Acre;Homens;2017;2360;556.94;866.2;423745
AC;Acre;Homens;2018;2481;580.73;898.47;427222
AC;Acre;Homens;2019;2533;588.52;911.95;430405
AC;Acre;Homens;2020;3010;694.85;1081.53;433188
AC;Acre;Homens;2021;3214;738.08;1142.57;435452
AC;Acre;Homens;2022;2432;555.79;838.32;437573
AC;Acre;Homens;2023;2434;553.64;806.96;439639
AC;Acre;Homens;2024;2524;571.37;817;441747
AC;Acre;Homens;2025;2511;565.94;792.06;443690
AC;Acre;Mulheres;2000;991;340.14;627.86;291351
AC;Acre;Mulheres;2001;944;314.2;584.9;300442
AC;Acre;Mulheres;2002;889;287.11;548.44;309639
AC;Acre;Mulheres;2003;956;299.76;579.78;318918
AC;Acre;Mulheres;2004;998;304.06;586.45;328230
AC;Acre;Mulheres;2005;1071;317.29;594.52;337543
AC;Acre;Mulheres;2006;1051;303.02;575.5;346842
AC;Acre;Mulheres;2007;1050;294.94;555.21;356010
AC;Acre;Mulheres;2008;1056;289.2;544.17;365139
AC;Acre;Mulheres;2009;1125;301;545.35;373755
AC;Acre;Mulheres;2010;1167;306.29;555.94;381007
AC;Acre;Mulheres;2011;1202;310.01;566.31;387732
AC;Acre;Mulheres;2012;1228;311.35;552.15;394412
AC;Acre;Mulheres;2013;1277;318.87;558.44;400472
AC;Acre;Mulheres;2014;1360;334.75;585.83;406269
AC;Acre;Mulheres;2015;1387;336.81;578.89;411807
AC;Acre;Mulheres;2016;1406;337.48;571.53;416618
AC;Acre;Mulheres;2017;1471;349.61;581.42;420751
AC;Acre;Mulheres;2018;1606;378.52;605.89;424282
AC;Acre;Mulheres;2019;1556;363.96;566.78;427514
AC;Acre;Mulheres;2020;1832;425.58;657.36;430469
AC;Acre;Mulheres;2021;2271;524.61;780.09;432894
AC;Acre;Mulheres;2022;1722;395.87;584.84;434993
AC;Acre;Mulheres;2023;1748;400.05;572.39;436943
AC;Acre;Mulheres;2024;1736;395.55;546.29;438884
AC;Acre;Mulheres;2025;1660;376.69;501.21;440682
AL;Alagoas;Ambos;2000;14337;497.35;760.81;2882661
AL;Alagoas;Ambos;2001;15442;529.09;810.37;2918610
AL;Alagoas;Ambos;2002;15861;537.39;828.06;2951483
AL;Alagoas;Ambos;2003;15245;511.28;783.84;2981741
AL;Alagoas;Ambos;2004;15728;522.54;808.35;3009912
AL;Alagoas;Ambos;2005;15311;504.29;765.86;3036152
AL;Alagoas;Ambos;2006;15422;503.96;752.67;3060167
AL;Alagoas;Ambos;2007;16594;538.59;788.45;3081004
AL;Alagoas;Ambos;2008;16403;529.02;766.85;3100630
AL;Alagoas;Ambos;2009;17056;546.97;784.31;3118274
AL;Alagoas;Ambos;2010;17737;566.38;798.04;3131625
AL;Alagoas;Ambos;2011;18645;593.38;825.57;3142169
AL;Alagoas;Ambos;2012;18376;582.94;801.44;3152317
AL;Alagoas;Ambos;2013;19243;608.44;819.37;3162669
AL;Alagoas;Ambos;2014;19065;600.97;792.94;3172381
AL;Alagoas;Ambos;2015;19756;621.03;816.47;3181178
AL;Alagoas;Ambos;2016;20769;651.49;839.9;3187906
AL;Alagoas;Ambos;2017;20673;647.42;818.61;3193155
AL;Alagoas;Ambos;2018;19411;606.57;749.86;3200128
AL;Alagoas;Ambos;2019;20287;632.25;769.19;3208704
AL;Alagoas;Ambos;2020;24148;751.15;897.61;3214823
AL;Alagoas;Ambos;2021;25090;779.72;911.6;3217819
AL;Alagoas;Ambos;2022;23122;718.44;825.31;3218381
AL;Alagoas;Ambos;2023;21965;682.44;762.15;3218607
AL;Alagoas;Ambos;2024;22653;703.49;766.31;3220104
AL;Alagoas;Ambos;2025;22418;696.03;739.46;3220848
AL;Alagoas;Homens;2000;8222;585.04;917.12;1405374
AL;Alagoas;Homens;2001;8796;618.21;971.56;1422809
AL;Alagoas;Homens;2002;9074;630.73;996.02;1438650
AL;Alagoas;Homens;2003;8886;611.52;966.03;1453107
AL;Alagoas;Homens;2004;8929;608.87;971.08;1466477
AL;Alagoas;Homens;2005;8701;588.38;921.3;1478803
AL;Alagoas;Homens;2006;9132;613.02;938.94;1489678
AL;Alagoas;Homens;2007;9874;658.85;991.57;1498669
AL;Alagoas;Homens;2008;9803;650.54;971.11;1506892
AL;Alagoas;Homens;2009;10073;665.28;985.8;1514107
AL;Alagoas;Homens;2010;10529;693.02;1009.35;1519297
AL;Alagoas;Homens;2011;11083;727.61;1046.36;1523204
AL;Alagoas;Homens;2012;10846;710.28;1019.78;1526997
AL;Alagoas;Homens;2013;11345;741.02;1036;1531000
AL;Alagoas;Homens;2014;11217;730.87;1004;1534756
AL;Alagoas;Homens;2015;11305;734.96;1014.14;1538188
AL;Alagoas;Homens;2016;11787;765.03;1036.16;1540725
AL;Alagoas;Homens;2017;11746;761.43;1016.99;1542614
AL;Alagoas;Homens;2018;10940;707.82;929.43;1545589
AL;Alagoas;Homens;2019;11083;715.22;928.43;1549603
AL;Alagoas;Homens;2020;13596;875.94;1120.08;1552161
AL;Alagoas;Homens;2021;13843;891.42;1116.23;1552917
AL;Alagoas;Homens;2022;12736;820.32;1013.01;1552564
AL;Alagoas;Homens;2023;12134;781.73;936.06;1552204
AL;Alagoas;Homens;2024;12564;809.25;945.87;1552545
AL;Alagoas;Homens;2025;12530;807.09;924.89;1552492
AL;Alagoas;Mulheres;2000;6111;413.66;623.44;1477287
AL;Alagoas;Mulheres;2001;6617;442.37;668.26;1495801
AL;Alagoas;Mulheres;2002;6782;448.3;680.74;1512833
AL;Alagoas;Mulheres;2003;6355;415.73;626.26;1528634
AL;Alagoas;Mulheres;2004;6793;440.12;666.25;1543435
AL;Alagoas;Mulheres;2005;6606;424.18;630.43;1557349
AL;Alagoas;Mulheres;2006;6285;400.19;590.78;1570489
AL;Alagoas;Mulheres;2007;6716;424.44;613.47;1582335
AL;Alagoas;Mulheres;2008;6593;413.68;590.85;1593738
AL;Alagoas;Mulheres;2009;6975;434.81;610.27;1604167
AL;Alagoas;Mulheres;2010;7198;446.44;616.27;1612328
AL;Alagoas;Mulheres;2011;7552;466.47;635.97;1618965
AL;Alagoas;Mulheres;2012;7517;462.49;616.15;1625320
AL;Alagoas;Mulheres;2013;7883;483.12;632.24;1631669
AL;Alagoas;Mulheres;2014;7833;478.31;611.73;1637625
AL;Alagoas;Mulheres;2015;8439;513.64;647.69;1642990
AL;Alagoas;Mulheres;2016;8963;544.14;670.82;1647181
AL;Alagoas;Mulheres;2017;8916;540.19;649.74;1650541
AL;Alagoas;Mulheres;2018;8460;511.32;597.67;1654539
AL;Alagoas;Mulheres;2019;9198;554.4;634.18;1659101
AL;Alagoas;Mulheres;2020;10545;634.22;711.11;1662662
AL;Alagoas;Mulheres;2021;11241;675.17;739.07;1664902
AL;Alagoas;Mulheres;2022;10378;623;667.04;1665817
AL;Alagoas;Mulheres;2023;9824;589.53;614.19;1666403
AL;Alagoas;Mulheres;2024;10085;604.78;612.9;1667559
AL;Alagoas;Mulheres;2025;9882;592.32;582.86;1668356
AM;Amazonas;Ambos;2000;10464;367.07;651.81;2850718
AM;Amazonas;Ambos;2001;10504;359.56;654.48;2921349
AM;Amazonas;Ambos;2002;10623;355.19;646.7;2990832
AM;Amazonas;Ambos;2003;10594;346.23;635.35;3059850
AM;Amazonas;Ambos;2004;10896;348.22;653.33;3129049
AM;Amazonas;Ambos;2005;11132;347.99;651.6;3198932
AM;Amazonas;Ambos;2006;11594;354.53;658.24;3270286
AM;Amazonas;Ambos;2007;11757;351.78;651.34;3342171
AM;Amazonas;Ambos;2008;12715;372.41;691.77;3414261
AM;Amazonas;Ambos;2009;12992;372.75;676.9;3485454
AM;Amazonas;Ambos;2010;13300;374.52;674.62;3551196
AM;Amazonas;Ambos;2011;14227;393.89;705.37;3611905
AM;Amazonas;Ambos;2012;14847;404.2;711.98;3673149
AM;Amazonas;Ambos;2013;15129;405.03;698.42;3735289
AM;Amazonas;Ambos;2014;15879;418.08;710.59;3798063
AM;Amazonas;Ambos;2015;16675;432.09;725.6;3859110
AM;Amazonas;Ambos;2016;16799;429.14;708.43;3914566
AM;Amazonas;Ambos;2017;17281;435.69;706.58;3966332
AM;Amazonas;Ambos;2018;17710;440.71;706.15;4018483
AM;Amazonas;Ambos;2019;18327;449.93;704.1;4073280
AM;Amazonas;Ambos;2020;24765;600.91;976.23;4121226
AM;Amazonas;Ambos;2021;29080;699.04;1099.06;4160013
AM;Amazonas;Ambos;2022;20155;479.9;731.27;4199791
AM;Amazonas;Ambos;2023;20385;480.71;711.44;4240571
AM;Amazonas;Ambos;2024;20225;472.41;686.12;4281209
AM;Amazonas;Ambos;2025;20163;466.56;663.66;4321616
AM;Amazonas;Homens;2000;6248;436.3;784.79;1432027
AM;Amazonas;Homens;2001;6247;425.79;774.28;1467148
AM;Amazonas;Homens;2002;6391;425.56;775.26;1501781
AM;Amazonas;Homens;2003;6401;416.66;772.36;1536263
AM;Amazonas;Homens;2004;6626;421.8;800.04;1570881
AM;Amazonas;Homens;2005;6692;416.71;783.38;1605924
AM;Amazonas;Homens;2006;6967;424.37;795.54;1641709
AM;Amazonas;Homens;2007;6973;415.59;777.28;1677843
AM;Amazonas;Homens;2008;7607;443.79;834.01;1714095
AM;Amazonas;Homens;2009;7754;443.13;810.48;1749815
AM;Amazonas;Homens;2010;8061;452.12;822.08;1782934
AM;Amazonas;Homens;2011;8681;478.62;857.67;1813773
AM;Amazonas;Homens;2012;8911;482.99;855.71;1844972
AM;Amazonas;Homens;2013;9220;491.3;860.32;1876658
AM;Amazonas;Homens;2014;9664;506.33;875.16;1908644
AM;Amazonas;Homens;2015;10155;523.53;890.11;1939723
AM;Amazonas;Homens;2016;10237;520.2;867.64;1967900
AM;Amazonas;Homens;2017;10440;523.5;858.68;1994266
AM;Amazonas;Homens;2018;10666;527.74;859.34;2021069
AM;Amazonas;Homens;2019;11171;545.16;869.91;2049128
AM;Amazonas;Homens;2020;15117;729.27;1235.56;2072885
AM;Amazonas;Homens;2021;17095;817.37;1327.2;2091465
AM;Amazonas;Homens;2022;12177;576.82;905.39;2111046
AM;Amazonas;Homens;2023;12234;573.94;872.32;2131568
AM;Amazonas;Homens;2024;11934;554.55;828.1;2152004
AM;Amazonas;Homens;2025;11698;538.51;793.94;2172273
AM;Amazonas;Mulheres;2000;4158;293.09;519.63;1418691
AM;Amazonas;Mulheres;2001;4236;291.29;536.37;1454201
AM;Amazonas;Mulheres;2002;4217;283.2;520.31;1489051
AM;Amazonas;Mulheres;2003;4186;274.75;502.31;1523587
AM;Amazonas;Mulheres;2004;4265;273.72;512.4;1558168
AM;Amazonas;Mulheres;2005;4429;278.03;524.14;1593008
AM;Amazonas;Mulheres;2006;4615;283.38;528.09;1628577
AM;Amazonas;Mulheres;2007;4771;286.66;530.57;1664328
AM;Amazonas;Mulheres;2008;5101;300.03;555.85;1700166
AM;Amazonas;Mulheres;2009;5229;301.27;547.76;1735639
AM;Amazonas;Mulheres;2010;5229;295.71;534.53;1768262
AM;Amazonas;Mulheres;2011;5536;307.88;560.72;1798132
AM;Amazonas;Mulheres;2012;5922;323.93;574.69;1828177
AM;Amazonas;Mulheres;2013;5901;317.49;546.55;1858631
AM;Amazonas;Mulheres;2014;6202;328.25;556.04;1889419
AM;Amazonas;Mulheres;2015;6497;338.49;570.78;1919387
AM;Amazonas;Mulheres;2016;6550;336.47;557.92;1946666
AM;Amazonas;Mulheres;2017;6833;346.49;562.9;1972066
AM;Amazonas;Mulheres;2018;7041;352.51;562.28;1997414
AM;Amazonas;Mulheres;2019;7146;353.04;548.77;2024152
AM;Amazonas;Mulheres;2020;9644;470.82;741.29;2048341
AM;Amazonas;Mulheres;2021;11976;578.96;888.7;2068548
AM;Amazonas;Mulheres;2022;7971;381.62;571.15;2088745
AM;Amazonas;Mulheres;2023;8144;386.15;560.81;2109003
AM;Amazonas;Mulheres;2024;8287;389.21;552.31;2129205
AM;Amazonas;Mulheres;2025;8459;393.56;541.88;2149343
AP;Amapá;Ambos;2000;1686;336.55;610.34;500966
AP;Amapá;Ambos;2001;1961;375.19;720.17;522673
AP;Amapá;Ambos;2002;1982;364.54;686.92;543703
AP;Amapá;Ambos;2003;1895;335.93;641.37;564107
AP;Amapá;Ambos;2004;1949;333.75;654.79;583964
AP;Amapá;Ambos;2005;1765;292.57;552.91;603274
AP;Amapá;Ambos;2006;1803;290.14;528.7;621428
AP;Amapá;Ambos;2007;1886;295.22;554.8;638841
AP;Amapá;Ambos;2008;2113;322.24;599.3;655719
AP;Amapá;Ambos;2009;2140;318.28;597.23;672357
AP;Amapá;Ambos;2010;2172;316.16;571.7;686987
AP;Amapá;Ambos;2011;2495;356.55;671.61;699770
AP;Amapá;Ambos;2012;2601;365.4;679.9;711828
AP;Amapá;Ambos;2013;2680;370.25;662.11;723831
AP;Amapá;Ambos;2014;2852;387.56;699.78;735883
AP;Amapá;Ambos;2015;2946;394.35;707.52;747050
AP;Amapá;Ambos;2016;2995;395.67;672.64;756948
AP;Amapá;Ambos;2017;3158;412.51;697.61;765558
AP;Amapá;Ambos;2018;3345;432.85;719.18;772784
AP;Amapá;Ambos;2019;3524;452.1;744.18;779468
AP;Amapá;Ambos;2020;4617;587.75;984.2;785533
AP;Amapá;Ambos;2021;4750;600.6;955.02;790871
AP;Amapá;Ambos;2022;3846;483.5;766.9;795457
AP;Amapá;Ambos;2023;3926;491.29;744.05;799124
AP;Amapá;Ambos;2024;3903;486.15;733.59;802837
AP;Amapá;Ambos;2025;3945;489.14;722.95;806517
AP;Amapá;Homens;2000;1093;434.43;778.21;251595
AP;Amapá;Homens;2001;1219;464.71;877.53;262312
AP;Amapá;Homens;2002;1280;469.4;883.88;272689
AP;Amapá;Homens;2003;1184;418.71;794.17;282776
AP;Amapá;Homens;2004;1241;424.1;820.54;292621
AP;Amapá;Homens;2005;1139;376.87;722.23;302224
AP;Amapá;Homens;2006;1119;359.48;663.37;311281
AP;Amapá;Homens;2007;1196;373.77;710.35;319985
AP;Amapá;Homens;2008;1319;401.62;752.8;328419
AP;Amapá;Homens;2009;1386;411.63;802.06;336709
AP;Amapá;Homens;2010;1362;395.88;700.7;344043
AP;Amapá;Homens;2011;1537;438.54;832.75;350480
AP;Amapá;Homens;2012;1639;459.67;859.35;356563
AP;Amapá;Homens;2013;1694;467.13;836.58;362638
AP;Amapá;Homens;2014;1745;473.22;851.34;368748
AP;Amapá;Homens;2015;1847;493.33;892.13;374397
AP;Amapá;Homens;2016;1922;506.63;866.98;379373
AP;Amapá;Homens;2017;1963;511.62;867.38;383681
AP;Amapá;Homens;2018;2098;541.69;911.36;387308
AP;Amapá;Homens;2019;2128;544.72;891.53;390662
AP;Amapá;Homens;2020;2895;735.56;1266.65;393577
AP;Amapá;Homens;2021;2890;729.71;1172.92;396049
AP;Amapá;Homens;2022;2293;575.81;933.18;398224
AP;Amapá;Homens;2023;2527;631.88;957.6;399919
AP;Amapá;Homens;2024;2376;591.66;912.24;401582
AP;Amapá;Homens;2025;2415;598.9;903.17;403239
AP;Amapá;Mulheres;2000;591;237;443.65;249371
AP;Amapá;Mulheres;2001;742;284.99;563;260361
AP;Amapá;Mulheres;2002;702;259.03;494.34;271014
AP;Amapá;Mulheres;2003;711;252.73;492.56;281331
AP;Amapá;Mulheres;2004;707;242.67;494.16;291343
AP;Amapá;Mulheres;2005;626;207.94;395.18;301050
AP;Amapá;Mulheres;2006;684;220.54;404.99;310147
AP;Amapá;Mulheres;2007;689;216.09;411;318856
AP;Amapá;Mulheres;2008;793;242.29;453.11;327300
AP;Amapá;Mulheres;2009;750;223.45;408.29;335648
AP;Amapá;Mulheres;2010;810;236.19;446.99;342944
AP;Amapá;Mulheres;2011;956;273.7;519.16;349290
AP;Amapá;Mulheres;2012;962;270.78;513.09;355265
AP;Amapá;Mulheres;2013;985;272.71;500.01;361193
AP;Amapá;Mulheres;2014;1106;301.25;554.95;367135
AP;Amapá;Mulheres;2015;1099;294.91;533.77;372653
AP;Amapá;Mulheres;2016;1072;283.92;490.37;377575
AP;Amapá;Mulheres;2017;1193;312.4;539.43;381877
AP;Amapá;Mulheres;2018;1246;323.24;541.44;385476
AP;Amapá;Mulheres;2019;1395;358.79;600.62;388806
AP;Amapá;Mulheres;2020;1722;439.34;723.38;391956
AP;Amapá;Mulheres;2021;1859;470.85;752.44;394822
AP;Amapá;Mulheres;2022;1551;390.45;613.57;397233
AP;Amapá;Mulheres;2023;1397;349.95;544.11;399205
AP;Amapá;Mulheres;2024;1525;380.06;568.86;401255
AP;Amapá;Mulheres;2025;1530;379.39;554.81;403278
BA;Bahia;Ambos;2000;59654;451.22;639.04;13220667
BA;Bahia;Ambos;2001;61025;457.46;644.71;13339902
BA;Bahia;Ambos;2002;63422;471.43;659.11;13453049
BA;Bahia;Ambos;2003;64103;472.7;653.13;13561082
BA;Bahia;Ambos;2004;64791;474.12;649.08;13665384
BA;Bahia;Ambos;2005;64687;469.89;634.77;13766504
BA;Bahia;Ambos;2006;67533;487.21;647.4;13861288
BA;Bahia;Ambos;2007;67588;484.5;632.25;13950172
BA;Bahia;Ambos;2008;71013;505.89;648.09;14037211
BA;Bahia;Ambos;2009;73492;520.42;653.34;14121771
BA;Bahia;Ambos;2010;76337;538.06;665.42;14187523
BA;Bahia;Ambos;2011;78046;548.17;667.71;14237459
BA;Bahia;Ambos;2012;80311;561.9;670.31;14292856
BA;Bahia;Ambos;2013;81423;567.37;667.24;14351030
BA;Bahia;Ambos;2014;83630;580.38;670.49;14409611
BA;Bahia;Ambos;2015;87083;601.8;682.78;14470447
BA;Bahia;Ambos;2016;88094;606.41;673.67;14527076
BA;Bahia;Ambos;2017;90915;623.62;679.98;14578692
BA;Bahia;Ambos;2018;90134;615.98;658.03;14632652
BA;Bahia;Ambos;2019;93365;635.43;665.98;14693250
BA;Bahia;Ambos;2020;107194;726.81;749.62;14748551
BA;Bahia;Ambos;2021;115392;780.29;791.89;14788270
BA;Bahia;Ambos;2022;107641;726.75;723.12;14811339
BA;Bahia;Ambos;2023;103081;695.14;679.01;14828806
BA;Bahia;Ambos;2024;106212;715.21;683.3;14850513
BA;Bahia;Ambos;2025;104650;703.72;656.44;14870907
BA;Bahia;Homens;2000;33742;519.33;767.4;6497179
BA;Bahia;Homens;2001;34899;532.36;782.32;6555478
BA;Bahia;Homens;2002;36234;548.14;799.79;6610386
BA;Bahia;Homens;2003;36672;550.44;793.57;6662326
BA;Bahia;Homens;2004;37124;553.1;791.95;6712012
BA;Bahia;Homens;2005;36784;544.17;768.51;6759600
BA;Bahia;Homens;2006;38840;570.92;795.86;6803048
BA;Bahia;Homens;2007;39099;571.4;778.73;6842657
BA;Bahia;Homens;2008;41487;602.96;807.16;6880569
BA;Bahia;Homens;2009;42972;621.27;813.4;6916819
BA;Bahia;Homens;2010;44793;645.03;836.11;6944371
BA;Bahia;Homens;2011;45299;650.38;833.05;6964974
BA;Bahia;Homens;2012;46740;668.79;838.54;6988731
BA;Bahia;Homens;2013;47373;675.4;840.17;7014082
BA;Bahia;Homens;2014;49033;696.53;852.08;7039642
BA;Bahia;Homens;2015;50010;707.71;854.16;7066440
BA;Bahia;Homens;2016;51674;728.74;861.19;7090874
BA;Bahia;Homens;2017;52820;742.61;865.18;7112763
BA;Bahia;Homens;2018;51994;728.58;833.45;7136321
BA;Bahia;Homens;2019;53629;748.69;845.13;7163009
BA;Bahia;Homens;2020;62168;865.12;964.83;7186079
BA;Bahia;Homens;2021;65866;914.73;1002.82;7200570
BA;Bahia;Homens;2022;61017;846.64;915.63;7206959
BA;Bahia;Homens;2023;58475;810.87;859.53;7211431
BA;Bahia;Homens;2024;60379;836.47;869.54;7218317
BA;Bahia;Homens;2025;59400;822.2;836.8;7224519
BA;Bahia;Mulheres;2000;25775;383.36;522.08;6723488
BA;Bahia;Mulheres;2001;25954;382.55;519.78;6784424
BA;Bahia;Mulheres;2002;27091;395.91;532.44;6842663
BA;Bahia;Mulheres;2003;27363;396.64;527.69;6898756
BA;Bahia;Mulheres;2004;27569;396.48;521.24;6953372
BA;Bahia;Mulheres;2005;27833;397.22;515.07;7006904
BA;Bahia;Mulheres;2006;28644;405.82;516.17;7058240
BA;Bahia;Mulheres;2007;28412;399.75;501.47;7107515
BA;Bahia;Mulheres;2008;29459;411.63;506.84;7156642
BA;Bahia;Mulheres;2009;30448;422.6;510.92;7204952
BA;Bahia;Mulheres;2010;31485;434.69;514.56;7243152
BA;Bahia;Mulheres;2011;32689;449.49;521.66;7272485
BA;Bahia;Mulheres;2012;33496;458.59;520.8;7304125
BA;Bahia;Mulheres;2013;33976;463.08;514.73;7336948
BA;Bahia;Mulheres;2014;34531;468.54;510.17;7369969
BA;Bahia;Mulheres;2015;37009;499.85;531.35;7404007
BA;Bahia;Mulheres;2016;36367;489.05;508.42;7436202
BA;Bahia;Mulheres;2017;38018;509.22;516.62;7465929
BA;Bahia;Mulheres;2018;38078;507.96;502.97;7496331
BA;Bahia;Mulheres;2019;39674;526.86;508.87;7530241
BA;Bahia;Mulheres;2020;44974;594.7;563.76;7562472
BA;Bahia;Mulheres;2021;49488;652.21;608.13;7587700
BA;Bahia;Mulheres;2022;46566;612.36;554.92;7604380
BA;Bahia;Mulheres;2023;44558;584.95;520.9;7617375
BA;Bahia;Mulheres;2024;45803;600.13;521.33;7632196
BA;Bahia;Mulheres;2025;45196;591.08;499.99;7646388
CE;Ceará;Ambos;2000;33641;436.24;588.17;7711598
CE;Ceará;Ambos;2001;35726;457.14;624.09;7815114
CE;Ceará;Ambos;2002;39172;495.14;669.28;7911267
CE;Ceará;Ambos;2003;40972;512.11;684.44;8000590
CE;Ceará;Ambos;2004;41178;509.3;680.42;8085167
CE;Ceará;Ambos;2005;39867;488.16;645.55;8166770
CE;Ceará;Ambos;2006;40793;494.52;646.58;8248964
CE;Ceará;Ambos;2007;40426;485.48;624.88;8327037
CE;Ceará;Ambos;2008;43100;512.97;652.13;8402114
CE;Ceará;Ambos;2009;44194;521.49;652.04;8474592
CE;Ceará;Ambos;2010;43847;513.57;629.38;8537726
CE;Ceará;Ambos;2011;47886;557.35;670.71;8591799
CE;Ceará;Ambos;2012;48712;563.41;664.22;8645927
CE;Ceará;Ambos;2013;51638;593.46;686.9;8701148
CE;Ceará;Ambos;2014;51950;593.23;674.19;8757083
CE;Ceará;Ambos;2015;55258;626.78;702.66;8816218
CE;Ceará;Ambos;2016;54276;611.69;674.66;8873158
CE;Ceará;Ambos;2017;59263;664.07;716;8924184
CE;Ceará;Ambos;2018;57028;635.29;673.44;8976628
CE;Ceará;Ambos;2019;56580;626.19;654.11;9035631
CE;Ceará;Ambos;2020;69512;764.8;788.41;9088929
CE;Ceará;Ambos;2021;73683;807.09;825.51;9129520
CE;Ceará;Ambos;2022;64664;705.71;706.06;9162955
CE;Ceará;Ambos;2023;60635;659.31;648.73;9196672
CE;Ceará;Ambos;2024;63496;687.66;661.31;9233656
CE;Ceará;Ambos;2025;63489;684.97;644.27;9268836
CE;Ceará;Homens;2000;18959;503.68;695.75;3764086
CE;Ceará;Homens;2001;20443;535.94;751.58;3814404
CE;Ceará;Homens;2002;22230;575.8;800.92;3860742
CE;Ceará;Homens;2003;23176;593.73;824.72;3903460
CE;Ceará;Homens;2004;23227;588.96;817.24;3943757
CE;Ceará;Homens;2005;22744;571.09;786.95;3982576
CE;Ceará;Homens;2006;23160;575.89;786.06;4021591
CE;Ceará;Homens;2007;23160;570.68;767.75;4058351
CE;Ceará;Homens;2008;24612;601.25;804.41;4093467
CE;Ceará;Homens;2009;25082;607.72;803.07;4127231
CE;Ceará;Homens;2010;25343;609.66;787.86;4156885
CE;Ceará;Homens;2011;27482;657.1;838.35;4182285
CE;Ceará;Homens;2012;28423;675.54;842.64;4207446
CE;Ceará;Homens;2013;30090;710.82;873.34;4233113
CE;Ceará;Homens;2014;30464;715.25;864.5;4259187
CE;Ceará;Homens;2015;31522;735.26;883.76;4287211
CE;Ceará;Homens;2016;30893;716.06;851.97;4314303
CE;Ceará;Homens;2017;33865;780.58;905.96;4338467
CE;Ceará;Homens;2018;32363;741.65;849.87;4363676
CE;Ceará;Homens;2019;31148;709.1;810.33;4392602
CE;Ceará;Homens;2020;39664;897.84;1012.87;4417737
CE;Ceará;Homens;2021;41058;925.62;1036.78;4435709
CE;Ceará;Homens;2022;35656;801.12;884.94;4450766
CE;Ceará;Homens;2023;33472;749.38;812.75;4466617
CE;Ceará;Homens;2024;35663;795.28;843.35;4484346
CE;Ceará;Homens;2025;35308;784.43;815.03;4501122
CE;Ceará;Mulheres;2000;14485;366.94;488.01;3947512
CE;Ceará;Mulheres;2001;15230;380.68;508.69;4000710
CE;Ceará;Mulheres;2002;16801;414.79;549.04;4050525
CE;Ceará;Mulheres;2003;17403;424.76;553.52;4097130
CE;Ceará;Mulheres;2004;17707;427.56;555.04;4141410
CE;Ceará;Mulheres;2005;17055;407.61;519.14;4184194
CE;Ceará;Mulheres;2006;17607;416.5;523.19;4227373
CE;Ceará;Mulheres;2007;17243;403.94;499.01;4268686
CE;Ceará;Mulheres;2008;18475;428.79;519.08;4308647
CE;Ceará;Mulheres;2009;19098;439.3;520.4;4347361
CE;Ceará;Mulheres;2010;18491;422.09;490.79;4380841
CE;Ceará;Mulheres;2011;20392;462.45;524.72;4409514
CE;Ceará;Mulheres;2012;20270;456.69;508.23;4438481
CE;Ceará;Mulheres;2013;21527;481.8;524.4;4468035
CE;Ceará;Mulheres;2014;21471;477.36;508.19;4497896
CE;Ceará;Mulheres;2015;23724;523.82;545.09;4529007
CE;Ceará;Mulheres;2016;23369;512.61;521.91;4558855
CE;Ceará;Mulheres;2017;25381;553.48;550.25;4585717
CE;Ceará;Mulheres;2018;24648;534.32;519.86;4612952
CE;Ceará;Mulheres;2019;25421;547.51;520.23;4643029
CE;Ceará;Mulheres;2020;29836;638.72;597.88;4671192
CE;Ceará;Mulheres;2021;32610;694.74;646.47;4693811
CE;Ceará;Mulheres;2022;28989;615.19;553.63;4712189
CE;Ceará;Mulheres;2023;27139;573.76;507.28;4730055
CE;Ceará;Mulheres;2024;27822;585.81;504.89;4749310
CE;Ceará;Mulheres;2025;28168;590.81;496.86;4767714
DF;Distrito Federal;Ambos;2000;8572;392.18;758.24;2185722
DF;Distrito Federal;Ambos;2001;8760;389.89;738.04;2246785
DF;Distrito Federal;Ambos;2002;9066;393.44;750.72;2304285
DF;Distrito Federal;Ambos;2003;9095;385.67;714.8;2358214
DF;Distrito Federal;Ambos;2004;9609;398.94;737.88;2408645
DF;Distrito Federal;Ambos;2005;9425;383.8;700.73;2455721
DF;Distrito Federal;Ambos;2006;9513;380.55;683.16;2499801
DF;Distrito Federal;Ambos;2007;9866;388.45;682.13;2539867
DF;Distrito Federal;Ambos;2008;10284;399.1;681.89;2576812
DF;Distrito Federal;Ambos;2009;10459;400.39;661.53;2612218
DF;Distrito Federal;Ambos;2010;10851;410.4;668.9;2643977
DF;Distrito Federal;Ambos;2011;11253;420.98;663.16;2673022
DF;Distrito Federal;Ambos;2012;11308;418.36;642.55;2702947
DF;Distrito Federal;Ambos;2013;11408;417.32;625.25;2733626
DF;Distrito Federal;Ambos;2014;12018;434.74;637.82;2764386
DF;Distrito Federal;Ambos;2015;11975;428.47;614.09;2794821
DF;Distrito Federal;Ambos;2016;12050;426.76;592.42;2823570
DF;Distrito Federal;Ambos;2017;12514;439.04;596.29;2850314
DF;Distrito Federal;Ambos;2018;12157;422.79;553.81;2875413
DF;Distrito Federal;Ambos;2019;12804;441.56;563.35;2899708
DF;Distrito Federal;Ambos;2020;16218;555.14;690.35;2921417
DF;Distrito Federal;Ambos;2021;19079;649.38;777.38;2938025
DF;Distrito Federal;Ambos;2022;14457;489.67;575.09;2952426
DF;Distrito Federal;Ambos;2023;14079;474.43;538.43;2967543
DF;Distrito Federal;Ambos;2024;15878;532.32;583.1;2982818
DF;Distrito Federal;Ambos;2025;15029;501.49;530.47;2996899
DF;Distrito Federal;Homens;2000;5140;489.55;953.46;1049937
DF;Distrito Federal;Homens;2001;5226;484.24;913.38;1079219
DF;Distrito Federal;Homens;2002;5381;486.21;935.67;1106723
DF;Distrito Federal;Homens;2003;5474;483.37;912.09;1132465
DF;Distrito Federal;Homens;2004;5666;489.92;910.34;1156509
DF;Distrito Federal;Homens;2005;5564;471.94;874.17;1178960
DF;Distrito Federal;Homens;2006;5515;459.59;848.3;1199970
DF;Distrito Federal;Homens;2007;5716;468.9;842.09;1219024
DF;Distrito Federal;Homens;2008;5984;483.94;847.17;1236523
DF;Distrito Federal;Homens;2009;6125;488.75;834.95;1253207
DF;Distrito Federal;Homens;2010;6306;497.28;843.46;1268106
DF;Distrito Federal;Homens;2011;6530;509.48;837.24;1281691
DF;Distrito Federal;Homens;2012;6570;507.04;810.69;1295764
DF;Distrito Federal;Homens;2013;6479;494.46;780.33;1310311
DF;Distrito Federal;Homens;2014;6856;517.46;806.62;1324937
DF;Distrito Federal;Homens;2015;6708;500.82;770.98;1339405
DF;Distrito Federal;Homens;2016;6777;500.88;749.66;1353010
DF;Distrito Federal;Homens;2017;6887;504.32;743.63;1365608
DF;Distrito Federal;Homens;2018;6688;485.55;697.71;1377411
DF;Distrito Federal;Homens;2019;7030;506.21;710.95;1388762
DF;Distrito Federal;Homens;2020;9162;655.12;911.11;1398532
DF;Distrito Federal;Homens;2021;10612;755.03;1007.04;1405505
DF;Distrito Federal;Homens;2022;7742;548.48;725.96;1411536
DF;Distrito Federal;Homens;2023;7606;536.34;690.05;1418136
DF;Distrito Federal;Homens;2024;8498;596.41;744.99;1424857
DF;Distrito Federal;Homens;2025;7925;553.82;672.45;1430980
DF;Distrito Federal;Mulheres;2000;3423;301.38;596.37;1135785
DF;Distrito Federal;Mulheres;2001;3532;302.51;591.24;1167566
DF;Distrito Federal;Mulheres;2002;3685;307.71;597.1;1197562
DF;Distrito Federal;Mulheres;2003;3616;295;554.33;1225749
DF;Distrito Federal;Mulheres;2004;3937;314.42;592.17;1252136
DF;Distrito Federal;Mulheres;2005;3856;302.01;558.53;1276761
DF;Distrito Federal;Mulheres;2006;3996;307.42;549.52;1299831
DF;Distrito Federal;Mulheres;2007;4150;314.19;551.82;1320843
DF;Distrito Federal;Mulheres;2008;4298;320.68;547.16;1340289
DF;Distrito Federal;Mulheres;2009;4332;318.76;522.48;1359011
DF;Distrito Federal;Mulheres;2010;4545;330.34;529.16;1375871
DF;Distrito Federal;Mulheres;2011;4722;339.39;523.86;1391331
DF;Distrito Federal;Mulheres;2012;4733;336.35;506.45;1407183
DF;Distrito Federal;Mulheres;2013;4928;346.23;500.49;1423315
DF;Distrito Federal;Mulheres;2014;5162;358.61;503.76;1439449
DF;Distrito Federal;Mulheres;2015;5262;361.55;490.47;1455416
DF;Distrito Federal;Mulheres;2016;5273;358.57;469.18;1470560
DF;Distrito Federal;Mulheres;2017;5625;378.86;480.63;1484706
DF;Distrito Federal;Mulheres;2018;5467;364.95;442.65;1498002
DF;Distrito Federal;Mulheres;2019;5773;382.08;449.27;1510946
DF;Distrito Federal;Mulheres;2020;7055;463.27;525.49;1522885
DF;Distrito Federal;Mulheres;2021;8462;552.16;604.22;1532520
DF;Distrito Federal;Mulheres;2022;6694;434.42;460.89;1540890
DF;Distrito Federal;Mulheres;2023;6472;417.71;426.32;1549407
DF;Distrito Federal;Mulheres;2024;7380;473.7;463.8;1557961
DF;Distrito Federal;Mulheres;2025;7099;453.34;424.95;1565919
ES;Espírito Santo;Ambos;2000;17632;554.27;842.22;3181143
ES;Espírito Santo;Ambos;2001;17687;547.65;824.87;3229643
ES;Espírito Santo;Ambos;2002;17618;537.49;791.72;3277799
ES;Espírito Santo;Ambos;2003;18404;553.4;807.1;3325612
ES;Espírito Santo;Ambos;2004;18630;552.3;789.94;3373196
ES;Espírito Santo;Ambos;2005;18676;545.98;766.53;3420621
ES;Espírito Santo;Ambos;2006;19665;567.25;778.28;3466704
ES;Espírito Santo;Ambos;2007;19641;559.27;749.74;3511878
ES;Espírito Santo;Ambos;2008;20447;574.78;756.69;3557343
ES;Espírito Santo;Ambos;2009;20396;566.18;731.1;3602364
ES;Espírito Santo;Ambos;2010;21205;582.41;741.43;3640888
ES;Espírito Santo;Ambos;2011;21403;582.23;725.45;3676063
ES;Espírito Santo;Ambos;2012;21616;581.97;709.18;3714258
ES;Espírito Santo;Ambos;2013;21651;576.78;688.18;3753762
ES;Espírito Santo;Ambos;2014;22030;580.67;677.61;3793919
ES;Espírito Santo;Ambos;2015;22332;582.47;667.13;3834033
ES;Espírito Santo;Ambos;2016;22868;590.77;663.17;3870870
ES;Espírito Santo;Ambos;2017;24112;617.54;677.84;3904551
ES;Espírito Santo;Ambos;2018;23500;596.88;640.33;3937119
ES;Espírito Santo;Ambos;2019;24431;615.39;645.99;3970009
ES;Espírito Santo;Ambos;2020;29111;727.51;746.78;4001467
ES;Espírito Santo;Ambos;2021;32801;814.42;821.38;4027541
ES;Espírito Santo;Ambos;2022;27992;691;685.07;4050913
ES;Espírito Santo;Ambos;2023;27315;670.13;649.06;4076068
ES;Espírito Santo;Ambos;2024;28142;686.03;647.29;4102129
ES;Espírito Santo;Ambos;2025;28652;694.28;638.9;4126854
ES;Espírito Santo;Homens;2000;10781;686.69;1076.78;1570006
ES;Espírito Santo;Homens;2001;10731;673.57;1047.24;1593163
ES;Espírito Santo;Homens;2002;10721;663.33;1007.87;1616247
ES;Espírito Santo;Homens;2003;11125;678.67;1029.12;1639239
ES;Espírito Santo;Homens;2004;11347;682.66;1013.18;1662167
ES;Espírito Santo;Homens;2005;11341;673.03;983.98;1685057
ES;Espírito Santo;Homens;2006;11765;689.12;983.46;1707247
ES;Espírito Santo;Homens;2007;11873;686.69;958.23;1729018
ES;Espírito Santo;Homens;2008;12317;703.45;966.36;1750930
ES;Espírito Santo;Homens;2009;12133;684.5;922.35;1772544
ES;Espírito Santo;Homens;2010;12745;711.66;954.2;1790874
ES;Espírito Santo;Homens;2011;12693;702.2;925.52;1807596
ES;Espírito Santo;Homens;2012;12818;701.96;908.47;1826032
ES;Espírito Santo;Homens;2013;12782;692.69;882.05;1845261
ES;Espírito Santo;Homens;2014;12846;688.87;860.23;1864806
ES;Espírito Santo;Homens;2015;12936;686.51;847.63;1884322
ES;Espírito Santo;Homens;2016;13215;694.77;842.8;1902081
ES;Espírito Santo;Homens;2017;14008;730.28;870.12;1918162
ES;Espírito Santo;Homens;2018;13351;690.46;805.23;1933626
ES;Espírito Santo;Homens;2019;13852;710.67;814.3;1949133
ES;Espírito Santo;Homens;2020;16665;848.66;952.48;1963689
ES;Espírito Santo;Homens;2021;18301;926.43;1021.18;1975434
ES;Espírito Santo;Homens;2022;15604;785.75;852.96;1985869
ES;Espírito Santo;Homens;2023;15357;768.91;815.22;1997255
ES;Espírito Santo;Homens;2024;15675;780.17;806.44;2009173
ES;Espírito Santo;Homens;2025;15907;787.32;797.23;2020408
ES;Espírito Santo;Mulheres;2000;6844;424.79;632.53;1611137
ES;Espírito Santo;Mulheres;2001;6946;424.45;625.97;1636480
ES;Espírito Santo;Mulheres;2002;6888;414.55;598.79;1661552
ES;Espírito Santo;Mulheres;2003;7265;430.81;611.27;1686373
ES;Espírito Santo;Mulheres;2004;7273;425.07;590.98;1711029
ES;Espírito Santo;Mulheres;2005;7327;422.17;574.92;1735564
ES;Espírito Santo;Mulheres;2006;7881;447.92;595.03;1759457
ES;Espírito Santo;Mulheres;2007;7747;434.53;564.69;1782860
ES;Espírito Santo;Mulheres;2008;8125;449.79;570.54;1806413
ES;Espírito Santo;Mulheres;2009;8256;451.19;559.13;1829820
ES;Espírito Santo;Mulheres;2010;8451;456.81;553.51;1850014
ES;Espírito Santo;Mulheres;2011;8700;465.62;550.21;1868467
ES;Espírito Santo;Mulheres;2012;8796;465.83;534.52;1888226
ES;Espírito Santo;Mulheres;2013;8863;464.4;519.51;1908501
ES;Espírito Santo;Mulheres;2014;9180;475.87;517.42;1929113
ES;Espírito Santo;Mulheres;2015;9388;481.51;511.03;1949711
ES;Espírito Santo;Mulheres;2016;9649;490.1;507.96;1968789
ES;Espírito Santo;Mulheres;2017;10097;508.31;512.74;1986389
ES;Espírito Santo;Mulheres;2018;10137;505.97;496.52;2003493
ES;Espírito Santo;Mulheres;2019;10570;523.04;500.56;2020876
ES;Espírito Santo;Mulheres;2020;12413;609.14;571.5;2037778
ES;Espírito Santo;Mulheres;2021;14479;705.57;651.49;2052107
ES;Espírito Santo;Mulheres;2022;12364;598.73;538.35;2065044
ES;Espírito Santo;Mulheres;2023;11953;574.99;505.05;2078813
ES;Espírito Santo;Mulheres;2024;12452;594.95;509.13;2092956
ES;Espírito Santo;Mulheres;2025;12736;604.62;502.74;2106446
GO;Goiás;Ambos;2000;23175;450.66;739.75;5142445
GO;Goiás;Ambos;2001;23921;455.3;747.31;5253910
GO;Goiás;Ambos;2002;25634;477.89;772.4;5363945
GO;Goiás;Ambos;2003;25697;469.57;751.19;5472469
GO;Goiás;Ambos;2004;27545;493.65;781.6;5579832
GO;Goiás;Ambos;2005;26834;471.89;735.03;5686497
GO;Goiás;Ambos;2006;27211;469.72;722.52;5793069
GO;Goiás;Ambos;2007;28153;477.45;723.05;5896546
GO;Goiás;Ambos;2008;30146;502.55;744.64;5998618
GO;Goiás;Ambos;2009;30496;500.01;727.35;6099136
GO;Goiás;Ambos;2010;32656;527.99;755.72;6184917
GO;Goiás;Ambos;2011;34154;545.24;762.5;6263998
GO;Goiás;Ambos;2012;36000;566.82;773.45;6351217
GO;Goiás;Ambos;2013;36254;562.8;750.29;6441772
GO;Goiás;Ambos;2014;37808;578.49;757.89;6535659
GO;Goiás;Ambos;2015;38854;586;751.7;6630429
GO;Goiás;Ambos;2016;38074;566.53;707.99;6720503
GO;Goiás;Ambos;2017;39973;587.36;723.11;6805532
GO;Goiás;Ambos;2018;39507;573.53;688.17;6888446
GO;Goiás;Ambos;2019;41025;588.19;692.31;6974736
GO;Goiás;Ambos;2020;48358;684.93;791.08;7060290
GO;Goiás;Ambos;2021;60712;851.03;957.26;7133954
GO;Goiás;Ambos;2022;47270;656.41;731.86;7201254
GO;Goiás;Ambos;2023;45041;619.17;672.61;7274463
GO;Goiás;Ambos;2024;47830;650.71;688.85;7350483
GO;Goiás;Ambos;2025;46358;624.47;644.72;7423629
GO;Goiás;Homens;2000;14118;552.29;890.59;2556247
GO;Goiás;Homens;2001;14465;554.23;898.53;2609949
GO;Goiás;Homens;2002;15488;581.55;925.16;2663211
GO;Goiás;Homens;2003;15462;569.3;899.87;2715959
GO;Goiás;Homens;2004;16605;599.82;940.48;2768339
GO;Goiás;Homens;2005;16265;576.65;890.6;2820613
GO;Goiás;Homens;2006;16303;567.48;866.07;2872874
GO;Goiás;Homens;2007;16937;579.3;871.7;2923719
GO;Goiás;Homens;2008;18096;608.48;897.19;2973959
GO;Goiás;Homens;2009;18257;603.87;877.53;3023308
GO;Goiás;Homens;2010;19497;635.97;912.33;3065711
GO;Goiás;Homens;2011;20493;659.99;928.49;3105050
GO;Goiás;Homens;2012;21511;683.27;934.62;3148260
GO;Goiás;Homens;2013;21619;677.05;909.29;3193129
GO;Goiás;Homens;2014;22494;694.36;920.71;3239527
GO;Goiás;Homens;2015;23234;707.03;920.14;3286144
GO;Goiás;Homens;2016;22942;688.93;879.33;3330095
GO;Goiás;Homens;2017;23736;704.04;890.91;3371392
GO;Goiás;Homens;2018;23302;683.02;845.28;3411592
GO;Goiás;Homens;2019;23917;692.61;845.44;3453150
GO;Goiás;Homens;2020;28461;814.65;983.64;3493635
GO;Goiás;Homens;2021;35185;997.51;1176.36;3527288
GO;Goiás;Homens;2022;27059;760.5;892.38;3558054
GO;Goiás;Homens;2023;25800;718.12;822.38;3592708
GO;Goiás;Homens;2024;27316;752.73;843.92;3628940
GO;Goiás;Homens;2025;26367;719.69;789.84;3663669
GO;Goiás;Mulheres;2000;9039;349.51;591.87;2586198
GO;Goiás;Mulheres;2001;9443;357.15;602;2643961
GO;Goiás;Mulheres;2002;10146;375.68;624.84;2700734
GO;Goiás;Mulheres;2003;10217;370.65;608.37;2756510
GO;Goiás;Mulheres;2004;10927;388.65;629.85;2811493
GO;Goiás;Mulheres;2005;10561;368.51;586.68;2865884
GO;Goiás;Mulheres;2006;10903;373.37;586.15;2920195
GO;Goiás;Mulheres;2007;11206;376.95;581.61;2972827
GO;Goiás;Mulheres;2008;12033;397.83;600.1;3024659
GO;Goiás;Mulheres;2009;12217;397.19;585.41;3075828
GO;Goiás;Mulheres;2010;13142;421.33;608.56;3119206
GO;Goiás;Mulheres;2011;13639;431.76;606.95;3158948
GO;Goiás;Mulheres;2012;14460;451.46;621.01;3202957
GO;Goiás;Mulheres;2013;14610;449.73;601;3248643
GO;Goiás;Mulheres;2014;15278;463.51;605.2;3296132
GO;Goiás;Mulheres;2015;15587;466.08;594.14;3344285
GO;Goiás;Mulheres;2016;15101;445.4;549.06;3390408
GO;Goiás;Mulheres;2017;16186;471.33;567.59;3434140
GO;Goiás;Mulheres;2018;16183;465.45;543.41;3476854
GO;Goiás;Mulheres;2019;17088;485.24;551.87;3521586
GO;Goiás;Mulheres;2020;19869;557.08;617.3;3566655
GO;Goiás;Mulheres;2021;25515;707.44;760.62;3606666
GO;Goiás;Mulheres;2022;20188;554.13;587.5;3643200
GO;Goiás;Mulheres;2023;19222;522.09;537.79;3681755
GO;Goiás;Mulheres;2024;20496;550.74;550.49;3721543
GO;Goiás;Mulheres;2025;19973;531.2;515.28;3759960
MA;Maranhão;Ambos;2000;16041;271.54;421.98;5907492
MA;Maranhão;Ambos;2001;19792;330.65;513.7;5985865
MA;Maranhão;Ambos;2002;21490;354.59;546.7;6060566
MA;Maranhão;Ambos;2003;22524;367.25;562.56;6133227
MA;Maranhão;Ambos;2004;22823;367.8;563.38;6205349
MA;Maranhão;Ambos;2005;23931;381.21;573.61;6277575
MA;Maranhão;Ambos;2006;22643;356.3;529.02;6355062
MA;Maranhão;Ambos;2007;23821;370.53;546.08;6428834
MA;Maranhão;Ambos;2008;25407;390.95;571.99;6498707
MA;Maranhão;Ambos;2009;25734;391.97;567.23;6565252
MA;Maranhão;Ambos;2010;26091;394.06;561.75;6621117
MA;Maranhão;Ambos;2011;28970;434.51;612.11;6667356
MA;Maranhão;Ambos;2012;28838;429.69;594.71;6711398
MA;Maranhão;Ambos;2013;30919;457.88;621.03;6752584
MA;Maranhão;Ambos;2014;32101;472.58;629;6792706
MA;Maranhão;Ambos;2015;33666;492.81;647.8;6831416
MA;Maranhão;Ambos;2016;34362;500.62;647.28;6863878
MA;Maranhão;Ambos;2017;35275;511.95;651.11;6890375
MA;Maranhão;Ambos;2018;34525;499.13;624.55;6917016
MA;Maranhão;Ambos;2019;35128;505.68;622.77;6946725
MA;Maranhão;Ambos;2020;43271;620.73;759.59;6970988
MA;Maranhão;Ambos;2021;44654;639;771.08;6988154
MA;Maranhão;Ambos;2022;39936;570.67;676.07;6998087
MA;Maranhão;Ambos;2023;38747;553.27;643.14;7003234
MA;Maranhão;Ambos;2024;40143;572.57;652.81;7010960
MA;Maranhão;Ambos;2025;40199;572.78;639.75;7018211
MA;Maranhão;Homens;2000;9353;317.64;497.2;2944565
MA;Maranhão;Homens;2001;11578;388.12;606.15;2983091
MA;Maranhão;Homens;2002;12578;416.55;646.51;3019588
MA;Maranhão;Homens;2003;13171;431.14;668.37;3054920
MA;Maranhão;Homens;2004;13456;435.49;674.14;3089837
MA;Maranhão;Homens;2005;14175;453.66;688.04;3124580
MA;Maranhão;Homens;2006;13437;425;637.09;3161670
MA;Maranhão;Homens;2007;14146;442.51;658.69;3196732
MA;Maranhão;Homens;2008;15157;469.31;695.77;3229665
MA;Maranhão;Homens;2009;15393;472.05;690.73;3260858
MA;Maranhão;Homens;2010;15682;477.15;690.93;3286583
MA;Maranhão;Homens;2011;17362;524.91;753.56;3307645
MA;Maranhão;Homens;2012;17271;518.97;729.44;3327945
MA;Maranhão;Homens;2013;18646;557.12;768.72;3346846
MA;Maranhão;Homens;2014;19489;579.14;783.47;3365185
MA;Maranhão;Homens;2015;20086;593.77;797.45;3382805
MA;Maranhão;Homens;2016;20657;608.05;807.09;3397278
MA;Maranhão;Homens;2017;20948;614.52;803.8;3408839
MA;Maranhão;Homens;2018;20200;590.52;763.37;3420732
MA;Maranhão;Homens;2019;20442;595.23;760.97;3434285
MA;Maranhão;Homens;2020;25862;750.79;959.95;3444631
MA;Maranhão;Homens;2021;26322;762.76;961.29;3450910
MA;Maranhão;Homens;2022;22951;664.51;824.22;3453809
MA;Maranhão;Homens;2023;22570;653.29;793.43;3454807
MA;Maranhão;Homens;2024;23514;680.16;809.71;3457140
MA;Maranhão;Homens;2025;23501;679.39;795.2;3459140
MA;Maranhão;Mulheres;2000;6668;225.05;348.19;2962927
MA;Maranhão;Mulheres;2001;8183;272.51;422.51;3002774
MA;Maranhão;Mulheres;2002;8885;292.18;449.81;3040978
MA;Maranhão;Mulheres;2003;9337;303.32;460.5;3078307
MA;Maranhão;Mulheres;2004;9362;300.5;456.78;3115512
MA;Maranhão;Mulheres;2005;9746;309.1;464.16;3152995
MA;Maranhão;Mulheres;2006;9199;288.06;425.47;3193392
MA;Maranhão;Mulheres;2007;9666;299.06;439.53;3232102
MA;Maranhão;Mulheres;2008;10235;313.09;455.48;3269042
MA;Maranhão;Mulheres;2009;10332;312.67;450.92;3304394
MA;Maranhão;Mulheres;2010;10398;311.83;440.24;3334534
MA;Maranhão;Mulheres;2011;11600;345.27;480.19;3359711
MA;Maranhão;Mulheres;2012;11548;341.31;468.8;3383453
MA;Maranhão;Mulheres;2013;12261;360.01;483.51;3405738
MA;Maranhão;Mulheres;2014;12589;367.29;484.79;3427521
MA;Maranhão;Mulheres;2015;13563;393.29;509.03;3448611
MA;Maranhão;Mulheres;2016;13695;395.06;500.13;3466600
MA;Maranhão;Mulheres;2017;14298;410.68;509.92;3481536
MA;Maranhão;Mulheres;2018;14307;409.21;497.12;3496284
MA;Maranhão;Mulheres;2019;14662;417.43;496.13;3512440
MA;Maranhão;Mulheres;2020;17397;493.34;579.46;3526357
MA;Maranhão;Mulheres;2021;18311;517.66;599.21;3537244
MA;Maranhão;Mulheres;2022;16950;478.24;541.86;3544278
MA;Maranhão;Mulheres;2023;16150;455.13;506.86;3548427
MA;Maranhão;Mulheres;2024;16606;467.27;509.99;3553820
MA;Maranhão;Mulheres;2025;16682;468.72;499.11;3559071
MG;Minas Gerais;Ambos;2000;96161;528.03;743.34;18211412
MG;Minas Gerais;Ambos;2001;97981;531.86;741.01;18422253
MG;Minas Gerais;Ambos;2002;97844;525.35;719.93;18624410
MG;Minas Gerais;Ambos;2003;104760;556.75;751.63;18816368
MG;Minas Gerais;Ambos;2004;107340;564.98;750.08;18998797
MG;Minas Gerais;Ambos;2005;106275;554.31;721.96;19172436
MG;Minas Gerais;Ambos;2006;111807;578.24;741.19;19335903
MG;Minas Gerais;Ambos;2007;111366;571.48;718.25;19487371
MG;Minas Gerais;Ambos;2008;112756;574.31;707.91;19633228
MG;Minas Gerais;Ambos;2009;114301;578.01;697.71;19774776
MG;Minas Gerais;Ambos;2010;120803;607.47;719.1;19886309
MG;Minas Gerais;Ambos;2011;122653;613.83;708.03;19981515
MG;Minas Gerais;Ambos;2012;125074;622.44;701.33;20094110
MG;Minas Gerais;Ambos;2013;125850;622.57;685.41;20214721
MG;Minas Gerais;Ambos;2014;127703;627.81;675.15;20340917
MG;Minas Gerais;Ambos;2015;131274;641.29;673.33;20470203
MG;Minas Gerais;Ambos;2016;135257;656.96;673.99;20588168
MG;Minas Gerais;Ambos;2017;138118;667.4;668.05;20695003
MG;Minas Gerais;Ambos;2018;135619;651.98;636.51;20801238
MG;Minas Gerais;Ambos;2019;141022;674.21;642.3;20916751
MG;Minas Gerais;Ambos;2020;152128;723.32;673.45;21032009
MG;Minas Gerais;Ambos;2021;190085;900.15;823.48;21117017
MG;Minas Gerais;Ambos;2022;162615;767.83;686.47;21178401
MG;Minas Gerais;Ambos;2023;157603;741.75;648.84;21247401
MG;Minas Gerais;Ambos;2024;163668;767.58;655.48;21322691
MG;Minas Gerais;Ambos;2025;153428;717.17;596.36;21393441
MG;Minas Gerais;Homens;2000;54824;610.44;915.02;8981127
MG;Minas Gerais;Homens;2001;56007;616.56;914.9;9083827
MG;Minas Gerais;Homens;2002;55778;607.45;883.95;9182335
MG;Minas Gerais;Homens;2003;60273;649.8;935.05;9275588
MG;Minas Gerais;Homens;2004;62001;662.13;937.35;9363809
MG;Minas Gerais;Homens;2005;61358;649.47;901.96;9447341
MG;Minas Gerais;Homens;2006;64244;674.46;924.75;9525203
MG;Minas Gerais;Homens;2007;64125;668.18;899.6;9597008
MG;Minas Gerais;Homens;2008;64239;664.58;879.71;9666160
MG;Minas Gerais;Homens;2009;65057;668.4;868.11;9733267
MG;Minas Gerais;Homens;2010;68179;696.79;890.13;9784660
MG;Minas Gerais;Homens;2011;69492;707.1;880.56;9827741
MG;Minas Gerais;Homens;2012;70645;714.96;870.71;9880908
MG;Minas Gerais;Homens;2013;70976;714.12;851.38;9938887
MG;Minas Gerais;Homens;2014;71794;717.95;837.04;9999854
MG;Minas Gerais;Homens;2015;73347;728.94;833.43;10062133
MG;Minas Gerais;Homens;2016;75837;749.51;838.03;10118179
MG;Minas Gerais;Homens;2017;76972;756.99;829;10168215
MG;Minas Gerais;Homens;2018;75052;734.52;785.71;10217846
MG;Minas Gerais;Homens;2019;77557;755;790.12;10272433
MG;Minas Gerais;Homens;2020;84432;817.59;837.27;10326887
MG;Minas Gerais;Homens;2021;104471;1007.89;1010.32;10365332
MG;Minas Gerais;Homens;2022;88203;848.81;837.42;10391331
MG;Minas Gerais;Homens;2023;86068;825.83;795.88;10421947
MG;Minas Gerais;Homens;2024;89043;851.56;800.76;10456416
MG;Minas Gerais;Homens;2025;83428;795.42;729.32;10488602
MG;Minas Gerais;Mulheres;2000;41269;447.1;593.31;9230285
MG;Minas Gerais;Mulheres;2001;41927;448.97;588.85;9338426
MG;Minas Gerais;Mulheres;2002;42035;445.19;574.91;9442075
MG;Minas Gerais;Mulheres;2003;44450;465.89;591.24;9540780
MG;Minas Gerais;Mulheres;2004;45311;470.28;586.49;9634988
MG;Minas Gerais;Mulheres;2005;44886;461.55;564.08;9725095
MG;Minas Gerais;Mulheres;2006;47545;484.62;580.8;9810700
MG;Minas Gerais;Mulheres;2007;47211;477.34;560.06;9890363
MG;Minas Gerais;Mulheres;2008;48497;486.57;558.01;9967068
MG;Minas Gerais;Mulheres;2009;49217;490.14;549.29;10041509
MG;Minas Gerais;Mulheres;2010;52594;520.65;569.51;10101649
MG;Minas Gerais;Mulheres;2011;53121;523.17;557.38;10153774
MG;Minas Gerais;Mulheres;2012;54385;532.5;552.91;10213202
MG;Minas Gerais;Mulheres;2013;54830;533.58;540.01;10275834
MG;Minas Gerais;Mulheres;2014;55719;538.81;530.83;10341063
MG;Minas Gerais;Mulheres;2015;57809;555.42;532.6;10408070
MG;Minas Gerais;Mulheres;2016;59359;566.94;530.42;10469989
MG;Minas Gerais;Mulheres;2017;61116;580.58;527.41;10526788
MG;Minas Gerais;Mulheres;2018;60551;572.13;506.19;10583392
MG;Minas Gerais;Mulheres;2019;63449;596.08;513.57;10644318
MG;Minas Gerais;Mulheres;2020;67663;632.06;532.2;10705122
MG;Minas Gerais;Mulheres;2021;85579;795.96;661.7;10751685
MG;Minas Gerais;Mulheres;2022;74393;689.65;554.6;10787070
MG;Minas Gerais;Mulheres;2023;71502;660.5;519.48;10825454
MG;Minas Gerais;Mulheres;2024;74597;686.5;527.59;10866275
MG;Minas Gerais;Mulheres;2025;69981;641.74;479.83;10904839
MS;Mato Grosso do Sul;Ambos;2000;11078;512.28;800.03;2162474
MS;Mato Grosso do Sul;Ambos;2001;11213;510.88;786.97;2194851
MS;Mato Grosso do Sul;Ambos;2002;11421;512.73;781.06;2227484
MS;Mato Grosso do Sul;Ambos;2003;12161;538.04;814.79;2260241
MS;Mato Grosso do Sul;Ambos;2004;12562;547.82;813.02;2293097
MS;Mato Grosso do Sul;Ambos;2005;12508;537.71;786.56;2326157
MS;Mato Grosso do Sul;Ambos;2006;12760;540.73;780.61;2359753
MS;Mato Grosso do Sul;Ambos;2007;13208;552.16;788.44;2392064
MS;Mato Grosso do Sul;Ambos;2008;13235;545.69;764.81;2425369
MS;Mato Grosso do Sul;Ambos;2009;13610;553.36;759.24;2459515
MS;Mato Grosso do Sul;Ambos;2010;14471;581.11;791.17;2490254
MS;Mato Grosso do Sul;Ambos;2011;14291;567.08;757.7;2520122
MS;Mato Grosso do Sul;Ambos;2012;14634;573.34;751.55;2552390
MS;Mato Grosso do Sul;Ambos;2013;14921;577.11;742.39;2585456
MS;Mato Grosso do Sul;Ambos;2014;15063;575.1;726.51;2619176
MS;Mato Grosso do Sul;Ambos;2015;15457;582.64;725.35;2652939
MS;Mato Grosso do Sul;Ambos;2016;16749;623.86;762.42;2684756
MS;Mato Grosso do Sul;Ambos;2017;15954;587.5;706.34;2715557
MS;Mato Grosso do Sul;Ambos;2018;16600;604.48;712.86;2746161
MS;Mato Grosso do Sul;Ambos;2019;16815;605.5;699.82;2777028
MS;Mato Grosso do Sul;Ambos;2020;19051;678.73;771.53;2806866
MS;Mato Grosso do Sul;Ambos;2021;25049;884.52;985.94;2831943
MS;Mato Grosso do Sul;Ambos;2022;20434;715.88;789.53;2854377
MS;Mato Grosso do Sul;Ambos;2023;19638;682.35;736.48;2878009
MS;Mato Grosso do Sul;Ambos;2024;19841;683.73;722.81;2901895
MS;Mato Grosso do Sul;Ambos;2025;19342;661.35;684.03;2924631
MS;Mato Grosso do Sul;Homens;2000;6889;638.58;990.52;1078806
MS;Mato Grosso do Sul;Homens;2001;6832;624.35;959.68;1094257
MS;Mato Grosso do Sul;Homens;2002;6928;624.15;943.83;1109983
MS;Mato Grosso do Sul;Homens;2003;7337;651.68;985.88;1125857
MS;Mato Grosso do Sul;Homens;2004;7715;675.69;999.97;1141788
MS;Mato Grosso do Sul;Homens;2005;7635;659.43;963.65;1157820
MS;Mato Grosso do Sul;Homens;2006;7815;665.66;963.43;1174019
MS;Mato Grosso do Sul;Homens;2007;7938;667.28;955.54;1189598
MS;Mato Grosso do Sul;Homens;2008;8140;675.13;953.35;1205690
MS;Mato Grosso do Sul;Homens;2009;8170;668.47;926.72;1222199
MS;Mato Grosso do Sul;Homens;2010;8720;704.94;973.27;1236984
MS;Mato Grosso do Sul;Homens;2011;8667;692.62;941.71;1251341
MS;Mato Grosso do Sul;Homens;2012;8836;697.39;935.41;1267007
MS;Mato Grosso do Sul;Homens;2013;9028;703.55;932.22;1283213
MS;Mato Grosso do Sul;Homens;2014;8949;688.48;895.19;1299829
MS;Mato Grosso do Sul;Homens;2015;9066;688.66;885.58;1316478
MS;Mato Grosso do Sul;Homens;2016;9909;743.85;943.19;1332119
MS;Mato Grosso do Sul;Homens;2017;9307;690.83;862.67;1347225
MS;Mato Grosso do Sul;Homens;2018;9637;707.42;871.61;1362275
MS;Mato Grosso do Sul;Homens;2019;9672;702.11;849.83;1377561
MS;Mato Grosso do Sul;Homens;2020;11173;802.57;958.51;1392161
MS;Mato Grosso do Sul;Homens;2021;14404;1025.88;1204.1;1404058
MS;Mato Grosso do Sul;Homens;2022;11831;836.41;977.76;1414503
MS;Mato Grosso do Sul;Homens;2023;11283;791.38;906.7;1425742
MS;Mato Grosso do Sul;Homens;2024;11477;798.49;899.82;1437329
MS;Mato Grosso do Sul;Homens;2025;11101;766.46;845.63;1448343
MS;Mato Grosso do Sul;Mulheres;2000;4179;385.63;611.2;1083668
MS;Mato Grosso do Sul;Mulheres;2001;4377;397.69;616.38;1100594
MS;Mato Grosso do Sul;Mulheres;2002;4488;401.61;621.13;1117501
MS;Mato Grosso do Sul;Mulheres;2003;4820;424.9;648.04;1134384
MS;Mato Grosso do Sul;Mulheres;2004;4844;420.74;631.95;1151309
MS;Mato Grosso do Sul;Mulheres;2005;4872;417;614.41;1168337
MS;Mato Grosso do Sul;Mulheres;2006;4941;416.7;604.79;1185734
MS;Mato Grosso do Sul;Mulheres;2007;5266;437.93;627.43;1202466
MS;Mato Grosso do Sul;Mulheres;2008;5090;417.32;585.11;1219679
MS;Mato Grosso do Sul;Mulheres;2009;5439;439.58;599.3;1237316
MS;Mato Grosso do Sul;Mulheres;2010;5750;458.8;618.52;1253270
MS;Mato Grosso do Sul;Mulheres;2011;5622;443.1;584.16;1268781
MS;Mato Grosso do Sul;Mulheres;2012;5798;451.07;580.07;1285383
MS;Mato Grosso do Sul;Mulheres;2013;5888;452.14;566.88;1302243
MS;Mato Grosso do Sul;Mulheres;2014;6112;463.26;569.94;1319347
MS;Mato Grosso do Sul;Mulheres;2015;6389;478.05;576.92;1336461
MS;Mato Grosso do Sul;Mulheres;2016;6839;505.6;596.62;1352637
MS;Mato Grosso do Sul;Mulheres;2017;6644;485.55;562.36;1368332
MS;Mato Grosso do Sul;Mulheres;2018;6962;503.08;568.04;1383886
MS;Mato Grosso do Sul;Mulheres;2019;7143;510.41;563.35;1399467
MS;Mato Grosso do Sul;Mulheres;2020;7875;556.65;602.45;1414705
MS;Mato Grosso do Sul;Mulheres;2021;10642;745.3;789.59;1427885
MS;Mato Grosso do Sul;Mulheres;2022;8598;597.14;621.58;1439874
MS;Mato Grosso do Sul;Mulheres;2023;8353;575.17;584.32;1452267
MS;Mato Grosso do Sul;Mulheres;2024;8357;570.61;565.72;1464566
MS;Mato Grosso do Sul;Mulheres;2025;8237;557.95;539.32;1476288
MT;Mato Grosso;Ambos;2000;11466;436.29;794.62;2628097
MT;Mato Grosso;Ambos;2001;11572;431.48;783.03;2681943
MT;Mato Grosso;Ambos;2002;12168;445.16;800.48;2733393
MT;Mato Grosso;Ambos;2003;12221;439.17;788.18;2782719
MT;Mato Grosso;Ambos;2004;12907;456.05;806.56;2830188
MT;Mato Grosso;Ambos;2005;12936;449.77;774.93;2876158
MT;Mato Grosso;Ambos;2006;12958;443.19;760.12;2923828
MT;Mato Grosso;Ambos;2007;12792;431.04;727.22;2967696
MT;Mato Grosso;Ambos;2008;13872;460.86;760.83;3010046
MT;Mato Grosso;Ambos;2009;14267;467.23;751.92;3053540
MT;Mato Grosso;Ambos;2010;14986;484.37;773.64;3093944
MT;Mato Grosso;Ambos;2011;15239;486.36;758.76;3133302
MT;Mato Grosso;Ambos;2012;15901;500.53;760.04;3176859
MT;Mato Grosso;Ambos;2013;16137;500.61;742.04;3223484
MT;Mato Grosso;Ambos;2014;16969;518.28;749.34;3274085
MT;Mato Grosso;Ambos;2015;17095;513.75;735.29;3327512
MT;Mato Grosso;Ambos;2016;17535;518.77;726.91;3380091
MT;Mato Grosso;Ambos;2017;17709;515.8;712.59;3433278
MT;Mato Grosso;Ambos;2018;18205;521.54;705.66;3490648
MT;Mato Grosso;Ambos;2019;18341;516.36;683.74;3551996
MT;Mato Grosso;Ambos;2020;23397;647.76;847.61;3611987
MT;Mato Grosso;Ambos;2021;28623;780.63;990.89;3666669
MT;Mato Grosso;Ambos;2022;21731;584.01;736.77;3720967
MT;Mato Grosso;Ambos;2023;21790;576.7;711.19;3778389
MT;Mato Grosso;Ambos;2024;22803;594.39;717.3;3836399
MT;Mato Grosso;Ambos;2025;22744;584.13;691.39;3893659
MT;Mato Grosso;Homens;2000;7474;552.57;952.12;1352590
MT;Mato Grosso;Homens;2001;7487;542.91;934.53;1379050
MT;Mato Grosso;Homens;2002;7921;564.11;964.78;1404150
MT;Mato Grosso;Homens;2003;7979;558.72;956.08;1428085
MT;Mato Grosso;Homens;2004;8336;574.5;965.77;1451009
MT;Mato Grosso;Homens;2005;8430;572.23;944.27;1473184
MT;Mato Grosso;Homens;2006;8279;553.3;906.69;1496304
MT;Mato Grosso;Homens;2007;8203;540.57;871.63;1517462
MT;Mato Grosso;Homens;2008;9044;588.12;932.73;1537791
MT;Mato Grosso;Homens;2009;9111;584.55;904.49;1558631
MT;Mato Grosso;Homens;2010;9578;607.01;932.7;1577894
MT;Mato Grosso;Homens;2011;9743;610.25;917.97;1596551
MT;Mato Grosso;Homens;2012;10092;624;914.6;1617313
MT;Mato Grosso;Homens;2013;10201;622.12;896.49;1639709
MT;Mato Grosso;Homens;2014;10792;648.51;914.88;1664118
MT;Mato Grosso;Homens;2015;10685;632.29;886.59;1689886
MT;Mato Grosso;Homens;2016;11109;647.7;893.85;1715140
MT;Mato Grosso;Homens;2017;11067;635.8;869.1;1740640
MT;Mato Grosso;Homens;2018;11245;635.95;853.92;1768230
MT;Mato Grosso;Homens;2019;11315;629.37;832.24;1797840
MT;Mato Grosso;Homens;2020;14515;794.7;1043.22;1826484
MT;Mato Grosso;Homens;2021;17394;939.19;1202.53;1852026
MT;Mato Grosso;Homens;2022;13368;712.06;906.29;1877363
MT;Mato Grosso;Homens;2023;13409;704.05;880.34;1904546
MT;Mato Grosso;Homens;2024;13743;711.28;872.42;1932160
MT;Mato Grosso;Homens;2025;13501;689.04;833.52;1959403
MT;Mato Grosso;Mulheres;2000;3982;312.19;618.51;1275507
MT;Mato Grosso;Mulheres;2001;4078;313;614.99;1302893
MT;Mato Grosso;Mulheres;2002;4241;319.05;617.15;1329243
MT;Mato Grosso;Mulheres;2003;4235;312.63;604.17;1354634
MT;Mato Grosso;Mulheres;2004;4569;331.28;632.43;1379179
MT;Mato Grosso;Mulheres;2005;4499;320.68;590.21;1402974
MT;Mato Grosso;Mulheres;2006;4675;327.49;601.15;1427524
MT;Mato Grosso;Mulheres;2007;4585;316.16;570.95;1450234
MT;Mato Grosso;Mulheres;2008;4826;327.8;577.92;1472255
MT;Mato Grosso;Mulheres;2009;5150;344.5;589.72;1494909
MT;Mato Grosso;Mulheres;2010;5403;356.39;605.39;1516050
MT;Mato Grosso;Mulheres;2011;5485;356.92;591.31;1536751
MT;Mato Grosso;Mulheres;2012;5794;371.52;598.39;1559546
MT;Mato Grosso;Mulheres;2013;5925;374.11;581.16;1583775
MT;Mato Grosso;Mulheres;2014;6165;382.93;578.01;1609967
MT;Mato Grosso;Mulheres;2015;6398;390.69;579.6;1637626
MT;Mato Grosso;Mulheres;2016;6416;385.36;556.7;1664951
MT;Mato Grosso;Mulheres;2017;6637;392.11;553.95;1692638
MT;Mato Grosso;Mulheres;2018;6949;403.44;555.85;1722418
MT;Mato Grosso;Mulheres;2019;7013;399.79;534.21;1754156
MT;Mato Grosso;Mulheres;2020;8874;497;653.29;1785503
MT;Mato Grosso;Mulheres;2021;11216;618.08;782.03;1814643
MT;Mato Grosso;Mulheres;2022;8356;453.24;570.14;1843604
MT;Mato Grosso;Mulheres;2023;8371;446.73;545.99;1873843
MT;Mato Grosso;Mulheres;2024;9053;475.41;566.17;1904239
MT;Mato Grosso;Mulheres;2025;9239;477.65;553.66;1934256
PA;Pará;Ambos;2000;21542;331.73;584.93;6493843
PA;Pará;Ambos;2001;23699;357.92;629.4;6621374
PA;Pará;Ambos;2002;23139;342.93;593.85;6747419
PA;Pará;Ambos;2003;25124;365.59;630.23;6872273
PA;Pará;Ambos;2004;25886;370;639.19;6996232
PA;Pará;Ambos;2005;26402;370.84;632.74;7119568
PA;Pará;Ambos;2006;27015;372.94;628.67;7243750
PA;Pará;Ambos;2007;27626;375.03;631.62;7366330
PA;Pará;Ambos;2008;29633;395.82;657.25;7486557
PA;Pará;Ambos;2009;30512;401.4;664.1;7601341
PA;Pará;Ambos;2010;31600;410.36;660.65;7700603
PA;Pará;Ambos;2011;32638;419.05;676.76;7788583
PA;Pará;Ambos;2012;33898;430.44;683.7;7875244
PA;Pará;Ambos;2013;34150;428.96;663.82;7961082
PA;Pará;Ambos;2014;35575;442.08;672.9;8047210
PA;Pará;Ambos;2015;37365;459.51;690.75;8131409
PA;Pará;Ambos;2016;38557;469.76;686.53;8207830
PA;Pará;Ambos;2017;39980;483.09;692.34;8275842
PA;Pará;Ambos;2018;40513;485.8;680.06;8339467
PA;Pará;Ambos;2019;40599;483.07;667.56;8404430
PA;Pará;Ambos;2020;51643;610.06;850.27;8465192
PA;Pará;Ambos;2021;52166;612.27;831.03;8520153
PA;Pará;Ambos;2022;45499;530.91;702.99;8570045
PA;Pará;Ambos;2023;43780;508.12;655;8616120
PA;Pará;Ambos;2024;45375;523.7;659.12;8664306
PA;Pará;Ambos;2025;46271;531.17;650.94;8711196
PA;Pará;Homens;2000;12679;387.42;692.02;3272658
PA;Pará;Homens;2001;13832;414.56;737.23;3336580
PA;Pará;Homens;2002;13922;409.49;715.92;3399876
PA;Pará;Homens;2003;15049;434.62;754.22;3462563
PA;Pará;Homens;2004;15662;444.35;772.57;3524713
PA;Pará;Homens;2005;16082;448.41;768.02;3586435
PA;Pará;Homens;2006;16500;452.27;764.8;3648224
PA;Pará;Homens;2007;16699;450.22;758.4;3709108
PA;Pará;Homens;2008;18159;481.84;796.25;3768686
PA;Pará;Homens;2009;18716;489.27;806.28;3825256
PA;Pará;Homens;2010;19846;512.24;824.36;3874358
PA;Pará;Homens;2011;19956;509.29;826.65;3918400
PA;Pará;Homens;2012;20743;523.56;837.97;3961948
PA;Pará;Homens;2013;20966;523.48;814.61;4005143
PA;Pará;Homens;2014;21978;542.88;831.75;4048377
PA;Pará;Homens;2015;23027;562.94;853.09;4090474
PA;Pará;Homens;2016;23910;579.16;851.89;4128406
PA;Pará;Homens;2017;24542;589.66;854.53;4162050
PA;Pará;Homens;2018;24735;589.82;835.47;4193617
PA;Pará;Homens;2019;24604;582.26;820.81;4225636
PA;Pará;Homens;2020;31482;739.96;1069.31;4254563
PA;Pará;Homens;2021;30964;723.43;1014.94;4280187
PA;Pará;Homens;2022;26987;627.01;859.5;4304083
PA;Pará;Homens;2023;25922;599.11;797.1;4326728
PA;Pará;Homens;2024;26860;617.4;803.13;4350511
PA;Pará;Homens;2025;27371;625.84;794.05;4373481
PA;Pará;Mulheres;2000;8847;274.65;477.4;3221185
PA;Pará;Mulheres;2001;9853;299.96;521.88;3284794
PA;Pará;Mulheres;2002;9204;274.95;473.01;3347543
PA;Pará;Mulheres;2003;10069;295.3;508.19;3409710
PA;Pará;Mulheres;2004;10213;294.19;508.32;3471519
PA;Pará;Mulheres;2005;10308;291.75;500.2;3533133
PA;Pará;Mulheres;2006;10490;291.75;496.09;3595526
PA;Pará;Mulheres;2007;10911;298.34;507.32;3657222
PA;Pará;Mulheres;2008;11451;308;520.41;3717871
PA;Pará;Mulheres;2009;11773;311.78;525.94;3776085
PA;Pará;Mulheres;2010;11709;306.02;502.47;3826245
PA;Pará;Mulheres;2011;12648;326.81;532.84;3870183
PA;Pará;Mulheres;2012;13123;335.34;536.08;3913296
PA;Pará;Mulheres;2013;13124;331.75;518.55;3955939
PA;Pará;Mulheres;2014;13559;339.07;521.21;3998833
PA;Pará;Mulheres;2015;14291;353.66;535.36;4040935
PA;Pará;Mulheres;2016;14605;358.02;528.02;4079424
PA;Pará;Mulheres;2017;15397;374.28;537.3;4113792
PA;Pará;Mulheres;2018;15709;378.91;530.66;4145850
PA;Pará;Mulheres;2019;15937;381.38;521.15;4178794
PA;Pará;Mulheres;2020;20114;477.7;646.22;4210629
PA;Pará;Mulheres;2021;21149;498.8;658.96;4239966
PA;Pará;Mulheres;2022;18457;432.66;556.2;4265962
PA;Pará;Mulheres;2023;17813;415.28;520.35;4289392
PA;Pará;Mulheres;2024;18489;428.6;522.7;4313795
PA;Pará;Mulheres;2025;18866;434.93;515.18;4337715
PB;Paraíba;Ambos;2000;18268;521.91;639.95;3500188
PB;Paraíba;Ambos;2001;18879;534.13;659.72;3534522
PB;Paraíba;Ambos;2002;19704;552.15;667.99;3568570
PB;Paraíba;Ambos;2003;19998;555.17;672.55;3602131
PB;Paraíba;Ambos;2004;20696;569.32;685.52;3635226
PB;Paraíba;Ambos;2005;20289;553.16;661.68;3667851
PB;Paraíba;Ambos;2006;20134;544.18;642.96;3699871
PB;Paraíba;Ambos;2007;21275;570.47;668.47;3729368
PB;Paraíba;Ambos;2008;22522;599.38;695.95;3757574
PB;Paraíba;Ambos;2009;22797;602.07;689.79;3786420
PB;Paraíba;Ambos;2010;23407;613.94;694.9;3812591
PB;Paraíba;Ambos;2011;24579;640.82;717.31;3835568
PB;Paraíba;Ambos;2012;25168;652.29;722.15;3858388
PB;Paraíba;Ambos;2013;25926;667.92;730.78;3881604
PB;Paraíba;Ambos;2014;25240;646.19;698.32;3905995
PB;Paraíba;Ambos;2015;26422;671.97;715.47;3932039
PB;Paraíba;Ambos;2016;28041;708.56;742.98;3957455
PB;Paraíba;Ambos;2017;26975;677.51;698.24;3981512
PB;Paraíba;Ambos;2018;26644;664.7;673.22;4008413
PB;Paraíba;Ambos;2019;27378;678.04;674.49;4037810
PB;Paraíba;Ambos;2020;31107;765.25;751.65;4064935
PB;Paraíba;Ambos;2021;34678;848.33;826.26;4087783
PB;Paraíba;Ambos;2022;32405;789.21;751.53;4106026
PB;Paraíba;Ambos;2023;28773;697.62;656.17;4124468
PB;Paraíba;Ambos;2024;30153;727.45;669.21;4145040
PB;Paraíba;Ambos;2025;29620;711.26;641.06;4164468
PB;Paraíba;Homens;2000;10146;597.12;766.3;1699163
PB;Paraíba;Homens;2001;10253;597.39;779.77;1716290
PB;Paraíba;Homens;2002;10753;620.39;794.92;1733251
PB;Paraíba;Homens;2003;10878;621.65;803.02;1749850
PB;Paraíba;Homens;2004;11443;647.95;833.02;1766043
PB;Paraíba;Homens;2005;11283;633.22;813.44;1781854
PB;Paraíba;Homens;2006;11136;619.62;788.05;1797224
PB;Paraíba;Homens;2007;11847;654.12;826.8;1811137
PB;Paraíba;Homens;2008;12665;694.27;871.9;1824225
PB;Paraíba;Homens;2009;12702;691.22;857.58;1837622
PB;Paraíba;Homens;2010;13140;710.38;872.61;1849722
PB;Paraíba;Homens;2011;13832;743.62;906.81;1860102
PB;Paraíba;Homens;2012;14040;750.65;907.72;1870381
PB;Paraíba;Homens;2013;14366;763.72;916.11;1881062
PB;Paraíba;Homens;2014;14010;740.31;878.88;1892456
PB;Paraíba;Homens;2015;14619;767.5;902.97;1904764
PB;Paraíba;Homens;2016;15225;794.29;925.95;1916815
PB;Paraíba;Homens;2017;14831;769.16;882.37;1928211
PB;Paraíba;Homens;2018;14613;752.8;849.84;1941146
PB;Paraíba;Homens;2019;14768;755.2;841.62;1955516
PB;Paraíba;Homens;2020;17104;868.78;957.15;1968730
PB;Paraíba;Homens;2021;18873;953.38;1038.36;1979586
PB;Paraíba;Homens;2022;17586;884.63;950.89;1987957
PB;Paraíba;Homens;2023;15509;776.76;821.12;1996629
PB;Paraíba;Homens;2024;16361;815.35;845.9;2006631
PB;Paraíba;Homens;2025;16162;801.65;814.76;2016081
PB;Paraíba;Mulheres;2000;8097;449.58;529.07;1801025
PB;Paraíba;Mulheres;2001;8608;473.43;556;1818232
PB;Paraíba;Mulheres;2002;8894;484.6;557.35;1835319
PB;Paraíba;Mulheres;2003;9094;490.96;560.01;1852281
PB;Paraíba;Mulheres;2004;9218;493.16;558.65;1869183
PB;Paraíba;Mulheres;2005;8987;476.51;532.5;1885997
PB;Paraíba;Mulheres;2006;8987;472.34;519.93;1902647
PB;Paraíba;Mulheres;2007;9420;491.08;534.59;1918231
PB;Paraíba;Mulheres;2008;9851;509.53;547.19;1933349
PB;Paraíba;Mulheres;2009;10083;517.4;547.07;1948798
PB;Paraíba;Mulheres;2010;10263;522.86;543.6;1962869
PB;Paraíba;Mulheres;2011;10743;543.82;556.39;1975466
PB;Paraíba;Mulheres;2012;11123;559.51;564.53;1988007
PB;Paraíba;Mulheres;2013;11548;577.24;573.16;2000542
PB;Paraíba;Mulheres;2014;11216;557.03;544.78;2013539
PB;Paraíba;Mulheres;2015;11788;581.47;558.29;2027275
PB;Paraíba;Mulheres;2016;12807;627.6;589.61;2040640
PB;Paraíba;Mulheres;2017;12135;591;545.59;2053301
PB;Paraíba;Mulheres;2018;12021;581.49;525.95;2067267
PB;Paraíba;Mulheres;2019;12599;605.05;535.68;2082294
PB;Paraíba;Mulheres;2020;13996;667.68;583.37;2096205
PB;Paraíba;Mulheres;2021;15793;749.12;650.09;2108197
PB;Paraíba;Mulheres;2022;14814;699.41;587.24;2118069
PB;Paraíba;Mulheres;2023;13258;623.07;518.18;2127839
PB;Paraíba;Mulheres;2024;13785;644.64;521.81;2138409
PB;Paraíba;Mulheres;2025;13450;626.05;496.35;2148387
PE;Pernambuco;Ambos;2000;52469;643.84;885.85;8149336
PE;Pernambuco;Ambos;2001;51868;629.77;861.83;8236052
PE;Pernambuco;Ambos;2002;52194;627.25;855.74;8321143
PE;Pernambuco;Ambos;2003;52912;629.56;854.07;8404555
PE;Pernambuco;Ambos;2004;53560;631.13;854.39;8486414
PE;Pernambuco;Ambos;2005;52247;609.86;814.58;8567075
PE;Pernambuco;Ambos;2006;51885;600.11;795.03;8645942
PE;Pernambuco;Ambos;2007;53338;611.6;799.81;8721073
PE;Pernambuco;Ambos;2008;54124;615.38;795.14;8795257
PE;Pernambuco;Ambos;2009;54678;616.53;787.77;8868632
PE;Pernambuco;Ambos;2010;54570;611.11;774.35;8929674
PE;Pernambuco;Ambos;2011;57219;637.02;795.68;8982283
PE;Pernambuco;Ambos;2012;57132;632.04;776.68;9039233
PE;Pernambuco;Ambos;2013;58209;639.85;776.47;9097265
PE;Pernambuco;Ambos;2014;57823;631.61;752.65;9154884
PE;Pernambuco;Ambos;2015;62556;678.99;795.69;9213107
PE;Pernambuco;Ambos;2016;66928;722.56;832.06;9262684
PE;Pernambuco;Ambos;2017;64364;691.77;779.91;9304183
PE;Pernambuco;Ambos;2018;62011;663.34;733.59;9348293
PE;Pernambuco;Ambos;2019;64295;684.24;742.04;9396505
PE;Pernambuco;Ambos;2020;76574;811.25;867.06;9438962
PE;Pernambuco;Ambos;2021;80717;852.33;898.66;9470176
PE;Pernambuco;Ambos;2022;72011;758.57;783.87;9493026
PE;Pernambuco;Ambos;2023;68527;720.24;729.71;9514483
PE;Pernambuco;Ambos;2024;70793;742.14;734.09;9539029
PE;Pernambuco;Ambos;2025;67731;708.33;683.85;9562007
PE;Pernambuco;Homens;2000;30333;773.64;1114.51;3920802
PE;Pernambuco;Homens;2001;30356;766.16;1098.85;3962115
PE;Pernambuco;Homens;2002;30222;755.06;1082.83;4002605
PE;Pernambuco;Homens;2003;30299;749.53;1071.17;4042379
PE;Pernambuco;Homens;2004;30434;745.65;1068.12;4081521
PE;Pernambuco;Homens;2005;29571;717.74;1014.55;4120043
PE;Pernambuco;Homens;2006;29575;711.4;1000.96;4157293
PE;Pernambuco;Homens;2007;30560;728.94;1012.86;4192383
PE;Pernambuco;Homens;2008;30684;725.92;1003.05;4226891
PE;Pernambuco;Homens;2009;30822;723.34;991.96;4261080
PE;Pernambuco;Homens;2010;30754;716.93;980.22;4289676
PE;Pernambuco;Homens;2011;32240;747.22;1013.6;4314687
PE;Pernambuco;Homens;2012;31637;728.59;972.91;4342226
PE;Pernambuco;Homens;2013;32238;737.61;977.1;4370586
PE;Pernambuco;Homens;2014;32225;732.58;955.53;4398816
PE;Pernambuco;Homens;2015;34532;779.97;1002.89;4427322
PE;Pernambuco;Homens;2016;37078;832.98;1054.55;4451255
PE;Pernambuco;Homens;2017;35905;803.05;991.43;4471068
PE;Pernambuco;Homens;2018;34227;761.87;928.65;4492495
PE;Pernambuco;Homens;2019;35032;775.71;934.19;4516131
PE;Pernambuco;Homens;2020;42047;926.9;1105.59;4536315
PE;Pernambuco;Homens;2021;43556;957.16;1125.52;4550531
PE;Pernambuco;Homens;2022;38941;853.82;988.13;4560821
PE;Pernambuco;Homens;2023;37117;812.06;919.33;4570735
PE;Pernambuco;Homens;2024;38280;835.37;925.82;4582418
PE;Pernambuco;Homens;2025;36505;794.75;862.32;4593285
PE;Pernambuco;Mulheres;2000;22102;522.69;692.82;4228534
PE;Pernambuco;Mulheres;2001;21477;502.51;662.72;4273937
PE;Pernambuco;Mulheres;2002;21940;508.04;666.04;4318538
PE;Pernambuco;Mulheres;2003;22594;517.95;672.75;4362176
PE;Pernambuco;Mulheres;2004;23103;524.48;676.88;4404893
PE;Pernambuco;Mulheres;2005;22659;509.53;647.27;4447032
PE;Pernambuco;Mulheres;2006;22296;496.72;624.17;4488649
PE;Pernambuco;Mulheres;2007;22741;502.15;622.95;4528690
PE;Pernambuco;Mulheres;2008;23393;512.06;623.33;4568366
PE;Pernambuco;Mulheres;2009;23824;517.06;619.42;4607552
PE;Pernambuco;Mulheres;2010;23779;512.48;605.48;4639998
PE;Pernambuco;Mulheres;2011;24931;534.13;618.7;4667596
PE;Pernambuco;Mulheres;2012;25451;541.86;615.74;4697007
PE;Pernambuco;Mulheres;2013;25932;548.63;612.77;4726679
PE;Pernambuco;Mulheres;2014;25567;537.57;588.23;4756068
PE;Pernambuco;Mulheres;2015;27966;584.36;626.01;4785785
PE;Pernambuco;Mulheres;2016;29814;619.65;651.1;4811429
PE;Pernambuco;Mulheres;2017;28417;587.96;604.67;4833115
PE;Pernambuco;Mulheres;2018;27736;571.19;573.12;4855798
PE;Pernambuco;Mulheres;2019;29230;598.93;586.22;4880374
PE;Pernambuco;Mulheres;2020;34483;703.35;677;4902647
PE;Pernambuco;Mulheres;2021;37124;754.61;715.99;4919645
PE;Pernambuco;Mulheres;2022;33034;669.76;618.47;4932205
PE;Pernambuco;Mulheres;2023;31383;634.8;574.73;4943748
PE;Pernambuco;Mulheres;2024;32485;655.39;577.74;4956611
PE;Pernambuco;Mulheres;2025;31197;627.87;539.11;4968722
PI;Piauí;Ambos;2000;11623;396.64;568.3;2930352
PI;Piauí;Ambos;2001;12505;422.14;604.04;2962306
PI;Piauí;Ambos;2002;13085;437.28;620.57;2992376
PI;Piauí;Ambos;2003;13883;459.53;650.74;3021150
PI;Piauí;Ambos;2004;13603;446.18;623.58;3048794
PI;Piauí;Ambos;2005;14253;463.48;639.3;3075209
PI;Piauí;Ambos;2006;14484;467.18;629.84;3100299
PI;Piauí;Ambos;2007;14884;476.53;635.75;3123388
PI;Piauí;Ambos;2008;15489;492.58;647.52;3144436
PI;Piauí;Ambos;2009;15573;492.12;634.91;3164490
PI;Piauí;Ambos;2010;15614;490.74;621.8;3181697
PI;Piauí;Ambos;2011;17052;533.4;664.03;3196841
PI;Piauí;Ambos;2012;17449;543.29;661.6;3211704
PI;Piauí;Ambos;2013;17985;557.57;664.61;3225625
PI;Piauí;Ambos;2014;18565;573;667.16;3239971
PI;Piauí;Ambos;2015;19366;594.81;678.15;3255812
PI;Piauí;Ambos;2016;19187;586.56;653.51;3271094
PI;Piauí;Ambos;2017;19850;604.12;659.28;3285746
PI;Piauí;Ambos;2018;19983;605.14;644.16;3302227
PI;Piauí;Ambos;2019;20528;618.27;645.05;3320228
PI;Piauí;Ambos;2020;23646;708.84;727.17;3335863
PI;Piauí;Ambos;2021;26212;782.95;792.19;3347856
PI;Piauí;Ambos;2022;24343;725.13;716.54;3357043
PI;Piauí;Ambos;2023;22529;669.33;649.1;3365881
PI;Piauí;Ambos;2024;23476;695.45;659.61;3375646
PI;Piauí;Ambos;2025;22705;670.84;621.15;3384547
PI;Piauí;Homens;2000;6605;456.89;665.19;1445640
PI;Piauí;Homens;2001;7109;486.39;711.94;1461571
PI;Piauí;Homens;2002;7432;503.39;730.48;1476383
PI;Piauí;Homens;2003;7830;525.36;759.63;1490395
PI;Piauí;Homens;2004;7688;511.28;731.34;1503685
PI;Piauí;Homens;2005;8163;538.4;758.96;1516157
PI;Piauí;Homens;2006;8374;548.14;759.93;1527720
PI;Piauí;Homens;2007;8538;555.09;765.33;1538122
PI;Piauí;Homens;2008;8809;569.26;776.92;1547444
PI;Piauí;Homens;2009;8951;575.13;771.24;1556335
PI;Piauí;Homens;2010;8927;570.82;753.91;1563892
PI;Piauí;Homens;2011;9716;618.68;804.18;1570448
PI;Piauí;Homens;2012;10131;642.46;820.53;1576916
PI;Piauí;Homens;2013;10431;658.95;826.17;1582962
PI;Piauí;Homens;2014;10606;667.33;817.19;1589318
PI;Piauí;Homens;2015;11033;691.06;832.92;1596526
PI;Piauí;Homens;2016;11089;691.56;815.29;1603475
PI;Piauí;Homens;2017;11263;699.5;813.21;1610141
PI;Piauí;Homens;2018;11381;703.43;799.2;1617920
PI;Piauí;Homens;2019;11485;706.03;790.36;1626692
PI;Piauí;Homens;2020;13606;832.64;919.48;1634070
PI;Piauí;Homens;2021;14921;910.19;991.66;1639322
PI;Piauí;Homens;2022;13704;833.98;891.08;1643196
PI;Piauí;Homens;2023;12829;778.93;816.81;1646996
PI;Piauí;Homens;2024;13270;803.61;826.2;1651289
PI;Piauí;Homens;2025;12858;776.84;781.21;1655161
PI;Piauí;Mulheres;2000;4956;333.8;473.34;1484712
PI;Piauí;Mulheres;2001;5344;356.09;501.07;1500735
PI;Piauí;Mulheres;2002;5620;370.71;517.82;1515993
PI;Piauí;Mulheres;2003;6030;393.92;549.06;1530755
PI;Piauí;Mulheres;2004;5902;381.98;523.57;1545109
PI;Piauí;Mulheres;2005;6082;390.11;528.96;1559052
PI;Piauí;Mulheres;2006;6097;387.71;510.02;1572579
PI;Piauí;Mulheres;2007;6327;399.11;517.02;1585266
PI;Piauí;Mulheres;2008;6666;417.41;529.99;1596992
PI;Piauí;Mulheres;2009;6609;410.97;511.92;1608155
PI;Piauí;Mulheres;2010;6674;412.53;502.49;1617805
PI;Piauí;Mulheres;2011;7319;450.01;537.1;1626393
PI;Piauí;Mulheres;2012;7311;447.21;519.65;1634788
PI;Piauí;Mulheres;2013;7536;458.77;519.98;1642663
PI;Piauí;Mulheres;2014;7953;481.81;531.99;1650653
PI;Piauí;Mulheres;2015;8310;500.82;539.25;1659286
PI;Piauí;Mulheres;2016;8076;484.28;508.34;1667619
PI;Piauí;Mulheres;2017;8564;511.1;521.69;1675605
PI;Piauí;Mulheres;2018;8574;509.05;506.61;1684307
PI;Piauí;Mulheres;2019;9029;533.14;516.73;1693536
PI;Piauí;Mulheres;2020;10013;588.38;558.37;1701793
PI;Piauí;Mulheres;2021;11263;659.22;617.54;1708534
PI;Piauí;Mulheres;2022;10620;619.66;562.01;1713847
PI;Piauí;Mulheres;2023;9680;563.16;500.11;1718885
PI;Piauí;Mulheres;2024;10188;590.83;511.98;1724357
PI;Piauí;Mulheres;2025;9826;568.18;479.68;1729386
PR;Paraná;Ambos;2000;56092;577.59;886.66;9711359
PR;Paraná;Ambos;2001;55073;560.9;849.45;9818682
PR;Paraná;Ambos;2002;56854;572.95;855.15;9923096
PR;Paraná;Ambos;2003;57566;574.25;840.69;10024500
PR;Paraná;Ambos;2004;60276;595.42;854.65;10123331
PR;Paraná;Ambos;2005;58778;575.11;806.19;10220308
PR;Paraná;Ambos;2006;60610;587.48;808.4;10316959
PR;Paraná;Ambos;2007;61597;591.79;799.38;10408676
PR;Paraná;Ambos;2008;63781;607.52;800.34;10498615
PR;Paraná;Ambos;2009;64960;613.46;791.62;10589094
PR;Paraná;Ambos;2010;66969;627.92;794.27;10665196
PR;Paraná;Ambos;2011;68598;639;791.1;10735283
PR;Paraná;Ambos;2012;68637;634.53;767.67;10816975
PR;Paraná;Ambos;2013;69930;641.15;762.26;10907043
PR;Paraná;Ambos;2014;69348;630.22;733.41;11003738
PR;Paraná;Ambos;2015;70839;638.08;726.55;11101864
PR;Paraná;Ambos;2016;74740;667.58;744.45;11195664
PR;Paraná;Ambos;2017;71633;634.75;691.92;11285193
PR;Paraná;Ambos;2018;73848;649.27;690.96;11373980
PR;Paraná;Ambos;2019;74566;650.2;675.13;11468227
PR;Paraná;Ambos;2020;82573;714.24;723.99;11560987
PR;Paraná;Ambos;2021;112606;968.21;960.18;11630298
PR;Paraná;Ambos;2022;89808;768.46;751.87;11686692
PR;Paraná;Ambos;2023;83465;710.11;678.03;11753862
PR;Paraná;Ambos;2024;89122;753.7;700.96;11824665
PR;Paraná;Ambos;2025;86763;729.68;659.73;11890584
PR;Paraná;Homens;2000;33100;688.53;1086.55;4807323
PR;Paraná;Homens;2001;32631;671.76;1045.62;4857540
PR;Paraná;Homens;2002;33635;685.57;1055.28;4906157
PR;Paraná;Homens;2003;34215;690.78;1044.62;4953119
PR;Paraná;Homens;2004;35694;714.07;1062.24;4998698
PR;Paraná;Homens;2005;34765;689.31;1001.01;5043431
PR;Paraná;Homens;2006;35607;699.82;1001.46;5088035
PR;Paraná;Homens;2007;36291;707.42;995.18;5130078
PR;Paraná;Homens;2008;37507;725.33;997.53;5171034
PR;Paraná;Homens;2009;38495;738.57;998.97;5212131
PR;Paraná;Homens;2010;39065;744.71;988.37;5245700
PR;Paraná;Homens;2011;40118;760.34;991.71;5276343
PR;Paraná;Homens;2012;40032;753.38;963.09;5313661
PR;Paraná;Homens;2013;40313;752.69;951.78;5355858
PR;Paraná;Homens;2014;39608;733.25;910.3;5401702
PR;Paraná;Homens;2015;40449;742.4;904.89;5448382
PR;Paraná;Homens;2016;42578;775.16;928.94;5492767
PR;Paraná;Homens;2017;40598;733.5;861.14;5534799
PR;Paraná;Homens;2018;41581;745.65;856.81;5576444
PR;Paraná;Homens;2019;42157;750.02;843.61;5620794
PR;Paraná;Homens;2020;47278;834.74;918.07;5663829
PR;Paraná;Homens;2021;64044;1124.85;1208.45;5693550
PR;Paraná;Homens;2022;50224;878.59;938.74;5716463
PR;Paraná;Homens;2023;46697;812.68;847.13;5746063
PR;Paraná;Homens;2024;49361;854.29;869.94;5778027
PR;Paraná;Homens;2025;47781;822.74;817.76;5807567
PR;Paraná;Mulheres;2000;22971;468.41;705.46;4904036
PR;Paraná;Mulheres;2001;22424;451.99;671.89;4961142
PR;Paraná;Mulheres;2002;23215;462.73;675.18;5016939
PR;Paraná;Mulheres;2003;23341;460.25;657.63;5071381
PR;Paraná;Mulheres;2004;24561;479.27;669.46;5124633
PR;Paraná;Mulheres;2005;24003;463.66;632.16;5176877
PR;Paraná;Mulheres;2006;24970;477.54;636.52;5228924
PR;Paraná;Mulheres;2007;25291;479.12;624.69;5278598
PR;Paraná;Mulheres;2008;26249;492.7;625.41;5327581
PR;Paraná;Mulheres;2009;26445;491.82;609.23;5376963
PR;Paraná;Mulheres;2010;27894;514.7;622.89;5419496
PR;Paraná;Mulheres;2011;28459;521.33;614.98;5458940
PR;Paraná;Mulheres;2012;28575;519.23;596.42;5503314
PR;Paraná;Mulheres;2013;29599;533.2;597.07;5551185
PR;Paraná;Mulheres;2014;29727;530.65;579.2;5602036
PR;Paraná;Mulheres;2015;30379;537.35;571.89;5653482
PR;Paraná;Mulheres;2016;32148;563.71;585.17;5702897
PR;Paraná;Mulheres;2017;31023;539.49;545.95;5750394
PR;Paraná;Mulheres;2018;32251;556.29;547.68;5797536
PR;Paraná;Mulheres;2019;32391;553.94;530.55;5847433
PR;Paraná;Mulheres;2020;35278;598.22;558.23;5897158
PR;Paraná;Mulheres;2021;48518;817.25;748.32;5936748
PR;Paraná;Mulheres;2022;39559;662.6;592.08;5970229
PR;Paraná;Mulheres;2023;36751;611.72;532.68;6007799
PR;Paraná;Mulheres;2024;39740;657.22;555.86;6046638
PR;Paraná;Mulheres;2025;38969;640.62;524.78;6083017
RJ;Rio de Janeiro;Ambos;2000;111196;724.32;922.3;15351803
RJ;Rio de Janeiro;Ambos;2001;113816;733.26;927.33;15521958
RJ;Rio de Janeiro;Ambos;2002;117018;746.44;929.76;15676803
RJ;Rio de Janeiro;Ambos;2003;116318;735.34;901.95;15818316
RJ;Rio de Janeiro;Ambos;2004;117538;736.92;892.02;15949905
RJ;Rio de Janeiro;Ambos;2005;114394;711.67;846.94;16073930
RJ;Rio de Janeiro;Ambos;2006;118423;731.45;856.29;16190233
RJ;Rio de Janeiro;Ambos;2007;120217;737.62;847.73;16297848
RJ;Rio de Janeiro;Ambos;2008;122534;747.22;845.03;16398749
RJ;Rio de Janeiro;Ambos;2009;123890;751.05;834.14;16495668
RJ;Rio de Janeiro;Ambos;2010;127536;769.44;841.12;16575147
RJ;Rio de Janeiro;Ambos;2011;127095;763.67;817.96;16642646
RJ;Rio de Janeiro;Ambos;2012;126261;755.19;793.7;16719094
RJ;Rio de Janeiro;Ambos;2013;130032;773.97;797.01;16800610
RJ;Rio de Janeiro;Ambos;2014;131044;776.06;783.55;16885883
RJ;Rio de Janeiro;Ambos;2015;132714;781.97;775.98;16971856
RJ;Rio de Janeiro;Ambos;2016;141089;827.81;806.27;17043727
RJ;Rio de Janeiro;Ambos;2017;136709;799.45;764.4;17100398
RJ;Rio de Janeiro;Ambos;2018;140706;820.49;769.6;17148943
RJ;Rio de Janeiro;Ambos;2019;144600;841;774.8;17193919
RJ;Rio de Janeiro;Ambos;2020;172185;999.78;906.27;17222305
RJ;Rio de Janeiro;Ambos;2021;189232;1098.88;984.31;17220455
RJ;Rio de Janeiro;Ambos;2022;150806;876.18;771.65;17211760
RJ;Rio de Janeiro;Ambos;2023;145148;843.21;727.98;17213813
RJ;Rio de Janeiro;Ambos;2024;148156;860.39;724.45;17219679
RJ;Rio de Janeiro;Ambos;2025;150504;873.83;717.34;17223547
RJ;Rio de Janeiro;Homens;2000;63513;865.76;1205.22;7336059
RJ;Rio de Janeiro;Homens;2001;64792;873.99;1214.62;7413397
RJ;Rio de Janeiro;Homens;2002;66170;884.18;1207.41;7483736
RJ;Rio de Janeiro;Homens;2003;65934;873.53;1179.1;7547958
RJ;Rio de Janeiro;Homens;2004;66449;873.44;1169.88;7607747
RJ;Rio de Janeiro;Homens;2005;64260;838.43;1108.18;7664312
RJ;Rio de Janeiro;Homens;2006;66026;855.6;1118.63;7716963
RJ;Rio de Janeiro;Homens;2007;66847;860.8;1105.91;7765689
RJ;Rio de Janeiro;Homens;2008;67567;864.96;1100.45;7811596
RJ;Rio de Janeiro;Homens;2009;67282;856.44;1072.16;7855972
RJ;Rio de Janeiro;Homens;2010;68864;872.56;1083.55;7892174
RJ;Rio de Janeiro;Homens;2011;67896;856.92;1044.84;7923239
RJ;Rio de Janeiro;Homens;2012;67113;843.17;1009.87;7959607
RJ;Rio de Janeiro;Homens;2013;69494;868.8;1020.47;7998891
RJ;Rio de Janeiro;Homens;2014;69307;862.01;993.57;8040198
RJ;Rio de Janeiro;Homens;2015;69455;859.39;977.5;8081878
RJ;Rio de Janeiro;Homens;2016;74393;916.6;1023.72;8116164
RJ;Rio de Janeiro;Homens;2017;72032;884.64;967.47;8142490
RJ;Rio de Janeiro;Homens;2018;74036;906.79;973.86;8164621
RJ;Rio de Janeiro;Homens;2019;75114;917.74;970.69;8184696
RJ;Rio de Janeiro;Homens;2020;90921;1109.42;1156.59;8195346
RJ;Rio de Janeiro;Homens;2021;97888;1195.15;1228.14;8190415
RJ;Rio de Janeiro;Homens;2022;76868;939.32;955.56;8183327
RJ;Rio de Janeiro;Homens;2023;74304;908.04;901.23;8182857
RJ;Rio de Janeiro;Homens;2024;75365;920.81;891.96;8184617
RJ;Rio de Janeiro;Homens;2025;76342;932.67;881.15;8185275
RJ;Rio de Janeiro;Mulheres;2000;47524;592.88;701.26;8015744
RJ;Rio de Janeiro;Mulheres;2001;48892;602.97;704.68;8108561
RJ;Rio de Janeiro;Mulheres;2002;50724;619.11;712.74;8193067
RJ;Rio de Janeiro;Mulheres;2003;50310;608.32;687.43;8270358
RJ;Rio de Janeiro;Mulheres;2004;51003;611.39;677.8;8342158
RJ;Rio de Janeiro;Mulheres;2005;50046;595.1;644.94;8409618
RJ;Rio de Janeiro;Mulheres;2006;52297;617.2;655.04;8473270
RJ;Rio de Janeiro;Mulheres;2007;53294;624.63;649.21;8532159
RJ;Rio de Janeiro;Mulheres;2008;54904;639.37;651.59;8587153
RJ;Rio de Janeiro;Mulheres;2009;56530;654.31;652;8639696
RJ;Rio de Janeiro;Mulheres;2010;58609;674.99;658.17;8682973
RJ;Rio de Janeiro;Mulheres;2011;59095;677.74;646.03;8719407
RJ;Rio de Janeiro;Mulheres;2012;59082;674.49;629.08;8759487
RJ;Rio de Janeiro;Mulheres;2013;60424;686.5;626.79;8801719
RJ;Rio de Janeiro;Mulheres;2014;61594;696.32;621.82;8845685
RJ;Rio de Janeiro;Mulheres;2015;63150;710.35;621.13;8889978
RJ;Rio de Janeiro;Mulheres;2016;66584;745.83;640.69;8927563
RJ;Rio de Janeiro;Mulheres;2017;64534;720.41;606.58;8957908
RJ;Rio de Janeiro;Mulheres;2018;66548;740.71;610.95;8984322
RJ;Rio de Janeiro;Mulheres;2019;69369;769.98;622.33;9009223
RJ;Rio de Janeiro;Mulheres;2020;81129;898.74;716.9;9026959
RJ;Rio de Janeiro;Mulheres;2021;91219;1010.17;798.35;9030040
RJ;Rio de Janeiro;Mulheres;2022;73815;817.58;629.91;9028433
RJ;Rio de Janeiro;Mulheres;2023;70729;783.18;592.53;9030956
RJ;Rio de Janeiro;Mulheres;2024;72669;804.3;593.72;9035062
RJ;Rio de Janeiro;Mulheres;2025;74053;819.33;588.23;9038272
RN;Rio Grande do Norte;Ambos;2000;12858;451.75;593.2;2846263
RN;Rio Grande do Norte;Ambos;2001;13292;460.51;609.62;2886371
RN;Rio Grande do Norte;Ambos;2002;14176;484.64;637.15;2925058
RN;Rio Grande do Norte;Ambos;2003;13731;463.48;606.27;2962562
RN;Rio Grande do Norte;Ambos;2004;14642;488.19;635.67;2999247
RN;Rio Grande do Norte;Ambos;2005;14172;466.88;603.39;3035448
RN;Rio Grande do Norte;Ambos;2006;13659;444.55;566.97;3072555
RN;Rio Grande do Norte;Ambos;2007;14541;467.96;588.95;3107299
RN;Rio Grande do Norte;Ambos;2008;15576;495.88;615.54;3141098
RN;Rio Grande do Norte;Ambos;2009;16215;510.8;625.97;3174404
RN;Rio Grande do Norte;Ambos;2010;16090;502.37;608.82;3202809
RN;Rio Grande do Norte;Ambos;2011;17802;551.61;658.68;3227267
RN;Rio Grande do Norte;Ambos;2012;17923;551.18;647.02;3251725
RN;Rio Grande do Norte;Ambos;2013;18921;577.65;666.25;3275502
RN;Rio Grande do Norte;Ambos;2014;19137;580.1;658.22;3298890
RN;Rio Grande do Norte;Ambos;2015;20153;606.65;678.57;3322012
RN;Rio Grande do Norte;Ambos;2016;21922;655.9;719.31;3342283
RN;Rio Grande do Norte;Ambos;2017;21409;637.32;685.26;3359217
RN;Rio Grande do Norte;Ambos;2018;21209;628.32;664.54;3375511
RN;Rio Grande do Norte;Ambos;2019;21767;641.63;667.34;3392434
RN;Rio Grande do Norte;Ambos;2020;24674;724.08;741.24;3407618
RN;Rio Grande do Norte;Ambos;2021;26771;782.92;789.96;3419382
RN;Rio Grande do Norte;Ambos;2022;24219;706.51;697.2;3427955
RN;Rio Grande do Norte;Ambos;2023;22302;649.02;628.57;3436278
RN;Rio Grande do Norte;Ambos;2024;23527;682.72;644.61;3446071
RN;Rio Grande do Norte;Ambos;2025;22564;653.04;601.57;3455236
RN;Rio Grande do Norte;Homens;2000;7332;527.21;710.22;1390729
RN;Rio Grande do Norte;Homens;2001;7568;536.63;734.07;1410281
RN;Rio Grande do Norte;Homens;2002;8079;565.32;770.2;1429102
RN;Rio Grande do Norte;Homens;2003;7808;539.48;735.08;1447326
RN;Rio Grande do Norte;Homens;2004;8319;567.8;774.36;1465125
RN;Rio Grande do Norte;Homens;2005;8116;547.4;748.03;1482648
RN;Rio Grande do Norte;Homens;2006;7761;517.19;693.34;1500597
RN;Rio Grande do Norte;Homens;2007;8347;550.13;731.94;1517279
RN;Rio Grande do Norte;Homens;2008;9080;592.15;784.14;1533392
RN;Rio Grande do Norte;Homens;2009;9412;607.53;795.12;1549213
RN;Rio Grande do Norte;Homens;2010;9254;592.12;774.05;1562846
RN;Rio Grande do Norte;Homens;2011;10292;653.59;842.17;1574681
RN;Rio Grande do Norte;Homens;2012;10314;650.13;824.31;1586454
RN;Rio Grande do Norte;Homens;2013;10875;680.57;849.44;1597921
RN;Rio Grande do Norte;Homens;2014;10902;677.46;830.9;1609240
RN;Rio Grande do Norte;Homens;2015;11378;702.16;854.59;1620421
RN;Rio Grande do Norte;Homens;2016;12616;773.96;925.53;1630063
RN;Rio Grande do Norte;Homens;2017;12235;746.97;873.1;1637949
RN;Rio Grande do Norte;Homens;2018;12054;732.5;847.04;1645604
RN;Rio Grande do Norte;Homens;2019;12147;734.56;842.89;1653650
RN;Rio Grande do Norte;Homens;2020;13957;840.46;951.76;1660635
RN;Rio Grande do Norte;Homens;2021;14782;887.37;989.01;1665816
RN;Rio Grande do Norte;Homens;2022;13419;803.75;883.88;1669549
RN;Rio Grande do Norte;Homens;2023;12241;731.53;789.05;1673337
RN;Rio Grande do Norte;Homens;2024;12827;764.44;806.03;1677969
RN;Rio Grande do Norte;Homens;2025;12415;738;759.3;1682260
RN;Rio Grande do Norte;Mulheres;2000;5497;377.66;487.23;1455534
RN;Rio Grande do Norte;Mulheres;2001;5691;385.55;497.49;1476090
RN;Rio Grande do Norte;Mulheres;2002;6074;406.03;518.1;1495956
RN;Rio Grande do Norte;Mulheres;2003;5911;390.1;492.46;1515236
RN;Rio Grande do Norte;Mulheres;2004;6307;411.11;513.97;1534122
RN;Rio Grande do Norte;Mulheres;2005;6050;389.62;478.03;1552800
RN;Rio Grande do Norte;Mulheres;2006;5894;374.95;456.14;1571958
RN;Rio Grande do Norte;Mulheres;2007;6190;389.3;464.45;1590020
RN;Rio Grande do Norte;Mulheres;2008;6489;403.62;471.12;1607706
RN;Rio Grande do Norte;Mulheres;2009;6795;418.1;481.23;1625191
RN;Rio Grande do Norte;Mulheres;2010;6828;416.35;468.02;1639963
RN;Rio Grande do Norte;Mulheres;2011;7501;453.89;502.32;1652586
RN;Rio Grande do Norte;Mulheres;2012;7602;456.5;495.96;1665271
RN;Rio Grande do Norte;Mulheres;2013;8034;478.9;509.53;1677581
RN;Rio Grande do Norte;Mulheres;2014;8225;486.79;509.65;1689650
RN;Rio Grande do Norte;Mulheres;2015;8767;515.22;527.24;1701591
RN;Rio Grande do Norte;Mulheres;2016;9298;543.04;544.01;1712220
RN;Rio Grande do Norte;Mulheres;2017;9164;532.4;520.91;1721268
RN;Rio Grande do Norte;Mulheres;2018;9140;528.35;506.95;1729907
RN;Rio Grande do Norte;Mulheres;2019;9607;552.51;517.67;1738784
RN;Rio Grande do Norte;Mulheres;2020;10711;613.11;563.88;1746983
RN;Rio Grande do Norte;Mulheres;2021;11981;683.24;622.21;1753566
RN;Rio Grande do Norte;Mulheres;2022;10785;613.34;541.58;1758406
RN;Rio Grande do Norte;Mulheres;2023;10041;569.56;491.46;1762941
RN;Rio Grande do Norte;Mulheres;2024;10681;604.09;507.95;1768102
RN;Rio Grande do Norte;Mulheres;2025;10141;571.98;468.78;1772976
RO;Rondônia;Ambos;2000;5602;406.97;761.23;1376519
RO;Rondônia;Ambos;2001;6015;430.5;805.44;1397209
RO;Rondônia;Ambos;2002;6028;425.07;776.92;1418120
RO;Rondônia;Ambos;2003;6319;439.04;803.43;1439286
RO;Rondônia;Ambos;2004;6319;432.58;788.56;1460771
RO;Rondônia;Ambos;2005;6252;421.68;759.39;1482624
RO;Rondônia;Ambos;2006;6072;403.59;721.55;1504503
RO;Rondônia;Ambos;2007;5565;364.59;648.48;1526378
RO;Rondônia;Ambos;2008;6289;406.24;711.29;1548087
RO;Rondônia;Ambos;2009;6837;435.54;740.1;1569789
RO;Rondônia;Ambos;2010;7225;455.02;757.09;1587848
RO;Rondônia;Ambos;2011;7014;437.46;719.37;1603348
RO;Rondônia;Ambos;2012;7602;469.3;751.93;1619871
RO;Rondônia;Ambos;2013;7500;458.44;726.31;1635974
RO;Rondônia;Ambos;2014;7655;463.41;711.22;1651873
RO;Rondônia;Ambos;2015;7948;476.81;720.61;1666906
RO;Rondônia;Ambos;2016;8344;496.64;730.14;1680084
RO;Rondônia;Ambos;2017;8219;485.88;695.95;1691568
RO;Rondônia;Ambos;2018;8165;479.76;673.61;1701892
RO;Rondônia;Ambos;2019;8338;486.87;663.47;1712560
RO;Rondônia;Ambos;2020;10278;596.6;788.7;1722753
RO;Rondônia;Ambos;2021;14042;811.85;1042.89;1729622
RO;Rondônia;Ambos;2022;10277;592.45;755.7;1734648
RO;Rondônia;Ambos;2023;9974;573.13;708.63;1740255
RO;Rondônia;Ambos;2024;10097;578.22;693.45;1746227
RO;Rondônia;Ambos;2025;10465;597.33;695.13;1751950
RO;Rondônia;Homens;2000;3715;529.3;921.77;701873
RO;Rondônia;Homens;2001;3946;554.41;965.41;711747
RO;Rondônia;Homens;2002;3953;547.68;911.5;721774
RO;Rondônia;Homens;2003;4193;572.85;972.13;731957
RO;Rondônia;Homens;2004;4192;564.71;941.97;742324
RO;Rondônia;Homens;2005;4133;548.93;920.8;752919
RO;Rondônia;Homens;2006;3975;520.6;863.38;763543
RO;Rondônia;Homens;2007;3559;459.66;769.8;774263
RO;Rondônia;Homens;2008;4068;518.26;856.23;784941
RO;Rondônia;Homens;2009;4461;560.76;901.69;795534
RO;Rondônia;Homens;2010;4708;585.4;922.68;804234
RO;Rondônia;Homens;2011;4425;545.15;854.66;811709
RO;Rondônia;Homens;2012;4834;589.63;898.78;819843
RO;Rondônia;Homens;2013;4732;571.62;866.33;827821
RO;Rondônia;Homens;2014;4868;582.52;860.75;835681
RO;Rondônia;Homens;2015;4989;591.78;861.52;843047
RO;Rondônia;Homens;2016;5279;621.5;884.84;849394
RO;Rondônia;Homens;2017;5109;597.66;830.29;854840
RO;Rondônia;Homens;2018;5065;589.17;810.02;859688
RO;Rondônia;Homens;2019;5117;591.77;795.04;864690
RO;Rondônia;Homens;2020;6329;728.06;949.38;869295
RO;Rondônia;Homens;2021;8587;984.86;1257.34;871903
RO;Rondônia;Homens;2022;6328;724.42;921.65;873524
RO;Rondônia;Homens;2023;6110;697.75;862.92;875672
RO;Rondônia;Homens;2024;6179;703.68;848.01;878094
RO;Rondônia;Homens;2025;6364;722.86;851.48;880388
RO;Rondônia;Mulheres;2000;1878;278.37;578.63;674646
RO;Rondônia;Mulheres;2001;2061;300.67;624.23;685462
RO;Rondônia;Mulheres;2002;2067;296.84;628.68;696346
RO;Rondônia;Mulheres;2003;2117;299.29;612.9;707329
RO;Rondônia;Mulheres;2004;2117;294.66;618.62;718447
RO;Rondônia;Mulheres;2005;2104;288.34;579.4;729705
RO;Rondônia;Mulheres;2006;2075;280.04;563;740960
RO;Rondônia;Mulheres;2007;1987;264.19;512.78;752115
RO;Rondônia;Mulheres;2008;2214;290.11;554.08;763146
RO;Rondônia;Mulheres;2009;2369;305.97;565.63;774255
RO;Rondônia;Mulheres;2010;2510;320.31;579.96;783614
RO;Rondônia;Mulheres;2011;2582;326.16;575.8;791639
RO;Rondônia;Mulheres;2012;2762;345.24;598.03;800028
RO;Rondônia;Mulheres;2013;2764;342.01;579.52;808153
RO;Rondônia;Mulheres;2014;2782;340.85;555.55;816192
RO;Rondônia;Mulheres;2015;2955;358.68;574.67;823859
RO;Rondônia;Mulheres;2016;3060;368.37;571.08;830690
RO;Rondônia;Mulheres;2017;3102;370.73;558.27;836728
RO;Rondônia;Mulheres;2018;3090;366.89;534.21;842204
RO;Rondônia;Mulheres;2019;3212;378.83;529.61;847870
RO;Rondônia;Mulheres;2020;3945;462.24;626.5;853458
RO;Rondônia;Mulheres;2021;5453;635.76;828.65;857719
RO;Rondônia;Mulheres;2022;3948;458.47;591;861124
RO;Rondônia;Mulheres;2023;3861;446.57;556.42;864583
RO;Rondônia;Mulheres;2024;3912;450.62;541.69;868133
RO;Rondônia;Mulheres;2025;4095;469.85;542.4;871562
RR;Roraima;Ambos;2000;1329;391.11;725.93;339804
RR;Roraima;Ambos;2001;1200;338.53;659.34;354478
RR;Roraima;Ambos;2002;1252;339.44;694.32;368838
RR;Roraima;Ambos;2003;1351;352.86;721.97;382871
RR;Roraima;Ambos;2004;1408;355.08;689.51;396533
RR;Roraima;Ambos;2005;1440;351.34;711.24;409855
RR;Roraima;Ambos;2006;1509;357.12;706.16;422550
RR;Roraima;Ambos;2007;1494;343.62;675.97;434778
RR;Roraima;Ambos;2008;1481;331.39;648.1;446905
RR;Roraima;Ambos;2009;1536;334.85;640.47;458716
RR;Roraima;Ambos;2010;1640;348.94;681.12;469991
RR;Roraima;Ambos;2011;1599;332.1;657.8;481480
RR;Roraima;Ambos;2012;1783;361.02;685.61;493876
RR;Roraima;Ambos;2013;1947;384.01;684.05;507022
RR;Roraima;Ambos;2014;1954;375.36;690.97;520569
RR;Roraima;Ambos;2015;2091;391.29;701.1;534380
RR;Roraima;Ambos;2016;2157;393.45;689.05;548233
RR;Roraima;Ambos;2017;2461;436.34;760.67;564013
RR;Roraima;Ambos;2018;2787;474.39;779.85;587497
RR;Roraima;Ambos;2019;2779;449.59;738.61;618125
RR;Roraima;Ambos;2020;3580;558.52;951.92;640975
RR;Roraima;Ambos;2021;4306;657.43;1072.46;654972
RR;Roraima;Ambos;2022;3246;482.03;772.98;673404
RR;Roraima;Ambos;2023;3311;476.22;735.67;695270
RR;Roraima;Ambos;2024;3055;426.2;665.81;716793
RR;Roraima;Ambos;2025;3299;446.55;685.16;738772
RR;Roraima;Homens;2000;833;482.95;864.64;172483
RR;Roraima;Homens;2001;779;433.18;794.95;179833
RR;Roraima;Homens;2002;806;430.91;807.74;187046
RR;Roraima;Homens;2003;857;441.51;824.29;194105
RR;Roraima;Homens;2004;911;453.32;826.69;200964
RR;Roraima;Homens;2005;891;429.07;829.75;207658
RR;Roraima;Homens;2006;949;443.45;846.19;214005
RR;Roraima;Homens;2007;946;429.8;805.27;220102
RR;Roraima;Homens;2008;943;417.01;768.04;226136
RR;Roraima;Homens;2009;954;411.2;756.27;232002
RR;Roraima;Homens;2010;1051;442.35;830.97;237593
RR;Roraima;Homens;2011;1019;418.77;797.72;243330
RR;Roraima;Homens;2012;1110;444.75;812.38;249581
RR;Roraima;Homens;2013;1240;483.92;841.22;256242
RR;Roraima;Homens;2014;1226;465.98;817.97;263103
RR;Roraima;Homens;2015;1341;496.49;853.79;270095
RR;Roraima;Homens;2016;1353;488.3;817.2;277086
RR;Roraima;Homens;2017;1577;553.12;930.03;285108
RR;Roraima;Homens;2018;1716;577.12;913.77;297338
RR;Roraima;Homens;2019;1730;551.96;896.34;313426
RR;Roraima;Homens;2020;2198;675.9;1137.86;325195
RR;Roraima;Homens;2021;2641;795.31;1284;332072
RR;Roraima;Homens;2022;2029;594.32;950.21;341396
RR;Roraima;Homens;2023;1998;566.5;874.61;352693
RR;Roraima;Homens;2024;1808;496.91;774.66;363847
RR;Roraima;Homens;2025;1942;517.53;798.06;375246
RR;Roraima;Mulheres;2000;496;296.44;576.73;167321
RR;Roraima;Mulheres;2001;421;241.06;513.43;174645
RR;Roraima;Mulheres;2002;446;245.34;570.85;181792
RR;Roraima;Mulheres;2003;492;260.64;606.13;188766
RR;Roraima;Mulheres;2004;497;254.13;544.32;195569
RR;Roraima;Mulheres;2005;549;271.52;581.16;202197
RR;Roraima;Mulheres;2006;555;266.13;554.43;208545
RR;Roraima;Mulheres;2007;548;255.27;538.68;214676
RR;Roraima;Mulheres;2008;535;242.33;518.35;220769
RR;Roraima;Mulheres;2009;580;255.83;517.73;226714
RR;Roraima;Mulheres;2010;587;252.58;526.07;232398
RR;Roraima;Mulheres;2011;578;242.7;514.16;238150
RR;Roraima;Mulheres;2012;669;273.85;553.72;244295
RR;Roraima;Mulheres;2013;705;281.12;524.32;250780
RR;Roraima;Mulheres;2014;723;280.81;559.09;257466
RR;Roraima;Mulheres;2015;750;283.78;542.93;264285
RR;Roraima;Mulheres;2016;804;296.52;554.91;271147
RR;Roraima;Mulheres;2017;882;316.24;587.92;278905
RR;Roraima;Mulheres;2018;1068;368.07;639.54;290159
RR;Roraima;Mulheres;2019;1047;343.62;575.06;304699
RR;Roraima;Mulheres;2020;1376;435.75;760.73;315780
RR;Roraima;Mulheres;2021;1663;515.02;857.68;322900
RR;Roraima;Mulheres;2022;1217;366.56;593.24;332008
RR;Roraima;Mulheres;2023;1311;382.69;594.64;342577
RR;Roraima;Mulheres;2024;1243;352.18;554.95;352946
RR;Roraima;Mulheres;2025;1355;372.74;572.19;363526
RS;Rio Grande do Sul;Ambos;2000;67953;661.7;872.51;10269487
RS;Rio Grande do Sul;Ambos;2001;68296;659.7;855.96;10352540
RS;Rio Grande do Sul;Ambos;2002;69357;664.92;848.46;10430916
RS;Rio Grande do Sul;Ambos;2003;70534;671.47;840.38;10504486
RS;Rio Grande do Sul;Ambos;2004;72242;683.23;837.92;10573529
RS;Rio Grande do Sul;Ambos;2005;71229;669.53;805.68;10638582
RS;Rio Grande do Sul;Ambos;2006;72357;676.29;796.66;10699033
RS;Rio Grande do Sul;Ambos;2007;75305;700.44;808.78;10751080
RS;Rio Grande do Sul;Ambos;2008;73996;685.23;772.42;10798740
RS;Rio Grande do Sul;Ambos;2009;76788;708.05;782.04;10845002
RS;Rio Grande do Sul;Ambos;2010;77985;716.81;774.31;10879460
RS;Rio Grande do Sul;Ambos;2011;80148;734.74;775;10908380
RS;Rio Grande do Sul;Ambos;2012;79456;725.98;747.47;10944672
RS;Rio Grande do Sul;Ambos;2013;83016;755.72;760.34;10985031
RS;Rio Grande do Sul;Ambos;2014;82166;745.11;733.02;11027344
RS;Rio Grande do Sul;Ambos;2015;82349;743.85;715.36;11070711
RS;Rio Grande do Sul;Ambos;2016;87583;788.34;741.58;11109776
RS;Rio Grande do Sul;Ambos;2017;86241;774.08;712.32;11141074
RS;Rio Grande do Sul;Ambos;2018;88618;793.53;711.87;11167531
RS;Rio Grande do Sul;Ambos;2019;89238;797.17;698.53;11194346
RS;Rio Grande do Sul;Ambos;2020;92791;826.99;708.13;11220286
RS;Rio Grande do Sul;Ambos;2021;117722;1048.49;883.47;11227789
RS;Rio Grande do Sul;Ambos;2022;104096;927.73;763.66;11220506
RS;Rio Grande do Sul;Ambos;2023;93516;833.31;672.56;11222292
RS;Rio Grande do Sul;Ambos;2024;101480;903.66;708.11;11229915
RS;Rio Grande do Sul;Ambos;2025;95619;851.21;649.36;11233263
RS;Rio Grande do Sul;Homens;2000;38390;765.56;1121.22;5014652
RS;Rio Grande do Sul;Homens;2001;38741;766.65;1106.06;5053308
RS;Rio Grande do Sul;Homens;2002;38984;765.93;1090.34;5089771
RS;Rio Grande do Sul;Homens;2003;39817;777.08;1090.06;5123920
RS;Rio Grande do Sul;Homens;2004;40619;787.82;1085.26;5155877
RS;Rio Grande do Sul;Homens;2005;39884;769.07;1044.3;5185988
RS;Rio Grande do Sul;Homens;2006;40110;769.3;1023.49;5213799
RS;Rio Grande do Sul;Homens;2007;41600;794.29;1038.64;5237352
RS;Rio Grande do Sul;Homens;2008;41114;781.84;996.49;5258630
RS;Rio Grande do Sul;Homens;2009;42298;801.21;1003.8;5279293
RS;Rio Grande do Sul;Homens;2010;42624;805.15;988.88;5293913
RS;Rio Grande do Sul;Homens;2011;43557;820.91;988.99;5305914
RS;Rio Grande do Sul;Homens;2012;43159;810.89;949.71;5322394
RS;Rio Grande do Sul;Homens;2013;44958;841.69;965.57;5341424
RS;Rio Grande do Sul;Homens;2014;44719;834.06;933.76;5361628
RS;Rio Grande do Sul;Homens;2015;44413;825.16;903.95;5382339
RS;Rio Grande do Sul;Homens;2016;47326;876.29;939.82;5400714
RS;Rio Grande do Sul;Homens;2017;46763;863.59;905.01;5414984
RS;Rio Grande do Sul;Homens;2018;47700;878.96;900.42;5426874
RS;Rio Grande do Sul;Homens;2019;47236;868.39;868.39;5439509
RS;Rio Grande do Sul;Homens;2020;50001;917.17;895.1;5451684
RS;Rio Grande do Sul;Homens;2021;62940;1154.05;1101.94;5453858
RS;Rio Grande do Sul;Homens;2022;54638;1002.81;945.94;5448463
RS;Rio Grande do Sul;Homens;2023;49406;906.84;835.71;5448178
RS;Rio Grande do Sul;Homens;2024;53288;977.56;876.12;5451137
RS;Rio Grande do Sul;Homens;2025;49661;910.88;794.68;5451956
RS;Rio Grande do Sul;Mulheres;2000;29540;562.15;672.83;5254835
RS;Rio Grande do Sul;Mulheres;2001;29551;557.65;655.72;5299232
RS;Rio Grande do Sul;Mulheres;2002;30370;568.6;654.7;5341145
RS;Rio Grande do Sul;Mulheres;2003;30709;570.74;642.28;5380566
RS;Rio Grande do Sul;Mulheres;2004;31615;583.56;641.67;5417652
RS;Rio Grande do Sul;Mulheres;2005;31338;574.74;617.25;5452594
RS;Rio Grande do Sul;Mulheres;2006;32245;587.85;617.05;5485234
RS;Rio Grande do Sul;Mulheres;2007;33694;611.09;626.85;5513728
RS;Rio Grande do Sul;Mulheres;2008;32874;593.38;594.13;5540110
RS;Rio Grande do Sul;Mulheres;2009;34489;619.67;605.43;5565709
RS;Rio Grande do Sul;Mulheres;2010;35354;632.96;602.96;5585547
RS;Rio Grande do Sul;Mulheres;2011;36574;652.82;606.12;5602466
RS;Rio Grande do Sul;Mulheres;2012;36285;645.38;585.64;5622278
RS;Rio Grande do Sul;Mulheres;2013;38039;674.02;596.01;5643607
RS;Rio Grande do Sul;Mulheres;2014;37438;660.78;569.79;5665716
RS;Rio Grande do Sul;Mulheres;2015;37927;666.75;562.05;5688372
RS;Rio Grande do Sul;Mulheres;2016;40243;704.9;580.58;5709062
RS;Rio Grande do Sul;Mulheres;2017;39474;689.37;555.67;5726090
RS;Rio Grande do Sul;Mulheres;2018;40855;711.68;557.8;5740657
RS;Rio Grande do Sul;Mulheres;2019;41989;729.63;559.33;5754837
RS;Rio Grande do Sul;Mulheres;2020;42776;741.53;556.59;5768602
RS;Rio Grande do Sul;Mulheres;2021;54732;947.92;706.5;5773931
RS;Rio Grande do Sul;Mulheres;2022;49440;856.54;615.2;5772043
RS;Rio Grande do Sul;Mulheres;2023;44100;763.75;538.54;5774114
RS;Rio Grande do Sul;Mulheres;2024;48179;833.72;569.93;5778778
RS;Rio Grande do Sul;Mulheres;2025;45941;794.65;529.26;5781307
SC;Santa Catarina;Ambos;2000;28431;514.85;855.34;5522167
SC;Santa Catarina;Ambos;2001;28260;503.98;823.27;5607362
SC;Santa Catarina;Ambos;2002;28776;505.72;806.61;5690106
SC;Santa Catarina;Ambos;2003;29525;511.59;802.63;5771181
SC;Santa Catarina;Ambos;2004;30552;522.11;802.73;5851686
SC;Santa Catarina;Ambos;2005;29915;504.22;754.94;5932928
SC;Santa Catarina;Ambos;2006;30421;505.44;738.79;6018706
SC;Santa Catarina;Ambos;2007;32102;525.96;752.54;6103561
SC;Santa Catarina;Ambos;2008;31869;514.86;718.8;6189784
SC;Santa Catarina;Ambos;2009;33825;538.69;735.3;6279130
SC;Santa Catarina;Ambos;2010;34474;541.56;726.76;6365736
SC;Santa Catarina;Ambos;2011;35912;556.37;728.72;6454695
SC;Santa Catarina;Ambos;2012;35435;540.68;690.2;6553841
SC;Santa Catarina;Ambos;2013;36285;544.84;683.78;6659762
SC;Santa Catarina;Ambos;2014;37000;546.39;668.25;6771778
SC;Santa Catarina;Ambos;2015;37984;551.3;660.43;6889914
SC;Santa Catarina;Ambos;2016;40270;574.34;674.64;7011473
SC;Santa Catarina;Ambos;2017;39919;559.45;640.87;7135459
SC;Santa Catarina;Ambos;2018;41268;567.95;637.66;7266127
SC;Santa Catarina;Ambos;2019;42282;571.09;626.45;7403723
SC;Santa Catarina;Ambos;2020;46444;615.81;659.81;7541975
SC;Santa Catarina;Ambos;2021;59898;780.77;816.88;7671648
SC;Santa Catarina;Ambos;2022;51317;658.18;682.92;7796817
SC;Santa Catarina;Ambos;2023;48589;612.94;620.68;7927212
SC;Santa Catarina;Ambos;2024;52224;648.07;640.71;8058441
SC;Santa Catarina;Ambos;2025;51906;634.01;610.79;8186962
SC;Santa Catarina;Homens;2000;16645;606.2;1068.57;2745786
SC;Santa Catarina;Homens;2001;16710;599.59;1041.76;2786898
SC;Santa Catarina;Homens;2002;16932;598.99;1014.78;2826776
SC;Santa Catarina;Homens;2003;17467;609.49;1020.5;2865825
SC;Santa Catarina;Homens;2004;18018;620.31;1020.56;2904670
SC;Santa Catarina;Homens;2005;17500;594.42;954.74;2944070
SC;Santa Catarina;Homens;2006;17775;595.31;934.81;2985864
SC;Santa Catarina;Homens;2007;18809;621.32;958.66;3027247
SC;Santa Catarina;Homens;2008;18557;604.6;911.15;3069313
SC;Santa Catarina;Homens;2009;19632;630.67;929.76;3112892
SC;Santa Catarina;Homens;2010;19833;628.63;918.35;3154947
SC;Santa Catarina;Homens;2011;20650;645.67;920.3;3198244
SC;Santa Catarina;Homens;2012;20088;618.66;861.54;3246999
SC;Santa Catarina;Homens;2013;20597;624.28;860.59;3299343
SC;Santa Catarina;Homens;2014;20861;621.84;832.11;3354745
SC;Santa Catarina;Homens;2015;21516;630.38;831.3;3413163
SC;Santa Catarina;Homens;2016;22562;649.61;841.27;3473180
SC;Santa Catarina;Homens;2017;22379;633.2;800.15;3534295
SC;Santa Catarina;Homens;2018;22963;638.1;792.62;3598647
SC;Santa Catarina;Homens;2019;23412;638.55;775.23;3666428
SC;Santa Catarina;Homens;2020;26380;706.44;839.57;3734204
SC;Santa Catarina;Homens;2021;33471;881.5;1017.86;3797043
SC;Santa Catarina;Homens;2022;27956;724.65;835.1;3857840
SC;Santa Catarina;Homens;2023;26565;677.34;759.24;3921932
SC;Santa Catarina;Homens;2024;28329;710.61;778.38;3986582
SC;Santa Catarina;Homens;2025;28361;700.31;748.24;4049785
SC;Santa Catarina;Mulheres;2000;11783;424.4;670.42;2776381
SC;Santa Catarina;Mulheres;2001;11538;409.08;634.58;2820464
SC;Santa Catarina;Mulheres;2002;11838;413.43;626.25;2863330
SC;Santa Catarina;Mulheres;2003;12044;414.54;614.78;2905356
SC;Santa Catarina;Mulheres;2004;12525;425.01;615.35;2947016
SC;Santa Catarina;Mulheres;2005;12409;415.18;584.02;2988858
SC;Santa Catarina;Mulheres;2006;12640;416.77;571.78;3032842
SC;Santa Catarina;Mulheres;2007;13253;430.81;576.5;3076314
SC;Santa Catarina;Mulheres;2008;13284;425.7;554.32;3120471
SC;Santa Catarina;Mulheres;2009;14189;448.13;569.66;3166238
SC;Santa Catarina;Mulheres;2010;14637;455.87;565.31;3210789
SC;Santa Catarina;Mulheres;2011;15255;468.45;566.65;3256451
SC;Santa Catarina;Mulheres;2012;15336;463.77;545.07;3306842
SC;Santa Catarina;Mulheres;2013;15677;466.52;535.92;3360419
SC;Santa Catarina;Mulheres;2014;16133;472.13;528.41;3417033
SC;Santa Catarina;Mulheres;2015;16464;473.55;517.18;3476751
SC;Santa Catarina;Mulheres;2016;17697;500.16;534.06;3538293
SC;Santa Catarina;Mulheres;2017;17536;486.95;507.03;3601164
SC;Santa Catarina;Mulheres;2018;18303;499.06;507.78;3667480
SC;Santa Catarina;Mulheres;2019;18861;504.67;501.29;3737295
SC;Santa Catarina;Mulheres;2020;20054;526.66;510.93;3807771
SC;Santa Catarina;Mulheres;2021;26423;681.95;648.68;3874605
SC;Santa Catarina;Mulheres;2022;23354;592.9;554.35;3938977
SC;Santa Catarina;Mulheres;2023;22016;549.67;502.61;4005280
SC;Santa Catarina;Mulheres;2024;23880;586.46;522.84;4071859
SC;Santa Catarina;Mulheres;2025;23539;568.96;493.39;4137177
SE;Sergipe;Ambos;2000;9519;521.22;773.76;1826301
SE;Sergipe;Ambos;2001;9727;524.52;775.05;1854456
SE;Sergipe;Ambos;2002;9876;524.83;784.21;1881740
SE;Sergipe;Ambos;2003;9651;505.69;757.38;1908496
SE;Sergipe;Ambos;2004;9593;495.77;740.49;1934956
SE;Sergipe;Ambos;2005;9787;499.01;737.89;1961295
SE;Sergipe;Ambos;2006;9586;482.12;706.51;1988308
SE;Sergipe;Ambos;2007;9726;482.75;703.58;2014700
SE;Sergipe;Ambos;2008;10239;501.76;720.93;2040599
SE;Sergipe;Ambos;2009;10737;519.78;740.76;2065681
SE;Sergipe;Ambos;2010;10942;524.11;736.16;2087727
SE;Sergipe;Ambos;2011;11397;540.78;746.61;2107526
SE;Sergipe;Ambos;2012;11837;556.57;753.63;2126767
SE;Sergipe;Ambos;2013;12151;566.32;751.57;2145625
SE;Sergipe;Ambos;2014;12237;565.43;734.32;2164191
SE;Sergipe;Ambos;2015;13453;616.47;787.96;2182252
SE;Sergipe;Ambos;2016;13516;614.84;768.78;2198312
SE;Sergipe;Ambos;2017;13321;602.02;740.21;2212722
SE;Sergipe;Ambos;2018;13024;584.8;702.66;2227068
SE;Sergipe;Ambos;2019;13473;601.12;711.5;2241300
SE;Sergipe;Ambos;2020;15793;700.6;816.49;2254218
SE;Sergipe;Ambos;2021;16675;736.22;840.96;2264937
SE;Sergipe;Ambos;2022;14791;650.56;728.23;2273589
SE;Sergipe;Ambos;2023;14087;617.31;672.29;2281994
SE;Sergipe;Ambos;2024;14453;630.84;669.49;2291077
SE;Sergipe;Ambos;2025;14521;631.51;651.53;2299425
SE;Sergipe;Homens;2000;5331;598.88;923.96;890163
SE;Sergipe;Homens;2001;5470;605.25;925.66;903752
SE;Sergipe;Homens;2002;5636;614.73;948.21;916825
SE;Sergipe;Homens;2003;5455;586.82;916.44;929585
SE;Sergipe;Homens;2004;5494;583.13;909.92;942156
SE;Sergipe;Homens;2005;5631;589.86;916.56;954626
SE;Sergipe;Homens;2006;5458;564.2;864.11;967391
SE;Sergipe;Homens;2007;5551;566.53;867.49;979833
SE;Sergipe;Homens;2008;5827;587.41;891.29;991984
SE;Sergipe;Homens;2009;6161;613.85;925.63;1003670
SE;Sergipe;Homens;2010;6411;632.41;943.22;1013746
SE;Sergipe;Homens;2011;6542;639.72;940.77;1022634
SE;Sergipe;Homens;2012;6822;661.5;950.16;1031300
SE;Sergipe;Homens;2013;7105;683.28;962.2;1039835
SE;Sergipe;Homens;2014;7119;679.16;938.09;1048214
SE;Sergipe;Homens;2015;7900;747.9;1019.54;1056284
SE;Sergipe;Homens;2016;7996;752;999.01;1063293
SE;Sergipe;Homens;2017;7642;714.56;936.23;1069473
SE;Sergipe;Homens;2018;7524;699.44;899.63;1075717
SE;Sergipe;Homens;2019;7646;706.59;905.64;1082097
SE;Sergipe;Homens;2020;9120;838.43;1065;1087744
SE;Sergipe;Homens;2021;9486;868.58;1083.47;1092127
SE;Sergipe;Homens;2022;8333;760.66;931.26;1095492
SE;Sergipe;Homens;2023;7956;724.03;863.78;1098844
SE;Sergipe;Homens;2024;8025;727.8;850.68;1102645
SE;Sergipe;Homens;2025;8112;733.39;836.68;1106101
SE;Sergipe;Mulheres;2000;4163;444.7;641.24;936138
SE;Sergipe;Mulheres;2001;4248;446.83;642.84;950704
SE;Sergipe;Mulheres;2002;4235;438.9;641.08;964915
SE;Sergipe;Mulheres;2003;4194;428.44;620.2;978911
SE;Sergipe;Mulheres;2004;4094;412.37;594.45;992800
SE;Sergipe;Mulheres;2005;4154;412.65;585.37;1006669
SE;Sergipe;Mulheres;2006;4125;404.05;571.76;1020917
SE;Sergipe;Mulheres;2007;4165;402.47;563.59;1034867
SE;Sergipe;Mulheres;2008;4408;420.36;577.64;1048615
SE;Sergipe;Mulheres;2009;4569;430.22;583.28;1062011
SE;Sergipe;Mulheres;2010;4526;421.42;562.45;1073981
SE;Sergipe;Mulheres;2011;4849;446.96;583.63;1084892
SE;Sergipe;Mulheres;2012;5012;457.52;588.1;1095467
SE;Sergipe;Mulheres;2013;5044;456.14;573.88;1105790
SE;Sergipe;Mulheres;2014;5112;458.07;561.74;1115977
SE;Sergipe;Mulheres;2015;5547;492.64;593.71;1125968
SE;Sergipe;Mulheres;2016;5511;485.54;573.73;1135019
SE;Sergipe;Mulheres;2017;5676;496.48;573.02;1143249
SE;Sergipe;Mulheres;2018;5496;477.35;536.63;1151351
SE;Sergipe;Mulheres;2019;5817;501.81;550.35;1159203
SE;Sergipe;Mulheres;2020;6664;571.29;613.97;1166474
SE;Sergipe;Mulheres;2021;7177;611.95;642.58;1172810
SE;Sergipe;Mulheres;2022;6446;547.15;558.83;1178097
SE;Sergipe;Mulheres;2023;6122;517.43;514.78;1183150
SE;Sergipe;Mulheres;2024;6426;540.71;520.64;1188432
SE;Sergipe;Mulheres;2025;6407;536.9;501.78;1193324
SP;São Paulo;Ambos;2000;238959;628.61;905.49;38014008
SP;São Paulo;Ambos;2001;235987;612.91;872.71;38502642
SP;São Paulo;Ambos;2002;237741;609.9;858.26;38980013
SP;São Paulo;Ambos;2003;240253;609.05;845.3;39447490
SP;São Paulo;Ambos;2004;243984;611.36;837.4;39908453
SP;São Paulo;Ambos;2005;236456;585.79;787.28;40365600
SP;São Paulo;Ambos;2006;243955;597.71;789.23;40814959
SP;São Paulo;Ambos;2007;244653;593.07;769.19;41251684
SP;São Paulo;Ambos;2008;249247;597.96;759.53;41682646
SP;São Paulo;Ambos;2009;256627;609.49;758.27;42104896
SP;São Paulo;Ambos;2010;264951;623.81;761.75;42472858
SP;São Paulo;Ambos;2011;270367;631.59;754.07;42807026
SP;São Paulo;Ambos;2012;270432;626.55;731.65;43162273
SP;São Paulo;Ambos;2013;276980;636.44;728.18;43520300
SP;São Paulo;Ambos;2014;281624;641.9;719.2;43873200
SP;São Paulo;Ambos;2015;287645;650.52;714.37;44217931
SP;São Paulo;Ambos;2016;296359;665.52;715.67;44530110
SP;São Paulo;Ambos;2017;294753;657.8;692.09;44809066
SP;São Paulo;Ambos;2018;298313;662;680.49;45062167
SP;São Paulo;Ambos;2019;306190;675.82;679.12;45306139
SP;São Paulo;Ambos;2020;349635;768.04;755.61;45523191
SP;São Paulo;Ambos;2021;431616;945.45;912.83;45651915
SP;São Paulo;Ambos;2022;354056;774.11;734.96;45736978
SP;São Paulo;Ambos;2023;334303;729.11;677.29;45850570
SP;São Paulo;Ambos;2024;351616;764.83;692.61;45973194
SP;São Paulo;Ambos;2025;351314;762.37;671.66;46081801
SP;São Paulo;Homens;2000;142505;768.82;1162.98;18535513
SP;São Paulo;Homens;2001;140643;749.77;1124.55;18758265
SP;São Paulo;Homens;2002;140418;739.94;1102.82;18977032
SP;São Paulo;Homens;2003;141275;736.09;1088.52;19192753
SP;São Paulo;Homens;2004;141796;730.63;1075.56;19407303
SP;São Paulo;Homens;2005;136421;695.24;1009.66;19622113
SP;São Paulo;Homens;2006;139146;701.53;1006.77;19834604
SP;São Paulo;Homens;2007;138590;691.48;980.84;20042418
SP;São Paulo;Homens;2008;141078;696.73;971.19;20248478
SP;São Paulo;Homens;2009;144331;705.76;967.89;20450432
SP;São Paulo;Homens;2010;148212;718.62;971.45;20624626
SP;São Paulo;Homens;2011;150191;722.68;957.08;20782479
SP;São Paulo;Homens;2012;150315;717.38;930.62;20953205
SP;São Paulo;Homens;2013;153612;727.1;927.46;21126680
SP;São Paulo;Homens;2014;154639;726.07;908.28;21298034
SP;São Paulo;Homens;2015;156973;731.29;900.24;21465198
SP;São Paulo;Homens;2016;161454;746.94;902.38;21615376
SP;São Paulo;Homens;2017;158528;728.92;863.11;21748394
SP;São Paulo;Homens;2018;161197;737.14;853.58;21867909
SP;São Paulo;Homens;2019;164671;749.1;849.97;21982415
SP;São Paulo;Homens;2020;191235;866.06;962.6;22080913
SP;São Paulo;Homens;2021;235537;1064.31;1155.16;22130418
SP;São Paulo;Homens;2022;189108;853.44;923.38;22158315
SP;São Paulo;Homens;2023;177724;800.38;844.77;22205066
SP;São Paulo;Homens;2024;186265;836.84;862.05;22258143
SP;São Paulo;Homens;2025;185514;831.75;835.22;22304147
SP;São Paulo;Mulheres;2000;96451;495.17;686.24;19478495
SP;São Paulo;Mulheres;2001;95321;482.78;659.53;19744377
SP;São Paulo;Mulheres;2002;97308;486.47;652.29;20002981
SP;São Paulo;Mulheres;2003;98943;488.49;641.73;20254737
SP;São Paulo;Mulheres;2004;102150;498.26;640.21;20501150
SP;São Paulo;Mulheres;2005;100003;482.09;603.45;20743487
SP;São Paulo;Mulheres;2006;104724;499.15;610.16;20980355
SP;São Paulo;Mulheres;2007;106003;499.8;596.37;21209266
SP;São Paulo;Mulheres;2008;108114;504.4;587.56;21434168
SP;São Paulo;Mulheres;2009;112215;518.21;588.34;21654464
SP;São Paulo;Mulheres;2010;116678;534.04;592.67;21848232
SP;São Paulo;Mulheres;2011;120111;545.35;589.97;22024547
SP;São Paulo;Mulheres;2012;120053;540.56;570.52;22209068
SP;São Paulo;Mulheres;2013;123306;550.63;568.01;22393620
SP;São Paulo;Mulheres;2014;126910;562.17;565.85;22575166
SP;São Paulo;Mulheres;2015;130606;574.02;564.79;22752733
SP;São Paulo;Mulheres;2016;134837;588.43;565.75;22914734
SP;São Paulo;Mulheres;2017;136154;590.42;554.17;23060672
SP;São Paulo;Mulheres;2018;137050;590.88;541.24;23194258
SP;São Paulo;Mulheres;2019;141463;606.52;542.04;23323724
SP;São Paulo;Mulheres;2020;158317;675.35;591.09;23442278
SP;São Paulo;Mulheres;2021;195970;833.15;719.91;23521497
SP;São Paulo;Mulheres;2022;164875;699.26;586.05;23578663
SP;São Paulo;Mulheres;2023;156527;661.97;543.26;23645504
SP;São Paulo;Mulheres;2024;165283;696.95;557.09;23715051
SP;São Paulo;Mulheres;2025;165723;696.97;540.86;23777654
TO;Tocantins;Ambos;2000;4373;366.93;577.35;1191784
TO;Tocantins;Ambos;2001;4797;394.63;626.38;1215566
TO;Tocantins;Ambos;2002;4820;389.24;624.47;1238303
TO;Tocantins;Ambos;2003;4970;394.38;628.2;1260206
TO;Tocantins;Ambos;2004;5140;401.09;637.1;1281514
TO;Tocantins;Ambos;2005;5055;388.14;609.97;1302370
TO;Tocantins;Ambos;2006;5120;386.78;599.31;1323739
TO;Tocantins;Ambos;2007;5604;417.07;638.02;1343650
TO;Tocantins;Ambos;2008;5878;431.42;655.68;1362487
TO;Tocantins;Ambos;2009;6084;440.6;657.51;1380854
TO;Tocantins;Ambos;2010;6479;463.94;676.79;1396508
TO;Tocantins;Ambos;2011;6659;471.99;677.23;1410841
TO;Tocantins;Ambos;2012;6642;465.77;662.14;1426020
TO;Tocantins;Ambos;2013;6871;476.81;663.33;1441047
TO;Tocantins;Ambos;2014;7127;489.42;665;1456210
TO;Tocantins;Ambos;2015;7402;503.05;667.26;1471416
TO;Tocantins;Ambos;2016;7490;504.24;653.42;1485416
TO;Tocantins;Ambos;2017;8052;537.32;684.79;1498537
TO;Tocantins;Ambos;2018;7795;515.64;639.96;1511702
TO;Tocantins;Ambos;2019;8021;525.92;642.06;1525148
TO;Tocantins;Ambos;2020;9271;602.84;726.11;1537886
TO;Tocantins;Ambos;2021;11514;743.55;880.72;1548514
TO;Tocantins;Ambos;2022;9370;601.57;696.63;1557580
TO;Tocantins;Ambos;2023;8912;568.66;643.39;1567191
TO;Tocantins;Ambos;2024;9427;597.65;661.69;1577342
TO;Tocantins;Ambos;2025;9553;602.01;651.08;1586859
TO;Tocantins;Homens;2000;2586;425.09;641.42;608348
TO;Tocantins;Homens;2001;2856;460.45;702.18;620258
TO;Tocantins;Homens;2002;2861;452.97;696.8;631604
TO;Tocantins;Homens;2003;3016;469.41;722.58;642506
TO;Tocantins;Homens;2004;3082;471.91;720.22;653087
TO;Tocantins;Homens;2005;3044;458.85;691.71;663399
TO;Tocantins;Homens;2006;3111;461.64;681.58;673899
TO;Tocantins;Homens;2007;3423;500.72;738.16;683619
TO;Tocantins;Homens;2008;3614;521.7;762.72;692740
TO;Tocantins;Homens;2009;3729;531.54;762.28;701547
TO;Tocantins;Homens;2010;4052;571.39;807.16;709151
TO;Tocantins;Homens;2011;4100;572.5;796.31;716158
TO;Tocantins;Homens;2012;4041;558.54;769.34;723489
TO;Tocantins;Homens;2013;4251;581.72;785.24;730768
TO;Tocantins;Homens;2014;4397;595.71;789.1;738108
TO;Tocantins;Homens;2015;4465;598.95;772.04;745470
TO;Tocantins;Homens;2016;4667;620.46;782.53;752180
TO;Tocantins;Homens;2017;4946;652.16;815.71;758402
TO;Tocantins;Homens;2018;4807;628.66;766.4;764638
TO;Tocantins;Homens;2019;4923;638.54;770.06;770981
TO;Tocantins;Homens;2020;5789;745.25;891.44;776785
TO;Tocantins;Homens;2021;7005;896.57;1059.57;781310
TO;Tocantins;Homens;2022;5730;729.85;844.09;785091
TO;Tocantins;Homens;2023;5453;690.86;782.82;789304
TO;Tocantins;Homens;2024;5735;722.46;805.43;793820
TO;Tocantins;Homens;2025;5793;725.93;792.45;798011
TO;Tocantins;Mulheres;2000;1786;306.12;507.95;583436
TO;Tocantins;Mulheres;2001;1938;325.55;543.05;595308
TO;Tocantins;Mulheres;2002;1952;321.74;545.6;606699
TO;Tocantins;Mulheres;2003;1952;316.01;526.13;617700
TO;Tocantins;Mulheres;2004;2058;327.48;547.05;628427
TO;Tocantins;Mulheres;2005;2005;313.79;520.55;638971
TO;Tocantins;Mulheres;2006;2008;309;511.5;649840
TO;Tocantins;Mulheres;2007;2178;329.98;531.03;660031
TO;Tocantins;Mulheres;2008;2256;336.84;541.18;669747
TO;Tocantins;Mulheres;2009;2351;346.09;546.13;679307
TO;Tocantins;Mulheres;2010;2426;352.95;539;687357
TO;Tocantins;Mulheres;2011;2554;367.65;551.5;694683
TO;Tocantins;Mulheres;2012;2592;368.95;549.63;702531
TO;Tocantins;Mulheres;2013;2609;367.32;535.24;710279
TO;Tocantins;Mulheres;2014;2715;378.08;535.75;718102
TO;Tocantins;Mulheres;2015;2932;403.89;559.01;725946
TO;Tocantins;Mulheres;2016;2816;384.05;520.05;733236
TO;Tocantins;Mulheres;2017;3100;418.84;549.62;740135
TO;Tocantins;Mulheres;2018;2981;399.03;510.24;747064
TO;Tocantins;Mulheres;2019;3086;409.19;510.5;754167
TO;Tocantins;Mulheres;2020;3472;456.18;556.92;761101
TO;Tocantins;Mulheres;2021;4502;586.81;699.32;767204
TO;Tocantins;Mulheres;2022;3636;470.69;547.88;772489
TO;Tocantins;Mulheres;2023;3459;444.67;503.36;777887
TO;Tocantins;Mulheres;2024;3686;470.44;517.9;783522
TO;Tocantins;Mulheres;2025;3754;475.88;509.76;788848